id,name,service_type,phone,owner_email,website_url,instagram,address,city,state,lat,lon,data_source,outreach_status,fetched_at
gmap:ChIJtbqNnsf6IgoRQrcdzOmEprc,Ira’s window cleaning,window cleaning,(347) 552-2065,,http://www.easywindowcleaners.com/,,,Brooklyn,NY,40.7698432,-73.9771184,gmaps_apify,new,2026-08-04T15:10:33.638+00:00
gmap:ChIJV3jWaB71wokRdMtzodwg_X0,V-xio Cleaning Services,window cleaning,(914) 387-8309,,,,"2402 Amsterdam Ave, New York, NY 10033, United States",New York,New York,40.8471026,-73.9318577,gmaps_apify,new,2026-08-04T15:10:33.638+00:00
gmap:ChIJY5A1gZRfwokR1b81D0gVTiY,Glass Scratch Fix,window cleaning,(347) 239-1393,,https://glassscratchfix.com/,,"103-10 29th Ave, East Elmhurst, NY 11369, United States",East Elmhurst,New York,40.7621328,-73.8657377,gmaps_apify,new,2026-08-04T15:10:33.638+00:00
gmap:ChIJ41k_7QNZwokRa-407fFfFPI,Empire Window Cleaning,window cleaning,(929) 337-5284,,http://empirewindowcleaning.nyc/,,"41-41 43rd St, Sunnyside, NY 11104",Sunnyside,New York,40.7456168,-73.9207601,gmaps_apify,new,2026-08-04T15:10:33.638+00:00
gmap:ChIJR9qS0Qz1wokRbP9gO85pbLc,Servco Industries Bronx,window cleaning,(718) 409-2310,,https://www.servcoind.com/,,"1315 Blondell Ave, Bronx, NY 10461",Bronx,New York,40.8413527,-73.8419523,gmaps_apify,new,2026-08-04T15:10:33.638+00:00
gmap:ChIJrUUqmzhhwokRKZjPnfKuOCE,Bella window washing,window cleaning,(718) 551-7462,,https://bellawindowswashing.squarespace.com/,,"88-38 199th St, Jamaica, NY 11423",Jamaica,New York,40.7182029,-73.7630716,gmaps_apify,new,2026-08-04T15:10:33.638+00:00
gmap:ChIJnTUJnPpYwokR2l9vU1y2lgY,Simon's Window Cleaning,window cleaning,(332) 877-1119,,https://simonswindows.com/,,"745 5th Ave 5th Floor PMB, # 583, New York, NY 10151",New York,NY,40.7631712,-73.9733933,gmaps_apify,new,2026-08-04T15:10:33.638+00:00
gmap:ChIJfXbs58xZwokRFUdTXarEFwQ,City High Rise Window Cleaning,window cleaning,(917) 749-8342,,https://www.cityhighrisewindowcleaning.com/,,"343 E 74th St #16C, New York, NY 10021",New York,New York,40.7696861,-73.9557104,gmaps_apify,new,2026-08-04T15:10:33.638+00:00
gmap:ChIJ2T1jrT_0wokRsaKE9uo4RBI,City Maid Service,window cleaning,(844) 284-6243,,,,,Brooklyn,NY,40.6971415,-73.979506,gmaps_apify,new,2026-08-04T15:10:33.638+00:00
gmap:ChIJxVeOWrlfwokRKT8TWNTeUH8,Sparkviewcorp,window cleaning,(347) 239-1393,,http://www.sparkviewcorp.com/,,"103-10 29th Ave, East Elmhurst, NY 11369",East Elmhurst,New York,40.7621328,-73.8657377,gmaps_apify,new,2026-08-04T15:10:33.638+00:00
gmap:ChIJXQOqUUlfwokR1SW83qJ_pfM,Elite Carpet & Window Cleaning,window cleaning,(718) 204-9082,,https://www.eliterugcleaners.com/,,"28-14 14th St, Astoria, NY 11102, United States",Astoria,New York,40.771745,-73.92955,gmaps_apify,new,2026-08-04T15:10:33.638+00:00
gmap:ChIJwdudY1COVmoRz3x3d2nIIzY,DM Window Cleaning,window cleaning,(917) 485-0774,,http://dm-windowcleaning.com/,,,Brooklyn,NY,40.7676459,-73.7935466,gmaps_apify,new,2026-08-04T15:10:33.638+00:00
gmap:ChIJJ7lOJIr1wokRhR8A0Uw9NXk,ReyPalm Cleaning Handyman and Tailoring Services,window cleaning,(917) 994-4476,,https://www.reypalmcleaningservices.com/,,"1146 Ogden Ave, Bronx, NY 10452, United States",Bronx,New York,40.8363545,-73.9271367,gmaps_apify,new,2026-08-04T15:10:33.638+00:00
gmap:ChIJHQfMvhlfwokRTUJ48UsoIok,Pro Surface Clean,window cleaning,(718) 799-2885,,http://www.prosurfaceclean.com/,,"32-60 85th St, East Elmhurst, NY 11370",East Elmhurst,New York,40.7562715,-73.8829436,gmaps_apify,new,2026-08-04T15:10:33.638+00:00
gmap:ChIJUze9QGr1wokRitC0AqOpIF0,Stratus Clean The Bronx,window cleaning,(646) 989-1974,,https://www.stratusclean.com/locations/bronx,,"841 Barretto St Ste B315-A, Bronx, NY 10474, United States",Bronx,New York,40.8170707,-73.8902624,gmaps_apify,new,2026-08-04T15:10:33.638+00:00
gmap:ChIJKQvyfBr2wokRi7gbbdTkzKk,Reflection Services,window cleaning,(646) 299-5565,,,,"71 W 112th St, New York, NY 10026, United States",New York,New York,40.7995046,-73.9508204,gmaps_apify,new,2026-08-04T15:10:33.638+00:00
gmap:ChIJv5MnmhRgwokR4nuQtIssPzk,CJ Professional Services Handyman Pressure washing Window & Gutter cleaning servicing Queens & LI,window cleaning,(267) 213-3012,,,,"43-70 Kissena Blvd, Flushing, NY 11355, United States",Flushing,New York,40.7535479,-73.8236701,gmaps_apify,new,2026-08-04T15:10:33.638+00:00
gmap:ChIJc6Xnr0hfwokRci-PX0-i9YI,eMaster Cleaning,window cleaning,(917) 251-1001,,https://emasterclean.wixsite.com/info,,"150-01 34th Ave, Flushing, NY 11377",Flushing,New York,40.7678045,-73.8151407,gmaps_apify,new,2026-08-04T15:10:33.638+00:00
gmap:ChIJISQxlraI_YwR_bJe9v4qods,HD Cleaning,window cleaning,(917) 716-0771,,https://hdcleaning.lovable.app/,,,Brooklyn,NY,40.6860039,-73.815372,gmaps_apify,new,2026-08-04T15:10:33.638+00:00
gmap:ChIJB4bZe5X1wokR3yOnlIce4Xo,Husband and Wife Cleaning Services LLC,window cleaning,(917) 292-6020,,https://cleaningserviceshw.wixsite.com/hwcleaningservices,,"9th Ave, College Point, NY 11356, United States",College Point,New York,40.7894175,-73.8447293,gmaps_apify,new,2026-08-04T15:10:33.638+00:00
gmap:ChIJH98nNkmLwokR9CaUfYMUiFk,JDR Windows and Doors,window cleaning,(718) 684-3222,,https://jdr-windows.com/,,"3164 E Tremont Ave, Bronx, NY 10461, United States",Bronx,New York,40.8371183,-73.834615,gmaps_apify,new,2026-08-04T15:10:33.638+00:00
gmap:ChIJkbGxUQBhwokRfcUB4r1pQLo,Action Cleaning & Building Services,window cleaning,(347) 682-2927,,,,"37-24 24th St, Long Island City, NY 11101, United States",Long Island City,New York,40.7567151,-73.9364229,gmaps_apify,new,2026-08-04T15:10:33.638+00:00
gmap:ChIJD4NccupYwokRAbDD0hO2t8E,Total Window Cleaners,window cleaning,(800) 945-2727,,https://www.totalwindowcleaners.com/about-us/,,"217 E 70th St, New York, NY 10021, United States",New York,New York,40.7680835,-73.9601148,gmaps_apify,new,2026-08-04T15:10:33.638+00:00
gmap:ChIJL_d9rGT3wokRjQBWY2L6wvU,FEDCAP WILDCAT JANITOR,window cleaning,(347) 424-2801,,,,"1919 Madison Ave, New York, NY 10035, United States",New York,New York,40.8045686,-73.9410797,gmaps_apify,new,2026-08-04T15:10:33.638+00:00
gmap:ChIJ8TWfF6BfwokRO-i2HvoTarU,YALI,window cleaning,(929) 420-5862,,http://yaliglasspro.com/,,"20-31 49th St, Astoria, NY 11105, United States",Astoria,New York,40.7715692,-73.8965593,gmaps_apify,new,2026-08-04T15:10:33.638+00:00
gmap:ChIJUe6D2wL1wokRfxJ6XcX0TRY,NYC Window Cleaning of Bronx,window cleaning,(914) 745-6787,,https://www.windowcleaningbronxny.net/,,"1060 Beach Ave Apt 6F, Bronx, NY 10472",Bronx,New York,40.8271089,-73.8650637,gmaps_apify,new,2026-08-04T15:10:33.638+00:00
gmap:ChIJb7nW95_2wokR2e_vuktSdbg,Window Cleaning service 24/7,window cleaning,(917) 640-1832,,,,"1204 Shakespeare Ave, Bronx, NY 10452",Bronx,New York,40.8367858,-73.923054,gmaps_apify,new,2026-08-04T15:10:33.638+00:00
gmap:ChIJNUOUzj9ZwokRmGFzCvNTKGc,America's Cleaning Service NYC,window cleaning,(917) 818-4438,,https://www.nycjanitorialservices.com/,,"330 E 85th St #C, New York, NY 10028, United States",New York,New York,40.7765048,-73.9509824,gmaps_apify,new,2026-08-04T15:10:33.638+00:00
gmap:ChIJmTeh-4ZEwokRztRaooBZaIw,Big Apple Window Cleaning,window cleaning,(212) 697-0272,,https://bigapplewindowcleaning.com/,,"420 Lexington Ave, New York, NY 10170",New York,New York,40.7527814,-73.9759322,gmaps_apify,new,2026-08-04T15:10:33.638+00:00
gmap:ChIJP5EAEmv3wokRh3DmMQJBil0,Cleaning Chief,window cleaning,(332) 232-3422,,https://www.cleaningchief.com/?utm_source=gmb,,"608 W 138th St, New York, NY 10031, United States",New York,New York,40.8221854,-73.9545342,gmaps_apify,new,2026-08-04T15:10:33.638+00:00
gmap:ChIJtafCf2VZwokRKNlLURiXSZE,Franks Window Cleaning,window cleaning,(212) 288-4631,,https://www.frankswindowcleaningnyc.com/,,"450 E 81st St, New York, NY 10028, United States",New York,New York,40.7727798,-73.9499974,gmaps_apify,new,2026-08-04T15:10:33.638+00:00
gmap:ChIJXRiq5VlmwokRj71rDAqLdwI,Clear,driver,(855) 253-2769,,,,"Queens, NY 11430",Queens,New York,40.6432007,-73.7825197,gmaps_apify,new,2026-08-04T15:10:24.992+00:00
gmap:ChIJpUZb9iFnwokRzQu_zBK0ueU,Oak Street Health Far Rockaway Primary Care Clinic,driver,(718) 635-9481,,https://www.oakstreethealth.com/locations/far-rockaway-ny/far-rockaway-doctors-office?utm_source=listings&utm_vpf=rioseo&utm_campaign=location&clinic_id=261,,"10-48 Beach 20th St, Far Rockaway, NY 11691",Far Rockaway,New York,40.6037027,-73.7527105,gmaps_apify,new,2026-08-04T15:10:24.992+00:00
gmap:ChIJccabSAT2wokRmdXN9EUCzUs,Akademia Driving School NYC,driver,(212) 828-6710,,http://www.akademiadriving.com/,,"1799 Lexington Ave, New York, NY 10029",New York,New York,40.7958281,-73.9433647,gmaps_apify,new,2026-08-04T15:10:24.992+00:00
gmap:ChIJ6a0L1GxgwokRMQdwLriPXmU,New Golden Horse Car Service,driver,(718) 359-6666,,http://www.car8888.com/carinfo.html,,"30-50 Whitestone Expy, Flushing, NY 11354",Flushing,New York,40.7706509,-73.8365269,gmaps_apify,new,2026-08-04T15:10:24.992+00:00
gmap:ChIJBROLIqv1wokRB2uEbNGPLvM,Janice Driving School,driver,(718) 991-3478,,https://www.janicedriving.com/,,"923 Southern Blvd, Bronx, NY 10459",Bronx,New York,40.8204185,-73.8922835,gmaps_apify,new,2026-08-04T15:10:24.992+00:00
gmap:ChIJwai5eNx5bIcRKWascboImEU,Access-A-Ride,driver,(877) 337-2017,,https://new.mta.info/accessibility/paratransit,,"33-00 Northern Blvd, Long Island City, NY 11101",Long Island City,New York,40.751751,-73.931411,gmaps_apify,new,2026-08-04T15:10:24.992+00:00
gmap:ChIJw8e5IsP1wokR8IfgdwJQcZY,Valentino Driving School,driver,(718) 292-5020,,https://vds.areacar.eu/,,"234 Willis Ave #1, Bronx, NY 10454",Bronx,New York,40.8088254,-73.9228765,gmaps_apify,new,2026-08-04T15:10:24.992+00:00
gmap:ChIJ4QetiGhhwokRC8C2LviiM-0,Mr.Yang Driving School LLC,driver,(929) 755-3676,,https://www.mryangsds.com/index.php,,"41-25 Kissena Blvd #122, Flushing, NY 11355",Flushing,New York,40.7582704,-73.8284245,gmaps_apify,new,2026-08-04T15:10:24.992+00:00
gmap:ChIJza9WkTtfwokRn27IqSXFhZE,Golden Star Driving School,driver,(347) 531-0512,,https://www.goldenstardrivingschool.com/,,"162-13 46th Ave #3C, Flushing, NY 11358",Flushing,New York,40.7539457,-73.804314,gmaps_apify,new,2026-08-04T15:10:24.992+00:00
gmap:ChIJWxyUASxhwokR-sCfP65FM20,安达驾校（Ricky Driver Services Inc.）,driver,(718) 879-2200,,,,"42-36 162nd St FL2, Flushing, NY 11358",Flushing,New York,40.7591809,-73.8043382,gmaps_apify,new,2026-08-04T15:10:24.992+00:00
gmap:ChIJD3j-ZkJfwokROgEhiWtr2y0,Drive Rite Academy,driver,(718) 928-7048,,https://driveriteny.com/Driving-Lessons-Queens,,"32-07 30th Ave. 2nd Floor, Astoria, NY 11102",Astoria,New York,40.7665765,-73.9203027,gmaps_apify,new,2026-08-04T15:10:24.992+00:00
gmap:ChIJfe877dL0wokRNTq8-a6Uykg,Pioneer Transportation Corporation,driver,(718) 931-5450,,http://www.pioneerbus.com/,,"751 Zerega Ave, Bronx, NY 10473",Bronx,New York,40.8228572,-73.843205,gmaps_apify,new,2026-08-04T15:10:24.992+00:00
gmap:ChIJ01bgQkv1wokRZMQnP4kZN2Y,Community Auto Driver Training,driver,(929) 777-9486,,,,"1768 E 172nd St, Bronx, NY 10472",Bronx,New York,40.8326648,-73.8680882,gmaps_apify,new,2026-08-04T15:10:24.992+00:00
gmap:ChIJP_XondJYwokRvlO9oNzxbg4,Fast Track Mobility Driver Center,driver,(718) 370-0775,,http://www.fasttrackleasingllc.com/,,"37-03 21st St, Astoria, NY 11101",Astoria,New York,40.7584928,-73.9378711,gmaps_apify,new,2026-08-04T15:10:24.992+00:00
gmap:ChIJW2Nj-7H3wokR99ssYNXCHsY,Millennium Driver's Academy,driver,(718) 733-1220,,http://www.millenniumdriversnyc.com/,,"2296 2nd Ave &, E 118th St, New York, NY 10035",New York,NY,40.7981775,-73.9367256,gmaps_apify,new,2026-08-04T15:10:24.992+00:00
gmap:ChIJV98XNvvcvwAR0twmYjp016Q,Truck and a Driver,driver,(828) 342-5542,,http://www.truckandadriver.com/,,"720 W 172nd St, New York, NY 10032",New York,New York,40.8451044,-73.94209,gmaps_apify,new,2026-08-04T15:10:24.992+00:00
gmap:ChIJv0p2rLH1wokRXKvEp-X9OkU,"Truckar Driving School, LLC.",driver,(718) 742-0220,,http://www.truckardrivingschool.com/,,"648 Prospect Ave, Bronx, NY 10455",Bronx,New York,40.8155104,-73.9030881,gmaps_apify,new,2026-08-04T15:10:24.992+00:00
gmap:ChIJl6cfTktZwokRcwbwMXjupz4,Revolution Driving School Pick Up Location,driver,(917) 915-4545,,http://www.revolutiondrivingschools.com/,,"Pick up location, Steinway St #30-97, Astoria, NY 11103",Astoria,New York,40.7613954,-73.9166523,gmaps_apify,new,2026-08-04T15:10:24.992+00:00
gmap:ChIJCUaY9ohowokRh3WJ74MEku4,B&M Towing,driver,(718) 318-1370,,https://bmtowingny.com/?utm_source=gbp&utm_medium=webclick,,"62-02 Almeda Ave, Arverne, NY 11692",Arverne,New York,40.5974783,-73.7914898,gmaps_apify,new,2026-08-04T15:10:24.992+00:00
gmap:ChIJ8UdyQ9dlwokRwd38_jS7lE8,Full Speed Towing Inc.,driver,(516) 447-0000,,http://www.fstowing.com/,,"154-25 Broad St, Rosedale, NY 11422",Rosedale,New York,40.6390016,-73.7444915,gmaps_apify,new,2026-08-04T15:10:24.992+00:00
gmap:ChIJ6-GkRzQCjGUR0uTno0G2-QU,Gotham Ride Chauffeur Service,driver,(212) 763-7722,,https://gothamride.com/,,"152-53 10th Ave #201, Whitestone, NY 11357",Whitestone,New York,40.7937917,-73.8079599,gmaps_apify,new,2026-08-04T15:10:24.992+00:00
gmap:ChIJW-gZqe71wokReaWwsAaygNc,Aventus Ride,driver,(718) 218-4422,,http://www.aventusride.com/,,"2825 3rd Ave Ste C5, Bronx, NY 10455",Bronx,New York,40.8157928,-73.9186679,gmaps_apify,new,2026-08-04T15:10:24.992+00:00
gmap:ChIJiYYGJtJfwokRuxTz4z3mO5I,No.1 Driver Academy,driver,(718) 255-1021,,http://no1driveracademy.net/,,"34-27 Steinway St, Astoria, NY 11101",Astoria,New York,40.7557662,-73.9212398,gmaps_apify,new,2026-08-04T15:10:24.992+00:00
gmap:ChIJFfW3lRFgwokRcSgkoVCE1gg,Union Auto Driving School Inc.,driver,(718) 939-3445,,http://www.unionautoschool.com/,,"136-31 41st Ave #4b, Queens, NY 11355",Queens,New York,40.758967,-73.8284747,gmaps_apify,new,2026-08-04T15:10:24.992+00:00
gmap:ChIJf20AluNfwokRphK7fR-LJ2c,26 MPH Driving School,driver,(347) 319-5244,,http://26mphdsandmotors.com/,,"25-25 Astoria Blvd, Long Island City, NY 11102",Long Island City,New York,40.771411,-73.921786,gmaps_apify,new,2026-08-04T15:10:24.992+00:00
gmap:ChIJCXkjnNP0wokREdGSvVfLS3E,Havemeyer Bronx Road Test Site,driver,(518) 402-2100,,,,"664 Havemeyer Ave, Bronx, NY 10473",Bronx,New York,40.8199832,-73.8449783,gmaps_apify,new,2026-08-04T15:10:24.992+00:00
gmap:ChIJjXu7X1ZvwokR4O5ZoSA6_EU,Torah Academy For Girls,driver,(718) 471-8444,,https://www.torahumesorah.org/schools,,"4-44 Beach 6th St, Far Rockaway, NY 11691",Far Rockaway,New York,40.5992504,-73.739969,gmaps_apify,new,2026-08-04T15:10:24.992+00:00
gmap:ChIJW-vbK7pfwokRwWea-1jXzYs,Driving School Forum,driver,(718) 457-0669,,http://www.drivingschoolforumny.com/,,"95-24 37th Ave, Jackson Heights, NY 11372",Jackson Heights,New York,40.7511778,-73.8713586,gmaps_apify,new,2026-08-04T15:10:24.992+00:00
gmap:ChIJO4EuBb6Qa2cR4y7bzZoOXXc,Queens towing,driver,(347) 437-0185,,https://towingservicequeensnyc.com/,,"155-57 Bayview Ave, Rosedale, NY 11422",Rosedale,New York,40.6373064,-73.7449941,gmaps_apify,new,2026-08-04T15:10:24.992+00:00
gmap:ChIJpWiZPZ5fwokRqK_mVmuCfwE,Ridelux,driver,(888) 221-0585,,https://ridelux.com/,,"34-14 Northern Blvd 4th floor #45, Long Island City, NY 11101",Long Island City,New York,40.7516107,-73.929234,gmaps_apify,new,2026-08-04T15:10:24.992+00:00
gmap:ChIJp5kdAU_0wokRyoaV0m1s0bw,Best Way Driving School,driver,(718) 466-2100,,http://www.bestwaydrivingschool.com/,,"1208 Franklin Ave, Bronx, NY 10456",Bronx,New York,40.8301442,-73.9033238,gmaps_apify,new,2026-08-04T15:10:24.992+00:00
gmap:ChIJR0pbPHj2wokRGBTGvajwA2I,Harlem Driving School,driver,(212) 690-1234,,http://www.harlemdrivingschool.com/,,"653 Malcolm X Blvd, New York, NY 10037",New York,New York,40.8191033,-73.9377043,gmaps_apify,new,2026-08-04T15:10:24.992+00:00
gmap:ChIJlV0hQctYwokRTHcCeUFTwCI,Curb Mobility LLC,driver,(718) 222-0600,,https://www.gocurb.com/,,"11-11 34th Ave, Astoria, NY 11106",Astoria,New York,40.7646185,-73.9370468,gmaps_apify,new,2026-08-04T15:10:24.992+00:00
gmap:ChIJ93vrDAf3wokR0d5a_9syeHY,Vargas Driving School,driver,(212) 923-4343,,https://www.vargasdrivingschool.com/,,"1286 St Nicholas Ave, New York, NY 10033",New York,New York,40.8448263,-73.9366161,gmaps_apify,new,2026-08-04T15:10:24.992+00:00
gmap:ChIJ__-77Tf0wokRdJOPqyvrWt8,DR Driving School,driver,(718) 861-5000,,http://drdrivingschool.net/,,"1220 Morris Ave, Bronx, NY 10456",Bronx,New York,40.8332612,-73.9138627,gmaps_apify,new,2026-08-04T15:10:24.991+00:00
gmap:ChIJnc4NtFVfwokRGgIuDGhUk1A,Your Driver in New York - Transfer e Passeios com Motorista Brasileiro,driver,(786) 405-3834,,https://yourdrivernewyork.com/,,"41-17 31st Ave, Astoria, NY 11103",Astoria,New York,40.7608449,-73.9154693,gmaps_apify,new,2026-08-04T15:10:24.991+00:00
gmap:ChIJAQAAAANmwokR1Kt8IrktqF0,Surf Car Rockaway,driver,(718) 327-4444,,http://surfcarrockaway.com/,,"10-92 Beach 22nd St, Far Rockaway, NY 11691",Far Rockaway,New York,40.6045087,-73.7539693,gmaps_apify,new,2026-08-04T15:10:24.991+00:00
gmap:ChIJgaI4DYb1wokRX77WiC_eG60,Millennium Driver's Academy,driver,(718) 733-1220,,https://millenniumdrivers.com/,,"1954 Jerome Ave, Bronx, NY 10453",Bronx,New York,40.851285,-73.9092556,gmaps_apify,new,2026-08-04T15:10:24.991+00:00
gmap:ChIJw4YU_-lfwokRMpQFRU8S1a0,J1 Drivers Training Center,driver,(718) 433-9101,,http://www.jamaicaonetrainers.com/,,"74-09 37th Ave FL 3 Suite # 301, Jackson Heights, NY 11372",Jackson Heights,New York,40.7492219,-73.8914168,gmaps_apify,new,2026-08-04T15:10:24.991+00:00
gmap:ChIJsbU01TBnwokRajgGbdClnXM,Book The Driver,driver,(516) 400-3116,,https://bookthedriver.com/passenger/passenger/bookingprofile/3,,"133-75 Baisley Blvd, Jamaica, NY 11434",Jamaica,New York,40.6682094,-73.7867156,gmaps_apify,new,2026-08-04T15:10:24.991+00:00
gmap:ChIJX6TWcAdmwokR_FsxuGD5qjI,Sinai Van Service,driver,(212) 547-7979,,http://www.sinaivanservice.com/,,"12-24 Brunswick Ave, Far Rockaway, NY 11691",Far Rockaway,New York,40.6100154,-73.7486855,gmaps_apify,new,2026-08-04T15:10:24.991+00:00
gmap:ChIJL1SFPQJmwokRt3I9O2sBHH8,Sam's Edgemere Auto School,driver,(718) 327-8230,,http://www.samsautoschool.com/,,"21-31 Mott Ave, Far Rockaway, NY 11691",Far Rockaway,New York,40.6049755,-73.754714,gmaps_apify,new,2026-08-04T15:10:24.991+00:00
gmap:ChIJm-nhQBlhwokRvvRftTqftW4,J1 Drivers Training Center,driver,(718) 206-9200,,http://www.jamaicaonetrainers.com/,,"87-12 175th St Apt C1, Jamaica, NY 11432",Jamaica,New York,40.7112343,-73.7879326,gmaps_apify,new,2026-08-04T15:10:24.991+00:00
gmap:ChIJ89KhakuLwokR3y6cSZzakVs,New York State DMV - Bronx License Center,driver,(518) 486-9786,,http://dmv.ny.gov/office/bronx-license-center,,"1350 Commerce Ave, Bronx, NY 10461",Bronx,New York,40.83689,-73.8402139,gmaps_apify,new,2026-08-04T15:10:24.991+00:00
gmap:ChIJOUuRmiv1wokR0mXKqwgaW-0,OJ LUXURY NYC,driver,(718) 409-6565,,http://www.ojluxurycarservice.com/,,"1613 Fowler Ave, Bronx, NY 10462",Bronx,New York,40.844021,-73.856678,gmaps_apify,new,2026-08-04T15:10:24.991+00:00
gmap:ChIJxSSvwPKLwokRPkRo6Y4-LyI,"DH2 Chauffeured Transportation | Charter Bus, Limousines, Airport Transportation NYC",driver,(718) 928-9966,,http://www.dh2limo.com/,,"79 N Boundary Rd Ste 205, Jamaica, NY 11430",Jamaica,New York,40.6583194,-73.7758986,gmaps_apify,new,2026-08-04T15:10:24.991+00:00
gmap:ChIJ9woZkprnwokRluupEqyLqFg,"Dimal Travel Company Usa, Inc.",driver,(347) 434-9776,,https://dimaltravelcompanyusa.com/,,"76-00 Shore Front Pkwy Apt 7C, Arverne, NY 11692",Arverne,New York,40.5874097,-73.8035373,gmaps_apify,new,2026-08-04T15:10:24.991+00:00
gmap:ChIJu5XxMrT0wokR0J0CTUNQEYE,Zerega Driving School,driver,(718) 239-7101,,https://zeregadrivingschool.com/,,"1404 Zerega Ave, Bronx, NY 10462",Bronx,New York,40.8370609,-73.8468396,gmaps_apify,new,2026-08-04T15:10:24.991+00:00
gmap:ChIJbYv0NWNfwokRI8pGnNvVW9k,Ferrari Driving School,driver,(718) 545-0059,,https://www.ferraridrivingschool.com/contact/long-island-city-driving-school/,,"35-28 19th Ave, Long Island City, NY 11105",Long Island City,New York,40.779609,-73.9016506,gmaps_apify,new,2026-08-04T15:10:24.991+00:00
gmap:ChIJr8rwAcv0wokRAs2eghh7B5s,Bus & Car Driver Training School,driver,(718) 409-5606,,,,"1332 Commerce Ave, Bronx, NY 10461",Bronx,New York,40.8363983,-73.8402111,gmaps_apify,new,2026-08-04T15:10:24.991+00:00
gmap:ChIJ8yyig2xhwokRam2KYha8WlQ,和平驾校 Heping Driving School | 纽约驾校,driver,(929) 204-8489,,http://www.hpdriving.net/,,"136-68 Roosevelt Ave Ste 718, Flushing, NY 11354",Flushing,New York,40.7600084,-73.8277032,gmaps_apify,new,2026-08-04T15:10:24.991+00:00
gmap:ChIJX6TWcAdmwokRq8UbLQlkKbc,LIFE CARE AMBULETTE,driver,(718) 684-9979,,,,"12-24 Brunswick Ave, Far Rockaway, NY 11691",Far Rockaway,New York,40.6100154,-73.7486855,gmaps_apify,new,2026-08-04T15:10:24.991+00:00
gmap:ChIJFeCn2fyNwokRacYO_OJNcl8,Care-Drivers,driver,(212) 368-5927,,http://www.care-drivers.com/,,"1200 Waters Pl Ste 105, Bronx, NY 10461",Bronx,New York,40.8528373,-73.837068,gmaps_apify,new,2026-08-04T15:10:24.991+00:00
gmap:ChIJ7_RZ98j0wokRb5us2COFQcY,Bronx Driving School,driver,(718) 409-1632,,http://www.bronxdriving.com/,,"1213 Castle Hill Ave, Bronx, NY 10462",Bronx,New York,40.832342,-73.851409,gmaps_apify,new,2026-08-04T15:10:24.991+00:00
gmap:ChIJMTsigtZewokR45QpEnLcUhc,"NYC Driver Institute, Inc",driver,(718) 255-9500,,,,"50 Westchester Square, Bronx, NY 10461",Bronx,New York,40.8419957,-73.8435723,gmaps_apify,new,2026-08-04T15:10:24.991+00:00
gmap:ChIJbxqdow1gwokRZrEoHmzlLMc,AA Driver Training Center,driver,(718) 886-6249,,http://www.dtadirect.com/,,"143-28 41st Ave # M1, Flushing, NY 11355",Flushing,New York,40.7599185,-73.8227349,gmaps_apify,new,2026-08-04T15:10:24.991+00:00
gmap:ChIJAQAAQLBZwokRYl9lTBYK0J8,Hamiton Domestics Household,housekeeper,(212) 838-5900,,http://www.hamptondomestics.com/,,"136 E 55th St, New York, NY 10022",New York,New York,40.7593847,-73.9697865,gmaps_apify,new,2026-08-04T15:10:21.753+00:00
gmap:ChIJmZDu5nJfwokRPRpom0j-NE8,ProActive House NYC Organizers,housekeeper,(929) 994-1214,,https://proactive.house/,,"34-23 41st St, Long Island City, NY 11101",Long Island City,New York,40.7555391,-73.9203103,gmaps_apify,new,2026-08-04T15:10:21.753+00:00
gmap:ChIJaTLH-gBZwokR4rKD1ymjHGk,Household Staffing International,housekeeper,(212) 683-7722,,https://www.householdstaffinginternational.com/,,"15 E 40th St Ste 401, New York, NY 10016",New York,New York,40.7519142,-73.9805894,gmaps_apify,new,2026-08-04T15:10:21.753+00:00
gmap:ChIJGwTIDi9ZwokR5_pKf-ZMw4E,Help Maid Cleaning Services,housekeeper,(212) 203-0084,,http://www.helpmaidcleaningservices.com/,,,Queens,NY,40.7813047,-73.9771184,gmaps_apify,new,2026-08-04T15:10:21.753+00:00
gmap:ChIJR4voE1b3wokR_D4Ux_FRyvo,Homey,housekeeper,(929) 393-2578,,https://homeylikeus.com/,,,Queens,NY,40.6860039,-73.9086129,gmaps_apify,new,2026-08-04T15:10:21.753+00:00
gmap:ChIJc9bjV8hEwokRGtzYO7CLWFQ,Maison Agency Inc,housekeeper,(212) 844-9763,,http://www.maisonagency.com/,,"100 Park Ave 16th floor, New York, NY 10017",New York,New York,40.7513073,-73.9787426,gmaps_apify,new,2026-08-04T15:10:21.753+00:00
gmap:ChIJo62cPz5YwokRG0L2CV_Tq8I,Village Staffing,housekeeper,(917) 740-2110,,http://www.villagestaffing.com/,,"250 W 91st St #6D, New York, NY 10024",New York,New York,40.7915477,-73.9746149,gmaps_apify,new,2026-08-04T15:10:21.753+00:00
gmap:ChIJG_FhQVL1wokRJDBaYKa-veE,Top Notch Cleaning NY,housekeeper,(800) 881-2771,,,,"1180 Anderson Ave Apt5, Bronx, NY 10452",Bronx,New York,40.8363972,-73.9236654,gmaps_apify,new,2026-08-04T15:10:21.753+00:00
gmap:ChIJAQAAQFJYwokRJFIt2ZqOxds,Maid First House Cleaning Service,housekeeper,(212) 920-7872,,http://www.maidfirst.com/,,,Queens,NY,40.6971415,-73.979506,gmaps_apify,new,2026-08-04T15:10:21.753+00:00
gmap:ChIJ37hfY15ZwokRxnV_MRX38Rg,Muffetta Household Staffing Agency,housekeeper,(332) 232-3518,,https://muffettaprivatestaff.com/household-staffing-new-york/,,"211 E 43rd St, New York, NY 10017",New York,New York,40.7512499,-73.9731679,gmaps_apify,new,2026-08-04T15:10:21.753+00:00
gmap:ChIJzar0bUWu80wRcgkkw4UL1DI,Haven Cleaning Services,housekeeper,(646) 904-8874,,https://havencleaningservice.com/,,"8 E 48th St, New York, NY 10017",New York,New York,40.7568173,-73.9774474,gmaps_apify,new,2026-08-04T15:10:21.752+00:00
gmap:ChIJ07TXBItZwokRjTr7xUhp3yE,HomeClean Cleaning Services NYC,housekeeper,(212) 203-6095,,https://homecleaningservice.nyc/,,"180 W 80th St Apt 210, New York, NY 10024",New York,New York,40.7835219,-73.9776507,gmaps_apify,new,2026-08-04T15:10:21.752+00:00
gmap:ChIJrQkj7_BZwokR8UfODFFre5Y,Maid Cleaning Service Upper West Side | New York,housekeeper,(929) 205-7589,,https://maidcleaningnewyork.com/,,"51 W 81st St, New York, NY 10024",New York,New York,40.7832827,-73.9741322,gmaps_apify,new,2026-08-04T15:10:21.752+00:00
gmap:ChIJux_SUH_2wokRiiHSd0u19FY,Bright House Cleaning Services,housekeeper,(347) 645-4084,,https://brighthousecleaningservicesny.com/,,"2541 Adam Clayton Powell Jr Blvd #19b, New York, NY 10039",New York,New York,40.8232441,-73.9372884,gmaps_apify,new,2026-08-04T15:10:21.752+00:00
gmap:ChIJU9kNpQFZwokR0Ep0n6kF3N4,New York Maids,housekeeper,(212) 239-9141,,https://nymaids.com/,,"1270 6th Ave, New York, NY 10020",New York,New York,40.7524215,-73.9791489,gmaps_apify,new,2026-08-04T15:10:21.752+00:00
gmap:ChIJT3qgFERZwokRsB82omeOaMg,Swipe N Clean of NYC,housekeeper,(917) 781-0915,,https://www.swipenclean.com/,,"1494 1st Ave, New York, NY 10075",New York,New York,40.7714577,-73.9529963,gmaps_apify,new,2026-08-04T15:10:21.752+00:00
gmap:ChIJhwuWOwT3wokRqD3XbJ-_X_g,Elsie's C LLC Cleaning Service,housekeeper,(347) 593-2520,,,,"840 St Nicholas Ave, New York, NY 10032",New York,New York,40.8287603,-73.9420301,gmaps_apify,new,2026-08-04T15:10:21.752+00:00
gmap:ChIJVVVFr6H2wokRvGBfRQ_VCao,Clean To The T,housekeeper,(347) 313-3492,,http://cleantothet.com/,,"45 Pinehurst Ave #1, New York, NY 10033",New York,New York,40.8496774,-73.9397826,gmaps_apify,new,2026-08-04T15:10:21.752+00:00
gmap:ChIJC5MrQmX1wokR7AzSSaWGzFw,PROFESSIONAL HOUSEKEEPER,housekeeper,(347) 488-3127,,,,"853 7th Ave, New York, NY 10019",New York,New York,40.7638685,-73.9807976,gmaps_apify,new,2026-08-04T15:10:21.752+00:00
gmap:ChIJMY4lM770wokRpdO5A3J9dhg,Frances Housekeeping services,housekeeper,(347) 303-9540,,http://franceshousekeeping.weebly.com/,,"1552 Leland Ave, Bronx, NY 10460",Bronx,New York,40.8394199,-73.86448,gmaps_apify,new,2026-08-04T15:10:21.752+00:00
gmap:ChIJUVo3Izr3wokR1EyGVPyhZak,Manhattan Cleaning Solutions,housekeeper,(646) 919-3361,,https://www.manhattancleaningsolutions.com/?y_source=1_MTA2ODg4ODU3NC03MTUtbG9jYXRpb24ud2Vic2l0ZQ==,,"2050 Frederick Douglass Blvd Suite #202, New York, NY 10026",New York,New York,40.8012144,-73.9570427,gmaps_apify,new,2026-08-04T15:10:21.752+00:00
gmap:ChIJW6bOJhVZwokRT3YXthbPDB8,Maidhawk's Army of Maids for Home Cleaning,housekeeper,(212) 321-0477,,,,"228 E 45th St Ste GF-29, New York, NY 10017",New York,New York,40.7519151,-73.9718282,gmaps_apify,new,2026-08-04T15:10:21.752+00:00
gmap:ChIJd46GCaVpwokRJXKKRoyNBEo,Queen Brown Cleaning Service Inc.,housekeeper,(718) 350-0633,,,,"1-46 Beach 59th St, Arverne, NY 11692",Arverne,New York,40.5909436,-73.7882796,gmaps_apify,new,2026-08-04T15:10:21.752+00:00
gmap:ChIJY6rw33RZwokRn11c1U7vjcU,Maid Cleaning Service Upper East Side | New York,housekeeper,(929) 673-1918,,https://maidcleaningnewyork.com/,,"102 E 78th St, New York, NY 10075",New York,New York,40.774699,-73.9607324,gmaps_apify,new,2026-08-04T15:10:21.752+00:00
gmap:ChIJi3dXa307_qoRrY940_KLDCo,Mrs. Neat,housekeeper,(347) 426-7052,,http://www.mrsneat.design/,,"23 29th St, Astoria, NY 11105",Astoria,New York,40.7733783,-73.9162513,gmaps_apify,new,2026-08-04T15:10:21.752+00:00
gmap:ChIJHwjAljxsgUkRHaucTW5Vi-o,True Clean,housekeeper,(347) 977-1708,,https://truecleannyc.com/,,"307 W 37th St Ste 1650, New York, NY 10018",New York,New York,40.7544472,-73.9926705,gmaps_apify,new,2026-08-04T15:10:21.752+00:00
gmap:ChIJs42agHVZwokRQGvIaCahCrs,VepoClean Home Cleaning Service Manhattan NYC,housekeeper,(646) 661-1707,,https://www.vepoclean.com/manhattan-nyc-cleaning-service/?utm_source=GMB,,"505 W 37th St, New York, NY 10018",New York,New York,40.7569136,-73.9979913,gmaps_apify,new,2026-08-04T15:10:21.752+00:00
gmap:ChIJs2RovZ9DwokRhlIoXp1XlAE,Cleanzilla Cleaning Nyc,housekeeper,(347) 972-8533,,https://cleanzillacleaning.com/,,"39-08 24th St Suíte 4, Long Island City, NY 11101",Long Island City,New York,40.7549967,-73.9380487,gmaps_apify,new,2026-08-04T15:10:21.752+00:00
gmap:ChIJxfHio1VZwokRrbr2IE88yRk,MaidPure Home Cleaning Service,housekeeper,(929) 669-3477,,http://maidpurehomecleaning.com/,,"157 Columbus Ave, New York, NY 10023",New York,New York,40.7742405,-73.9807876,gmaps_apify,new,2026-08-04T15:10:21.752+00:00
gmap:ChIJddPYBqxZwokRBbQrLCQUpEc,MyClean,housekeeper,(855) 692-5326,,https://www.myclean.com/,,"247 W 35th St #9r, New York, NY 10001",New York,New York,40.752605,-73.991876,gmaps_apify,new,2026-08-04T15:10:21.752+00:00
gmap:ChIJxS2hCqxnwokRzVHsICxUjg4,Molly Maid of Central Queens,housekeeper,(718) 395-2850,,https://www.mollymaid.com/locations/central-queens/?cid=LSTL_MLY000192&utm_source=gmb&utm_campaign=local&utm_medium=organic,,"93-02 95th Ave, Ozone Park, NY 11416",Ozone Park,New York,40.686489,-73.848764,gmaps_apify,new,2026-08-04T15:10:21.752+00:00
gmap:ChIJ-Q78INlZwokRH5OThHxTroE,Housekeeping NYC,housekeeper,(929) 633-4441,,,,"211 W 56th St, New York, NY 10019",New York,New York,40.7655121,-73.9816622,gmaps_apify,new,2026-08-04T15:10:21.752+00:00
gmap:ChIJBes024XbvqYR5Hs9vHkVEJU,House Cleaning Fleet,housekeeper,(212) 812-2410,,https://housecleaningfleet.com/,,"175 E 96th St #1780, New York, NY 10128",New York,New York,40.7857569,-73.9492538,gmaps_apify,new,2026-08-04T15:10:21.752+00:00
gmap:ChIJg7TRMoj7LgUR5NkSgwYfiqc,New York Cleaning Wizards,housekeeper,(347) 321-4769,,https://nycleaningwizards.com/,,"10 Manhattan Ave, New York, NY 10025",New York,New York,40.795113,-73.963719,gmaps_apify,new,2026-08-04T15:10:21.752+00:00
gmap:ChIJkdrod5zzwokR8vpvXnjp7Ds,GLORIA CLEANING,housekeeper,(828) 490-9298,,https://gloriacleaning.com/,,"598 Grand Concourse, Bronx, NY 10451",Bronx,New York,40.8197004,-73.9261932,gmaps_apify,new,2026-08-04T15:10:21.752+00:00
gmap:ChIJbYR_w_pYwokRCwly_TC9tDg,Obsessive Cleaning,housekeeper,(347) 933-0122,,https://obsessivecleaning.com/,,"555 Madison Ave 5th floor, New York, NY 10022",New York,New York,40.7612978,-73.972714,gmaps_apify,new,2026-08-04T15:10:21.752+00:00
gmap:ChIJ2eVTZARjRQMRlPUXVU1YeJU,All Around Cleaning Service,housekeeper,(718) 749-9544,,,,,Queens,NY,40.702108,-73.8783995,gmaps_apify,new,2026-08-04T15:10:21.752+00:00
gmap:ChIJN0fGO-73wokRI-1mJH73mKU,New York Cleanup Service,housekeeper,(917) 653-0851,,https://newyorkcleanupservice.com/,,"3764 Broadway, New York, NY 10032",New York,New York,40.8335032,-73.9449412,gmaps_apify,new,2026-08-04T15:10:21.752+00:00
gmap:ChIJS7qwiHBZwokR6OON3jcC8GQ,Smart Cleaning,housekeeper,(501) 557-6278,,https://smartcleaningnyc.com/?came_from=google_search,,"323 W 42nd St, New York, NY 10036",New York,New York,40.757926,-73.9907919,gmaps_apify,new,2026-08-04T15:10:21.752+00:00
gmap:ChIJq8XwZ4dZwokRpXngCadus6k,"Caregivers, Nannies and Housekeepers Household Stuffing",housekeeper,(929) 214-1206,,https://www.empiredomestic.com/,,"129 E 82nd St #3a, New York, NY 10028",New York,New York,40.7771228,-73.9576478,gmaps_apify,new,2026-08-04T15:10:21.752+00:00
gmap:ChIJAQAAAGRfwokRSs09RpodwI4,Everneat Cleaning Services in NYC,housekeeper,(347) 502-8828,,https://clean.everneat.co/,,"23-11 41st St, Astoria, NY 11105",Astoria,New York,40.7701265,-73.9076453,gmaps_apify,new,2026-08-04T15:10:21.752+00:00
gmap:ChIJPVCV6vpZwokRacE5oi3Yii0,Cleaning Time NYC,housekeeper,(332) 216-9166,,https://nycleanpros.com/,,"1202 Lexington Ave, New York, NY 10028",New York,New York,40.7767022,-73.9578638,gmaps_apify,new,2026-08-04T15:10:21.752+00:00
gmap:ChIJq6oFolFYwokRqqQcq5YWut0,Rainbow Cleaning Service,housekeeper,(888) 618-2165,,https://rainbowcleaning.services/contacts/,,"453 W 47th St, New York, NY 10036",New York,New York,40.7626092,-73.9922198,gmaps_apify,new,2026-08-04T15:10:21.752+00:00
gmap:ChIJ4-9xJ6lZwokR_DVq6DXyHnw,White Glove Elite,housekeeper,(212) 684-4460,,http://whitegloveelite.org/,,"850 7th Ave #1100, New York, NY 10019",New York,New York,40.764061,-73.981476,gmaps_apify,new,2026-08-04T15:10:21.752+00:00
gmap:ChIJ5VmoHe3ID4gRnY-HNjM1iOk,Miracle Apartment Cleaning Service,housekeeper,(929) 333-3365,,http://miracleapartmentcleaningservice.com/,,"1268 1st Ave, New York, NY 10065",New York,New York,40.7652593,-73.9576019,gmaps_apify,new,2026-08-04T15:10:21.752+00:00
gmap:ChIJOWfiLkNfwokRjLaRmDYQ9AA,Planet Maids,housekeeper,(212) 381-0499,,http://planetmaids.com/,,"23-46 28th St 1st floor, Astoria, NY 11105",Astoria,New York,40.774723,-73.915899,gmaps_apify,new,2026-08-04T15:10:21.752+00:00
gmap:ChIJE7qc2KxZwokRShFb7tprOYc,"Greenhouse Agency, Ltd.",housekeeper,(212) 889-7505,,http://www.greenhousestaffing.com/,,"55 W 39th St #308, New York, NY 10018",New York,New York,40.7527897,-73.9847647,gmaps_apify,new,2026-08-04T15:10:21.752+00:00
gmap:ChIJIdI-mtxbwoARTp7psMwkp5w,Maid Service Manhattan,housekeeper,(929) 345-3587,,https://maidservicemanhattan.nyc/,,"545 W 45th St #15, New York, NY 10036",New York,New York,40.7624488,-73.9959115,gmaps_apify,new,2026-08-04T15:10:21.752+00:00
gmap:ChIJNW7JjE6Rok0RJf0ipyJQb1I,The NYC Maid Cleaning Service,housekeeper,(212) 202-9030,,https://www.thenycmaid.com/,,"150 W 47th St, New York, NY 10036",New York,New York,40.7587341,-73.9837375,gmaps_apify,new,2026-08-04T15:10:21.752+00:00
gmap:ChIJcYdhpktZwokRUC_bLgRfGQQ,WeClean Hospitality,housekeeper,(212) 951-7150,,,,"1120 6th Ave Ste 4145, New York, NY 10036",New York,New York,40.7557701,-73.9831735,gmaps_apify,new,2026-08-04T15:10:21.752+00:00
gmap:ChIJJTmHSWhZwokRnGEB4Gh_VkU,ASAP Home Cleaning,housekeeper,(618) 936-0066,,https://www.asap-homecleaning.com/,,"282 11th Ave, New York, NY 10001",New York,New York,40.7521509,-74.0043806,gmaps_apify,new,2026-08-04T15:10:21.752+00:00
gmap:ChIJ8eSFuCZdwokRYjGrbUtsoXc,Maria Housekeeping NYC,housekeeper,(347) 775-8014,,https://www.mariahousekeeping.com/,,"75-06 64th Pl, Glendale, NY 11385",Glendale,New York,40.698639,-73.891473,gmaps_apify,new,2026-08-04T15:10:21.752+00:00
gmap:ChIJYQ62XSD0wokRwv8mvYcy0tY,MW Clean Pro,housekeeper,(646) 421-8537,,https://mwcleanpro.com/,,"511 W 175th St, New York, NY 10033",New York,New York,40.8447962,-73.9343935,gmaps_apify,new,2026-08-04T15:10:21.752+00:00
gmap:ChIJxSoRehb1wokR9F6U6mGuzUc,DLL Cleaning Services,housekeeper,(866) 955-0192,,https://www.dllcleaningservices.com/,,"315 Madison Ave 3rd Floor, New York, NY 10017",New York,New York,40.7524852,-73.9791865,gmaps_apify,new,2026-08-04T15:10:21.752+00:00
gmap:ChIJBSvqEAH2wokR02ooYZ_BB1Y,Bela Home Cleaning Services,housekeeper,(646) 472-5050,,,,"330 E 109th St, New York, NY 10029",New York,New York,40.7918311,-73.9397708,gmaps_apify,new,2026-08-04T15:10:21.752+00:00
gmap:ChIJpd4soodfwokR4sIrf8x4K_c,Tidy Mc Services LLC,housekeeper,(718) 300-7853,,https://www.tidycleaning.care/,,"23-23 30th Ave., Astoria, NY 11102",Astoria,New York,40.7690582,-73.9255506,gmaps_apify,new,2026-08-04T15:10:21.752+00:00
gmap:ChIJP9A4z3RnJ2ERTVhcRu1wkd4,Maid Service NYC,housekeeper,(212) 837-8596,,http://maidservicenyc.com/,,,Queens,NY,40.7813047,-73.9771184,gmaps_apify,new,2026-08-04T15:10:21.752+00:00
gmap:ChIJ-79GUG1ZwokRekZudgZGjLE,Town House Specialty Cleaning Co.,housekeeper,(212) 594-8300,,https://www.townhousecleaning.com/,,"242 W 36th St., New York, NY 10018",New York,New York,40.7528229,-73.9916846,gmaps_apify,new,2026-08-04T15:10:21.752+00:00
gmap:ChIJE_lmRz6wrKMRLsz3PambsmI,Fresh Cedar Cleaning,house cleaning,(718) 213-5083,,https://freshcedarinc.com/,,"21-34 Broadway, Astoria, NY 11106",Astoria,New York,40.7644818,-73.9306765,gmaps_apify,new,2026-08-04T15:10:11.183+00:00
gmap:ChIJTUxST4_1wokRfvm_NcNPtro,K&K Cleaning Service's,house cleaning,(347) 476-5176,,,,"1475 Popham Ave, Bronx, NY 10453",Bronx,New York,40.8476012,-73.9224328,gmaps_apify,new,2026-08-04T15:10:11.183+00:00
gmap:ChIJEb1RxA8o8yMRhqYOVVSUFEo,House Craft Cleaning Services,house cleaning,(917) 497-1060,,https://bit.ly/3N9uITc,,"37-17 107th St, Corona, NY 11368",Corona,New York,40.7535041,-73.8611654,gmaps_apify,new,2026-08-04T15:10:11.183+00:00
gmap:ChIJAdJXlQdfwokRh2XCTcKexXg,Sparkling4You,house cleaning,(646) 594-8808,,https://sparkling4you.com/,,"35-16 76th St #410, Jackson Heights, NY 11372",Jackson Heights,New York,40.7503923,-73.890364,gmaps_apify,new,2026-08-04T15:10:11.183+00:00
gmap:ChIJDe7n-TlfwokRz0qG5ifVHNQ,Maid Service Long Island City,house cleaning,(929) 810-2008,,http://maidservicelongislandcity.com/,,"27-09 21st St #539, Astoria, NY 11106",Astoria,New York,40.7718635,-73.9259813,gmaps_apify,new,2026-08-04T15:10:11.183+00:00
gmap:ChIJNxmkpaRfwokREOYQWxUlTyw,Green Duster Cleaning Services,house cleaning,(212) 391-1404,,https://www.greenduster.com/,,"89-11 34th Ave, Jackson Heights, NY 11372",Jackson Heights,New York,40.7546574,-73.877924,gmaps_apify,new,2026-08-04T15:10:11.183+00:00
gmap:ChIJD_lhuEcLDi4Rgs8uR74xn2o,Shine Masters Cleaning Services,house cleaning,(212) 831-9249,,https://www.shinemastersnyc.com/,,"2100 1st Ave, New York, NY 10029",New York,New York,40.790727,-73.93815,gmaps_apify,new,2026-08-04T15:10:11.183+00:00
gmap:ChIJLf_T2AT3wokRFW1SoCb53oc,Sandra's Cleaning Service,house cleaning,(917) 937-6515,,,,"3456 Broadway, New York, NY 10031",New York,New York,40.8235524,-73.9521698,gmaps_apify,new,2026-08-04T15:10:11.183+00:00
gmap:ChIJ28VdPX1hwokRDIoplrFY2Nc,Rainbow Cleaning Service Bayside,house cleaning,(332) 999-9279,,https://rainbowcleaning.services/bayside,,"45-43 Bell Blvd, Bayside, NY 11361",Bayside,New York,40.759153,-73.768365,gmaps_apify,new,2026-08-04T15:10:11.183+00:00
gmap:ChIJH969z5hfwokRbQHcv9pjRps,Alex House Cleaning Services,house cleaning,(917) 340-1457,,,,"108-63 38th Ave, Corona, NY 11368",Corona,New York,40.7531491,-73.8574701,gmaps_apify,new,2026-08-04T15:10:11.183+00:00
gmap:ChIJI9zML6VfwokRZm2F_k4mt0g,MC Cleaning Services,house cleaning,(914) 510-3492,,,,"35-19 89th St, Jackson Heights, NY 11372",Jackson Heights,New York,40.7518839,-73.877746,gmaps_apify,new,2026-08-04T15:10:11.183+00:00
gmap:ChIJrdVOqk6LwokRNJp-rOXVs8Y,Magic Cleaning,house cleaning,(917) 275-2754,,https://www.homeadvisor.com/rated.MagicCleaning.121557194.html,,"1316 Hobart Ave, Bronx, NY 10461",Bronx,New York,40.8391935,-73.8279037,gmaps_apify,new,2026-08-04T15:10:11.183+00:00
gmap:ChIJxZQb9KGNwokRxmlVx7bZGqc,Brilliant Trusted Clean,house cleaning,(929) 405-8409,,,,"3120 Wilkinson Ave, Bronx, NY 10461",Bronx,New York,40.851429,-73.827685,gmaps_apify,new,2026-08-04T15:10:11.183+00:00
gmap:ChIJ88it8l31wokRYrQymuk7TTk,Sonia's Cleaning,house cleaning,(347) 337-9136,,,,"1133 Morrison Ave, Bronx, NY 10472",Bronx,New York,40.827595,-73.8744797,gmaps_apify,new,2026-08-04T15:10:11.183+00:00
gmap:ChIJ2dshZ3INOwoRckT3xSuopaU,Maid 4 NY,house cleaning,(929) 541-1063,,http://www.maidforny.com/,,"1012 Quincy Ave 2 fl, Bronx, NY 10465",Bronx,New York,40.8303025,-73.8290294,gmaps_apify,new,2026-08-04T15:10:11.183+00:00
gmap:ChIJoWdwLij3wokRdlO0OTh5SKQ,Bella's General Cleaning LLC,house cleaning,(347) 266-0968,,,,"42 Tiemann Pl, New York, NY 10027",New York,New York,40.8151466,-73.9592798,gmaps_apify,new,2026-08-04T15:10:11.183+00:00
gmap:ChIJ_xxRqRf2wokROtS-uc0-Abs,BA Signature Cleaning & Property Care,house cleaning,(212) 234-9807,,http://basignaturecleaning.com/,,"2801 Frederick Douglass Blvd, New York, NY 10030",New York,New York,40.8254301,-73.9404539,gmaps_apify,new,2026-08-04T15:10:11.183+00:00
gmap:ChIJXTkwUYKJwokRYCLMsphiKpM,"Sparkle Maids 4U, LLC",house cleaning,(516) 628-6546,,https://sparklemaids4u.com/,,"44-14 Jesse Ct, Little Neck, NY 11363",Little Neck,New York,40.7696703,-73.7369895,gmaps_apify,new,2026-08-04T15:10:11.183+00:00
gmap:ChIJQ0btSrmLwokRju_k3mBlgy0,Best Cleaning services,house cleaning,(917) 593-1983,,,,"845 Revere Ave, Bronx, NY 10465",Bronx,New York,40.8284065,-73.8258402,gmaps_apify,new,2026-08-04T15:10:11.183+00:00
gmap:ChIJiQK1hwP1wokRT4xLKkxKZ_A,We Clean Castles,house cleaning,(917) 764-8114,,http://www.wecleancastlesusa.com/,,"1231 Lafayette Ave, Bronx, NY 10474",Bronx,New York,40.8167567,-73.8906092,gmaps_apify,new,2026-08-04T15:10:11.183+00:00
gmap:ChIJkRxS-1MbvooRqzaYNnbeVy4,Clean 365 LLC.,house cleaning,(347) 967-2130,,http://www.clean365llc.com/,,"2028 Cross Bronx Expy, Bronx, NY 10472",Bronx,New York,40.8315984,-73.8561705,gmaps_apify,new,2026-08-04T15:10:11.183+00:00
gmap:ChIJefeux7pfwokRBobblCWolow,Luz House Cleaning Services,house cleaning,(845) 216-6491,,,,"35-50 91st St, Jackson Heights, NY 11372",Jackson Heights,New York,40.751135,-73.8763042,gmaps_apify,new,2026-08-04T15:10:11.183+00:00
gmap:ChIJ30JT6-FfwokRbR2v0INWtyg,Green Hands Cleaning Services Corp,house cleaning,(212) 812-9418,,https://www.greenhandscleaningservices.com/,,"22-16 79th St, East Elmhurst, NY 11370",East Elmhurst,New York,40.7682639,-73.8908575,gmaps_apify,new,2026-08-04T15:10:11.183+00:00
gmap:ChIJByhoNLL0wokRHLzDhOuNBp0,VMS CLEANING SERVICES,house cleaning,(877) 220-8950,,http://www.vmscleaningservices.com/,,"1442 Williamsbridge Rd, Bronx, NY 10461",Bronx,New York,40.8432725,-73.8448507,gmaps_apify,new,2026-08-04T15:10:11.183+00:00
gmap:ChIJZXTTaWtfwokRVKyzWh9gPUE,Green Apple Cleaning Services,house cleaning,(347) 299-8653,,https://www.greenappleservicesnyc.com/,,"34-22 93rd St, Jackson Heights, NY 11372",Jackson Heights,New York,40.7540676,-73.8749678,gmaps_apify,new,2026-08-04T15:10:11.183+00:00
gmap:ChIJOXrQ9MCLwokRnDAXTLluGl4,House Cleaning Service Whitestone,house cleaning,(929) 605-5051,,http://housecleaningservicewhitestone.com/,,"14-34 150th St #528, Whitestone, NY 11357",Whitestone,New York,40.7878939,-73.8136437,gmaps_apify,new,2026-08-04T15:10:11.183+00:00
gmap:ChIJ0TRuQPr1wokRM2W1Z9rHNY8,Ara Cleaning Services Inc,house cleaning,(917) 891-3806,,,,"1316 Clay Ave Ste 1, Bronx, NY 10456",Bronx,New York,40.834559,-73.909098,gmaps_apify,new,2026-08-04T15:10:11.183+00:00
gmap:ChIJK5vGu0phwokR9JOrRFFeTbY,Sánchez Top Cleaner,house cleaning,(347) 905-4890,,,,"34-20 Parsons Blvd, Flushing, NY 11354",Flushing,New York,40.7662741,-73.8242348,gmaps_apify,new,2026-08-04T15:10:11.183+00:00
gmap:ChIJoeWESeJfwokRLAXFjVux7oE,Khushanuma Cleaning Service,house cleaning,(347) 468-0710,,,,"85-11 34th Ave, Jackson Heights, NY 11372",Jackson Heights,New York,40.7543465,-73.8818251,gmaps_apify,new,2026-08-04T15:10:11.183+00:00
gmap:ChIJLZfEhqLVrwcRPCOc7c9m9xE,Believe Cleaning Services,house cleaning,(646) 408-3334,,https://believecleaning.com/,,"42-05 111th St, Corona, NY 11368",Corona,New York,40.7501057,-73.8548054,gmaps_apify,new,2026-08-04T15:10:11.183+00:00
gmap:ChIJl8nqL_v1wokRt9XV46kJk1M,Melz cleaning service,house cleaning,(347) 265-8930,,https://melzmultiservice.square.site/,,"1358 Washington Ave, Bronx, NY 10456",Bronx,New York,40.8339905,-73.9046176,gmaps_apify,new,2026-08-04T15:10:11.183+00:00
gmap:ChIJR2HmhP71wokRDC416K2y-ps,MLP Cleaning Services,house cleaning,(718) 808-9751,,,,"121-08 14th Rd, College Point, NY 11356",College Point,New York,40.784668,-73.846358,gmaps_apify,new,2026-08-04T15:10:11.183+00:00
gmap:ChIJByWWtMJhwokR2MUdKj9Ex0c,Clutter Free Service & Cleanup Pros,house cleaning,(718) 866-3828,,https://clutterfreeservice.com/,,"209-80 45th Dr, Bayside, NY 11361",Bayside,New York,40.7581327,-73.7712657,gmaps_apify,new,2026-08-04T15:10:11.183+00:00
gmap:ChIJ2WYrUfz3wokRmda-eSpqZFA,Elsie,house cleaning,(347) 593-2520,,,,"262 W 122nd St, New York, NY 10027",New York,New York,40.8079496,-73.9521314,gmaps_apify,new,2026-08-04T15:10:11.183+00:00
gmap:ChIJPWKAWqfcNY4ROk_oFpbbk_Q,Empire Cleaning & Pro Services,house cleaning,(646) 320-9076,,http://www.empirecleaningandpro.com/,,"47-51 198th St, Flushing, NY 11358",Flushing,New York,40.7516874,-73.7815204,gmaps_apify,new,2026-08-04T15:10:11.183+00:00
gmap:ChIJhzQg0_n1wokR1lSlxyYWTDY,Johnsons Cleaning Co.,house cleaning,(347) 319-4982,,,,"674 E 149th St, Bronx, NY 10455",Bronx,New York,40.813175,-73.910191,gmaps_apify,new,2026-08-04T15:10:11.183+00:00
gmap:ChIJh961o8FfwokRV04j0i38feQ,H H Cleaning Service,house cleaning,(347) 679-2797,,,,"34-25 107th St, Corona, NY 11368",Corona,New York,40.7554183,-73.8612246,gmaps_apify,new,2026-08-04T15:10:11.183+00:00
gmap:ChIJD327qwpfwokR2Y4LjnjTpw0,Deep Cleaning Service Queens,house cleaning,(929) 209-6665,,http://deepcleaningservicequeens.com/,,"32-06 Broadway, Astoria, NY 11106",Astoria,New York,40.761306,-73.9244325,gmaps_apify,new,2026-08-04T15:10:11.183+00:00
gmap:ChIJ2cdLr4HpP44RLBprObCyEgU,EasySweep Cleaning,house cleaning,(917) 939-7838,,https://www.easysweep.co/,,"40-05 30th Ave., Astoria, NY 11103",Astoria,New York,40.7639228,-73.9146297,gmaps_apify,new,2026-08-04T15:10:11.183+00:00
gmap:ChIJQ4i8vpT1wokRghcQFZ_pMWk,Moishe's Moving Bronx,mover,(718) 297-3098,,https://www.moishes.com/areas-served/the-bronx-new-york/?utm_source=gmb-listing&utm_medium=organic&utm_campaign=gmb-listing-bronx,,"125 Walnut Ave, Bronx, NY 10454, United States",Bronx,New York,40.800167,-73.9113488,gmaps_apify,new,2026-08-04T15:10:08.028+00:00
gmap:ChIJY6meOfZfwokRzYIDEqWy8CA,MZ MOVING,mover,(929) 884-4282,,,,"32-34 60th St, Woodside, NY 11377, United States",Woodside,New York,40.7549088,-73.9025808,gmaps_apify,new,2026-08-04T15:10:08.028+00:00
gmap:ChIJd8iK5FP0wokRaCuM4CnGDgY,Monti Moving & Storage,mover,(877) 638-8400,,http://www.montimoving.com/,,"895 E 167th St, Bronx, NY 10459, United States",Bronx,New York,40.8263477,-73.8956332,gmaps_apify,new,2026-08-04T15:10:08.028+00:00
gmap:ChIJYWM0pT70wokR6f6r_FF93KI,Morgan Manhattan Moving and Storage,mover,(718) 340-3387,,http://www.morganmanhattan.com/,,"1405 Jerome Ave, Bronx, NY 10452, United States",Bronx,New York,40.8407762,-73.9182086,gmaps_apify,new,2026-08-04T15:10:08.028+00:00
gmap:ChIJ5U3wNkf1wokRn1jW52xFrXg,Ace Mover's Bronx,mover,(347) 201-4396,,https://threemovers.com/,,"1473 Westchester Ave, Bronx, NY 10472, United States",Bronx,New York,40.8286043,-73.8814727,gmaps_apify,new,2026-08-04T15:10:08.028+00:00
gmap:ChIJT4E80gn2wokRpEhvnNz86ec,Liffey Van Lines - NYC Moving Company,mover,(212) 410-3500,,https://liffeymoving.com/,,"234 E 121st St, New York, NY 10035, United States",New York,New York,40.8004256,-73.9366251,gmaps_apify,new,2026-08-04T15:10:08.028+00:00
gmap:ChIJX7BxtNFYwokRk-etn1f33dM,Moishe's Moving - Queens,mover,(718) 392-4116,,https://www.moishes.com/areas-served/queens-new-york/?utm_source=gmb-listing&utm_medium=organic&utm_campaign=gmb-listing-queens,,"38-42 9th St, Long Island City, NY 11101, United States",Long Island City,New York,40.7577032,-73.9454297,gmaps_apify,new,2026-08-04T15:10:08.028+00:00
gmap:ChIJ42y9M7pYwokRDGNRBt1dAKM,Last Minute Moving,mover,(888) 849-4980,,http://www.lastminutemoving.com/,,"351 E 84th St #10e, New York, NY 10028, United States",New York,New York,40.7759436,-73.950489,gmaps_apify,new,2026-08-04T15:10:08.028+00:00
gmap:ChIJwSStOhU4MUwRjbeE2_rdeTY,Marathon Relocation Moving & Storage,mover,(212) 920-6046,,https://marathonrelocation.com/,,"20-67 Shore Blvd, Astoria, NY 11105, United States",Astoria,New York,40.7843119,-73.9164942,gmaps_apify,new,2026-08-04T15:10:08.028+00:00
gmap:ChIJEb1ugblYwokRImIxWSlbgNQ,"Big John's Moving, Inc.",mover,(212) 734-3300,,https://bigjohnsmoving.com/?utm_source=GBP&utm_medium=organic,,"1602 1st Ave, New York, NY 10028, United States",New York,New York,40.7749821,-73.9504373,gmaps_apify,new,2026-08-04T15:10:08.028+00:00
gmap:ChIJZ4yfP3Y3r0ERAtQyNvZWv08,Moving Mex New York,mover,(917) 309-5745,,https://movingmexllc.com/,,"41-33 160th St, Flushing, NY 11358, United States",Flushing,New York,40.7610327,-73.8055164,gmaps_apify,new,2026-08-04T15:10:08.028+00:00
gmap:ChIJ96y8Cr71wokR_Ws-BHbpWfQ,"Key Moving & Storage, Inc",mover,(718) 292-9721,,http://www.keymoving.com/,,"327 Walnut Ave, Bronx, NY 10454, United States",Bronx,New York,40.804879,-73.9065554,gmaps_apify,new,2026-08-04T15:10:08.028+00:00
gmap:ChIJBUXgJ7BYwokR_MPkoUMDZb0,Morgan Manhattan Moving and Storage,mover,(646) 350-2511,,https://www.morganmanhattan.com/,,"434 E 91st St, New York, NY 10128, United States",New York,New York,40.7793341,-73.9455422,gmaps_apify,new,2026-08-04T15:10:08.028+00:00
gmap:ChIJIaxGKF6lLG0RBYkrwZOTHFE,MTO Moving 美通搬家 纽约华人搬家家政公司,mover,(888) 669-1666,,https://mtomoving.com/,,"34-18 Northern Blvd Ste 3/10B, Long Island City, NY 11101, United States",Long Island City,New York,40.7517984,-73.9291393,gmaps_apify,new,2026-08-04T15:10:08.028+00:00
gmap:ChIJ9wB5xzpzmW4R1nVvvrD-RtI,Urban Flat Rate,mover,(212) 470-0857,,http://www.urbanflatrate.com/,,"719 W 180th St Ste 21, New York, NY 10033, United States",New York,New York,40.8500985,-73.9377961,gmaps_apify,new,2026-08-04T15:10:08.028+00:00
gmap:ChIJHeGWx0VfwokRhv_6kA7XA5Q,Last Minute Movers,mover,(888) 215-2334,,http://www.lastminutemovers.com/,,"656 E 133rd St, Bronx, NY 10454, United States",Bronx,New York,40.8022965,-73.9173551,gmaps_apify,new,2026-08-04T15:10:08.028+00:00
gmap:ChIJT_WrShVfwokRiXo1e1aigJI,Ralph express moving inc.,mover,(347) 444-1120,,,,"31-17 Steinway St Ste 2, Astoria, NY 11103, United States",Astoria,New York,40.7591715,-73.9186253,gmaps_apify,new,2026-08-04T15:10:08.028+00:00
gmap:ChIJrwYr2cNfwokRuFCbcqdyeD0,Ecu Moving and Delivery,mover,(347) 351-4099,,https://ecumoving.com/,,"108-22 37th Ave, Corona, NY 11368, United States",Corona,New York,40.7537422,-73.8593418,gmaps_apify,new,2026-08-04T15:10:08.028+00:00
gmap:ChIJNRl6qg9gwokRuR8FM-ZDCws,紐約良運搬家運輸公司 Chinese Moving Company,mover,(917) 900-7777,,https://liangmoving.com/,,"33-35 Union St, Flushing, NY 11354, United States",Flushing,New York,40.7669609,-73.8270438,gmaps_apify,new,2026-08-04T15:10:08.028+00:00
gmap:ChIJbT-KF1H0wokRU-2kfMsC7-o,A2B Moving,mover,(917) 471-5372,,https://www.movinghelp.com/movers/ny/bronx/results/b91a3315-a0f2-4bb5-95ec-78cac0cb0a48/64840/1/0?agnosticDetails=False&loadConfigFromCart=False/review,,"1250 Rev James A Polite Ave, Bronx, NY 10459, United States",Bronx,New York,40.8285368,-73.8962908,gmaps_apify,new,2026-08-04T15:10:08.028+00:00
gmap:ChIJq6A2M1BZwokRdYrtJ5DJvio,Jordan River East Moving,mover,(212) 960-8682,,,,"1955 1st Ave Ste 633, New York, NY 10029, United States",New York,New York,40.7861979,-73.9427871,gmaps_apify,new,2026-08-04T15:10:08.028+00:00
gmap:ChIJM03u3wX1wokRYG1ZSu5ILVk,Deland Moving & Storage Logistics LLC,mover,(212) 662-0666,,http://www.delandrelocation.com/,,"210 E 144th St, Bronx, NY 10451, United States",Bronx,New York,40.8159575,-73.9264089,gmaps_apify,new,2026-08-04T15:10:08.028+00:00
gmap:ChIJS2vScTFfwokR-tx5oO8zPb0,Teddy Moving and Storage,mover,(718) 355-8822,,https://teddymoving.com/lp/?utm_source=local&utm_medium=organic&utm_campaign=gmb&wm_crm=GMB-NY,,"25-79 45th St, Long Island City, NY 11103, United States",Long Island City,New York,40.7640388,-73.9090021,gmaps_apify,new,2026-08-04T15:10:08.028+00:00
gmap:ChIJ-77Zk9r1wokRUETkINfpovk,Baya Inc.,mover,(718) 523-5000,,,,"381 Canal Pl, Bronx, NY 10451, United States",Bronx,New York,40.8155632,-73.9262567,gmaps_apify,new,2026-08-04T15:10:08.028+00:00
gmap:ChIJtwFD1CRX704RNASOzOy3Dps,Mini Move PRO,mover,(929) 527-6411,,https://www.minimovepro.com/,,"12-07 30th Rd, Astoria, NY 11102, United States",Astoria,New York,40.7705719,-73.9316177,gmaps_apify,new,2026-08-04T15:10:08.028+00:00
gmap:ChIJMVn4X7hYwokRmwptXgDw3Lw,"Up and Go Moving, LLC",mover,(212) 744-6683,,https://www.upngomoving.com/?utm_source=local&utm_medium=organic&utm_campaign=gmb,,"47-00 Northern Blvd, Long Island City, NY 11101, United States",Long Island City,New York,40.7532497,-73.9157739,gmaps_apify,new,2026-08-04T15:10:08.028+00:00
gmap:ChIJgbv646dhwokR-cryGCOJekM,纽约大明搬家公司 DM New York Moving Company,mover,(917) 660-5772,,https://www.facebook.com/pages/category/Home-Mover/%E7%BA%BD%E7%BA%A6%E5%A4%A7%E6%98%8E%E6%90%AC%E5%AE%B6%E5%85%AC%E5%8F%B8-103100304658247/,,"41-25 Kissena Blvd Apt 5TT, Flushing, NY 11355, United States",Flushing,New York,40.7583504,-73.8283123,gmaps_apify,new,2026-08-04T15:10:08.028+00:00
gmap:ChIJFb4fJKBfwokR1kc0S6CmOLE,Experia Moving Services,mover,(917) 426-8177,,https://www.experiamoving.com/,,"233 W 111th St, New York, NY 10026, United States",New York,New York,40.8008083,-73.956176,gmaps_apify,new,2026-08-04T15:10:08.028+00:00
gmap:ChIJx3_GioZhwokRVy0XpVxagME,幸福搬家,mover,(646) 678-8880,,http://www.happymovingny.com/,,"136-56 39th Ave ＃303D, Flushing, NY 11354, United States",Flushing,New York,40.7605877,-73.828301,gmaps_apify,new,2026-08-04T15:10:08.028+00:00
gmap:ChIJRzFIr7_1wokRYeZ_yY-D-WU,Noah's Ark Moving and Storage,mover,(212) 874-1313,,http://www.noahsarkinc.com/,,"724 Garrison Ave, Bronx, NY 10474",Bronx,New York,40.8130344,-73.8952889,gmaps_apify,new,2026-08-04T15:10:08.027+00:00
gmap:ChIJg9yRTxdfwokREsKXsOUnxWg,Expo Movers and Storage,mover,(212) 321-3976,,https://expomovers.com/,,"59-16 Broadway, Woodside, NY 11377",Woodside,New York,40.75103,-73.90242,gmaps_apify,new,2026-08-04T15:10:08.027+00:00
gmap:ChIJPZTl1db1wokRXXVP5lwAtXw,The Padded Wagon of New York,mover,(212) 222-4880,,https://www.paddedwagon.com/,,"163 Exterior St, Bronx, NY 10451, United States",Bronx,New York,40.8128084,-73.932213,gmaps_apify,new,2026-08-04T15:10:08.027+00:00
gmap:ChIJ7UI-mPL1wokRe1b0gFBp4ho,Roadway Moving - Bronx Moving Company,mover,(212) 812-5240,,https://www.roadwaymoving.com/locations/new-york/bronx/?utm_source=googlemaps&utm_medium=bronx&wm_crm=GMB-NY-Bronx&rsx_call=GMB-NY-Bronx,,"1135 Bronx River Ave, Bronx, NY 10472",Bronx,New York,40.826278,-73.883923,gmaps_apify,new,2026-08-04T15:10:08.027+00:00
gmap:ChIJAfE51h_1wokRiCODxfhydh0,Bronx Moving Company - Flat Fee Moving LLC,mover,(917) 905-7576,,https://bronxflatfeemovers.com/?utm_source=google&utm_medium=organic,,"2037 Westchester Ave, Bronx, NY 10462",Bronx,New York,40.8339506,-73.8564452,gmaps_apify,new,2026-08-04T15:10:08.027+00:00
gmap:ChIJe32N_QH2wokRh8tFsUF4KpM,5 Stars Movers NYC,mover,(212) 372-7489,,https://5starmovers.net/?utm_source=google&utm_medium=organic,,"347 E 104th St, New York, NY 10029, United States",New York,New York,40.7886408,-73.94147,gmaps_apify,new,2026-08-04T15:10:08.027+00:00
gmap:ChIJ8efEuUNfwokR10L4ZpxQZA8,Marcelo's Movers,mover,(646) 663-4191,,https://www.marcelomovers.com/,,"34-18 Northern Blvd, Long Island City, NY 11101, United States",Long Island City,New York,40.7517984,-73.9291393,gmaps_apify,new,2026-08-04T15:10:08.027+00:00
gmap:ChIJD2W7et71wokRjxVp1pwhKgg,Velocity Moving And Storage,mover,(212) 666-3030,,http://www.velocitymoving.com/,,"300 Jackson Ave, Bronx, NY 10454",Bronx,New York,40.806334,-73.911634,gmaps_apify,new,2026-08-04T15:10:08.027+00:00
gmap:ChIJZ2S0RGFZwokRdiFpLuUkhRY,Freshstart nyc,mover,(718) 530-6988,,http://www.freshstart-nyc.com/,,"27-05 41st Ave, Long Island City, NY 11101, United States",Long Island City,New York,40.7518006,-73.9379892,gmaps_apify,new,2026-08-04T15:10:08.027+00:00
gmap:ChIJIcIT4kxfwokRd_fqMnaIfs8,IPS NYC MOVING & STORAGE,mover,(718) 806-1507,,https://ipsnycmovers.com/?utm_source=local&utm_medium=organic&utm_campaign=gmb,,"26-12 Borough Pl Ste 7B, Woodside, NY 11377, United States",Woodside,New York,40.761867,-73.903419,gmaps_apify,new,2026-08-04T15:10:08.027+00:00
gmap:ChIJhfwJJSL1wokRUiJkElNMeCY,Samba Moving,mover,(212) 756-1263,,https://www.sambamoving.com/,,"200 E 135th St, Bronx, NY 10451, United States",Bronx,New York,40.810763,-73.931727,gmaps_apify,new,2026-08-04T15:10:08.027+00:00
gmap:ChIJqR_ZGAL2wokR7MsZNyc5wKY,Heart Moving Manhattan NYC,mover,(347) 566-0902,,https://heartmoving.us/?utm_source=local&utm_medium=organic&utm_campaign=gmb,,"305 E 105th St #2a, New York, NY 10029, United States",New York,New York,40.7898558,-73.9423496,gmaps_apify,new,2026-08-04T15:10:08.027+00:00
gmap:ChIJ0ezC11H1wokRmCDdef-kUys,International Van Lines,mover,(877) 647-1336,,https://internationalvanlines.com/,,"300 Jackson Ave, Bronx, NY 10454",Bronx,New York,40.8078745,-73.9108809,gmaps_apify,new,2026-08-04T15:10:08.027+00:00
gmap:ChIJedyNA4JZwokR1N8m-lcXt98,Blue Moving,mover,(212) 432-2132,,http://www.bluemoving.com/,,"1357 Lafayette Ave, Bronx, NY 10474",Bronx,New York,40.8105121,-73.8910276,gmaps_apify,new,2026-08-04T15:10:08.027+00:00
gmap:ChIJ9Xun1jNfwokRLrexfxkg1OY,J&G Moving,mover,(718) 822-3757,,http://www.jgmovingnyc.com/index.php/contact,,"3109 Roberts Ave, Bronx, NY 10461",Bronx,New York,40.84663,-73.8282598,gmaps_apify,new,2026-08-04T15:10:08.027+00:00
gmap:ChIJlTI4qL5fwokRT6HtX-SLjYc,Abreu Movers Queens - Moving Company Queens,mover,(917) 924-9221,,https://www.abreumovers.com/services/movers-queens?utm_source=google&utm_medium=organic,,"38-11 Ditmars Blvd #1198, Astoria, NY 11105",Astoria,New York,40.7733716,-73.9063485,gmaps_apify,new,2026-08-04T15:10:08.027+00:00
gmap:ChIJ__9v_ZT1wokR0SoQmALK7ik,Octomovers,mover,(212) 328-1176,,https://octomovers.com/?utm_source=google&utm_medium=organic&utm_campaign=gmb-listing,,"175 Walnut Ave #302-C1, Bronx, NY 10454",Bronx,New York,40.8013536,-73.9101142,gmaps_apify,new,2026-08-04T15:10:08.027+00:00
gmap:ChIJ5xqjyr_1wokRNli8FzgsC6g,"Arthur Werner Moving & Storage, Inc.",mover,(800) 666-9290,,http://www.arthurwerner.com/,,"802 E 140th St, Bronx, NY 10454",Bronx,New York,40.8048933,-73.9094243,gmaps_apify,new,2026-08-04T15:10:08.027+00:00
gmap:ChIJX-tOSdz0wokRykmGCUGmB-k,Abreu Movers - Bronx Moving Companies,mover,(347) 427-5228,,https://abreumovers.com/?utm_source=google&utm_medium=organic,,"880 Thieriot Ave, Bronx, NY 10473",Bronx,New York,40.823289,-73.86206,gmaps_apify,new,2026-08-04T15:10:08.027+00:00
gmap:ChIJx9NON9z0wokRUyZH1C2fRKA,5 Star Movers LLC - Bronx Moving Company,mover,(718) 612-7774,,https://5starmoversllc.com/?utm_source=google&utm_medium=organic,,"1670 Seward Ave, Bronx, NY 10473",Bronx,New York,40.818137,-73.8695723,gmaps_apify,new,2026-08-04T15:10:08.027+00:00
gmap:ChIJz0ebJBD1wokRqVLwnm_B0gY,Perfect Moving & Storage,mover,(646) 586-3852,,https://perfect-moving.com/?utm_source=google&utm_medium=organic&utm_campaign=gbp&utm_id=v24&utm_content=moving,,"1291 Ryawa Ave, Bronx, NY 10474",Bronx,New York,40.8052731,-73.8844022,gmaps_apify,new,2026-08-04T15:10:08.027+00:00
gmap:ChIJ6cj44KX1wokRe0LuuuNLmQo,Divine Moving & Storage,mover,(212) 244-4011,,https://divinemoving.com/,,"550 Barry St, Bronx, NY 10474",Bronx,New York,40.8105853,-73.8950201,gmaps_apify,new,2026-08-04T15:10:08.027+00:00
gmap:ChIJH6O8Cr71wokRXGWtZcdkubY,Ben Hur Moving & Storage,mover,(718) 742-4444,,https://www.benhur.com/?utm_source=local&utm_medium=organic&utm_campaign=gmb,,"327 Walnut Ave, Bronx, NY 10454",Bronx,New York,40.804879,-73.9065554,gmaps_apify,new,2026-08-04T15:10:08.027+00:00
gmap:ChIJbyc_zOv1wokR4LWZMWUIF_k,Available Movers & Storage,mover,(718) 292-6500,,http://www.availablemovers.com/,,"321 Manida St, Bronx, NY 10474",Bronx,New York,40.8070924,-73.8868828,gmaps_apify,new,2026-08-04T15:10:08.027+00:00
gmap:ChIJufLaZ3r0wokRsQRWCQeqZjQ,S&D Moving and Storage Co.,mover,(646) 484-9880,,http://www.sdmovingco.com/,,"1231 Lafayette Ave, Bronx, NY 10474",Bronx,New York,40.8167567,-73.8906092,gmaps_apify,new,2026-08-04T15:10:08.027+00:00
gmap:ChIJgQvgiVZYwokRCqtuclR8Nps,Shleppers Moving & Storage,mover,(212) 223-4004,,http://www.shleppers.com/,,"434 E 165th St, Bronx, NY 10456",Bronx,New York,40.8268826,-73.9104924,gmaps_apify,new,2026-08-04T15:10:08.027+00:00
gmap:ChIJHRqDjSFpBysRuzEtaMF0hS0,Two Brothers Moving NYC,mover,(929) 340-9193,,https://twobrothersmovingnyc.com/,,"401E E 110th St, New York, NY 10029, United States",New York,New York,40.7921939,-73.9377457,gmaps_apify,new,2026-08-04T15:10:08.027+00:00
gmap:ChIJo6r9-i5fwokRpoRlmCRaaVA,iMOVE NYC,mover,(347) 727-2668,,https://imovenycmoving.com/,,"23-66 21st St, Astoria, NY 11105, United States",Astoria,New York,40.7775262,-73.9208588,gmaps_apify,new,2026-08-04T15:10:08.027+00:00
gmap:ChIJ74XQGAL2wokRP1yqkpQK7RQ,Capital City Movers & Storage,mover,(718) 619-4881,,http://www.capitalcitymovers.us/,,"820 E 140th St, Bronx, NY 10454",Bronx,New York,40.8047801,-73.9090228,gmaps_apify,new,2026-08-04T15:10:08.027+00:00
gmap:ChIJi3ITEuJfwokRDSE3vuGW2SE,M&J Electrical Contractors Corp.,electrician,(718) 726-7501,,,,"23-24 Steinway St, Astoria, NY 11105, United States",Astoria,New York,40.770655,-73.909151,gmaps_apify,new,2026-08-04T15:10:06.078+00:00
gmap:ChIJAZ0wP_dZwokRudyEcQBryeI,Ral-Bar Electric,electrician,(718) 786-9430,,http://ralbarelec.com/,,"34-09 45th St, Long Island City, NY 11101, United States",Long Island City,New York,40.7544434,-73.9169742,gmaps_apify,new,2026-08-04T15:10:06.078+00:00
gmap:ChIJIzyk2lr1wokR55CeEbxJk4M,Welsbach Electric,electrician,(347) 305-6095,,,,"111-01 14th Ave, Flushing, NY 11356, United States",Flushing,New York,40.7858342,-73.855308,gmaps_apify,new,2026-08-04T15:10:06.078+00:00
gmap:ChIJretCMQ6LwokR_AJcemIv5AU,Bayside Electric,electrician,(929) 924-4009,,http://baysideelectricny.com/,,"28-30 204th St, Bayside, NY 11360",Bayside,New York,40.7723602,-73.7869522,gmaps_apify,new,2026-08-04T15:10:06.078+00:00
gmap:ChIJ4W63fURfwokRDmFZHDcNoH0,Henry's Team Electrical,electrician,(347) 724-3438,,https://henrysteam.com/,,"30-62 30th St, Long Island City, NY 11102, United States",Long Island City,New York,40.765861,-73.923666,gmaps_apify,new,2026-08-04T15:10:06.078+00:00
gmap:ChIJBfQNuZeFXGMRwAhEpHLWeLQ,Plug Pro Electric,electrician,(631) 612-7080,,https://plugproelectric.wixsite.com/plug-pro-electrical,,"21-43 36th St, Long Island City, NY 11105",Long Island City,New York,40.7751038,-73.9069436,gmaps_apify,new,2026-08-04T15:10:06.078+00:00
gmap:ChIJ0SlXbkD1wokR0j3kRpUHJbc,AMP ELECTRIC,electrician,(917) 335-1733,,,,"1141 E 156th St, Bronx, NY 10474, United States",Bronx,New York,40.8131774,-73.8937714,gmaps_apify,new,2026-08-04T15:10:06.078+00:00
gmap:ChIJGzo0sTVfwokRWdr0zMXz9Lc,CDM Electrical,electrician,(718) 545-1355,,,,"14-51 Broadway, Long Island City, NY 11106, United States",Long Island City,New York,40.7656238,-73.9318617,gmaps_apify,new,2026-08-04T15:10:06.078+00:00
gmap:ChIJFb29JQBhwokRF4Cqyqzozlc,Murray Hill Electricians,electrician,(929) 506-3179,,http://murrayhillelectricians.com/,,"42-45 162nd St, Flushing, NY 11358, United States",Flushing,New York,40.7591055,-73.8039806,gmaps_apify,new,2026-08-04T15:10:06.078+00:00
gmap:ChIJTTqjHwBfwokRIR0sALmgm9k,Woodside Master Electrician,electrician,(929) 255-4579,,http://woodsidemasterelectrician.com/,,"33-26 57th St, Woodside, NY 11377, United States",Woodside,New York,40.7529463,-73.9042867,gmaps_apify,new,2026-08-04T15:10:06.078+00:00
gmap:ChIJx0R66Vn1wokRWwst5r6Fcfk,Hunts Point Master Electrician,electrician,(347) 354-4037,,https://huntspointmasterelectrician.com/,,"1122 Longwood Ave, Bronx, NY 10474, United States",Bronx,New York,40.8144069,-73.8935667,gmaps_apify,new,2026-08-04T15:10:06.078+00:00
gmap:ChIJTSdYgG3Jto4Rq9gMxZfyAFM,One Source Electrical Installations,electrician,(718) 912-0599,,http://www.onesourceelectricalinstallations.com/,,"34-18 Northern Blvd, Long Island City, NY 11101, United States",Long Island City,New York,40.7517984,-73.9291393,gmaps_apify,new,2026-08-04T15:10:06.078+00:00
gmap:ChIJKcO8KC1ZwokRNS2ervP0vCw,A Tech Electric,electrician,(718) 937-7044,,,,"1735 W Farms Rd #2nd, Bronx, NY 10460, United States",Bronx,New York,40.8351803,-73.8826738,gmaps_apify,new,2026-08-04T15:10:06.078+00:00
gmap:ChIJ3e98DmlfwokRvhjyt91GCR8,Tesla Electric Corp.,electrician,(718) 757-4848,,http://www.teslaelectriccorp.com/,,"23-18 Steinway St # 1, Astoria, NY 11105, United States",Astoria,New York,40.7708361,-73.908924,gmaps_apify,new,2026-08-04T15:10:06.078+00:00
gmap:ChIJZ_yCKT5fwokRBHDCKjVAB8s,East River Emergency Electrician,electrician,(347) 630-0799,,http://eastriveremergencyelectrician.com/,,"21-21 21st Ave, Astoria, NY 11105, United States",Astoria,New York,40.7819991,-73.913991,gmaps_apify,new,2026-08-04T15:10:06.078+00:00
gmap:ChIJq6d5VQBZwokRNBG7EX-QCJE,Long Island City Electricians,electrician,(929) 468-2455,,http://longislandcityelectricians.com/,,"42-36 12th St, Long Island City, NY 11101, United States",Long Island City,New York,40.752152,-73.946919,gmaps_apify,new,2026-08-04T15:10:06.078+00:00
gmap:ChIJp6jP8TKLwokRuBdPC_rPGYE,Hellman Electric,electrician,(718) 931-9900,,https://hellmanelectric.com/,,"855 Brush Ave #2, Bronx, NY 10465",Bronx,New York,40.8251658,-73.8397182,gmaps_apify,new,2026-08-04T15:10:06.078+00:00
gmap:ChIJ8_B9dOv1wokRWpJdG0bVGV0,K & G Electric,electrician,(212) 923-2550,,https://www.kngelectric.com/,,"747 E 132nd St #1, Bronx, NY 10454",Bronx,New York,40.8009151,-73.9149017,gmaps_apify,new,2026-08-04T15:10:06.078+00:00
gmap:ChIJ_RVqdYf0wokRPkKZ2gc1aKE,Gotham,electrician,(718) 295-6430,,,,"649 E 183rd St, Bronx, NY 10458",Bronx,New York,40.8527135,-73.8875439,gmaps_apify,new,2026-08-04T15:10:06.078+00:00
gmap:ChIJ5RhHN9hhwokReN_hMsh_6aQ,KYL ELECTRIC 锦仁电力,electrician,(929) 323-8510,,http://kylelectric.com/?utm_source=gmb&utm_medium=referral,,"136-72 Roosevelt Ave #2fl, Flushing, NY 11354, United States",Flushing,New York,40.7600038,-73.8274633,gmaps_apify,new,2026-08-04T15:10:06.078+00:00
gmap:ChIJvb80SFH0wokRjbpb9gj-kDY,Jeco Electrical Service Corp,electrician,(718) 842-2600,,http://www.jecony.com/,,"1162 Intervale Ave, Bronx, NY 10459",Bronx,New York,40.827653,-73.8954195,gmaps_apify,new,2026-08-04T15:10:06.078+00:00
gmap:ChIJfUBVeQBfwokRqOYReGrvNxM,Astoria Licensed Electrician,electrician,(929) 483-0123,,http://astorialicensedelectrician.com/,,"40-04 Astoria Blvd S, Long Island City, NY 11103, United States",Long Island City,New York,40.7685305,-73.9108736,gmaps_apify,new,2026-08-04T15:10:06.078+00:00
gmap:ChIJl5AAJWP1wokREw8GFZyzxtI,EBU Electrical LLC,electrician,(929) 557-0906,,,,"1522 University Ave, Bronx, NY 10453, United States",Bronx,New York,40.8455015,-73.9217596,gmaps_apify,new,2026-08-04T15:10:06.078+00:00
gmap:ChIJhXU-rjJfwokRenbPuxTO6vg,"G & F.A.ST ELECTRIC, INC.",electrician,(718) 937-1576,,,,"36-12 23rd St, Astoria, NY 11106, United States",Astoria,New York,40.7588142,-73.9356907,gmaps_apify,new,2026-08-04T15:10:06.078+00:00
gmap:ChIJ79WdNwD1wokRA8OzkXIbROs,Longwood Licensed Electrician,electrician,(347) 477-0403,,http://longwoodlicensedelectrician.com/,,"1144 E 165th St, Bronx, NY 10459, United States",Bronx,New York,40.8251913,-73.8871854,gmaps_apify,new,2026-08-04T15:10:06.078+00:00
gmap:ChIJaQzYDgD1wokRekz2832R2Hk,RH Electric,electrician,(347) 398-1532,,,,"1650 Williamsbridge Rd, Bronx, NY 10461, United States",Bronx,New York,40.8485942,-73.8496793,gmaps_apify,new,2026-08-04T15:10:06.078+00:00
gmap:ChIJkbt52EJfwokRIOqdPOPF4sY,The Sparky NYC Electrician,electrician,(332) 250-4525,,https://www.thesparkynyc.com/,,"28-19 33rd St, Long Island City, NY 11102",Long Island City,New York,40.7670213,-73.9187311,gmaps_apify,new,2026-08-04T15:10:06.078+00:00
gmap:ChIJ98n_1Jr1wokRrYWqCqiJ1x4,DNR Electrical Contracting INC,electrician,(631) 458-7624,,https://www.dnrelectricinc.co/,,"2323 Haviland Ave, Bronx, NY 10462",Bronx,New York,40.8312381,-73.8466388,gmaps_apify,new,2026-08-04T15:10:06.078+00:00
gmap:ChIJzcbu5C5gwokRk2m9gc3oOe0,YORK ELECTRICAL CONTRACTORS,electrician,(718) 353-7227,,https://yorkelectrical.com/,,"162-10 Crocheron Ave, Flushing, NY 11358",Flushing,New York,40.762119,-73.803402,gmaps_apify,new,2026-08-04T15:10:06.078+00:00
gmap:ChIJt3yfwLf1wokRpMFGSd3toLE,MAS Electric & Technologies LLC,electrician,(718) 928-3008,,https://maselectrictech.com/,,"1231 Lafayette Ave l2, Bronx, NY 10474, United States",Bronx,New York,40.8165977,-73.8906876,gmaps_apify,new,2026-08-04T15:10:06.078+00:00
gmap:ChIJ6_oQLtBgwokRnC65xITc1ew,Westrise Electric LLC,electrician,(347) 277-8369,,http://westriseelectric.com/,,"21-79A 24th St, Astoria, NY 11105",Astoria,New York,40.7794142,-73.9145894,gmaps_apify,new,2026-08-04T15:10:06.078+00:00
gmap:ChIJHeEedeb1wokRrETaFidxxMA,Modern Generation Electric INC.,electrician,(845) 428-3896,,https://www.moderngenerationelectric.info/,,"1062 Rhinelander Ave Suite 2R, Bronx, NY 10461",Bronx,New York,40.8508031,-73.8555238,gmaps_apify,new,2026-08-04T15:10:06.078+00:00
gmap:ChIJM-tFy6f1wokRYMa76O13sCc,Cogen Electrical Services Inc,electrician,(718) 991-4888,,https://cogenelectrical.com/homepage-cogen-electrical/,,"175 City Island Ave, Bronx, NY 10464, United States",Bronx,New York,40.8429149,-73.7852463,gmaps_apify,new,2026-08-04T15:10:06.078+00:00
gmap:ChIJ1e0WIWmLwokRpsfknLLL9Y4,Navarro electrical contractors,electrician,(917) 673-5799,,,,"office only, 2959 Schley Ave, Bronx, NY 10465",Bronx,New York,40.8250868,-73.8191271,gmaps_apify,new,2026-08-04T15:10:06.078+00:00
gmap:ChIJgZU38OtZwokR3WqRCn0B54M,Astra Electric NYC,electrician,(347) 409-0689,,https://astraelectric.com/queens-ny-county/electrician-long-island-city/,,"36-28 9th St, Long Island City, NY 11106, United States",Long Island City,New York,40.7609489,-73.942331,gmaps_apify,new,2026-08-04T15:10:06.078+00:00
gmap:ChIJeYIJ5YaKwokRLUXwqK3TnCY,John J Pastore Electrical Contractor,electrician,(718) 746-1161,,,,"23-02 Francis Lewis Blvd, Flushing, NY 11357, United States",Flushing,New York,40.776605,-73.800194,gmaps_apify,new,2026-08-04T15:10:06.078+00:00
gmap:ChIJi1zWlNNYwokRSURv7t9U2NM,Tower Electric,electrician,(718) 937-2700,,,,"21-19 40th Ave, Long Island City, NY 11101, United States",Long Island City,New York,40.7550075,-73.940421,gmaps_apify,new,2026-08-04T15:10:06.078+00:00
gmap:ChIJ81RSCwBfwokRbvZnc0jAr_o,Butterfly 24 Hour Electrician,electrician,(347) 230-2085,,http://butterfly24hourelectrician.com/,,"23-01 96th St, East Elmhurst, NY 11369, United States",East Elmhurst,New York,40.7681281,-73.8741127,gmaps_apify,new,2026-08-04T15:10:06.078+00:00
gmap:ChIJRy16iRP1wokRSb0pu0LaCZ8,Network One Electrical Contracting Corp,electrician,(718) 792-4733,,https://networkoneelectrical.com/,,"2526A Butler Pl, Bronx, NY 10461",Bronx,New York,40.8381956,-73.8423641,gmaps_apify,new,2026-08-04T15:10:06.078+00:00
gmap:ChIJGTf2yMf0wokR6ICVItU_42Q,Castle Hill Electrical Supply,electrician,(718) 822-6400,,http://www.castlehillelectrical.com/,,"2070 Westchester Ave, Bronx, NY 10462",Bronx,New York,40.83367,-73.854932,gmaps_apify,new,2026-08-04T15:10:06.078+00:00
gmap:ChIJ746Cy9JYwokRlhRHcoRo9NQ,Bruni Electric Inc,electrician,(718) 729-0700,,http://brunielectricinc.com/,,"37-24 24th St #225, Long Island City, NY 11101, United States",Long Island City,New York,40.7567514,-73.9365511,gmaps_apify,new,2026-08-04T15:10:06.078+00:00
gmap:ChIJvyMBdF1fwokRV00Of6yl5dQ,NYC Queens Electrician,electrician,(347) 901-3444,,http://www.electricacinc.com/,,,Brooklyn,NY,40.7327934,-73.841059,gmaps_apify,new,2026-08-04T15:10:06.078+00:00
gmap:ChIJs4O5avFfwokRlLZcgKq3pBU,The Excellent Electric 24/7,electrician,(347) 896-9293,,,,"38-15 Northern Blvd, Long Island City, NY 11101, United States",Long Island City,New York,40.7525594,-73.9247303,gmaps_apify,new,2026-08-04T15:10:06.078+00:00
gmap:ChIJaZCLTgBfwokRTHCU6LsHZ_g,Astoria Electrician Service,electrician,(929) 220-2240,,http://astoriaelectricianservice.com/,,"32-79 41st St, Long Island City, NY 11103, United States",Long Island City,New York,40.7565975,-73.9195683,gmaps_apify,new,2026-08-04T15:10:06.078+00:00
gmap:ChIJgWKF1eZhwokR9k3OiXEM6W4,R. j. Russo Electric co,electrician,(718) 423-4742,,https://www.rjrussoelectrical.com/,,"45-57 Bell Blvd, Flushing, NY 11361, United States",Flushing,New York,40.7587903,-73.7682635,gmaps_apify,new,2026-08-04T15:10:06.078+00:00
gmap:ChIJzdTBCJxdwokRMn4gHfZpXPY,APN Electrical Corp,electrician,(718) 360-0890,,https://apnelectricalcorp.com/,,"36-33B 22nd St, Long Island City, NY 11106, United States",Long Island City,New York,40.7584432,-73.93658,gmaps_apify,new,2026-08-04T15:10:06.078+00:00
gmap:ChIJv6Bnk8X1wokRyZmrShq-HBQ,Lerco Electric LLC,electrician,(866) 380-4042,,,,"370 E 146th St, Bronx, NY 10455, United States",Bronx,New York,40.814211,-73.919938,gmaps_apify,new,2026-08-04T15:10:06.078+00:00
gmap:ChIJB-nmuaNfwokR4y8j1_d1Cr4,Hemi Licensed Electrician,electrician,(917) 245-3214,,http://hemi-licensed-electrician.com/,,"34-01 30th St, Astoria, NY 11106, United States",Astoria,New York,40.7598567,-73.9280551,gmaps_apify,new,2026-08-04T15:10:06.078+00:00
gmap:ChIJT8kcEHnzwokRQc8ujV7idYA,F & F Electrical Corporation,electrician,(718) 561-8175,,,,"1320 Beach Ave, Bronx, NY 10472",Bronx,New York,40.8327121,-73.8661916,gmaps_apify,new,2026-08-04T15:10:06.078+00:00
gmap:ChIJq2xT4AJfwokRlKylBN7qs4s,Daily Electric Astoria,electrician,(929) 583-5465,,,,"32-44 34th St, Astoria, NY 11106, United States",Astoria,New York,40.759864,-73.9241354,gmaps_apify,new,2026-08-04T15:10:06.078+00:00
gmap:ChIJa-piSHSNwokRBykDBlB2hcE,KEE Electric,electrician,(718) 885-1200,,https://keeelectricny.wixsite.com/mysite,,"107 Caroll St, Bronx, NY 10464",Bronx,New York,40.8460187,-73.7864645,gmaps_apify,new,2026-08-04T15:10:06.078+00:00
gmap:ChIJb9-4gWv2wokRGrGvpwc82l0,"Leader Electric Co., Inc.",electrician,(212) 665-0600,,http://www.leaderelectric.com/,,"857 Southern Blvd, Bronx, NY 10459",Bronx,New York,40.818108,-73.8949471,gmaps_apify,new,2026-08-04T15:10:06.078+00:00
gmap:ChIJSWFI_pSKwokRfLk8lbvYntQ,Stellmann Electrical Corp,electrician,(718) 767-9600,,http://stellmannelectrical.com/,,"149-17 Cross Island Pkwy, Whitestone, NY 11357, United States",Whitestone,New York,40.7881294,-73.8153373,gmaps_apify,new,2026-08-04T15:10:06.078+00:00
gmap:ChIJCZKYPEyLwokRPlUsaeExvrs,"Dola Electrical Co., Inc.",electrician,(718) 829-8847,,https://www.dolaelectrical.com/,,"3044B E Tremont Ave, Bronx, NY 10461",Bronx,New York,40.839309,-73.836967,gmaps_apify,new,2026-08-04T15:10:06.078+00:00
gmap:ChIJX_ChJGyFwokRzaG0QB5fT6U,"Crossland Management & Electric, Inc.",electrician,(718) 740-0939,,https://www.crosslandinc.com/,,"23-86 Brooklyn Queens Expy W, Astoria, NY 11103",Astoria,New York,40.7657684,-73.90391,gmaps_apify,new,2026-08-04T15:10:06.078+00:00
gmap:ChIJNWKC_ABfwokRmvHxkLuLkI0,Ideal Electric Pros Inc,electrician,(347) 896-9289,,,,"25-78 Steinway St, Astoria, NY 11103, United States",Astoria,New York,40.7661738,-73.9134551,gmaps_apify,new,2026-08-04T15:10:06.078+00:00
gmap:ChIJCdCU7670wokRxuqvTERf0Gs,Lano Electric Co Inc,electrician,(718) 652-5434,,http://lanoelectric.com/,,"1633 Williamsbridge Rd, Bronx, NY 10461",Bronx,New York,40.84785,-73.849915,gmaps_apify,new,2026-08-04T15:10:06.078+00:00
gmap:ChIJzbsTa-X1wokRb3WIMmg3PWM,Polito Auto Electrician,electrician,(718) 991-7044,,,,"631 Tiffany St, Bronx, NY 10474, United States",Bronx,New York,40.8127842,-73.8911088,gmaps_apify,new,2026-08-04T15:10:06.078+00:00
gmap:ChIJg7LiHgCLwokRs7rkB04Cf3E,Fragment Electrician Service,electrician,(917) 397-1278,,http://fragmentelectricianservice.com/,,"151-67 23rd Ave, Flushing, NY 11357, United States",Flushing,New York,40.7777262,-73.8098265,gmaps_apify,new,2026-08-04T15:10:06.078+00:00
gmap:ChIJfSpH0-lhwokRej9_ih-yHDU,Ocean & River Clean Inc.,junk removal,(917) 216-5588,,,,"31-28 137th St, Flushing, NY 11354",Flushing,New York,40.768742,-73.831504,gmaps_apify,new,2026-08-04T15:09:59.131+00:00
gmap:ChIJ-4JeiTVfwokRa25SFASmWd4,Ez Junk Removal,junk removal,(347) 884-2173,,,,"38-34 31st St, Astoria, NY 11101",Astoria,New York,40.7530133,-73.9329254,gmaps_apify,new,2026-08-04T15:09:59.131+00:00
gmap:ChIJryft6tv3wokRlzvUo9xwAQw,Donaldo's Demolition & Junk Removal,junk removal,(212) 739-9210,,,,"145 Audubon Ave #3c, New York, NY 10032",New York,New York,40.8430361,-73.9362104,gmaps_apify,new,2026-08-04T15:09:59.131+00:00
gmap:ChIJsX1sYVlZwokR7nhu0535soM,Empire State Junk Removal,junk removal,(929) 788-5837,,,,"318 E 104th St, New York, NY 10029",New York,New York,40.7888732,-73.9427386,gmaps_apify,new,2026-08-04T15:09:59.131+00:00
gmap:ChIJQeSQDE1hwokRCfiC7i1bgK4,Dumpster Rental Queens Pros,junk removal,(718) 400-6067,,https://dumpsterrentalqueensny.net/,,"153-03 33rd Ave, Flushing, NY 11354",Flushing,New York,40.7688183,-73.8111887,gmaps_apify,new,2026-08-04T15:09:59.131+00:00
gmap:ChIJHzn5x9z1wokROvffG25sSxY,Expre$$ junk car removal,junk removal,(718) 594-3709,,,,"1380 E Bay Ave., Bronx, NY 10474",Bronx,New York,40.809047,-73.880957,gmaps_apify,new,2026-08-04T15:09:59.131+00:00
gmap:ChIJhV3ZTJb0wokR1p21oxGlPJM,Legacy Carting Corporation and Dumpster,junk removal,(718) 829-7763,,http://www.legacycarting.com/,,"1736 Victor St, Bronx, NY 10462",Bronx,New York,40.8447419,-73.8666469,gmaps_apify,new,2026-08-04T15:09:59.131+00:00
gmap:ChIJc2SL46yMXgIRAXLAErSUMLw,Daze’s muti services,junk removal,(347) 879-5796,,,,"1039 Simpson St, Bronx, NY 10459",Bronx,New York,40.8243248,-73.8932226,gmaps_apify,new,2026-08-04T15:09:59.131+00:00
gmap:ChIJQVyFumT0wokR__CGhla-rUg,Moronta Waste Removal,junk removal,(718) 532-6926,,,,"2058 Washington Ave, Bronx, NY 10457",Bronx,New York,40.8506096,-73.8957833,gmaps_apify,new,2026-08-04T15:09:59.131+00:00
gmap:ChIJzyk2t7VfwokRKwzDXQBWWQE,Flat Rate Junk Removal,junk removal,(363) 999-0065,,,,"24-29 35th St, Long Island City, NY 11103",Long Island City,New York,40.7701883,-73.9140988,gmaps_apify,new,2026-08-04T15:09:59.131+00:00
gmap:ChIJEwqUoqj3wokRH-rUDEfTD_A,Superior Junkers Hauling & Junk Removal,junk removal,(917) 682-2327,,,,"506 Seminary Row, New York, NY 10027",New York,New York,40.8107504,-73.9591293,gmaps_apify,new,2026-08-04T15:09:59.131+00:00
gmap:ChIJWWd98Qj1wokRsXOkDNacu1w,Bronx Junk Car Depot,junk removal,(718) 620-1981,,http://www.bronxjunkcardepot.com/,,"1287 E Bay Ave., Bronx, NY 10474",Bronx,New York,40.8088362,-73.8853304,gmaps_apify,new,2026-08-04T15:09:59.131+00:00
gmap:ChIJ1wt-Vyy2r6gRx5tofds_vzs,Ant's Junk Removal,junk removal,(347) 775-6146,,https://antsjunkremoval.com/,,"89-08 Northern Blvd, Jackson Heights, NY 11372",Jackson Heights,New York,40.7560826,-73.8784607,gmaps_apify,new,2026-08-04T15:09:59.131+00:00
gmap:ChIJE3pRndVhwokRnxM3OaruhFQ,JC JUNK REMOVAL SERVICE,junk removal,(631) 565-5546,,http://jcjunk.com/,,"136-11 35th Ave, Flushing, NY 11354",Flushing,New York,40.765064,-73.830279,gmaps_apify,new,2026-08-04T15:09:59.131+00:00
gmap:ChIJF4Ex-sz1wokRLPFNgXHk7NA,Bronx's Best Junk Removal,junk removal,(845) 643-2634,,http://www.bronxjunkremoval.net/,,"1060 Beach Ave Apt 6F, Bronx, NY 10472",Bronx,New York,40.8271089,-73.8650637,gmaps_apify,new,2026-08-04T15:09:59.131+00:00
gmap:ChIJVzhQmk_1wokRYWes0ZyCzoU,Flat Rate Junk Removal,junk removal,(929) 201-2146,,,,"1401 Webster Ave #4, Bronx, NY 10456",Bronx,New York,40.8364178,-73.9076447,gmaps_apify,new,2026-08-04T15:09:59.131+00:00
gmap:ChIJX6eCAUT3wokRPz9bjcGVdkM,Tonytrainer1,junk removal,(646) 250-6570,,https://tsfixandfit.net/,,"54 W 119th St, New York, NY 10026",New York,New York,40.8032107,-73.9469997,gmaps_apify,new,2026-08-04T15:09:59.131+00:00
gmap:ChIJHzyaY2P2wokR_WnTyY5jIso,CTK Junk Removal,junk removal,(212) 799-1471,,https://ctk-junkremoval.com/,,"1850 Amsterdam Ave, New York, NY 10031",New York,New York,40.8295407,-73.9448306,gmaps_apify,new,2026-08-04T15:09:59.131+00:00
gmap:ChIJwTtH-Cn1wokR6QthwmuFiMY,Flat Rate Junk Removal,junk removal,(929) 788-5843,,https://flatrate-junkremoval.com/junk-removal-service-bronx-ny/,,"749 E 135th St, Bronx, NY 10454",Bronx,New York,40.8025414,-73.9127889,gmaps_apify,new,2026-08-04T15:09:59.131+00:00
gmap:ChIJ3fy2Ayj2wokRIWeHn4Xao9s,The Junkluggers of New York City,junk removal,(646) 814-0687,,https://www.junkluggers.com/new-york-city/?utm_source=gbp&utm_medium=organic&utm_campaign=JL0005_-632478-,,,Brooklyn,NY,40.6974881,-74.0035749,gmaps_apify,new,2026-08-04T15:09:59.131+00:00
gmap:ChIJtbo4yxvf4Y0Ro5QOiA-Ycb8,NYC Priority Junk Removal,junk removal,(929) 527-1080,,https://www.nycpriorityjunkremoval.com/,,,Brooklyn,NY,40.6971415,-73.979506,gmaps_apify,new,2026-08-04T15:09:59.131+00:00
gmap:ChIJi4TPag_1wokRkwXbl6j4xXQ,Bridgestone moving and hauling,junk removal,(646) 418-8800,,,,"797 E 142nd St ste.32, Bronx, NY 10454",Bronx,New York,40.8074128,-73.9084073,gmaps_apify,new,2026-08-04T15:09:59.131+00:00
gmap:ChIJB_mUwqCKwokRSodeiuWQGv0,Junk Cleaning Pros,junk removal,(917) 977-0505,,https://junkcleaningpros.com/,,"144-53 28th Ave 2 Floor, Flushing, NY 11354",Flushing,New York,40.7732811,-73.8226333,gmaps_apify,new,2026-08-04T15:09:59.131+00:00
gmap:ChIJ_yBJusH0wokRp_s2FNbFsF8,Remove All My Junk,junk removal,(917) 557-0725,,https://www.nomorejunk.site/,,,Brooklyn,NY,40.6971415,-73.979506,gmaps_apify,new,2026-08-04T15:09:59.131+00:00
gmap:ChIJCbh4NUD3wokR-SzBjuWR0no,Junk All Mighty | Junk Removal NYC,junk removal,(718) 662-0328,,https://www.junkalmighty.com/,,"204 W 120th St, New York, NY 10027",New York,New York,40.8059011,-73.9513891,gmaps_apify,new,2026-08-04T15:09:59.131+00:00
gmap:ChIJIyvGXD2LwokRX9FLXx1nrUk,Empire State Junk Removal,junk removal,(929) 201-2160,,,,"3030 Middletown Rd, Bronx, NY 10461",Bronx,New York,40.8439766,-73.8291496,gmaps_apify,new,2026-08-04T15:09:59.131+00:00
gmap:ChIJY-HgsC6TuQwRvRfaruZOB7g,Gotham Junk Removal,junk removal,(845) 709-9324,,https://www.gothamjunkremoval.com/,,"2 Plaza Pl, Bronx, NY 10465",Bronx,New York,40.8135883,-73.8086155,gmaps_apify,new,2026-08-04T15:09:59.131+00:00
gmap:ChIJMZJLmq9ZwokRLz7whveTBVA,1-800-GOT-JUNK? Manhattan,junk removal,(332) 455-7778,,https://www.1800gotjunk.com/us_en/locations/junk-removal-new-york/us01030?utm_source=googleplus&utm_medium=maps&utm_campaign=manhatten,,,Brooklyn,NY,40.8527697,-73.8512388,gmaps_apify,new,2026-08-04T15:09:59.131+00:00
gmap:ChIJpYQdTzb1wokRjcRqmzv-uuE,Knickerbocker Junk Removal,junk removal,(347) 261-4564,,,,"438 Bolton Ave, Bronx, NY 10473",Bronx,New York,40.8145192,-73.8572768,gmaps_apify,new,2026-08-04T15:09:59.131+00:00
gmap:ChIJ57Rc6ilfwokRX6tw1VzllQM,Jose Dumpster Service,junk removal,(929) 254-4432,,https://usabizory.top/details/jose-dumpster-service-ChIJ57R,,"34-12 38th St, Astoria, NY 11101",Astoria,New York,40.7567751,-73.9222273,gmaps_apify,new,2026-08-04T15:09:59.131+00:00
gmap:ChIJDQ9Hgj6LwokRDK7z-mtDj7Q,Cleanout Express,junk removal,(718) 658-0979,,https://cleanoutexpress.com/,,"3750 E Tremont Ave, Bronx, NY 10465",Bronx,New York,40.825968,-73.821789,gmaps_apify,new,2026-08-04T15:09:59.131+00:00
gmap:ChIJIYctVuL1wokRU91g49Zvi2E,Sans Junk Removal NYC,junk removal,(347) 991-3913,,,,"64 W 165th St, Bronx, NY 10452",Bronx,New York,40.8336162,-73.9264985,gmaps_apify,new,2026-08-04T15:09:59.131+00:00
gmap:ChIJye9ECxv1wokRUHKmsl61p-w,CONVENIENT JUNK REMOVAL,junk removal,(347) 455-3331,,https://localjunkers.com/listing/convenient-junk-removal/,,"545 E 146th St, Bronx, NY 10455",Bronx,New York,40.81269,-73.9147175,gmaps_apify,new,2026-08-04T15:09:59.13+00:00
gmap:ChIJATvzFbNfwokR15s-48iMnlc,Spotless Office Cleaning Service,housekeeper,(917) 861-0127,,,,"32-33 37th St, Astoria, NY 11103",Astoria,New York,40.7587056,-73.921146,gmaps_apify,new,2026-08-04T15:09:58.749+00:00
gmap:ChIJsxHLghpgwokRrzbxU_6SclY,AGENCIA OK EMPLOYMENT AGENCY 오케이 직업 소개소,housekeeper,(718) 321-7974,,,,"36-38 Union St #3f, Flushing, NY 11354",Flushing,New York,40.7626939,-73.8278582,gmaps_apify,new,2026-08-04T15:09:58.749+00:00
gmap:ChIJfeqVwcGKc0ARDDZPkBlpMCE,Perfect Home Cleaning,housekeeper,(516) 385-0721,,http://perfecthomeclean.com/,,,Brooklyn,NY,40.6507535,-73.8711404,gmaps_apify,new,2026-08-04T15:09:58.749+00:00
gmap:ChIJhbSi0k9g1icROERfzGpKm4c,Clean It Right NYC LLC.,housekeeper,(718) 600-4154,,,,"32-49 84th St, East Elmhurst, NY 11370",East Elmhurst,New York,40.7564335,-73.8834031,gmaps_apify,new,2026-08-04T15:09:58.749+00:00
gmap:ChIJzc9ro2X0wokRRr7NSZaRwGE,BlueStone Cleaning Services,housekeeper,(201) 912-1965,,https://bluestonecleaningservicescorp.com/contact-,,"6510 Park Ave, Bronx, NJ 07093",Bronx,New Jersey,40.8487088,-73.898948,gmaps_apify,new,2026-08-04T15:09:58.749+00:00
gmap:ChIJm-SKvMxhwokRDz3A8w2kMFk,Merry Maids of Queens,housekeeper,(718) 407-0813,,https://merrymaids.com/home-cleaners-flushing-ny?utm_source=google&utm_medium=organic&utm_campaign=gmb,,,Brooklyn,NY,40.6507535,-73.8711404,gmaps_apify,new,2026-08-04T15:09:58.749+00:00
gmap:ChIJX57uOghiwokR2_jadS6cOUk,Tidy Teammates,housekeeper,(917) 935-2833,,http://tidyteammates.com/,,,Brooklyn,NY,40.7377599,-73.732777,gmaps_apify,new,2026-08-04T15:09:58.749+00:00
gmap:ChIJE4NgT3j9sUARo8WGYdffAjk,Scrubbed Spotless Cleaning,housekeeper,(914) 236-8625,,https://scrubbedspotlesscleanings.com/,,,Brooklyn,NY,40.7657829,-73.9265476,gmaps_apify,new,2026-08-04T15:09:58.749+00:00
gmap:ChIJZ8nJylD1wokRjDVYszqKtTE,Leave it to us Inc,housekeeper,(718) 844-3112,,http://www.leaveittousincnyc.com/,,"1038 Anderson Ave #2D, Bronx, NY 10452",Bronx,New York,40.8332284,-73.9263242,gmaps_apify,new,2026-08-04T15:09:58.749+00:00
gmap:ChIJVVWh86RYwokR8lDowxblIYs,"Abigail Madison Nanny And Household Staffing, Inc.",housekeeper,(914) 262-8590,,http://amstaffing.biz/,,"175 E 91st St, New York, NY 10128",New York,New York,40.7823918,-73.9519531,gmaps_apify,new,2026-08-04T15:09:58.749+00:00
gmap:ChIJCb31APv4C2YRKJArkIcfyTc,Housekeeper cleaning,housekeeper,(347) 499-2693,,,,,Brooklyn,NY,40.6971415,-73.979506,gmaps_apify,new,2026-08-04T15:09:58.749+00:00
gmap:ChIJ9foshOJfwokRvW7ZIpXLmgo,Swipe N Clean Maids of Queens,housekeeper,(646) 907-9520,,https://swipenclean.com/,,,Brooklyn,NY,40.6507535,-73.8711404,gmaps_apify,new,2026-08-04T15:09:58.749+00:00
gmap:ChIJAeZWdZwxMAERFOeJtvZnqR8,Seven Stars Luxury Cleaning,housekeeper,(862) 352-8807,,https://sevenstarsluxurycleaning.com/,,,Brooklyn,NY,40.76873,-73.9746824,gmaps_apify,new,2026-08-04T15:09:58.749+00:00
gmap:ChIJ-XLgPeRGTgkRDmZE6kGbwpo,BG011 Cleaning Services,housekeeper,(347) 405-1083,,https://www.bg011cleaningservices.com/,,,Brooklyn,NY,40.7813047,-73.9747275,gmaps_apify,new,2026-08-04T15:09:58.749+00:00
gmap:ChIJH9FjFdtYwokR-7PZhQaDSbs,Prestige Garment Care & Housekeeping,housekeeper,(718) 408-9357,,http://www.nycprestige.com/,,"455 Main St, New York, NY 10044",New York,New York,40.7591359,-73.9524416,gmaps_apify,new,2026-08-04T15:09:58.749+00:00
gmap:ChIJr07KjN-7r4IR4HBahIHqpH0,HomeMaid Team,housekeeper,(718) 400-6968,,http://homemaidteam.com/,,"1007 Woodycrest Ave Ste 3, Bronx, NY 10452",Bronx,New York,40.8329715,-73.9280363,gmaps_apify,new,2026-08-04T15:09:58.749+00:00
gmap:ChIJPXDYDtVioqUREjWlvAJ-_go,MONARCA COMMERCIAL CLEANING SERVICES INC.,housekeeper,(646) 299-3492,,https://monarcacomercialcleaning.com/?utm_source=google&utm_medium=organic&utm_campaign=google_business_profile,,"320 W 120th St, New York, NY 10027",New York,New York,40.8072122,-73.9547209,gmaps_apify,new,2026-08-04T15:09:58.749+00:00
gmap:ChIJP2ytO9phRagROM7u-dV-FH0,Aforo Global Business,housekeeper,(646) 545-0698,,,,"240 Mt Hope Pl, Bronx, NY 10457",Bronx,New York,40.8479348,-73.9047218,gmaps_apify,new,2026-08-04T15:09:58.749+00:00
gmap:ChIJlwsF0GL0wokRnkH1TK4HOyI,Orchid House Cleaning,housekeeper,(347) 260-4723,,https://orchidhousecleaning.com/all-services/,,,Brooklyn,NY,40.6860039,-73.9086129,gmaps_apify,new,2026-08-04T15:09:58.749+00:00
gmap:ChIJa3QK5TD1wokR3qGgMiEw-10,5ive Borough Business,housekeeper,(917) 231-7296,,,,"1335 College Ave, Bronx, NY 10456",Bronx,New York,40.836367,-73.9115535,gmaps_apify,new,2026-08-04T15:09:58.748+00:00
gmap:ChIJJbhFrLT0wokRnzSDMZCEEBM,Commercial Janitorial Services - Hollywood Building Services,housekeeper,(718) 792-4735,,https://hollywoodbuildingservices.com/,,"2526A Butler Pl, Bronx, NY 10461",Bronx,New York,40.8381956,-73.8423641,gmaps_apify,new,2026-08-04T15:09:58.748+00:00
gmap:ChIJoSbwTMbp_S4RSFRc6S4SJYw,Housekeeping NYC,housekeeper,(929) 633-4441,,http://housekeepingnyc.com/,,"105-35 63rd Ave, Forest Hills, NY 11375",Forest Hills,New York,40.7348657,-73.8518022,gmaps_apify,new,2026-08-04T15:09:58.748+00:00
gmap:ChIJ5Q9Q_nE5uYkRXVOewzBB0Fo,CC Deep Cleaning - Commercial Janitorial Service,housekeeper,(646) 737-6766,,https://ccdeepcleaner.com/,,"2115 Burr Ave, Bronx, NY 10461",Bronx,New York,40.8551914,-73.8283808,gmaps_apify,new,2026-08-04T15:09:58.748+00:00
gmap:ChIJpxW9oWL0wokRKaUAQRDIAKY,Mother Dear Maids,housekeeper,(347) 408-7939,,http://instagram.com/@motherdearmaids,,"2120 Belmont Ave, Bronx, NY 10457",Bronx,New York,40.8491938,-73.889209,gmaps_apify,new,2026-08-04T15:09:58.748+00:00
gmap:ChIJRxf5STdfwokRiLQy3BtAtl0,Modern Barber Shop,barber,(646) 354-1954,,,,"30-14 Broadway, Long Island City, NY 11106",Long Island City,New York,40.7620025,-73.9257591,gmaps_apify,new,2026-08-04T15:09:53.158+00:00
gmap:ChIJmblby-n1wokReQMQn1gV-SY,Geo Barber Shop & Beauty Salon,barber,(347) 269-5701,,,,"1391 Nelson Ave, Bronx, NY 10452",Bronx,New York,40.8418097,-73.9227832,gmaps_apify,new,2026-08-04T15:09:53.158+00:00
gmap:ChIJ7T6kMwJmwokRMkDUZIlF23E,E & J Barber Shop And Hair Salon,barber,(347) 623-1264,,https://zincx.top/business/e-j-barber-shop-and-hair-salon-UZIlF23E,,"13-32 Beach Channel Dr, Far Rockaway, NY 11691",Far Rockaway,New York,40.6060298,-73.7545659,gmaps_apify,new,2026-08-04T15:09:53.158+00:00
gmap:ChIJKyH7YRX0wokRFIK6XaWdGE8,Mike's Barber Shop,barber,(718) 716-3838,,,,"11 E Mt Eden Ave, Bronx, NY 10452",Bronx,New York,40.8442748,-73.9143486,gmaps_apify,new,2026-08-04T15:09:53.158+00:00
gmap:ChIJne74MGD1wokRiOUS2Ea3JXg,Angels Barber Shop,barber,(347) 612-6413,,,,"1703 Boston Rd, Bronx, NY 10460",Bronx,New York,40.8368482,-73.888964,gmaps_apify,new,2026-08-04T15:09:53.158+00:00
gmap:ChIJYcuMZSD0wokRcuovzBC8qZo,Aneudis Barber Shop,barber,(401) 442-0729,,http://aneudisbarbershonyc.booksy.com/a/,,"4126 Broadway, New York, NY 10033",New York,New York,40.8457465,-73.9383472,gmaps_apify,new,2026-08-04T15:09:53.158+00:00
gmap:ChIJ84iSCeppwokRtrV4jke_PXk,THE EAST CUTS 2.0,barber,(718) 912-5118,,,,"64-08 Beach Channel Dr, Arverne, NY 11692",Arverne,New York,40.5932244,-73.7936567,gmaps_apify,new,2026-08-04T15:09:53.158+00:00
gmap:ChIJrXyJvppnwokRXUf-4V26Q3k,Calel Barber Shop & Beuty Salon,barber,(516) 737-3720,,https://bookedin.com/book/calel-barber-shop,,"14-28 Central Ave, Far Rockaway, NY 11691",Far Rockaway,New York,40.6061708,-73.7511663,gmaps_apify,new,2026-08-04T15:09:53.158+00:00
gmap:ChIJq20GJgCLwokRi9Fhl1tJftc,Dominicana Barbershop,barber,(347) 293-6516,,,,"4030 E Tremont Ave, Bronx, NY 10465",Bronx,New York,40.8194072,-73.8176376,gmaps_apify,new,2026-08-04T15:09:53.158+00:00
gmap:ChIJdw-01sf1wokRxaF0dd54JT8,Sanchez Barber Shop,barber,(718) 993-5675,,,,"511 E 148th St, Bronx, NY 10455",Bronx,New York,40.8142766,-73.9149619,gmaps_apify,new,2026-08-04T15:09:53.158+00:00
gmap:ChIJX7WvXTf0wokRD3HMUMSZSN4,Theres Hope Barber Shop,barber,(718) 681-2256,,,,"196 E 167th St, Bronx, NY 10456",Bronx,New York,40.8343712,-73.9167005,gmaps_apify,new,2026-08-04T15:09:53.158+00:00
gmap:ChIJMbK3Qy30wokR6MS6NMOdDsw,Boss Barber Shop,barber,(347) 297-2671,,,,"846 Gerard Ave, Bronx, NY 10451",Bronx,New York,40.8268029,-73.9252329,gmaps_apify,new,2026-08-04T15:09:53.158+00:00
gmap:ChIJCyez0zz0wokRij2XQHQigI0,Topany Barbershop,barber,(347) 701-8740,,,,"1396 Ogden Ave, Bronx, NY 10452",Bronx,New York,40.8424709,-73.9238943,gmaps_apify,new,2026-08-04T15:09:53.158+00:00
gmap:ChIJISfASSP0wokR4ApTEZvqzGY,Pujols Barber Shop,barber,(917) 471-8811,,,,"1367 Ogden Ave, Bronx, NY 10452",Bronx,New York,40.8418084,-73.9247819,gmaps_apify,new,2026-08-04T15:09:53.158+00:00
gmap:ChIJ4ZwYe4v0wokRK35gF3KuZmc,Ariel's Barber Shop,barber,(347) 605-8521,,,,"926A E Tremont Ave, Bronx, NY 10460",Bronx,New York,40.8415711,-73.8835929,gmaps_apify,new,2026-08-04T15:09:53.158+00:00
gmap:ChIJQ6Ddqo1pwokRh-Cn5VXDwdU,Frenchy Cutz,barber,(917) 566-1047,,https://linktr.ee/frenchycutz,,"91-08A Rockaway Beach Blvd, Queens, NY 11693",Queens,New York,40.5867661,-73.8150948,gmaps_apify,new,2026-08-04T15:09:53.158+00:00
gmap:ChIJdSaqM6VYwokRxPrNevaKjIY,The House of Artisan Barber,barber,(833) 750-2760,,https://www.artisanbarber.com/,,"331 E 81st St, New York, NY 10028",New York,New York,40.7743766,-73.9529045,gmaps_apify,new,2026-08-04T15:09:53.158+00:00
gmap:ChIJnYtc3QFmwokRJM-4jCoZ780,Platinum Plus Unisex Hair Care,barber,(718) 327-8092,,,,"19-16 Mott Ave, Far Rockaway, NY 11691",Far Rockaway,New York,40.6039726,-73.752182,gmaps_apify,new,2026-08-04T15:09:53.158+00:00
gmap:ChIJMxj9pWhfwokRKlbsOVo17dg,Eddie's Barber Shop,barber,(718) 728-9757,,,,"37-08 Ditmars Blvd, Astoria, NY 11105",Astoria,New York,40.7736122,-73.9073763,gmaps_apify,new,2026-08-04T15:09:53.158+00:00
gmap:ChIJp9B_Ccr1wokR0lvPrNAu0o0,Imgembert Barber Shop Unisex,barber,(347) 995-1533,,,,"487 E 156th St, Bronx, NY 10455",Bronx,New York,40.8201332,-73.9126856,gmaps_apify,new,2026-08-04T15:09:53.158+00:00
gmap:ChIJjbmQm671wokRVTeOYjsD5xQ,Longwood Barber Shop,barber,(718) 328-9217,,,,"1016 Longwood Ave, Bronx, NY 10459",Bronx,New York,40.8165059,-73.8968069,gmaps_apify,new,2026-08-04T15:09:53.158+00:00
gmap:ChIJ66J1Jvv0wokRDKYhzPDbM_g,THE COMPADRES BARBER FLOW SALON UNISEX,barber,(347) 400-0015,,,,"1533 Watson Ave, Bronx, NY 10472",Bronx,New York,40.8262428,-73.8780296,gmaps_apify,new,2026-08-04T15:09:53.158+00:00
gmap:ChIJNwqbvAFmwokR93HWeD5ihPk,Pep's Barber Shop Unisex,barber,(718) 337-1157,,,,"1601Central Ave, Far Rockaway, NY 11691",Far Rockaway,New York,40.6051002,-73.7518032,gmaps_apify,new,2026-08-04T15:09:53.158+00:00
gmap:ChIJG5GVZ-BnwokRBXWHrS5Ab1U,Mr.G $tyle$,barber,(347) 924-4129,,http://mrgstyles.as.me/,,"Far Rockaway, NY 11691",Far Rockaway,New York,40.6048978,-73.7544856,gmaps_apify,new,2026-08-04T15:09:53.158+00:00
gmap:ChIJTXvIT2_0wokRzmzyxdT-gPM,High Quality's Barber Shop,barber,(347) 990-7997,,http://highqualitysbarbershop24.booksy.com/,,"1364 Edward L Grant Hwy, Bronx, NY 10452",Bronx,New York,40.8410799,-73.9216077,gmaps_apify,new,2026-08-04T15:09:53.158+00:00
gmap:ChIJvzvLzcP1wokREOA2HM7Cap8,Fresh Cut Barber Shop,barber,(347) 938-0065,,,,"235 Brook Avenue #1, 235 Brook Ave #1, Bronx, NY 10454",Bronx,NY,40.807903,-73.9192025,gmaps_apify,new,2026-08-04T15:09:53.158+00:00
gmap:ChIJ5R4nzb1nwokR132v3UmaLSk,Ortiz Luxury Barbershop & Beauty Salon,barber,(347) 230-4310,,,,"16-11 Central Ave, Far Rockaway, NY 11691",Far Rockaway,New York,40.6049379,-73.7520951,gmaps_apify,new,2026-08-04T15:09:53.158+00:00
gmap:ChIJA2V3GBf1wokR915GMSnmDQw,Professional Cuts Barber Shop,barber,(347) 272-4038,,,,"1912 Cross Bronx Expy, Bronx, NY 10472",Bronx,New York,40.8326287,-73.8597969,gmaps_apify,new,2026-08-04T15:09:53.158+00:00
gmap:ChIJHZFcialowokRnSCrCcJdQiI,Faded Out Cutz,barber,(718) 327-6700,,,,"20-11 Cornaga Ave, Far Rockaway, NY 11691",Far Rockaway,New York,40.6021025,-73.7539647,gmaps_apify,new,2026-08-04T15:09:53.158+00:00
gmap:ChIJB98HlKT0wokRN7fHm7H26UA,Morris Park Cuts,barber,(718) 822-4247,,,,"935 Morris Park Ave, Bronx, NY 10462",Bronx,New York,40.8474651,-73.858339,gmaps_apify,new,2026-08-04T15:09:53.158+00:00
gmap:ChIJXfD4mpJpwokRZMrezycLpPc,Images barbershop,barber,(347) 619-5010,,http://tiny.cc/1s9s001,,"10-15 Beach 20th St, Far Rockaway, NY 11691",Far Rockaway,New York,40.6027672,-73.7534225,gmaps_apify,new,2026-08-04T15:09:53.158+00:00
gmap:ChIJt-mLYbpYwokRr0AtJxtgFo8,Manhattan Barber Shop,barber,(646) 665-3842,,https://www.manhattanbarbershopny.com/?utm_campaign=GoogleMyBusiness,,"1666 1st Ave, New York, NY 10028",New York,New York,40.7773927,-73.9487614,gmaps_apify,new,2026-08-04T15:09:53.158+00:00
gmap:ChIJn2og5QFmwokR069fHrZOV6s,Alize Barshop & Unisex,barber,(347) 246-7440,,,,"19-28 Mott Ave, Far Rockaway, NY 11691",Far Rockaway,New York,40.6040989,-73.7524046,gmaps_apify,new,2026-08-04T15:09:53.158+00:00
gmap:ChIJDawNFYP2wokRfdxeaNGP7ug,"D’BLANCO BARBER, UNISEX, NAIL",barber,(646) 884-2357,,,,"1045 St Nicholas Ave, New York, NY 10032",New York,New York,40.8365891,-73.9402645,gmaps_apify,new,2026-08-04T15:09:53.158+00:00
gmap:ChIJuW6RiDz0wokRbQroKW8G4Zw,Jordan Export Barber Shop,barber,(646) 359-5482,,,,"1354 Edward L Grant Hwy, Bronx, NY 10452",Bronx,New York,40.8408363,-73.9215305,gmaps_apify,new,2026-08-04T15:09:53.158+00:00
gmap:ChIJFYyaZPr0wokRqojY-utczQg,La Ideal II Barber Shop,barber,(718) 328-5854,,,,"1491 Westchester Ave, Bronx, NY 10472",Bronx,New York,40.8286905,-73.8806584,gmaps_apify,new,2026-08-04T15:09:53.158+00:00
gmap:ChIJzwDhgAL1wokRXuaoLIcJXi4,Stylo49 barbershop,barber,(347) 717-2146,,https://www.instagram.com/stylo49barbershop.llc?igsh=Ymg1emVueWEydnVp&utm_source=qr,,"1790 E Tremont Ave, Bronx, NY 10460",Bronx,New York,40.8399486,-73.8678193,gmaps_apify,new,2026-08-04T15:09:53.158+00:00
gmap:ChIJlwVg2z2LwokRG1GpYTCww3g,VIP Style Barber Shop,barber,(718) 822-2226,,,,"3801 E Tremont Ave, Bronx, NY 10465",Bronx,New York,40.8250772,-73.8202593,gmaps_apify,new,2026-08-04T15:09:53.157+00:00
gmap:ChIJqSh5HQJmwokRCZBSIFa-xds,Official Cuts Barbershop,barber,(718) 868-0050,,,,"Beach 21st St, Far Rockaway, NY 11691",Far Rockaway,New York,40.6044051,-73.7536953,gmaps_apify,new,2026-08-04T15:09:53.157+00:00
gmap:ChIJRcDpG7r1wokRMNoBaCBDPXA,Willy Wonka Barber Shop,barber,(718) 585-4420,,,,"810 E 149th St, Bronx, NY 10455",Bronx,New York,40.8122816,-73.9061582,gmaps_apify,new,2026-08-04T15:09:53.157+00:00
gmap:ChIJiVTFQFeLwokRQv7mRWfCMU4,We Are the Barbers,barber,(718) 409-6168,,http://we-are-the-barbers.keeq.io/,,"3037 Buhre Ave, Bronx, NY 10461",Bronx,New York,40.847655,-73.831166,gmaps_apify,new,2026-08-04T15:09:53.157+00:00
gmap:ChIJE1ba1b70wokR_h2lqsdRgLY,Beato's Barbershop,barber,(718) 597-9050,,,,"1559 Metropolitan Ave, Bronx, NY 10462",Bronx,New York,40.8398377,-73.8581608,gmaps_apify,new,2026-08-04T15:09:53.157+00:00
gmap:ChIJpWw86mT1wokRBYSG8lDZOtk,Ostreni Barber Shop,barber,(646) 286-1824,,,,"1046 Morris Park Ave, Bronx, NY 10461",Bronx,New York,40.8485461,-73.8546561,gmaps_apify,new,2026-08-04T15:09:53.157+00:00
gmap:ChIJDbXMQLL1wokRShGKv6jOS7M,Marvin Cut-Class Barber Shop,barber,(718) 860-0224,,http://marvin.blismo.com/,,"822 Westchester Ave, Bronx, NY 10455",Bronx,New York,40.818998,-73.9025696,gmaps_apify,new,2026-08-04T15:09:53.157+00:00
gmap:ChIJ51yXMUv0wokRikoGptmJvr4,Friendly's Barber & Spa,barber,(718) 742-2711,,https://www.friendlysbarberandspa.com/,,"3250 3rd Ave, Bronx, NY 10456",Bronx,New York,40.8243197,-73.9081959,gmaps_apify,new,2026-08-04T15:09:53.157+00:00
gmap:ChIJ94DEbMP0wokRasrV0qajrbk,Hustlers Barber Shop,barber,(718) 828-3111,,,,"1075 White Plains Rd, Bronx, NY 10472",Bronx,New York,40.8282069,-73.8607762,gmaps_apify,new,2026-08-04T15:09:53.157+00:00
gmap:ChIJqXx-o5iKwokRMKbSE5cQGJw,Vintage Barber Shop,barber,(718) 321-3121,,http://vintagebarbershopny.com/,,"24-18 149th St, Whitestone, NY 11357",Whitestone,New York,40.7768915,-73.8178087,gmaps_apify,new,2026-08-04T15:09:53.157+00:00
gmap:ChIJ4RXVO3WKwokRJSZEbEiC134,J&J Barber Shop,barber,(718) 224-4114,,https://gatoreasy.click/j-j-barber-shop-msmomc0.html,,"38-33 Bell Blvd, Bayside, NY 11361",Bayside,New York,40.7656841,-73.7718558,gmaps_apify,new,2026-08-04T15:09:53.157+00:00
gmap:ChIJz8mIF8H0wokRd_ewm04a3-E,VIP Barbershop & Spa,barber,(718) 684-3874,,,,"1912 Cross Bronx Expy, Bronx, NY 10472",Bronx,New York,40.8326287,-73.8597969,gmaps_apify,new,2026-08-04T15:09:53.157+00:00
gmap:ChIJUdtG0vWLwokRM8IMemlG6Jw,"Mankind Art of Barbering | Barber Shop Queens, Flushing, Bayside & More",barber,(718) 799-0139,,https://mankindartofbarbering.com/,,"32-53 Francis Lewis Blvd Ste b, Flushing, NY 11358",Flushing,New York,40.7680949,-73.7904169,gmaps_apify,new,2026-08-04T15:09:53.157+00:00
gmap:ChIJPcLnRsdfwokRsuEgwjQbmYo,Gent's Barber Shop,barber,(917) 396-1360,,,,"37-40 103rd St, Corona, NY 11368",Corona,New York,40.7521105,-73.8640267,gmaps_apify,new,2026-08-04T15:09:53.157+00:00
gmap:ChIJ2aW6C7j1wokRKl_2f5lD1oM,Chosen Barber Shop,barber,(718) 450-8308,,https://www.perceny.com/site/chosen-barber-shop,,"2401B Westchester Ave, Bronx, NY 10461",Bronx,New York,40.8371887,-73.8464586,gmaps_apify,new,2026-08-04T15:09:53.157+00:00
gmap:ChIJbxV71W70wokRBBcqOO3ylJM,K&E Barber Shop💈,barber,(646) 533-1640,,http://www.kebarbershop.com/,,"1849 Anthony Ave, Bronx, NY 10457",Bronx,New York,40.8475,-73.9038889,gmaps_apify,new,2026-08-04T15:09:53.157+00:00
gmap:ChIJdzZ_kalowokRtCqvoT8-_D8,Pepe's Barber Shop,barber,(718) 471-0078,,,,"21-05 Cornaga Ave, Far Rockaway, NY 11691",Far Rockaway,New York,40.6021539,-73.7544516,gmaps_apify,new,2026-08-04T15:09:53.157+00:00
gmap:ChIJXVI_9nD0wokR_VeZtYw40S0,Amadas Barber shop,barber,(646) 671-9169,,,,"1812 Vyse Ave, Bronx, NY 10460",Bronx,New York,40.8383076,-73.884811,gmaps_apify,new,2026-08-04T15:09:53.157+00:00
gmap:ChIJVTDn-un0wokRXC1lPQVImxo,The Bearded Barber Bx Barbershop,barber,(347) 780-3279,,,,"1257 Beach Ave, Bronx, NY 10472",Bronx,New York,40.8315425,-73.8664263,gmaps_apify,new,2026-08-04T15:09:53.157+00:00
gmap:ChIJr0tJXJ1EwokRHnaYECrrNWk,"Emily`s Service (babysitting, elderly care, housekeeping)",babysitter,(347) 387-0003,,https://www.facebook.com/Emilys-Services-NYC-107020251206578,,"3071 Avenue U, Brooklyn, NY 11229",Brooklyn,New York,40.6011581,-73.9364635,gmaps_apify,new,2026-08-04T15:09:51.588+00:00
gmap:ChIJL4HoxBr2wokRYxZdNh3YksU,Sunshine Daycare of East Harlem LLC,babysitter,(212) 444-1177,,https://sunshinenewyork.com/,,"1330 5th Ave, New York, NY 10026",New York,New York,40.7980338,-73.9486071,gmaps_apify,new,2026-08-04T15:09:51.588+00:00
gmap:ChIJDerWRqJbwokRQaZvi1zS85I,Gentle Touch Babysitting,babysitter,(347) 692-7744,,,,"936 E 40th St, Brooklyn, NY 11210",Brooklyn,New York,40.6325541,-73.9382554,gmaps_apify,new,2026-08-04T15:09:51.588+00:00
gmap:ChIJP73edh1cwokR-Chzo-pwUII,Brooklyn Manny and Nanny,babysitter,(718) 705-9842,,http://www.brooklynmannyandnanny.com/,,"300 Cadman Plz W 12th floor #348, Brooklyn, NY 11201",Brooklyn,New York,40.6951041,-73.9911169,gmaps_apify,new,2026-08-04T15:09:51.588+00:00
gmap:ChIJ-TQVmfxZwokRO6evfscwowU,Jovie of Manhattan West,babysitter,(212) 951-0460,,https://www.jovie.com/locations/ny/new-york/jovie-of-manhattan-west/,,"15 W 38th St Fl 7, New York, NY 10018",New York,New York,40.751606,-73.9836916,gmaps_apify,new,2026-08-04T15:09:51.588+00:00
gmap:ChIJMWIwLqxZwokRWkyFKVz1CRo,Sensible Sitters Inc.,babysitter,(866) 660-1549,,,,"224 W 35th St #1, New York, NY 10001",New York,New York,40.751906,-73.991309,gmaps_apify,new,2026-08-04T15:09:51.588+00:00
gmap:ChIJ1VT7xJZZwokR_tx7iniJE4A,With Grace Care Specialists,babysitter,(833) 446-0399,,https://www.withgracecarespecialists.com/,,"442 5th Ave #2303, New York, NY 10018",New York,New York,40.7521111,-73.9823202,gmaps_apify,new,2026-08-04T15:09:51.588+00:00
gmap:ChIJZz6_-gBZwokR2YJ0J2tAPmo,Nanny Authority,babysitter,(973) 466-2669,,http://www.nannyauthority.com/,,"15 E 40th St #400a, New York, NY 10016",New York,New York,40.7519126,-73.9805888,gmaps_apify,new,2026-08-04T15:09:51.588+00:00
gmap:ChIJD7SMx71YwokRQp_0VwmON5s,Frances Stewart Agency,babysitter,(212) 439-9222,,http://francesstewartagency.com/baby_care_agency.php,,"1220 Lexington Ave #2B, New York, NY 10028",New York,New York,40.777363,-73.9573829,gmaps_apify,new,2026-08-04T15:09:51.588+00:00
gmap:ChIJ96Lm5QBZwokRNDphvZmw5BU,Absolute Best Care Nanny Agency New York,babysitter,(212) 481-5705,,https://www.absolutebestcare.com/,,"450 Park Ave S, New York, NY 10016",New York,New York,40.7450345,-73.9831581,gmaps_apify,new,2026-08-04T15:09:51.588+00:00
gmap:ChIJNZIEnjJZwokRbs84QJ1o6d0,Nanny Knows Best,babysitter,(651) 269-7265,,https://www.nannyknowsbest.org/,,"243 E 71st St, New York, NY 10021",New York,New York,40.7686358,-73.9596153,gmaps_apify,new,2026-08-04T15:09:51.588+00:00
gmap:ChIJD6-6MAhZwokRTIrynmPz_Sw,Tiny Treasures Nanny Agency,babysitter,(855) 205-1101,,http://www.tinytreasuresnyc.com/,,"157 Columbus Ave, New York, NY 10023",New York,New York,40.7742722,-73.9806907,gmaps_apify,new,2026-08-04T15:09:51.588+00:00
gmap:ChIJ56IRkNZFwokRupwcbm44fGE,Baby Boom Group Family Day Care,babysitter,(347) 587-2628,,https://www.babyboomgroup.com/,,"2568 E 22nd St, Brooklyn, NY 11235",Brooklyn,New York,40.5891873,-73.9477614,gmaps_apify,new,2026-08-04T15:09:51.588+00:00
gmap:ChIJVW3SouxYwokR9kY1FApmKSw,"Jovie of Manhattan East, NY",babysitter,(646) 846-5657,,https://www.jovie.com/locations/ny/new-york/jovie-of-manhattan-east/,,"301 E 69th St Apt 17e, New York, NY 10021",New York,New York,40.766825,-73.959278,gmaps_apify,new,2026-08-04T15:09:51.588+00:00
gmap:ChIJXy4n9oBhwokRLTSnvDQ-j1s,DayCare - Happy House KB,babysitter,(347) 728-6103,,http://www.happyhousekb.com/,,"97-29 130th St, South Richmond Hill, NY 11419",South Richmond Hill,New York,40.6929121,-73.8171959,gmaps_apify,new,2026-08-04T15:09:51.588+00:00
gmap:ChIJfyMiG6RYwokRUTYBOv5QLzo,A Nanny On The Net - New York City,babysitter,(888) 436-0222,,,,"120 E 94th St, New York, NY 10128",New York,New York,40.7848174,-73.9527731,gmaps_apify,new,2026-08-04T15:09:51.588+00:00
gmap:ChIJmcuyR4JlwokRGDAfadqkxR4,Little Precious Daycare,babysitter,(631) 703-4081,,https://littlepreciousdaycare.com/,,"148-38 236th St, Rosedale, NY 11422",Rosedale,New York,40.6539139,-73.7474448,gmaps_apify,new,2026-08-04T15:09:51.588+00:00
gmap:ChIJ6_l9rsD1wokRNuvj-YM248g,Happy Moon Daycare,babysitter,(347) 206-0737,,,,"758 Rosedale Ave, Bronx, NY 10473",Bronx,New York,40.820748,-73.866333,gmaps_apify,new,2026-08-04T15:09:51.588+00:00
gmap:ChIJO0A-1PlYwokRf7Huy6xQiVA,Nannies by Noa,babysitter,(212) 333-6411,,http://nanniesbynoa.com/,,"1345 6th Ave 2nd FL, New York, NY 10105",New York,New York,40.7630212,-73.9790517,gmaps_apify,new,2026-08-04T15:09:51.588+00:00
gmap:ChIJL_4wWsxfwokRcsSv8JIKSH4,Baby Zebra a babysitting Co,babysitter,(917) 943-9997,,,,"20-23 37th St, Long Island City, NY 11105",Long Island City,New York,40.7768036,-73.9035453,gmaps_apify,new,2026-08-04T15:09:51.588+00:00
gmap:ChIJ_9dG2_dYwokRhwNuE9bIng0,"Artist Babysitting Agency, LLC",babysitter,(646) 465-2829,,http://www.artistbabysitting.com/,,"250 W 57th St #901, New York, NY 10024",New York,New York,40.7662424,-73.9824061,gmaps_apify,new,2026-08-04T15:09:51.588+00:00
gmap:ChIJ20L03PdYwokR-Oh632mQxvw,New York Nanny Center,babysitter,(212) 265-3354,,http://www.nynanny.com/,,"250 W 57th St #2330, New York, NY 10107",New York,New York,40.7664939,-73.9827499,gmaps_apify,new,2026-08-04T15:09:51.588+00:00
gmap:ChIJF7o7k6VbwokR2-iuk11JvSY,Tiny Treasures Nanny Agency,babysitter,(646) 290-5566,,https://www.tinytreasuresnyc.com/,,"41 Flatbush Ave Ste 213, Brooklyn, NY 11217",Brooklyn,New York,40.6875012,-73.9796053,gmaps_apify,new,2026-08-04T15:09:51.588+00:00
gmap:ChIJnyax2vhYwokRQleQScIQFV0,Family Care Options,babysitter,(212) 748-8377,,http://www.familycareoptions.com/,,"430 Park Ave, New York, NY 10022",New York,New York,40.7607986,-73.9717622,gmaps_apify,new,2026-08-04T15:09:51.588+00:00
gmap:ChIJ2aIcS571wokR8BU4Ly1ZUFo,The Kids Play Playhouse Daycare,babysitter,(929) 472-9136,,,,"103 Hawkstone St, Bronx, NY 10452",Bronx,New York,40.842936,-73.913091,gmaps_apify,new,2026-08-04T15:09:51.588+00:00
gmap:ChIJIfOet2D0wokRFfjlXPqEDmc,Paradise Home Daycare,babysitter,(718) 466-9155,,,,"611 Crotona Park N, Bronx, NY 10457",Bronx,New York,40.8432806,-73.8947684,gmaps_apify,new,2026-08-04T15:09:51.588+00:00
gmap:ChIJzzax34tZwokRvHxEEktt2hY,Manhattan Nannies,babysitter,(917) 407-1527,,http://www.manhattannannies.com/,,"244 Madison Ave Ste 286, New York, NY 10016",New York,New York,40.7501409,-73.9814937,gmaps_apify,new,2026-08-04T15:09:51.588+00:00
gmap:ChIJl4kE1qZfwokRVvBUECc68bU,Semillitas Day Care Center,babysitter,(718) 507-2723,,,,"81-07 Northern Blvd, Jackson Heights, NY 11372",Jackson Heights,New York,40.7557603,-73.886015,gmaps_apify,new,2026-08-04T15:09:51.588+00:00
gmap:ChIJjRjPdhT2wokRDPh10sL1x0o,baby bunnies Daycare,babysitter,(646) 882-4105,,,,"2217 Frederick Douglass Blvd, New York, NY 10026",New York,New York,40.8068704,-73.9538116,gmaps_apify,new,2026-08-04T15:09:51.588+00:00
gmap:ChIJs3YzSs_1wokRaNg95PbqiDo,ABC ADVENTURES DAYCARE,babysitter,(646) 972-9394,,,,"1821 Mohegan Ave, Bronx, NY 10460",Bronx,New York,40.8405585,-73.8886858,gmaps_apify,new,2026-08-04T15:09:51.588+00:00
gmap:ChIJ8fmUFQb1wokRLKcO5wGhhUk,Little Dreamers Day Care,babysitter,(914) 752-8259,,,,"1065 Manor Ave, Bronx, NY 10472",Bronx,New York,40.826118,-73.875994,gmaps_apify,new,2026-08-04T15:09:51.588+00:00
gmap:ChIJ-fh9drH1wokRKZsBwEEz9bY,Sweet Garden Family Group Daycare #2,babysitter,(917) 226-6188,,https://www.instagram.com/sweet_garden_daycare?igsh=OGIydnV4cDRjbG9i,,"1255 Webster Ave, Bronx, NY 10456",Bronx,New York,40.8335561,-73.9092837,gmaps_apify,new,2026-08-04T15:09:51.588+00:00
gmap:ChIJu__z28f1wokRnDlQcOJDlVM,Garden of Life Family Daycare,babysitter,(347) 495-5426,,,,"1565 Thieriot Ave, Bronx, NY 10460",Bronx,New York,40.8397959,-73.8661914,gmaps_apify,new,2026-08-04T15:09:51.588+00:00
gmap:ChIJjTgheeNZwokRQ2sRkHO_95k,Children of Astoria,babysitter,(347) 544-1267,,,,"12-50 35th Ave Apt 1G, Astoria, NY 11106",Astoria,New York,40.7615266,-73.9365848,gmaps_apify,new,2026-08-04T15:09:51.588+00:00
gmap:ChIJs_fuIdb3wokRD5uVOlVoSDk,Avenues Kids Daycare,babysitter,(347) 441-9489,,https://avenueskidsdaycare.us/,,"12 Pinehurst Ave, New York, NY 10033",New York,New York,40.848657,-73.940505,gmaps_apify,new,2026-08-04T15:09:51.588+00:00
gmap:ChIJa_EVbE9hwokRcgcZBKYtEco,Nurturing Family Daycare,babysitter,(917) 602-0667,,,,"116-27 Mexico St, St. Albans, NY 11412",St. Albans,New York,40.693085,-73.763508,gmaps_apify,new,2026-08-04T15:09:51.588+00:00
gmap:ChIJ6Qs1yAf1wokRNpeuaEqeSpY,Paradise Daycare,babysitter,(718) 804-3917,,,,"626 Rosedale Ave, Bronx, NY 10473",Bronx,New York,40.8174234,-73.8656833,gmaps_apify,new,2026-08-04T15:09:51.588+00:00
gmap:ChIJP-_z1o5EwokRyzMTDfBtGpY,Lulu Land Day Care & After School,babysitter,(917) 302-4252,,,,"2623 Ocean Ave, Brooklyn, NY 11229",Brooklyn,New York,40.5976005,-73.950888,gmaps_apify,new,2026-08-04T15:09:51.588+00:00
gmap:ChIJh6IqBYFfwokRml3RGa2WzzQ,Kids and Kaboodles Nanny Agency,babysitter,(917) 547-1228,,https://www.kidsandkaboodlesnyc.com/,,"108-14 72nd Ave, Forest Hills, NY 11375",Forest Hills,New York,40.7196659,-73.8421107,gmaps_apify,new,2026-08-04T15:09:51.588+00:00
gmap:ChIJc4SVIjhfwokRYOu4S4Vxnuc,Nannies and Sitters NYC,babysitter,(718) 956-6871,,,,"30-83 30th St, Astoria, NY 11102",Astoria,New York,40.7651575,-73.923651,gmaps_apify,new,2026-08-04T15:09:51.588+00:00
gmap:ChIJJWEODKZFwokRmsvtR0HwdZo,Amira's Little bees family daycare INC.,babysitter,(646) 796-1533,,,,"2315 E 17th St, Brooklyn, NY 11229",Brooklyn,New York,40.5941264,-73.9533146,gmaps_apify,new,2026-08-04T15:09:51.588+00:00
gmap:ChIJ01DSjhVfwokRn1GUhWU296w,French Nanny New York,babysitter,(917) 200-8929,,,,"30-27 44th St, Astoria, NY 11103",Astoria,New York,40.7615049,-73.9120848,gmaps_apify,new,2026-08-04T15:09:51.588+00:00
gmap:ChIJ1XPzHpP1wokRkoi9jjYu0b4,Sweet Garden Family Group Daycare,babysitter,(929) 215-9535,,https://www.instagram.com/sweet_garden_daycare?igsh=OGIydnV4cDRjbG9i,,"939 E 179th St, Bronx, NY 10460",Bronx,New York,40.8432437,-73.8818238,gmaps_apify,new,2026-08-04T15:09:51.588+00:00
gmap:ChIJB5uzi3L3wokRSwT4Ytyxi0U,Little Bees Group Family Daycare,babysitter,(929) 778-1023,,,,"3675 Broadway, New York, NY 10031",New York,New York,40.8313103,-73.9475088,gmaps_apify,new,2026-08-04T15:09:51.588+00:00
gmap:ChIJ0-_UwPf3wokRbg4yY3ErNJk,Little Twinkle Group Family Daycare,babysitter,(347) 848-2084,,,,"575 W 175th St, New York, NY 10033",New York,New York,40.8454775,-73.9361517,gmaps_apify,new,2026-08-04T15:09:51.588+00:00
gmap:ChIJe98pdUJfwokRiS1ejwbwXQI,Tons Of Fun Daycare,babysitter,(917) 400-3496,,,,"23-80 36th St, Astoria, NY 11105",Astoria,New York,40.77104,-73.912651,gmaps_apify,new,2026-08-04T15:09:51.588+00:00
gmap:ChIJW3NNFsj1wokRUlSltyOtx-I,Magical Moments Family Group Daycare,babysitter,(917) 478-9694,,,,"1745 Eastburn Ave, Bronx, NY 10457",Bronx,New York,40.8454618,-73.9086758,gmaps_apify,new,2026-08-04T15:09:51.588+00:00
gmap:ChIJN0bW59f1wokRUnb8daXo6xI,The Guiding Star Daycare Inc.,babysitter,(929) 408-8712,,,,"1309 Intervale Ave, Bronx, NY 10459",Bronx,New York,40.8306682,-73.893486,gmaps_apify,new,2026-08-04T15:09:51.588+00:00
gmap:ChIJhRf64PpYwokRZoOb-ZxJ9mE,Madison Agency,babysitter,(212) 641-0913,,http://www.themadisonagency.com/,,"555 Madison Ave 5th Floor, New York, NY 10022",New York,New York,40.7620765,-73.9723473,gmaps_apify,new,2026-08-04T15:09:51.588+00:00
gmap:ChIJWdTc7e9YwokRBQRU4ba-d-M,The Fox Agency,babysitter,(516) 510-9803,,,,"19 E 65th St #1b, New York, NY 10065",New York,New York,40.7676962,-73.9689145,gmaps_apify,new,2026-08-04T15:09:51.588+00:00
gmap:ChIJeZvz6eb3wokRHb2KHzus72w,Sunny Meadows Day Child Care,babysitter,(646) 986-0950,,https://www.instagram.com/sunnymeadowsdcc/,,"1862 Lexington Ave Apt 3S, New York, NY 10029",New York,New York,40.798257,-73.942102,gmaps_apify,new,2026-08-04T15:09:51.588+00:00
gmap:ChIJHc8AXuNjwokRjk-39Id53OA,Giggle Wiggle Baby Nursing & Nanny Services.,babysitter,(347) 773-9123,,https://mchideia.wixsite.com/website,,"116 30, Cambria Heights, NY 11411",Cambria Heights,NY,40.6957961,-73.7435049,gmaps_apify,new,2026-08-04T15:09:51.587+00:00
gmap:ChIJJblD9MJdwokR24y2IDdpinE,Tender Touch agency,babysitter,(631) 933-2563,,,,"793 Cleveland St, Brooklyn, NY 11208",Brooklyn,New York,40.6653496,-73.8813649,gmaps_apify,new,2026-08-04T15:09:51.587+00:00
gmap:ChIJu5HqjjxkwokRbAefhBmjfik,Naz's Little Angels Daycare & Learning Center,babysitter,(718) 341-7209,,,,"255-19 147th Dr, Jamaica, NY 11422",Jamaica,New York,40.655996,-73.733539,gmaps_apify,new,2026-08-04T15:09:51.587+00:00
gmap:ChIJUeLlc_hpwokR0QhVHMe9UYE,Kennedi's Playhouse Home of Learning & Adventures,babysitter,(347) 816-7516,,,,"18-12 Everdell Ave, Far Rockaway, NY 11691",Far Rockaway,New York,40.6009911,-73.7506771,gmaps_apify,new,2026-08-04T15:09:51.587+00:00
gmap:ChIJBWHPrJRZwokRWoZ7KwR89hE,Project Date Night,babysitter,(347) 587-9755,,https://www.projectdatenight.org/,,"42 Broadway Ste 12 535, New York, NY 10004",New York,New York,40.7063419,-74.0126638,gmaps_apify,new,2026-08-04T15:09:51.587+00:00
gmap:ChIJK2P9ssRnwokRHnHFtidVztc,Faces of Grace Inc Group Family Daycare,babysitter,(347) 923-1541,,,,"11-20 Gipson St, Far Rockaway, NY 11691",Far Rockaway,New York,40.6057899,-73.7588752,gmaps_apify,new,2026-08-04T15:09:51.587+00:00
gmap:ChIJYSHwtez1wokR4kgZJdmvfm0,Mrodphotos,photographer,(347) 677-4253,,http://www.mrodphotos.com/,,"805 E 139th St Ste 202, Bronx, NY 10454",Bronx,New York,40.8046586,-73.9098721,gmaps_apify,new,2026-08-04T15:09:46.213+00:00
gmap:ChIJb9-1AXL2wokRbTak-zakWRI,Drac Inc - NYC Photographer Donn Thompson,photographer,(646) 705-2031,,http://www.dracinc.com/,,"152 W 124th St, New York, NY 10027",New York,New York,40.807786,-73.9481277,gmaps_apify,new,2026-08-04T15:09:46.213+00:00
gmap:ChIJdRKZBLv1wokRl0uif_ME-FI,Elena Kom Photography,photographer,(858) 316-8815,,http://elenakomphoto.com/,,"979 Summit Ave, Bronx, NY 10452",Bronx,New York,40.832566,-73.9307089,gmaps_apify,new,2026-08-04T15:09:46.213+00:00
gmap:ChIJg1a9q7lYwokRRkFpS-_de6A,Asher Gardner Photography,photographer,(760) 985-2421,,http://ashergardner.com/,,"440 E 81st St, New York, NY 10028",New York,New York,40.7728839,-73.9504027,gmaps_apify,new,2026-08-04T15:09:46.213+00:00
gmap:ChIJMcLim5j3wokRenCPS0VT68s,Monica Vie Photography,photographer,(917) 564-9797,,,,"226 W 141st St #2A, New York, NY 10030",New York,New York,40.8197116,-73.9427909,gmaps_apify,new,2026-08-04T15:09:46.213+00:00
gmap:ChIJEa10XXP2wokRQp6BGXoOWlY,Ricardo Andre Studios,photographer,(646) 241-1506,,https://www.333studio.net/,,"38 W 129th St, New York, NY 10027",New York,New York,40.8095917,-73.9424867,gmaps_apify,new,2026-08-04T15:09:46.213+00:00
gmap:ChIJkdfmbXVfwokR0U3Wv-MJ6C8,New York photography by Marc Tousignant,photographer,(929) 329-4256,,http://www.marctousignant.com/,,"18-10 Astoria Blvd, Long Island City, NY 11102",Long Island City,New York,40.7719632,-73.9270133,gmaps_apify,new,2026-08-04T15:09:46.213+00:00
gmap:ChIJRXyS8hH2wokRKH79jd7Yui8,Brent Herrig Photography,photographer,(516) 596-8546,,https://brentherrig.com/?utm_source=organic&utm_medium=listing&utm_term=bhc,,"25 W 132nd St, New York, NY 10037",New York,New York,40.8115302,-73.9396101,gmaps_apify,new,2026-08-04T15:09:46.213+00:00
gmap:ChIJLdJfSB-KwokRV6g4oNdeic0,Anna Alesci Photography,photographer,(347) 374-0325,,http://annaalesciphotography.com/contact/,,"2-33 Arleigh Rd, Douglaston, NY 11363",Douglaston,New York,40.7754053,-73.7497425,gmaps_apify,new,2026-08-04T15:09:46.213+00:00
gmap:ChIJt8LAuHD2wokRZTMW6xGbZqY,Keston Duke Photography,photographer,(917) 294-8811,,https://kestonduke.photoshelter.com/,,"Services By Appointment Only, E 138th St, New York, NY 10030",New York,New York,40.817115,-73.9423478,gmaps_apify,new,2026-08-04T15:09:46.213+00:00
gmap:ChIJRRVcgK1fwokREkluoPPuSmg,Gotham Snap Photography LLC,photographer,(929) 328-5460,,http://www.roqphoto.com/,,"19-19 24 St Rd, Astoria, NY 11102",Astoria,NY,40.7786534,-73.9154728,gmaps_apify,new,2026-08-04T15:09:46.213+00:00
gmap:ChIJUUyFpjhfwokRyVt8NnAmnAg,Miloud Photography,photographer,(718) 777-1049,,http://www.miloudphotography.com/,,"30-10 34th St, Astoria, NY 11103",Astoria,New York,40.765528,-73.9193282,gmaps_apify,new,2026-08-04T15:09:46.213+00:00
gmap:ChIJ5-qo-R_H8kER4O3-2GExItM,Illuminize Photography,photographer,(646) 659-2127,,https://www.illuminize.photography/,,"484 E 74th St, New York, NY 10021",New York,New York,40.7684631,-73.9538768,gmaps_apify,new,2026-08-04T15:09:46.213+00:00
gmap:ChIJEzUJu3eLwokRxf_papv3sWk,Anna Rose Photography,photographer,(646) 908-8194,,https://www.facebook.com/groups/440119184860535/,,"Edison Ave, Bronx, NY 10461",Bronx,New York,40.8402495,-73.8320786,gmaps_apify,new,2026-08-04T15:09:46.213+00:00
gmap:ChIJoY0YcQD1wokRCV7MYGiZuJE,fotografo new york,photographer,(509) 339-9639,,https://fotografoonline.wordpress.com/,,"1025 Boynton Ave apto 5G, Bronx, NY 10455",Bronx,New York,40.8245607,-73.8775116,gmaps_apify,new,2026-08-04T15:09:46.213+00:00
gmap:ChIJO4KGNL1YwokRAlIoNLjuZdA,Ben Asen Photography,photographer,(917) 414-7203,,http://www.benasen.com/,,"56 E 87th St, New York, NY 10128",New York,New York,40.7810736,-73.9576802,gmaps_apify,new,2026-08-04T15:09:46.213+00:00
gmap:ChIJXeO4A6f3wokR1LPClbgLgnI,Lindi Gordon Photography,photographer,(917) 617-0509,,https://www.lindigordonphoto.com/,,"45 W 132nd St, New York, NY 10037",New York,New York,40.8119766,-73.94085,gmaps_apify,new,2026-08-04T15:09:46.213+00:00
gmap:ChIJAX2asSzjwogRfgQmApq7mgg,Jeremy Pineiro Photography,photographer,(786) 808-9786,,http://jeremypineiro.com/,,"144-55 Barclay Ave, Flushing, NY 11355",Flushing,New York,40.760445,-73.819312,gmaps_apify,new,2026-08-04T15:09:46.213+00:00
gmap:ChIJV6p4CIx8YqcRF7676UvRjoM,SoVane Photography,photographer,(646) 673-0733,,https://www.sovanephotography.com/,,"29-17 40th Ave, Long Island City, NY 11101",Long Island City,New York,40.7521437,-73.934885,gmaps_apify,new,2026-08-04T15:09:46.213+00:00
gmap:ChIJHwk1ktJhwokRd2pyb0-CGU8,NYPhotoNY: Rich Storm Photography,photographer,(646) 275-4750,,http://nyphotony.com/getintouch,,"Broadway Station, Flushing, NY 11358",Flushing,NY,40.7620386,-73.8024722,gmaps_apify,new,2026-08-04T15:09:46.213+00:00
gmap:ChIJC2T7OnDS7m0R5s2DFJVLMsg,DLW Photography NYC,photographer,(917) 754-7051,,https://www.dlwphotographynyc.com/,,"350 W 110th St #2D, New York, NY 10025",New York,New York,40.8010645,-73.9600519,gmaps_apify,new,2026-08-04T15:09:46.213+00:00
gmap:ChIJi96hx9cIkoAREEqPl7B_BOw,Secret Spy Proposal Photographer,photographer,(347) 566-7208,,https://www.instagram.com/secret.proposaL/,,"2050 Frederick Douglass Blvd Suite #202, New York, NY 10026",New York,New York,40.8012134,-73.9570602,gmaps_apify,new,2026-08-04T15:09:46.213+00:00
gmap:ChIJt4QBo6RYwokRn-9TwgPgPcc,Front Page Photography,photographer,(516) 384-7370,,http://frontpagephotonyc.com/,,"166 E 90th St #1C, New York, NY 10128",New York,New York,40.7815325,-73.9530423,gmaps_apify,new,2026-08-04T15:09:46.213+00:00
gmap:ChIJwyfx4NRhwokRJkK8l_BvrpA,Little New York Photography,photographer,(718) 216-9971,,http://www.littlenewyorkphotography.com/,,"37-24 24th St #101, Long Island City, NY 11101",Long Island City,New York,40.7566266,-73.9364873,gmaps_apify,new,2026-08-04T15:09:46.213+00:00
gmap:ChIJQUdxPbJQwokRIEm4tFVIk5M,Tanya Buran Photography,photographer,(347) 280-9071,,https://tanyaburan.com/,,"500 E 85th St, New York, NY 10028",New York,New York,40.774808,-73.9475317,gmaps_apify,new,2026-08-04T15:09:46.213+00:00
gmap:ChIJNx6JbPJfwokR3hLaLPD9VW4,Olga Milagros Photography,photographer,(516) 234-1562,,https://taplink.cc/olga.milagros,,"23-30 Broadway, Long Island City, NY 11106",Long Island City,New York,40.7638121,-73.9295067,gmaps_apify,new,2026-08-04T15:09:46.213+00:00
gmap:ChIJafBCk0L3wokRwimOe_uQff0,FJA Photography,photographer,(917) 539-9355,,https://www.fjaphotographer.com/,,"75 La Salle St, New York, NY 10027",New York,New York,40.8136818,-73.9579786,gmaps_apify,new,2026-08-04T15:09:46.213+00:00
gmap:ChIJ6fq7t1thwokRmelAbS94Mdc,R&K Theme Photography,photographer,(315) 895-6192,,https://weddingnyc.net/,,"40-51 College Point Blvd, Flushing, NY 11354",Flushing,New York,40.7567313,-73.83357,gmaps_apify,new,2026-08-04T15:09:46.213+00:00
gmap:ChIJf6Fua2yH8aoRGU0aCY0CIn0,Atèpá Media,photographer,(929) 992-8372,,https://www.atepamedia.com/,,"388 E 154th St, Bronx, NY 10455",Bronx,New York,40.8195136,-73.9167955,gmaps_apify,new,2026-08-04T15:09:46.213+00:00
gmap:ChIJaevCTe_1wokRpIm8zN-pcoA,Erika Rosales Photography,photographer,(347) 951-9976,,http://www.erikarosales.com/,,"623 E 183rd St, Bronx, NY 10458",Bronx,New York,40.8530658,-73.8885317,gmaps_apify,new,2026-08-04T15:09:46.213+00:00
gmap:ChIJ1dTk4xtfwokROif-L47_-8o,Sahed Photography,photographer,(917) 519-6757,,http://sahedphotography.com/,,"34-51 82nd St, Jackson Heights, NY 11372",Jackson Heights,New York,40.7522337,-73.8846339,gmaps_apify,new,2026-08-04T15:09:46.213+00:00
gmap:ChIJYReJK3b0wokRTnuAS7Nm9fs,Gustavo Urena Portrait (by Invitation Only),photographer,(347) 582-9376,,http://www.gustavourena.com/,,"1140 Pierce Ave, Bronx, NY 10461",Bronx,New York,40.8470952,-73.8487248,gmaps_apify,new,2026-08-04T15:09:46.213+00:00
gmap:ChIJuU81k9RZwokRLihYIrMwx1U,Nick's Photography Studio,photographer,(646) 833-8228,,https://www.instagram.com/auroradrag0n/,,"555 Main St, New York, NY 10044",New York,New York,40.7621991,-73.9499397,gmaps_apify,new,2026-08-04T15:09:46.213+00:00
gmap:ChIJcfRuaC5gwokRBByqpO8W9hQ,Oh Baby Photo Studio,photographer,(631) 432-6666,,http://ohbabystudious.com/,,"163-32 Northern Blvd #2f, Flushing, NY 11358",Flushing,New York,40.7606786,-73.8021013,gmaps_apify,new,2026-08-04T15:09:46.213+00:00
gmap:ChIJHwM4X0lvwokR524lgjvZEF0,Lopez's On Point Photography,photographer,(347) 407-0732,,,,"7-11D Seagirt Ave, Far Rockaway, NY 11691",Far Rockaway,New York,40.595551,-73.742004,gmaps_apify,new,2026-08-04T15:09:46.213+00:00
gmap:ChIJ8VyM-iFZwokR6-wW_o31ahk,Scott Rosenthal Photography,photographer,(917) 275-7115,,http://www.scottrosenthalphotography.com/,,"201 E 87th St, New York, NY 10128",New York,New York,40.7795872,-73.9527897,gmaps_apify,new,2026-08-04T15:09:46.213+00:00
gmap:ChIJ1fz4i671wokRpKzxyOCcRTM,Gareth Shaw Photography,photographer,(929) 272-9384,,https://garethshaw.photography/,,"112 Lincoln Ave #219, Bronx, NY 10454",Bronx,New York,40.807735,-73.9290704,gmaps_apify,new,2026-08-04T15:09:46.213+00:00
gmap:ChIJ7REVbcxYwokR2hHRCAT8nG8,Rainiers Photography Inc,photographer,(917) 605-6468,,http://www.rainiersphotography.com/,,"9-20 35th Ave #3A, Long Island City, NY 11106",Long Island City,New York,40.7631419,-73.9402916,gmaps_apify,new,2026-08-04T15:09:46.213+00:00
gmap:ChIJFSgtq15fwokRN7KhLvPahLs,Ilir Rizaj Architectural Photography,photographer,(917) 627-0247,,https://ilirrizaj.com/,,"19-05 22nd Rd, Astoria, NY 11105",Astoria,New York,40.7806505,-73.9183438,gmaps_apify,new,2026-08-04T15:09:46.213+00:00
gmap:ChIJrQ1ntBFgwokRQk81osll4pM,Rainbow Photos - Passport Photo Experts,photographer,(718) 539-3228,,,,"136-77 Roosevelt Ave 1st FL, B2, Flushing, NY 11354",Flushing,New York,40.7604877,-73.8274768,gmaps_apify,new,2026-08-04T15:09:46.213+00:00
gmap:ChIJzxizfcJfwokR0kweoUief6E,Vinicius Carvalho Photography,photographer,(646) 708-1413,,,,"32-26 41st St ap 1B, Astoria, NY 11103",Astoria,New York,40.7580507,-73.9188823,gmaps_apify,new,2026-08-04T15:09:46.213+00:00
gmap:ChIJUW6TM3H3wokRZCGUqnTgTQc,Spencer Imbrock Photography - Headshot and Portrait Studio,photographer,(845) 663-1564,,http://www.spencerimbrockphotography.com/,,"304 W 117th St, New York, NY 10026",New York,New York,40.805025,-73.955402,gmaps_apify,new,2026-08-04T15:09:46.213+00:00
gmap:ChIJlTkTV5JZwokRU3IivfMCHSQ,NMSS Corp - Photographer,photographer,(646) 251-7681,,http://www.nmanassi.com/,,"242 E 73rd St, New York, NY 10021",New York,New York,40.7695606,-73.9584826,gmaps_apify,new,2026-08-04T15:09:46.213+00:00
gmap:ChIJxbvROawj3YkRqhFnDzpqi_g,Hendrick Moy Photography,photographer,(917) 453-1716,,https://hendrickmoyphotography.com/,,"139-19 31st Rd #4D, Flushing, NY 11354",Flushing,New York,40.7710751,-73.828413,gmaps_apify,new,2026-08-04T15:09:46.213+00:00
gmap:ChIJZTNNx3D2wokRE01GpyJrpv8,Harlem Photography Studio,photographer,(917) 294-8811,,https://kestonduke.photoshelter.com/,,"202 W 138th St, New York, NY 10030",New York,New York,40.8173154,-73.9429292,gmaps_apify,new,2026-08-04T15:09:46.213+00:00
gmap:ChIJK5PImzFfwokRl8Thkjlt-zY,Carine Photography,photographer,(646) 341-1686,,http://carinephotography.com/,,"30-45 75th St, East Elmhurst, NY 11370",East Elmhurst,New York,40.7592141,-73.8924669,gmaps_apify,new,2026-08-04T15:09:46.212+00:00
gmap:ChIJ3yKrw9P1wokR0ZMM0LMHYBU,M.C PHOTOGRAPHY & VIDEO LLC,photographer,(646) 470-2090,,http://mcphotographyny.com/,,"14-29 120th St, College Point, NY 11356",College Point,New York,40.7850484,-73.8475889,gmaps_apify,new,2026-08-04T15:09:46.212+00:00
gmap:ChIJWX1QQhFgwokR-DctM3HAu2g,Sung Kwan Ma Photographer,photographer,(917) 517-2686,,http://www.sungkwanma.com/weddings,,"41-40 Union St Apt 4R, Flushing, NY 11355",Flushing,New York,40.7577477,-73.8258244,gmaps_apify,new,2026-08-04T15:09:46.212+00:00
gmap:ChIJTU_yhfj0wokR4APKJRtS6Sc,Hansel Ortiz Photography and video,photographer,(347) 681-9429,,https://www.hortizphotography.com/,,"1145 Longfellow Ave, Bronx, NY 10459",Bronx,New York,40.8276199,-73.8882525,gmaps_apify,new,2026-08-04T15:09:46.212+00:00
gmap:ChIJKdzP-ziLwokRmnwx4bh-K50,Richard Rosario Photography LLC,photographer,(646) 926-0209,,https://www.richardrosario.com/,,"911 Revere Ave, Bronx, NY 10465",Bronx,New York,40.8295388,-73.8267161,gmaps_apify,new,2026-08-04T15:09:46.212+00:00
gmap:ChIJLZ_QNG9fwokR0BVf5lTC8pg,Tolios Photography,photographer,(718) 956-5602,,http://www.tolios.com/,,"22-17 Steinway St, Astoria, NY 11105",Astoria,New York,40.7723315,-73.9064053,gmaps_apify,new,2026-08-04T15:09:46.212+00:00
gmap:ChIJCZnUERFhwokR9ijUNM8e5Gs,Uncle Chow Photography,photographer,(917) 981-4686,,https://www.newyorknewbornphotography.com/,,"131-29 31st Ave #2fl, Flushing, NY 11354",Flushing,New York,40.7696203,-73.8376459,gmaps_apify,new,2026-08-04T15:09:46.212+00:00
gmap:ChIJXQRsme_0wokRMMY19xdnbAM,Illusion Photo,photographer,(718) 991-8588,,http://www.illusionphotonyc.com/,,"1641 Westchester Ave, Bronx, NY 10472",Bronx,New York,40.8299684,-73.8740112,gmaps_apify,new,2026-08-04T15:09:46.212+00:00
gmap:ChIJH0TvdMj0wokRjfOYzY3KGLc,Photo Nice Studio,photographer,(347) 281-8760,,https://photonicestudio.com/,,"1279 Castle Hill Ave, Bronx, NY 10462",Bronx,New York,40.8337888,-73.8517237,gmaps_apify,new,2026-08-04T15:09:46.212+00:00
gmap:ChIJ2_JEcKBhwokRRcz5KawnEQw,"Snap Box | Self-portrait studio, 셀프사진관 플러싱 뉴욕",photographer,(929) 232-1752,,http://www.snapboxnyc.com/,,"161-24 Northern Blvd #2A, Flushing, NY 11358",Flushing,New York,40.7621596,-73.804022,gmaps_apify,new,2026-08-04T15:09:46.212+00:00
gmap:ChIJIfgcjb9fwokRHp8z2brx3Zc,Georgia Panagi Photography,photographer,(347) 229-8839,,https://www.instagram.com/georgia_panagi_photography/,,"47-08 31st Ave, Long Island City, NY 11103",Long Island City,New York,40.758336,-73.911361,gmaps_apify,new,2026-08-04T15:09:46.212+00:00
gmap:ChIJrQzXdRfew2ARFS71W9hBNHk,Executive Chef Mike,personal assistant,(917) 662-0989,,https://www.executivechefmike.com/,,"339 Peter Ave, Staten Island, NY 10306",Staten Island,New York,40.5611514,-74.1145217,gmaps_apify,new,2026-08-04T15:09:30.974+00:00
gmap:ChIJM8QUw7VFwokRriOPHShIeFc,"Easy Touch Home Care, Inc",personal assistant,(718) 540-5400,,,,"8751 18th Ave, Brooklyn, NY 11214",Brooklyn,New York,40.6041396,-74.005545,gmaps_apify,new,2026-08-04T15:09:30.974+00:00
gmap:ChIJC-l3SQtPwokRvJnk81Swq7A,Australian Effect Training - USA,personal assistant,(612) 800-3328,,https://australianeffect.com.au/,,"250 Laconia Ave, Staten Island, NY 10305",Staten Island,New York,40.588964,-74.0871389,gmaps_apify,new,2026-08-04T15:09:30.974+00:00
gmap:ChIJFdusopREwokRuMjfkpDAS50,Metropolitan Homecare Way Inc.,personal assistant,(718) 336-1180,,http://www.mhwi.org/,,"380 88th St, Brooklyn, NY 11209",Brooklyn,New York,40.6213658,-74.0292665,gmaps_apify,new,2026-08-04T15:09:30.974+00:00
gmap:ChIJzT7eKklFwokRUHWlQOSqUfU,"Huang & Associates, PC Chinese lawyer/黄真律师事务所/律师楼/布鲁克林律师楼/八大道律师/纽约房地产律师推荐 信托律师推荐 遗产规划律师推荐 白卡信托律师推荐 英文国语粤语律师事务所 华人律师推荐",personal assistant,(718) 435-6661,,http://www.huanglawfirm.com/,,"6402 8th Ave #405, Brooklyn, NY 11220",Brooklyn,New York,40.6332854,-74.0122981,gmaps_apify,new,2026-08-04T15:09:30.974+00:00
gmap:ChIJS5xyoPNPwokRnwqGq_Y1WLk,The Learning Experience - Staten Island St. George,personal assistant,(718) 981-4001,,https://thelearningexperience.com/centers/staten-island-st-george/?utm_source=google&utm_medium=organic&utm_campaign=gbp_listing,,"35A Bay St, Staten Island, NY 10301",Staten Island,New York,40.641664,-74.075049,gmaps_apify,new,2026-08-04T15:09:30.974+00:00
gmap:ChIJcdcBRvVPwokRM7hbyIB4Ovc,Northfield Bank,personal assistant,(833) 301-6325,,https://www.enorthfield.com/locations/bay-ridge-office,,"8512 3rd Ave, Brooklyn, NY 11209",Brooklyn,New York,40.624072,-74.0310778,gmaps_apify,new,2026-08-04T15:09:30.974+00:00
gmap:ChIJ2SYKHqtZwokR_KQpsjH5TVQ,Pyramid Consulting Group LLC,personal assistant,(212) 790-9556,,http://www.pyramidcg.com/,,"110 W 40th St #1500, New York, NY 10018",New York,New York,40.7536194,-73.9859737,gmaps_apify,new,2026-08-04T15:09:30.974+00:00
gmap:ChIJT_6duVhFwokRoOdutowvQdA,Tutor Time of Brooklyn,personal assistant,(855) 887-8945,,https://www.tutortime.com/your-local-school/brooklyn-ny-6243/?utm_source=google&utm_medium=local&utm_campaign=localmaps&utm_content=6243,,"7817 3rd Ave 2nd Floor, Brooklyn, NY 11209",Brooklyn,New York,40.6287556,-74.0285759,gmaps_apify,new,2026-08-04T15:09:30.974+00:00
gmap:ChIJSar0aVlFwokROhniFlMAAMc,Angel's Touch,personal assistant,(718) 333-5657,,,,"420 77th St, Brooklyn, NY 11209",Brooklyn,New York,40.6289416,-74.0251097,gmaps_apify,new,2026-08-04T15:09:30.974+00:00
gmap:ChIJ775FtalZwokRxHgmTg-A_38,Personal Dating Assistants,personal assistant,(800) 344-6794,,http://personaldatingassistants.com/,,,Queens,NY,40.805146,-73.9003419,gmaps_apify,new,2026-08-04T15:09:30.974+00:00
gmap:ChIJJ7o2FsVYwokR6J19N8t6DyQ,CONSUMER DIRECTED SERVICES,personal assistant,(718) 233-3312,,http://consumerdirectedservices.com/,,"540 Main St B1314, New York, NY 10044",New York,New York,40.7615435,-73.9497317,gmaps_apify,new,2026-08-04T15:09:30.974+00:00
gmap:ChIJzUmSUcRFwokRY48mDM_8qwA,At Home Solutions - Licensed Home Care Services Agency,personal assistant,(212) 259-9347,,https://www.homecare4all.org/,,"120 Brighton 11th St, Brooklyn, NY 11235",Brooklyn,New York,40.5800038,-73.9579204,gmaps_apify,new,2026-08-04T15:09:30.974+00:00
gmap:ChIJ19Y14VdFwokRdnsN2dujz1I,7 Virtual Assistant Services,personal assistant,(607) 414-6886,,http://7virtualassistantservices.com/,,"1314 Avenue M #210, Brooklyn, NY 11230",Brooklyn,New York,40.617636,-73.96134,gmaps_apify,new,2026-08-04T15:09:30.974+00:00
gmap:ChIJ4bZfLRtbwokREIs5L9NSiDw,Home Care For Adults Inc.,personal assistant,(929) 205-5558,,https://homecareforadults.com/,,"99 Hudson St 5th floor, New York, NY 10013",New York,New York,40.7190557,-74.0089976,gmaps_apify,new,2026-08-04T15:09:30.974+00:00
gmap:ChIJ2RhsvJlZwokRUlfZRMmwzkk,Persone NYC,personal assistant,(929) 219-3023,,http://www.personenyc.com/,,"420 Kent Ave, Brooklyn, NY 11249",Brooklyn,New York,40.7100012,-73.9690503,gmaps_apify,new,2026-08-04T15:09:30.974+00:00
gmap:ChIJLw5euGxZwokRjVoFCN3-yvc,Webcenture - Virtual Assistant Company,personal assistant,(646) 975-9250,,https://webcenture.com/,,"5 Bryant Pk, New York, NY 10018",New York,New York,40.7539883,-73.9854888,gmaps_apify,new,2026-08-04T15:09:30.974+00:00
gmap:ChIJR-OpZllFwokRtc_rU_O72uY,"The Villani Law Group, PLLC",personal assistant,(718) 680-6008,,http://www.villanilawgroup.com/,,"435 77th St, Brooklyn, NY 11209",Brooklyn,New York,40.628995,-74.02453,gmaps_apify,new,2026-08-04T15:09:30.974+00:00
gmap:ChIJI7NBCgpZwokRvfrHsZ2LXTo,"Mayfair Placement Agency, Inc.",personal assistant,(212) 297-0262,,http://www.mayfairplacement.com/,,"211 E 43rd St, New York, NY 10017",New York,New York,40.7514102,-73.9731009,gmaps_apify,new,2026-08-04T15:09:30.974+00:00
gmap:ChIJI3MP5FJYwokRR9SpHUL8j14,Personal MBA Coach,personal assistant,(617) 645-2424,,http://www.personalmbacoach.com/,,"300 Park Ave, New York, NY 10022",New York,New York,40.7570209,-73.9746695,gmaps_apify,new,2026-08-04T15:09:30.974+00:00
gmap:ChIJqextGehZwokRUDZgdl0yjm0,"Hamptons Employment Agency, Inc.",personal assistant,(212) 521-4373,,http://www.hamptonsemployment.com/,,"590 Madison Ave 21st floor, New York, NY 10022",New York,New York,40.7621698,-73.9728933,gmaps_apify,new,2026-08-04T15:09:30.974+00:00
gmap:ChIJpzIwwPpYwokRty2lapV5SmQ,SilverChair Partners LLC,personal assistant,(212) 644-6425,,http://silverchairpartners.com/,,"Info@silverchairpartners.com, 1270 6th Ave 7th Floor, New York, NY 10020",New York,New York,40.7602192,-73.9798518,gmaps_apify,new,2026-08-04T15:09:30.974+00:00
gmap:ChIJ28clhUT3wokRy5BYEAedkN4,PHM Concierge,personal assistant,(917) 653-5098,,https://www.phmconcierge.com/,,"2101 5th Ave, New York, NY 10035",New York,New York,40.808992,-73.940008,gmaps_apify,new,2026-08-04T15:09:30.974+00:00
gmap:ChIJCT6krEP3wokRxr8eO43Ti30,Virtual Assistant for decision-makers,personal assistant,(914) 562-8461,,https://www.vasimplified.com/,,"137 W 137th St, New York, NY 10030",New York,New York,40.8163376,-73.9415618,gmaps_apify,new,2026-08-04T15:09:30.974+00:00
gmap:ChIJWfzBzyFZwokRG3_qbEGpOSw,VNS Health Personal Care,personal assistant,(888) 735-8913,,https://www.vnshealth.org/about/service-areas/manhattan/?utm_source=extnet&utm_medium=yext&utm_campaign=10527600287642668993,,"5 Pennsylvania Plaza 12th floor, New York, NY 10001",New York,New York,40.7517446,-73.9939952,gmaps_apify,new,2026-08-04T15:09:30.974+00:00
gmap:ChIJZz6_-gBZwokRXVh_tB6dFLg,Pavillion Agency Inc.,personal assistant,(212) 889-6609,,https://pavillionagency.com/,,"15 E 40th St #400, New York, NY 10016",New York,New York,40.7519236,-73.9805797,gmaps_apify,new,2026-08-04T15:09:30.974+00:00
gmap:ChIJUzHHvVr1wokR0_spcf7Nbto,HouseCalls Home Care,personal assistant,(929) 822-7926,,http://housecallshc.org/,,"1878 Cross Bronx Expy Ste 1130, Bronx, NY 10472",Bronx,New York,40.8333295,-73.8632732,gmaps_apify,new,2026-08-04T15:09:30.974+00:00
gmap:ChIJV4_VVZNewokRJw5WJisV3LA,NYC Assistants,personal assistant,(800) 494-5122,,http://www.nycassistants.com/,,,Queens,NY,40.7576135,-73.9784101,gmaps_apify,new,2026-08-04T15:09:30.974+00:00
gmap:ChIJYWH6CpP1wokRtSzFRIFYCoE,NAVIDA TRAINING / RECRUITING,personal assistant,(347) 864-5350,,,,"2940 Grand Concourse Unit 1A-B, Bronx, NY 10458",Bronx,New York,40.871616,-73.8877785,gmaps_apify,new,2026-08-04T15:09:30.974+00:00
gmap:ChIJCaSYmv1YwokRkOM9XrMjdjI,"A-List Associates, Inc",personal assistant,(212) 372-8788,,,,"250 Park Ave, New York, NY 10177",New York,New York,40.7551055,-73.9758738,gmaps_apify,new,2026-08-04T15:09:30.974+00:00
gmap:ChIJpyF_X670wokRNxCwPoZe_7E,Mr. America's Training Camp,personal assistant,(718) 824-7447,,http://mramericastrainingcamp.com/,,"3229 E Tremont Ave, Bronx, NY 10461",Bronx,New York,40.8358539,-73.8327889,gmaps_apify,new,2026-08-04T15:09:30.974+00:00
gmap:ChIJLSRjXJNfwokRjC4SUVAOrjY,Act Home Care - CDPAP Facilitator Approved by PPL,personal assistant,(718) 640-2676,,https://actcareny.com/,,"57-12 Woodside Ave, Woodside, NY 11377",Woodside,New York,40.7456585,-73.906948,gmaps_apify,new,2026-08-04T15:09:30.974+00:00
gmap:ChIJqfTn0Z0iYY0RatZNAK3-d14,Your Assistant Solution,personal assistant,(347) 464-1615,,http://yourassistantsolutionllc.com/,,,Queens,NY,40.6971415,-73.979506,gmaps_apify,new,2026-08-04T15:09:30.974+00:00
gmap:ChIJWztuPy1OwokRswTc3U_8NjI,Career School of NY,personal assistant,(718) 420-6440,,http://careerschoolny.com/,,"350 St Marks Pl Fl 1, Staten Island, NY 10301",Staten Island,New York,40.6413281,-74.0781566,gmaps_apify,new,2026-08-04T15:09:30.974+00:00
gmap:ChIJ3Q5Bpun1wokR3qhhxopYWmk,Personal Touch Medical,personal assistant,(718) 828-2782,,https://personaltouchmedical.com/,,"1261 Thieriot Ave, Bronx, NY 10472",Bronx,New York,40.8318509,-73.8647059,gmaps_apify,new,2026-08-04T15:09:30.974+00:00
gmap:ChIJA8DyYblZwokRWGDeoroDvVU,Your Personal Assistant NYC,personal assistant,(917) 434-4622,,http://www.yourpersonalassistantnyc.net/,,,Queens,NY,40.702108,-73.9086129,gmaps_apify,new,2026-08-04T15:09:30.974+00:00
gmap:ChIJRYMX7bj0wokRNPt65KSYuog,Amara Medical University,personal assistant,(347) 984-0434,,,,"1550 Unionport Rd, Bronx, NY 10462",Bronx,New York,40.8372298,-73.8574789,gmaps_apify,new,2026-08-04T15:09:30.974+00:00
gmap:ChIJce1baq1ZwokRULx5cSLX7VY,Lambent: Personal and Executive Assistants,personal assistant,(212) 979-8700,,https://www.lambentservices.com/,,"42 W 38th St Ste 1102, New York, NY 10018",New York,New York,40.7515582,-73.9847876,gmaps_apify,new,2026-08-04T15:09:30.974+00:00
gmap:ChIJO9yTts_1wokRq4hpXhpl500,Royal Care,personal assistant,(718) 840-3000,,http://www.royalcare.nyc/,,"798 Southern Blvd 1st Floor, Bronx, NY 10455",Bronx,New York,40.8160076,-73.8960008,gmaps_apify,new,2026-08-04T15:09:30.974+00:00
gmap:ChIJR1dZFaZZwokRH7JkrjRr49I,Hour 25 Personal Assistant Services,personal assistant,(877) 701-4744,,,,"244 5th Ave, New York, NY 10001",New York,New York,40.7446237,-73.9876631,gmaps_apify,new,2026-08-04T15:09:30.974+00:00
gmap:ChIJZw1AD6powokRPMYU5iAQ1aY,New York Career Training School,personal assistant,(718) 327-3030,,http://www.newyorkcareertrainingschool.net/,,"10-32 Beach 20th St, Far Rockaway, NY 11691",Far Rockaway,New York,40.6031352,-73.7528662,gmaps_apify,new,2026-08-04T15:09:30.974+00:00
gmap:ChIJPzllKB9ZwokR3yeF0VP7-Ms,The Estate Agency,personal assistant,(332) 266-4339,,http://www.theestateagency.com/,,"14 E 60th St, New York, NY 10022",New York,New York,40.7643976,-73.9716851,gmaps_apify,new,2026-08-04T15:09:30.974+00:00
gmap:ChIJwYUtsP1PwokR1YS9-JalXq0,Americare,personal assistant,(718) 434-5100,,https://www.americareny.com/,,"520 Bay St 2nd flr, Staten Island, NY 10304",Staten Island,New York,40.6290899,-74.0769641,gmaps_apify,new,2026-08-04T15:09:30.974+00:00
gmap:ChIJi_eyi6pZwokRxhRdhT4Iqwg,GYST,personal assistant,(917) 912-9206,,http://www.gystplease.com/,,"450 Lexington Ave, New York, NY 10017",New York,New York,40.7507837,-73.9736995,gmaps_apify,new,2026-08-04T15:09:30.974+00:00
gmap:ChIJ-0ltfUeLwokRxKu8N_MAZLw,Personal Touch Medical,personal assistant,(718) 828-1549,,http://personaltouchmedical.com/,,"1927 Williamsbridge Rd Fl 1, Bronx, NY 10461",Bronx,New York,40.852661,-73.853655,gmaps_apify,new,2026-08-04T15:09:30.974+00:00
gmap:ChIJMf_pIFJYwokR029zock0L3E,Medical Answering Services,personal assistant,(844) 666-6270,,https://www.medanswering.com/,,"445 W 45th St, New York, NY 10036",New York,New York,40.7613623,-73.9930247,gmaps_apify,new,2026-08-04T15:09:30.974+00:00
gmap:ChIJWYh5L2pFwokRnietJG-tFVo,CDPAP,personal assistant,(718) 808-9186,,https://www.health.ny.gov/health_care/medicaid/program/longterm/cdpap.htm,,"626 Sheepshead Bay Rd #111, Brooklyn, NY 11224",Brooklyn,New York,40.5788678,-73.9753481,gmaps_apify,new,2026-08-04T15:09:30.974+00:00
gmap:ChIJMfFSRc_1wokRSrDsayFJ-9k,Worker Career Center,personal assistant,(718) 960-4678,,,,"369 E 148th St, Bronx, NY 10455",Bronx,New York,40.8159058,-73.9191202,gmaps_apify,new,2026-08-04T15:09:30.974+00:00
gmap:ChIJq6quBRRawokRggn9j6nd7ak,Care One Staffing,personal assistant,(800) 550-1957,,http://careonestaffing.com/,,"80 Broad St, New York, NY 10004",New York,New York,40.7043408,-74.0118572,gmaps_apify,new,2026-08-04T15:09:30.974+00:00
gmap:ChIJ_____2NMwokRmGkW5Al60XU,Association-Personal Consultants,personal assistant,(718) 727-9800,,,,"Staten Island, NY 10301",Staten Island,New York,40.6274394,-74.0946311,gmaps_apify,new,2026-08-04T15:09:30.974+00:00
gmap:ChIJHyLs24JOwokRTEFXmqYZk7k,Right at Home,personal assistant,(347) 378-6175,,https://www.rightathome.net/staten-island/?utm_source=google&utm_medium=local&utm_campaign=localmaps&utm_content=1566,,"1303 Clove Rd, Staten Island, NY 10301",Staten Island,New York,40.6155389,-74.1025922,gmaps_apify,new,2026-08-04T15:09:30.974+00:00
gmap:ChIJCx-bDTxZwokRuaxc3otmyD4,Premier Life Management,personal assistant,(813) 281-9549,,https://plm.management/,,"20 W 22nd St Ste 712, New York, NY 10010",New York,New York,40.7412863,-73.9915822,gmaps_apify,new,2026-08-04T15:09:30.974+00:00
gmap:ChIJx9JlWQJZwokR1gChppjfd9k,C-Suite Assistants,personal assistant,(646) 214-7475,,http://csuiteassistants.com/,,"144 E 44th St, New York, NY 10017",New York,New York,40.7522507,-73.9745201,gmaps_apify,new,2026-08-04T15:09:30.973+00:00
gmap:ChIJud2OvIT2wokRxz6_dW5FrDs,Martha's Hair Studio,hair stylist,(212) 928-8795,,,,"601 W 162nd St, New York, NY 10032",New York,New York,40.8374685,-73.9430059,gmaps_apify,new,2026-08-04T15:09:28.208+00:00
gmap:ChIJk0AqyvX1wokRBd58AtilI7o,Karina Beauty Studio,hair stylist,(718) 860-1161,,https://www.perceny.com/site/karina-beauty-studio,,"1110 Westchester Ave #10459, Bronx, NY 10459",Bronx,New York,40.8253121,-73.8901854,gmaps_apify,new,2026-08-04T15:09:28.208+00:00
gmap:ChIJc-VTb77nX4oRXjGYzTygWI8,"Glammedwithmel, LLC",hair stylist,(347) 888-3168,,https://glammedwithmel.as.me/,,"1967 Turnbull Ave, Bronx, NY 10473",Bronx,New York,40.8234996,-73.8568509,gmaps_apify,new,2026-08-04T15:09:28.208+00:00
gmap:ChIJb4o8wm1hwokRZ6PdsdGREkY,TJ Hair Salon,hair stylist,(708) 808-9910,,,,"47-42 Bell Blvd, Bayside, NY 11361",Bayside,New York,40.7558925,-73.7674538,gmaps_apify,new,2026-08-04T15:09:28.208+00:00
gmap:ChIJE6fiav9XwokRRpf7hiwgscs,Hair By Giovanna | Hair Salon,hair stylist,(631) 408-1357,,https://salonbygiovanna.square.site/,,"3118 E Tremont Ave, Bronx, NY 10461",Bronx,New York,40.8381939,-73.8353686,gmaps_apify,new,2026-08-04T15:09:28.208+00:00
gmap:ChIJNSphTHz2wokRuxf_THIyWho,Harlem Natural Hair Salon,hair stylist,(212) 694-6593,,https://harlemnaturalhairsalon.com/,,"751 St Nicholas Ave, New York, NY 10031",New York,New York,40.8258595,-73.9437757,gmaps_apify,new,2026-08-04T15:09:28.208+00:00
gmap:ChIJN_zkAKpowokRWttc6iVT0dI,Khoudia Hair Braiding,hair stylist,(917) 287-8801,,,,"10-47 Beach 20th St, Far Rockaway, NY 11691",Far Rockaway,New York,40.6035871,-73.7531703,gmaps_apify,new,2026-08-04T15:09:28.208+00:00
gmap:ChIJd7vflKT0wokROG-h1Q4k9Rw,Hair by Dee,hair stylist,(718) 822-2100,,,,"1740 Holland Ave, Bronx, NY 10462",Bronx,New York,40.8454332,-73.8641202,gmaps_apify,new,2026-08-04T15:09:28.208+00:00
gmap:ChIJH_BcLqVYwokRGM2eWHb7yOA,Fabio's Hair & Color Studio,hair stylist,(212) 410-2005,,https://uppereastsidehairsalon.com/,,"1737 2nd Ave, New York, NY 10128",New York,New York,40.780399,-73.9502377,gmaps_apify,new,2026-08-04T15:09:28.208+00:00
gmap:ChIJ1x6f3gFmwokRchlYHFoezA8,Angelica Dominican Beauty Salon,hair stylist,(718) 868-2080,,http://angelicadominicanbea.wix.com/dominicansalon,,"19-05 Mott Ave, Far Rockaway, NY 11691",Far Rockaway,New York,40.6036109,-73.7519989,gmaps_apify,new,2026-08-04T15:09:28.208+00:00
gmap:ChIJMXOcD6powokRAUqkVIrXeOo,Eternity Rose Hair Studio,hair stylist,(347) 939-3012,,,,"10-26 Beach 20th St, Far Rockaway, NY 11691",Far Rockaway,New York,40.6030629,-73.7530483,gmaps_apify,new,2026-08-04T15:09:28.208+00:00
gmap:ChIJLdI3gKlowokREUEycAvCj2w,Ana's Unisex Salon,hair stylist,(718) 471-6196,,,,"6-11 Beach 20th St, Far Rockaway, NY 11691",Far Rockaway,New York,40.6011827,-73.7537695,gmaps_apify,new,2026-08-04T15:09:28.208+00:00
gmap:ChIJY88Osf31wokR-YljcL6I6gk,"Hello Beautiful Braids, Extensions, Hair Cuts & Wig Services",hair stylist,(718) 924-8691,,http://hellobeautifulbraidsandextensions.booksy.com/e/,,"820 St Ann's Ave, Bronx, NY 10456",Bronx,New York,40.821038,-73.909627,gmaps_apify,new,2026-08-04T15:09:28.208+00:00
gmap:ChIJE0M1V0dfwokRsw26GImzB2w,The One Hair Salon,hair stylist,(718) 274-0518,,,,"33-17 30th Ave., Astoria, NY 11103",Astoria,New York,40.766051,-73.918986,gmaps_apify,new,2026-08-04T15:09:28.208+00:00
gmap:ChIJZS3uDLlYwokRNMo_RejiWNc,Living Room Hair Salon,hair stylist,(212) 204-8576,,https://www.livingroomhairsalon.com/,,"1570 1st Ave, New York, NY 10028",New York,New York,40.77392,-73.9511705,gmaps_apify,new,2026-08-04T15:09:28.208+00:00
gmap:ChIJjU83eFCLwokRxQMfaIrB-RE,Cecileah Hair Studio,hair stylist,(718) 759-6931,,,,"3000 Middletown Rd, Bronx, NY 10461",Bronx,New York,40.843731,-73.830107,gmaps_apify,new,2026-08-04T15:09:28.208+00:00
gmap:ChIJyVM_fA9pwokRFJ2exiuxFhE,EA BEAUTY BAR / AFRICAN HAIR BRAIDING,hair stylist,(347) 619-7307,,,,"21-16 Cornaga Ave, Far Rockaway, NY 11691",Far Rockaway,New York,40.602379,-73.7547551,gmaps_apify,new,2026-08-04T15:09:28.208+00:00
gmap:ChIJlQubg1X1wokRe9Hte5dRl3A,Hair Beauty Factory,hair stylist,(201) 365-8805,,,,"1669 Garfield St, Bronx, NY 10460",Bronx,New York,40.842281,-73.8679333,gmaps_apify,new,2026-08-04T15:09:28.208+00:00
gmap:ChIJmU5WK1lZwokRXAbIT2OJhi8,Honeybliss Salon,hair stylist,(212) 288-1676,,http://www.honeyblisssalon.com/,,"1216 Lexington Ave, New York, NY 10028",New York,New York,40.7772049,-73.9574179,gmaps_apify,new,2026-08-04T15:09:28.208+00:00
gmap:ChIJU9OzN6VZwokRWYBSKp0lF3g,ForStyler Hair Professional Salon,hair stylist,(212) 729-3432,,https://forstylerhairsalon.com/,,"1776 2nd Ave, New York, NY 10128",New York,New York,40.7819184,-73.9484132,gmaps_apify,new,2026-08-04T15:09:28.208+00:00
gmap:ChIJMVwZgbtYwokR6jbuGzWOZz4,C & C Hair Salon,hair stylist,(646) 781-9296,,http://c-c-hair-salon-nyc.lany.io/,,"219 E 85th St, New York, NY 10028",New York,New York,40.7779525,-73.9533251,gmaps_apify,new,2026-08-04T15:09:28.208+00:00
gmap:ChIJ51YFZNH0wokRno-aAyjAfmI,Amaiah Beauty Place & Spa,hair stylist,(347) 982-1590,,https://instagram.com/anaruben1141?igshid=YmMyMTA2M2Y=,,"700 Castle Hill Ave, Bronx, NY 10473",Bronx,New York,40.8212953,-73.8483637,gmaps_apify,new,2026-08-04T15:09:28.208+00:00
gmap:ChIJRVcWxbf0wokRDl_EvN8Bzyg,Jan Hair Color Studio Inc.,hair stylist,(347) 657-1291,,,,"2150 Westchester Ave, Bronx, NY 10462",Bronx,New York,40.8338688,-73.8527051,gmaps_apify,new,2026-08-04T15:09:28.208+00:00
gmap:ChIJJ3mwXdH0wokRIVNWWqsJ1f4,D'johanny Beauty Salon,hair stylist,(347) 810-9382,,,,"684 Castle Hill Ave, Bronx, NY 10473",Bronx,New York,40.8209498,-73.8482734,gmaps_apify,new,2026-08-04T15:09:28.208+00:00
gmap:ChIJgyYU5RP2wokRpKhC7xk4Mt4,Honey Salon Inc,hair stylist,(212) 663-0100,,http://www.honeysalonnyc.com/,,"174 St Nicholas Ave, New York, NY 10026",New York,New York,40.8053793,-73.9521927,gmaps_apify,new,2026-08-04T15:09:28.208+00:00
gmap:ChIJmy9_yTSJwokRwQ8_EtVa_-I,Hair Studio,hair stylist,(718) 225-0627,,,,"252-01 Northern Blvd, Little Neck, NY 11362",Little Neck,New York,40.7699589,-73.736383,gmaps_apify,new,2026-08-04T15:09:28.208+00:00
gmap:ChIJ6XAlWwBpwokR2L-Sm4scpGY,His and Hers on the Rock,hair stylist,(929) 766-8621,,,,"92-03 Rockaway Beach Blvd, Rockaway Beach, NY 11693",Rockaway Beach,New York,40.5862371,-73.8155198,gmaps_apify,new,2026-08-04T15:09:28.208+00:00
gmap:ChIJLy5EAQJpwokRzhsf_aQ6djE,L RD hair salon,hair stylist,(718) 471-5192,,,,"18-64 Cornaga Ave, Far Rockaway, NY 11691",Far Rockaway,New York,40.6025153,-73.751812,gmaps_apify,new,2026-08-04T15:09:28.208+00:00
gmap:ChIJyYsYRoxowokRd0BuzENA3QE,Impression Beauty Salon,hair stylist,(347) 430-0865,,https://impressionsbeautysalon.com/links/,,"68-20B Rockaway Beach Blvd, Arverne, NY 11692",Arverne,New York,40.5906382,-73.797381,gmaps_apify,new,2026-08-04T15:09:28.208+00:00
gmap:ChIJefSCFiphwokR_hlSDGFOWN8,Y&S hair salon lnc 艺术美发沙龙 剪发 染发 烫发 接发 蛋白矫正拉直 潮色 画染 理发店,hair stylist,(929) 705-1886,,,,"35-22 Union St, Flushing, NY 11354",Flushing,New York,40.764811,-73.828299,gmaps_apify,new,2026-08-04T15:09:28.208+00:00
gmap:ChIJLfzQbBP2wokR0kwJuOHVRQ0,The Club by Dominik Mager Hair Salon ✂,hair stylist,(212) 222-1346,,https://www.theclubbydm.com/,,"2276 Frederick Douglass Blvd, New York, NY 10027",New York,New York,40.8082968,-73.9521815,gmaps_apify,new,2026-08-04T15:09:28.208+00:00
gmap:ChIJj6BzSgz3wokRpr4M0Vk9Ca4,Wilde & Co. | Hair Salon + Barber Shop,hair stylist,(646) 649-5381,,http://www.wildeandcosalon.com/,,"52 Tiemann Pl, New York, NY 10027",New York,New York,40.815246,-73.9594075,gmaps_apify,new,2026-08-04T15:09:28.208+00:00
gmap:ChIJ324u1rpYwokRxcDKKta2juo,Davida Salon,hair stylist,(212) 722-5900,,https://davidasalonny.com/,,"1711 2nd Ave FRNT 1, New York, NY 10128",New York,New York,40.7797015,-73.9507462,gmaps_apify,new,2026-08-04T15:09:28.207+00:00
gmap:ChIJ4Z0018z1wokR0v_BqwRZY7Y,Carmen All Stars Beauty Salon & SPA,hair stylist,(718) 616-8467,,https://allstarbeautyspa.square.site/,,"653 E 182nd St, Bronx, NY 10457",Bronx,New York,40.8512611,-73.8882827,gmaps_apify,new,2026-08-04T15:09:28.207+00:00
gmap:ChIJ3xNoNUKLwokR49UJX5z4sfs,Betty Boop Hair Salon,hair stylist,(718) 684-1682,,http://bettyboophairsalon.net/,,"3552 E Tremont Ave, Bronx, NY 10465",Bronx,New York,40.829795,-73.8256748,gmaps_apify,new,2026-08-04T15:09:28.207+00:00
gmap:ChIJIWgYY-BhwokRJ8mItu5TXfw,Y-F Elegant Beauty Salon,hair stylist,(718) 229-1900,,https://www.y-felegantbeautysalon.com/,,"42-22 Bell Blvd, Bayside, NY 11361",Bayside,New York,40.7620804,-73.7704393,gmaps_apify,new,2026-08-04T15:09:28.207+00:00
gmap:ChIJBzu-yhFgwokRZsAksfUyi0U,DV Hair Studio,hair stylist,(718) 886-0336,,https://www.instagram.com/dvhairstudio/?hl=en,,"142-09 37th Ave, Flushing, NY 11354",Flushing,New York,40.76271,-73.827192,gmaps_apify,new,2026-08-04T15:09:28.207+00:00
gmap:ChIJvdgFs75YwokRzKhBAtRlMCY,Mure Salon,hair stylist,(212) 628-5393,,https://www.muresalon.com/,,"1566 2nd Ave, New York, NY 10028",New York,New York,40.774834,-73.953776,gmaps_apify,new,2026-08-04T15:09:28.207+00:00
gmap:ChIJbxEITj1hwokRPajluLFQQRg,Wow Hair Salon,hair stylist,(956) 506-9999,,http://wowhairsalonny.com/,,"213-02 42nd Ave Suite 5, Bayside, NY 11361",Bayside,New York,40.7624173,-73.7710902,gmaps_apify,new,2026-08-04T15:09:28.207+00:00
gmap:ChIJS3CNPVD0wokR8T1eoM5Lc04,"Nubian Hair Studio, LLC",hair stylist,(718) 378-0800,,https://nubianhairstudiollc.com/,,"767 E 169th St, Bronx, NY 10456",Bronx,New York,40.8309432,-73.899682,gmaps_apify,new,2026-08-04T15:09:28.207+00:00
gmap:ChIJy8FFeEdfwokRfymTxcZO5jA,ART ROOM HAIR SPA,hair stylist,(917) 745-0456,,http://www.artroomhairspa.com/,,"31-08 30th Ave. 2nd floor, Astoria, NY 11102",Astoria,New York,40.766572,-73.921154,gmaps_apify,new,2026-08-04T15:09:28.207+00:00
gmap:ChIJbYGsYlJpwokRimY21be3mj8,Rock Rock Hair,hair stylist,(646) 580-3860,,https://www.rockrocknyc.com/,,"88-08 Rockaway Beach Blvd, Rockaway Beach, NY 11693",Rockaway Beach,New York,40.5874412,-73.8134634,gmaps_apify,new,2026-08-04T15:09:28.207+00:00
gmap:ChIJu3PT30ZowokRblj1GjPv6kw,Clicqers Beauty Salon,hair stylist,(718) 945-2500,,,,"91-21 Rockaway Beach Blvd, Far Rockaway, NY 11693",Far Rockaway,New York,40.5864382,-73.8152277,gmaps_apify,new,2026-08-04T15:09:28.207+00:00
gmap:ChIJNbMWYaphwokRAQrPDIQ65bo,Super Skills Hair Salon,hair stylist,(917) 622-5805,,,,"135-23 40th Rd, Flushing, NY 11354",Flushing,New York,40.7588064,-73.8308541,gmaps_apify,new,2026-08-04T15:09:28.207+00:00
gmap:ChIJ7TduMV1fwokRXjrZNftcGbA,Immagine Hair Salon,hair stylist,(718) 777-0690,,https://instagram.com/immagine_hair_salon?utm_source=qr&igshid=MzNlNGNkZWQ4Mg==,,"28-06 23rd Ave, Astoria, NY 11105",Astoria,New York,40.7753272,-73.914462,gmaps_apify,new,2026-08-04T15:09:28.207+00:00
gmap:ChIJuQkS_geLwokRMKooc3zoCyA,Lady & J'Style Beauty Salon,hair stylist,(917) 668-6084,,https://www.vagaro.com/ladyandjstyle,,"1829 Hobart Ave, Bronx, NY 10461",Bronx,New York,40.8481787,-73.8316505,gmaps_apify,new,2026-08-04T15:09:28.207+00:00
gmap:ChIJN6zNZX-KwokRP79kDCxtGV4,RivaSalon,hair stylist,(718) 661-1900,,https://rivasalon.com/,,"34-03 Francis Lewis Blvd, Flushing, NY 11358",Flushing,New York,40.7660701,-73.7893543,gmaps_apify,new,2026-08-04T15:09:28.207+00:00
gmap:ChIJbSXbt11fwokRRhw4wTIzRaY,Beauty Social Salon | Hair Color & Highlights Experts,hair stylist,(718) 440-3370,,http://www.beautysocialsalon.com/,,"24-20 Ditmars Blvd, Astoria, NY 11105",Astoria,New York,40.778729,-73.914721,gmaps_apify,new,2026-08-04T15:09:28.207+00:00
gmap:ChIJExVOKJT1wokRklGB4evhqWE,TONI ANDRI SALON - Bronx / Morris Park Ave,hair stylist,(347) 691-3139,,http://www.toniandrisalon.com/,,"931 Morris Park Ave, Bronx, NY 10462",Bronx,New York,40.847387,-73.8585109,gmaps_apify,new,2026-08-04T15:09:28.207+00:00
gmap:ChIJWxB8f8lhwokRVHY6CbCIuxI,Nova Salon,hair stylist,(516) 833-0606,,https://www.novasalonnyc.com/,,"135-20 39th Ave Ste 163 (LL, Flushing, NY 11354",Flushing,New York,40.7596675,-73.8313858,gmaps_apify,new,2026-08-04T15:09:28.207+00:00
gmap:ChIJrXWjZg5gwokRexHtaIH86qg,MG Artistic Hair Salon,hair stylist,(718) 886-1368,,https://mghairartistic.com/,,"133-42 39th Ave Ste 202, Flushing, NY 11354",Flushing,New York,40.7592419,-73.8325608,gmaps_apify,new,2026-08-04T15:09:28.207+00:00
gmap:ChIJ0-u0IZKLwokRY4J55hM7vig,Lola's Hair & Beauty Boutique,hair stylist,(347) 240-2322,,,,"1753 Crosby Ave, Bronx, NY 10461",Bronx,New York,40.8464979,-73.8320818,gmaps_apify,new,2026-08-04T15:09:28.207+00:00
gmap:ChIJw207gKlowokR8E8ZFb_C88c,Sonia's Unisex Salon,hair stylist,(718) 327-1077,,,,"7-11 Beach 20th St, Far Rockaway, NY 11691",Far Rockaway,New York,40.6019552,-73.7535583,gmaps_apify,new,2026-08-04T15:09:28.207+00:00
gmap:ChIJHYcVjVphwokRC4EqgNHDUSY,THE HAIR SALON BY EUN ME BANG,hair stylist,(718) 321-0202,,https://thehairsalonbyeunme.com/,,"42-01 162nd St, Flushing, NY 11358",Flushing,New York,40.7601389,-73.8039051,gmaps_apify,new,2026-08-04T15:09:28.207+00:00
gmap:ChIJX3yQKTjzwokRqjZ1fnWnxcg,MindBodyHair Salon,hair stylist,(718) 324-1037,,https://mindbodyhair.com/,,"1446 Williamsbridge Rd, Bronx, NY 10461",Bronx,New York,40.8434335,-73.8448628,gmaps_apify,new,2026-08-04T15:09:28.207+00:00
gmap:ChIJ45zTzQNfwokRSGqNnTMnNz4,DY Hair Salon Astoria,hair stylist,(718) 440-9235,,http://dyhairsalon.com/,,"21-12 31st St, Astoria, NY 11105",Astoria,New York,40.7778418,-73.9088844,gmaps_apify,new,2026-08-04T15:09:28.207+00:00
gmap:ChIJ1d1dpKX0wokRuOh9Gn_o11c,The Stage Hair Salon,hair stylist,(718) 684-3200,,https://thestagehairsalonny.com/,,"1015 Morris Park Ave Frnt 3, Bronx, NY 10462",Bronx,New York,40.8486016,-73.8558506,gmaps_apify,new,2026-08-04T15:09:28.207+00:00
gmap:ChIJGbE7CpVhwokRm2KZnbppYe8,Si Seung Hee Hair Salon,hair stylist,(718) 461-2113,,,,"149-48 41st Ave, Flushing, NY 11355",Flushing,New York,40.7623707,-73.814113,gmaps_apify,new,2026-08-04T15:09:28.207+00:00
gmap:ChIJq6rr3NH0wokR21FkUyTQjno,New Glamour By Andrea Corp,hair stylist,(347) 293-8127,,,,"841 Castle Hill Ave, Bronx, NY 10473",Bronx,New York,40.8243789,-73.8495218,gmaps_apify,new,2026-08-04T15:09:28.207+00:00
gmap:ChIJOw8tAKNYwokRvxjmfjmPLO4,"Goodbye Clutter, Inc.",home organizer,(212) 828-0000,,http://www.goodbyeclutter.com/,,"51 E 90th St, New York, NY 10128",New York,New York,40.7833974,-73.9563754,gmaps_apify,new,2026-08-04T15:09:23.401+00:00
gmap:ChIJbVog-MFYwokRh57Pz5HPZ4I,The Organizing Zone - Professional Organizer,home organizer,(917) 375-0631,,http://www.theorganizingzone.com/,,"315 E 69th St Apt 9d, New York, NY 10021",New York,New York,40.7666528,-73.9587559,gmaps_apify,new,2026-08-04T15:09:23.401+00:00
gmap:ChIJdXWTFPlZwokR-QCNUIPu88I,Full Service Living,home organizer,(201) 674-0670,,https://www.fullserviceliving.com/?utm_source=google&utm_medium=GBP,,"249 W 34th St., New York, NY 10001",New York,New York,40.7520315,-73.9922908,gmaps_apify,new,2026-08-04T15:09:23.401+00:00
gmap:ChIJH8DgS7xYwokRzvL5znjbBLs,"Organizing Goddess, Inc.",home organizer,(212) 510-7823,,http://www.organizinggoddess.com/,,"151 E 83rd St, New York, NY 10028",New York,New York,40.7774024,-73.9561419,gmaps_apify,new,2026-08-04T15:09:23.401+00:00
gmap:ChIJgcjJ_u3C-EsRpR1w6A094c4,An Edited Space,home organizer,(914) 815-0298,,https://www.aneditedspace.com/,,,Queens,NY,40.6971415,-73.979506,gmaps_apify,new,2026-08-04T15:09:23.401+00:00
gmap:ChIJzdbFLgFmwokRjeLPBnkysnM,Empire Closets Inc.,home organizer,(718) 712-4244,,https://empireclosets.com/,,"14-14 Brunswick Ave, Far Rockaway, NY 11691",Far Rockaway,New York,40.6080728,-73.7510186,gmaps_apify,new,2026-08-04T15:09:23.401+00:00
gmap:ChIJTXrFLvtZwokR4gF7j9FH3wI,Dorothy's Home Organizing,home organizer,(646) 280-6223,,,,"274 E 10th St, New York, NY 10009",New York,New York,40.728143,-73.9833112,gmaps_apify,new,2026-08-04T15:09:23.401+00:00
gmap:ChIJEXW5AXVZwokRNpR7DAQZXGI,Lifestyle Management Services NYC | Organize Me,home organizer,(212) 842-8301,,https://organizeme-inc.com/,,"300 W 145th St, New York, NY 10039",New York,New York,40.8228868,-73.942591,gmaps_apify,new,2026-08-04T15:09:23.401+00:00
gmap:ChIJw9cMi5JZwokRJ-lEN3nG7R4,DwellWell,home organizer,(212) 460-9655,,http://www.dwellwellnyc.com/,,"5 White St #4b, New York, NY 10013",New York,New York,40.7191881,-74.005841,gmaps_apify,new,2026-08-04T15:09:23.401+00:00
gmap:ChIJMSlTDiFZwokRf74MXdGY5Y4,apartmentjeanie,home organizer,(917) 426-7488,,https://apartmentjeanie.com/,,"510 E 14th St, New York, NY 10009",New York,New York,40.7298885,-73.9796587,gmaps_apify,new,2026-08-04T15:09:23.401+00:00
gmap:ChIJ8c-V3YYPQy8RGpElxQZe0Xk,Hither Hive,home organizer,(917) 277-4177,,https://hitherhive.com/?utm_source=gbp&utm_medium=local&utm_campaign=website_clicks,,"167 Madison Ave, New York, NY 10016",New York,New York,40.7469073,-73.9833069,gmaps_apify,new,2026-08-04T15:09:23.401+00:00
gmap:ChIJM9fy5x9gwokRzaiVmtTjcyQ,Dr Ace of Space,home organizer,(917) 834-0621,,http://www.draceofspace.com/,,"667 Degraw St, Brooklyn, NY 11217",Brooklyn,New York,40.678405,-73.9808866,gmaps_apify,new,2026-08-04T15:09:23.401+00:00
gmap:ChIJW-YuhKRraKgRyMGM2Ek_PFA,Aristotle Organizing Brooklyn | Home Organiser Company in Brooklyn,home organizer,(917) 819-5855,,https://aristotle-organizing.com/,,"49 5th Ave #1053, Brooklyn, NY 11217",Brooklyn,New York,40.6812386,-73.976912,gmaps_apify,new,2026-08-04T15:09:23.401+00:00
gmap:ChIJY1TshrpbwokRBcrVviplvyQ,Urban Clarity,home organizer,(917) 319-3385,,https://www.urbanclarity.net/,,"378 Adelphi St, Brooklyn, NY 11238",Brooklyn,New York,40.6863935,-73.97071,gmaps_apify,new,2026-08-04T15:09:23.401+00:00
gmap:ChIJb-WxfhVkuA8RL2X2EhxEOuo,ORG NYC,home organizer,(646) 687-3057,,https://org.nyc/,,"25 Park Row, New York, NY 10038",New York,New York,40.7114529,-74.0074527,gmaps_apify,new,2026-08-04T15:09:23.401+00:00
gmap:ChIJBWKfBBlfwokR4vcSdmw7Nh4,Custom Closets A&G Designs - Queens & NYC,home organizer,(347) 393-1405,,https://www.agdesigncabinets.com/locations/new-york-queens/,,"33-33 82nd St Suite 2k, Jackson Heights, NY 11372",Jackson Heights,New York,40.7544323,-73.8849306,gmaps_apify,new,2026-08-04T15:09:23.401+00:00
gmap:ChIJKSgRUS1FwokRNChHDxz7YPc,Organicer,home organizer,(718) 676-4717,,http://www.shoporganicer.com/,,"4802 13th Ave, Brooklyn, NY 11219",Brooklyn,New York,40.6356924,-73.9919328,gmaps_apify,new,2026-08-04T15:09:23.401+00:00
gmap:ChIJuy4e8jxNwokR73U9roZzbwc,Bella Systems Custom Closets NYC,home organizer,(917) 272-9883,,https://bellasystems.com/new-york-city-4/?utm_campaign=gmb&utm_medium=organic&utm_source=gmb,,"1919 Hylan Blvd Ste 8, Staten Island, NY 10305",Staten Island,New York,40.5830767,-74.0969839,gmaps_apify,new,2026-08-04T15:09:23.401+00:00
gmap:ChIJq-4Z2TSJwokRuRba5kKgsdw,Zeal Home Care Services,home organizer,(516) 595-4435,,http://zealhomecareservices.com/,,,Queens,NY,40.7327934,-73.841059,gmaps_apify,new,2026-08-04T15:09:23.401+00:00
gmap:ChIJQTwM0HtMwokRK01S3VGCNYI,Organizing.Buzz,home organizer,(917) 887-8672,,http://www.organizing.buzz/,,"36 Country Dr N, Staten Island, NY 10314",Staten Island,New York,40.5880365,-74.1628677,gmaps_apify,new,2026-08-04T15:09:23.401+00:00
gmap:ChIJiwGL2zP3wokRhglbJNqigV0,Organize Everything,home organizer,(646) 389-1243,,,,,Queens,NY,40.6860039,-73.8783995,gmaps_apify,new,2026-08-04T15:09:23.401+00:00
gmap:ChIJE0rRuib3wokR7OliawN-2CA,Pluff Interiors,home organizer,(917) 652-1548,,,,"1850 Amsterdam Ave Ste 2D, New York, NY 10031",New York,New York,40.8295437,-73.9448453,gmaps_apify,new,2026-08-04T15:09:23.401+00:00
gmap:ChIJN8E7KJBMwokRAlG_IbGfHUg,Custom Closets and More,home organizer,(718) 477-1107,,http://www.customclosetsandmore.com/,,"3801 Victory Blvd Ste 4, Staten Island, NY 10314",Staten Island,New York,40.5973185,-74.1828036,gmaps_apify,new,2026-08-04T15:09:23.401+00:00
gmap:ChIJFYmKo5PDtgAR5g7OqUTvOM8,Mya Home Organization & Tidying,home organizer,(646) 809-7787,,,,,Queens,NY,40.7896056,-73.9325584,gmaps_apify,new,2026-08-04T15:09:23.401+00:00
gmap:ChIJJ9OpK9eNOUERUh7MCqJbtj4,Design & Order Co.,home organizer,(917) 962-6429,,https://www.designorder.co/,,,Queens,NY,40.6971415,-73.979506,gmaps_apify,new,2026-08-04T15:09:23.401+00:00
gmap:ChIJJUiG3wMhcowR21xpogF5w6k,Mya Home Organization & Tidying,home organizer,(609) 648-5898,,,,,Queens,NY,40.7896056,-73.9325584,gmaps_apify,new,2026-08-04T15:09:23.401+00:00
gmap:ChIJj-BqK-H3wokRFxi9i68SNdc,Sage Organization & Design,home organizer,(608) 658-4082,,http://www.sageorganization.com/,,,Queens,NY,40.716628,-73.9448356,gmaps_apify,new,2026-08-04T15:09:23.401+00:00
gmap:ChIJFTnTwgcgYkMR9dBY1CY9v2s,"Organized, by Jacob",home organizer,(209) 918-3066,,http://organizedbyjacob.com/,,,Queens,NY,40.6860039,-73.8783995,gmaps_apify,new,2026-08-04T15:09:23.401+00:00
gmap:ChIJu4nDgxpfwokRhN4SfmmIMxA,Michaels,home organizer,(718) 371-0480,,https://locations.michaels.com/NY/Woodside/5715/?utm_source=Google&utm_medium=Maps&utm_campaign=Google+Places,,"Tower Square Shopping Center, 51-06 Northern Blvd, Woodside, NY 11377",Woodside,New York,40.7521138,-73.9094274,gmaps_apify,new,2026-08-04T15:09:23.401+00:00
gmap:ChIJB06mz6NYwokR9e4o9kjSEuM,S Feldman Housewares,home organizer,(212) 289-7367,,https://sfeldmanhousewares.com/,,"1304 Madison Ave, New York, NY 10128",New York,New York,40.785057,-73.956062,gmaps_apify,new,2026-08-04T15:09:23.401+00:00
gmap:ChIJ3wITZqFYwokRGMzvhojKwFI,NouvelleView,home organizer,(646) 642-6954,,http://www.nouvelleview.com/?utm_source=gmb,,"1235 Park Ave #12ab, New York, NY 10128",New York,New York,40.786184,-73.9524625,gmaps_apify,new,2026-08-04T15:09:23.401+00:00
gmap:ChIJP7CdLayJwokR2FrqmcyLKFs,"California Closets - East Side, NY",home organizer,(212) 517-7877,,https://www.locations.californiaclosets.com/california-closets-new-york-ny-1ce606f8cd77?utm_source=GMB&utm_medium=local&utm_campaign=GMB,,"1629 York Ave, New York, NY 10028",New York,New York,40.775747,-73.9475113,gmaps_apify,new,2026-08-04T15:09:23.401+00:00
gmap:ChIJl1BvVe9YwokR4KBJ3URkbcU,The Perfect Wife Concierge NYC,home organizer,(305) 213-2801,,http://www.theperfectwifeconcierge.com/,,"1775 York Ave, New York, NY 10128",New York,New York,40.780183,-73.944578,gmaps_apify,new,2026-08-04T15:09:23.401+00:00
gmap:ChIJGXtMNh_3wokRG7Bs8jseZV0,Sonya Weisshappel,home organizer,(212) 877-3267,,http://www.seriatim.net/,,"405 W 148th St, New York, NY 10031",New York,New York,40.826382,-73.94379,gmaps_apify,new,2026-08-04T15:09:23.401+00:00
gmap:ChIJzzX_cYNZwokRAkngMbFIWtg,Stylish Spaces NY,home organizer,(860) 306-3926,,https://stylishspacesny.com/,,"New York, NY 10010",New York,New York,40.7357754,-73.9791307,gmaps_apify,new,2026-08-04T15:09:23.401+00:00
gmap:ChIJ6Rf5q1tRYwsRrXbnP4Ol41s,Novo Electrical Consulting Inc.,electrician,(347) 201-0456,,http://www.novoelectrical.com/,,,Brooklyn,NY,40.7036855,-73.8783995,gmaps_apify,new,2026-08-04T15:09:21.537+00:00
gmap:ChIJvSZHVDVpwokRFcQaPeqEN34,The Loop Electric,electrician,(312) 690-7944,,,,"1-51 Beach 91st St, Far Rockaway, NY 11693",Far Rockaway,New York,40.5853941,-73.813908,gmaps_apify,new,2026-08-04T15:09:21.537+00:00
gmap:ChIJBTz6smn1wokRrXKbSd1QDxU,Team H Electric,electrician,(347) 465-3927,,,,"370 E 146th St, Bronx, NY 10455",Bronx,New York,40.814177,-73.91986,gmaps_apify,new,2026-08-04T15:09:21.537+00:00
gmap:ChIJv6HuHExhwokRPUd4hPrbJlM,Universal Electrical Services,electrician,(917) 768-4895,,http://universal-electrical-services.com/,,"43-09 192nd St, Flushing, NY 11358",Flushing,New York,40.7574715,-73.7891367,gmaps_apify,new,2026-08-04T15:09:21.537+00:00
gmap:ChIJSVRFxGt7NggRUCfQwrZtTGY,Ritchie's Repairs and Renovations,electrician,(516) 400-5300,,,,"21-22 Nameoke Ave, Far Rockaway, NY 11691",Far Rockaway,New York,40.608165,-73.753206,gmaps_apify,new,2026-08-04T15:09:21.537+00:00
gmap:ChIJCcicnxZ7wokRozOAGIO0hBA,OCEAN ELECTRIC CO.,electrician,(516) 766-8134,,http://oceanelectric.com/,,,Brooklyn,NY,40.7377599,-73.732777,gmaps_apify,new,2026-08-04T15:09:21.537+00:00
gmap:ChIJC9lSKC5owokR_sf__VJCFXg,Urban Tech Electric Inc.,electrician,(646) 772-4403,,http://www.urbantechelectric.com/,,"88-08 Rockaway Beach Blvd, Rockaway Beach, NY 11693",Rockaway Beach,New York,40.5874412,-73.8134634,gmaps_apify,new,2026-08-04T15:09:21.537+00:00
gmap:ChIJyQrIzEOLwokRN4TjnVLEu8I,Golden Licensed Electrician,electrician,(347) 779-2161,,http://goldenlicensedelectrician.com/,,"15-43 130th St, Flushing, NY 11356",Flushing,New York,40.7833952,-73.8383455,gmaps_apify,new,2026-08-04T15:09:21.537+00:00
gmap:ChIJkfYb1T71wokRgvhJm4GFWOA,Eureka Electric Contracting Corp,electrician,(929) 217-0754,,http://eureka-electrical.com/,,"370 E 146th St, Bronx, NY 10455",Bronx,New York,40.814177,-73.91986,gmaps_apify,new,2026-08-04T15:09:21.537+00:00
gmap:ChIJn2b8EKt6wokRohc_nJEtMrs,Lites on Electric,electrician,(516) 578-0377,,http://litesonelectric.com/,,,Brooklyn,NY,40.7377599,-73.7399525,gmaps_apify,new,2026-08-04T15:09:21.537+00:00
gmap:ChIJGYLNTgZnwokRDuwck97afsQ,Wave Crest Licensed Electrician,electrician,(929) 349-7527,,http://wavecrestlicensedelectrician.com/,,"16-11 Central Ave, Far Rockaway, NY 11691",Far Rockaway,New York,40.604869,-73.7519464,gmaps_apify,new,2026-08-04T15:09:21.537+00:00
gmap:ChIJTZ_WEOhpwokRKYcuua2B9ms,Edgemere Licensed Electrician,electrician,(929) 226-0687,,http://edgemerelicensedelectrician.com/,,"4-15 Beach 43rd St, Far Rockaway, NY 11691",Far Rockaway,New York,40.5960175,-73.7751174,gmaps_apify,new,2026-08-04T15:09:21.536+00:00
gmap:ChIJmV3BGgBnwokRmEsBBb5_9_U,ZentoraAxis Power Solutions,electrician,(347) 414-9182,,,,"11-15 Grassmere Terrace, Far Rockaway, NY 11691",Far Rockaway,New York,40.6045582,-73.7571742,gmaps_apify,new,2026-08-04T15:09:21.536+00:00
gmap:ChIJf49MEmlpwokRuac3KNoUb5E,Tidy Electrical,electrician,(929) 299-2150,,https://tidyelectrical.blogspot.com/,,"19-19 Cornaga Ave, Far Rockaway, NY 11691",Far Rockaway,New York,40.6020736,-73.7523888,gmaps_apify,new,2026-08-04T15:09:21.536+00:00
gmap:ChIJ10F1xwj2wokR4wY5Esnd5VU,"Alison Kate Mind, Body, Soul Holistic Healing",life coach,(917) 485-5233,,http://www.alisonkatehealing.com/,,"1890 Lexington Ave, New York, NY 10035, United States",New York,New York,40.799801,-73.940937,gmaps_apify,new,2026-08-04T15:09:15.551+00:00
gmap:ChIJyRHMFaZYwokR6mXUFV01zZk,Life Coach LuRae,life coach,(310) 683-9696,,,,"194 E 97th St, New York, NY 10029, United States",New York,New York,40.7857569,-73.9492538,gmaps_apify,new,2026-08-04T15:09:15.551+00:00
gmap:ChIJAQCwDLdYwokReCZzB02yF6A,Modern Horizons Sober Coaching,life coach,(917) 480-8788,,,,"75 East End Ave, New York, NY 10028, United States",New York,New York,40.772442,-73.946223,gmaps_apify,new,2026-08-04T15:09:15.551+00:00
gmap:ChIJeW4hTKFYwokRxOkQJhLvi84,Webb Egerton - Life Coach,life coach,(917) 822-1227,,http://www.webbegerton.us/,,"57 E 95th St, New York, NY 10128, United States",New York,New York,40.7863761,-73.9539649,gmaps_apify,new,2026-08-04T15:09:15.551+00:00
gmap:ChIJD_5YiwT2wokRJnwGQF-_Tk0,Hypnotist NYC,life coach,(646) 554-3409,,https://hypnotistsnyc.com/,,"123 E 110th St, New York, NY 10029, United States",New York,New York,40.7953442,-73.9451555,gmaps_apify,new,2026-08-04T15:09:15.551+00:00
gmap:ChIJGWGi6r1YwokRvWSONSpLm5c,Mary Kane Life Skills,life coach,(914) 562-9368,,http://www.marykanelifeskills.com/,,"115 E 82nd St, New York, NY 10028, United States",New York,New York,40.7773919,-73.9580731,gmaps_apify,new,2026-08-04T15:09:15.551+00:00
gmap:ChIJ2QW2v8BYwokR5xer2WIBq0M,Peter Pamela Rose Coaching,life coach,(212) 388-2747,,http://www.peterpamelarose.com/,,"330 E 75th St, New York, NY 10021, United States",New York,New York,40.7697616,-73.9550398,gmaps_apify,new,2026-08-04T15:09:15.551+00:00
gmap:ChIJrTQdjLpQwokRTf1XyuNWqkQ,"Linnea Wexler Master Coach, NLP and Hypnotherapy",life coach,(917) 818-7557,,http://www.myempowermentcoach.com/,,"500 E 77th St Unit 1510, New York, NY 10021, United States",New York,New York,40.7695579,-73.9508062,gmaps_apify,new,2026-08-04T15:09:15.551+00:00
gmap:ChIJCcBUgHSKwokRLcnH38LsH_A,3 Elements Healing Arts Center,life coach,(718) 428-6678,,http://www.3ehac.com/,,"34-34 Bell Blvd, Bayside, NY 11361",Bayside,New York,40.769513,-73.774286,gmaps_apify,new,2026-08-04T15:09:15.551+00:00
gmap:ChIJIwp6MrpfwokRaEX5AmWSCdY,Margo's Coaching Solutions LLC,life coach,(917) 340-2248,,https://margoscoaching.org/?utm_campaign=gmb,,"20-47 Steinway St, Astoria, NY 11105",Astoria,New York,40.7752538,-73.902753,gmaps_apify,new,2026-08-04T15:09:15.551+00:00
gmap:ChIJh6RHQnv2wokR_VOrZu4NlOQ,Liz Wolfe Coaching,life coach,(646) 334-9427,,http://www.lizwolfecoaching.com/,,"48 Hamilton Terrace, New York, NY 10031",New York,New York,40.8231194,-73.946487,gmaps_apify,new,2026-08-04T15:09:15.551+00:00
gmap:ChIJadVz-Dv1wokR8r39dO36rrA,Coaching and Leadership development Inc.,life coach,(347) 720-0411,,,,"1961 Gleason Ave, Bronx, NY 10472",Bronx,New York,40.8310913,-73.8589288,gmaps_apify,new,2026-08-04T15:09:15.551+00:00
gmap:ChIJhfOXar1fwokR18aYqiSJrEo,Ferrari Life Coaching,life coach,(929) 691-9661,,,,"54-17 31st Ave Unit 1P, Woodside, NY 11377",Woodside,New York,40.7572971,-73.9065424,gmaps_apify,new,2026-08-04T15:09:15.551+00:00
gmap:ChIJ4fbVmB2LwokRt8D5OKzdiqQ,Astrologer Shiva Spiritual Healings,life coach,(929) 662-0626,,https://www.astropsychickalki.com/,,"150-39 14th Ave, Flushing, NY 11357, United States",Flushing,New York,40.7894054,-73.8123945,gmaps_apify,new,2026-08-04T15:09:15.551+00:00
gmap:ChIJD1GtZ09fwokRkUlANbkWu_A,Andrea Jimenez Coach,life coach,(347) 666-9211,,http://andreajimenezcoach.com/,,"36-27 36th St Ste 2d, Long Island City, NY 11106",Long Island City,New York,40.7539795,-73.9261905,gmaps_apify,new,2026-08-04T15:09:15.551+00:00
gmap:ChIJ3ZWg2WP3wokRRioozTsqpNQ,Real Coaching,life coach,(646) 479-6085,,https://realcoaching.cc/,,"W 117th St, New York, NY 10026, United States",New York,New York,40.8051477,-73.9552582,gmaps_apify,new,2026-08-04T15:09:15.551+00:00
gmap:ChIJ3clog7mLwokRztw8rH200Ag,Narrowing It Down,life coach,(631) 935-4599,,https://narrowing-it-down.ueniweb.com/?utm_campaign=gmb,,"57 Mayflower Ave, Bronx, NY 11787",Bronx,New York,40.8450321,-73.8344271,gmaps_apify,new,2026-08-04T15:09:15.551+00:00
gmap:ChIJf6_nwyUn34ERuNeuFTrwNRg,Sherri Joy Coaching,life coach,(845) 750-4042,,https://www.sherrijoycoaching.com/,,,Queens,NY,40.7657829,-73.9265476,gmaps_apify,new,2026-08-04T15:09:15.551+00:00
gmap:ChIJlSLGVhdfwokRhDPexZWVbWE,The Archetype Circle,life coach,(646) 327-8729,,http://thearchetypecircle.com/,,"24-51 85th St, East Elmhurst, NY 11370",East Elmhurst,New York,40.76359,-73.883741,gmaps_apify,new,2026-08-04T15:09:15.551+00:00
gmap:ChIJOQbtcyr3wokRC5X9XBQfDZY,Jojosenergy,life coach,(917) 532-6707,,http://www.jojosenergy.com/,,"25 W 132nd St, New York, NY 10037, United States",New York,New York,40.8115302,-73.9396101,gmaps_apify,new,2026-08-04T15:09:15.551+00:00
gmap:ChIJ4WGf0juLwokRGTpI7MB0RhA,Jimmy Kong Personal Training / Holistic Health Fitness Coach,life coach,(347) 644-7447,,,,"Powell Cove Park, College Point, NY 11356",College Point,New York,40.7883664,-73.8345204,gmaps_apify,new,2026-08-04T15:09:15.551+00:00
gmap:ChIJv9bjvmZZwokRujcGAKSKR2E,#1 Best Life Coach and Career Coach. Get Unstuck & Move Forward with Confidence!,life coach,(201) 777-0208,,http://annagoldstein.com/,,"184 Kent Ave C407, Brooklyn, NY 11249",Brooklyn,New York,40.7185491,-73.9645909,gmaps_apify,new,2026-08-04T15:09:15.551+00:00
gmap:ChIJZZ8KuUP3wokRVRtnVUgX6CU,Rising From The Ashes Int - RFTA Int. Transformational Leadership Institute,life coach,(929) 459-4124,,http://www.risingfromtheashes.co/,,"New York, NY 10029, United States",New York,New York,40.7916407,-73.9447994,gmaps_apify,new,2026-08-04T15:09:15.551+00:00
gmap:ChIJryv6V6tpwokR7YYiFncstE0,"Coach*Ability, LLC",life coach,(917) 992-7558,,,,"Beach 70th St, Arverne, NY 11692",Arverne,New York,40.5922627,-73.7989149,gmaps_apify,new,2026-08-04T15:09:15.551+00:00
gmap:ChIJsad8ssJnwokRya5ezCnEn8g,Jen Blair Style :Image and Styling Services,life coach,(516) 563-0835,,http://www.jenblairstyle.com/,,"13-21 Dinsmore Ave, Far Rockaway, NY 11691",Far Rockaway,New York,40.6045361,-73.7490172,gmaps_apify,new,2026-08-04T15:09:15.551+00:00
gmap:ChIJW0zCmNpnwokRBCqqKip7fOQ,Soluna Life Coaching,life coach,(718) 635-0742,,,,"146-28 226th St, Jamaica, NY 11413",Jamaica,New York,40.6593159,-73.7556369,gmaps_apify,new,2026-08-04T15:09:15.551+00:00
gmap:ChIJ6adg_SnFgwER86F7xQGDvPQ,Rescript Your Life Now with Roberta Mittman | Holistic Life Coach | New York USA,life coach,(212) 686-0939,,https://rescriptyourlifenow.com/,,"15 E 40th St, New York, NY 10016",New York,New York,40.7519347,-73.9805695,gmaps_apify,new,2026-08-04T15:09:15.551+00:00
gmap:ChIJk4Ia0h5ZwokRKU3uk0252Ao,Daniela Kuntz - Life Coach,life coach,(347) 223-8747,,http://danielakuntz.com/,,"11-27 44th Rd, Long Island City, NY 11101",Long Island City,New York,40.7493233,-73.9483272,gmaps_apify,new,2026-08-04T15:09:15.551+00:00
gmap:ChIJ53IgkQNfwokRoQSOWfbDvgU,Adam Tubero | Life Coach & Anxiety Specialist,life coach,(516) 375-2265,,http://www.anxietycoach.ing/,,"23-01 Steinway St, Astoria, NY 11105",Astoria,New York,40.770787,-73.908126,gmaps_apify,new,2026-08-04T15:09:15.551+00:00
gmap:ChIJ3VZRWqh5HS4Rytsotxqteso,Mind On A Mission,life coach,(866) 379-1469,,http://www.jenabans.com/,,,Queens,NY,40.6971415,-73.9472724,gmaps_apify,new,2026-08-04T15:09:15.551+00:00
gmap:ChIJjwdeKlsi8wkRrY4aEyUzM_U,BestSelf,life coach,(516) 601-4772,,,,,Queens,NY,40.7327934,-73.841059,gmaps_apify,new,2026-08-04T15:09:15.551+00:00
gmap:ChIJ9QHKksBEtgIRdnZelSyyDwI,Legend durand coaching,life coach,(929) 354-3654,,http://legenddurandcoaching.com/,,,Queens,NY,40.6971415,-73.979506,gmaps_apify,new,2026-08-04T15:09:15.551+00:00
gmap:ChIJ6U1AVWhpwokRY7Qxeg8N4rU,theselfesteemcoach,life coach,(917) 396-9872,,,,,Queens,NY,40.601082,-73.7524464,gmaps_apify,new,2026-08-04T15:09:15.551+00:00
gmap:ChIJxaZvnib3wokRexLj0SnGxTs,Sabbath Coaching,life coach,(805) 300-9050,,https://stan.store/Sabbath,,"620 W 153rd St, New York, NY 10031, United States",New York,New York,40.8317842,-73.9483309,gmaps_apify,new,2026-08-04T15:09:15.551+00:00
gmap:ChIJqVhl92D3wokRsZ2vff3kt5A,MTM Coaching and Consulting,life coach,(404) 271-1521,,http://www.megantaylormorrison.com/,,"140 W 130th St Unit #4, New York, NY 10027, United States",New York,New York,40.8114065,-73.9447296,gmaps_apify,new,2026-08-04T15:09:15.551+00:00
gmap:ChIJHeTvtFql7yERKKYHgdpf__4,"Natasha E. Williams, Psychotherapist & Destiny Coach",life coach,(347) 586-8602,,https://www.natashaewilliams.org/,,,Queens,NY,40.732871,-74.0035749,gmaps_apify,new,2026-08-04T15:09:15.551+00:00
gmap:ChIJfWPkhk1pwokRWXaVUefFokY,Dawn Patrol RBNY Surf School,life coach,(813) 405-9475,,https://www.dawnpatrolrbny.com/,,"Beach 69th St, Arverne, NY 11692",Arverne,New York,40.5883003,-73.7975581,gmaps_apify,new,2026-08-04T15:09:15.551+00:00
gmap:ChIJO_XWAoRpwokRd_kP_30VNTI,Clockwork Jiu Jitsu Rockaway Chapter,life coach,(929) 600-7525,,https://clockworkrockaway.com/,,"88-08 Rockaway Beach Blvd Retail A, Rockaway Beach, NY 11693",Rockaway Beach,New York,40.5874412,-73.8134634,gmaps_apify,new,2026-08-04T15:09:15.551+00:00
gmap:ChIJwUkcqVGg3A0RPsiW0L4K5Uk,Legend Durand Coaching,life coach,(929) 354-3654,,https://legenddurandcoaching.com/,,,Queens,NY,40.6971415,-73.979506,gmaps_apify,new,2026-08-04T15:09:15.551+00:00
gmap:ChIJzZZRcrBYwokRfp36luM87KA,"Bruno LoGreco, Master Life Coach",life coach,(917) 940-2683,,,,"420 E 89th St #1c, New York, NY 10128",New York,New York,40.778214,-73.94716,gmaps_apify,new,2026-08-04T15:09:15.551+00:00
gmap:ChIJxa_1ODN7wokRsAKYjmjCgqs,Journey Beyond Divorce,life coach,(516) 695-5169,,http://www.jbddivorcesupport.com/,,"2-29 Beach 100th St, Rockaway Park, NY 11694",Rockaway Park,New York,40.5845906,-73.8217488,gmaps_apify,new,2026-08-04T15:09:15.551+00:00
gmap:ChIJGfq_5aT3wokRBZHO8p-bF0A,"Melissa's Coaching Studio, LLC",life coach,(917) 628-4547,,,,"8 W 126th St 3rd floor, New York, NY 10027, United States",New York,New York,40.807256,-73.9425665,gmaps_apify,new,2026-08-04T15:09:15.551+00:00
gmap:ChIJUaAw5KVYwokRySGMiHS1zws,Renée Spencer Certified Life Coach,life coach,(212) 470-6417,,,,"205 E 95th St, New York, NY 10128, United States",New York,New York,40.7843972,-73.948762,gmaps_apify,new,2026-08-04T15:09:15.551+00:00
gmap:ChIJPZmQz2hfwokR6EOhg2a9xxY,"VersaFit Training, LLC",life coach,(347) 815-3276,,http://www.versafittraining.com/,,"Steinway St, Astoria, NY 11105",Astoria,New York,40.7728193,-73.9061466,gmaps_apify,new,2026-08-04T15:09:15.551+00:00
gmap:ChIJd3B4dN1fwokRSGQBrxVo4YE,Become Super Powerful - Life/Business Coach,life coach,(646) 641-6661,,http://www.becomesuperpowerful.com/,,"41-39 54th St, Woodside, NY 11377",Woodside,New York,40.7445599,-73.9103818,gmaps_apify,new,2026-08-04T15:09:15.551+00:00
gmap:ChIJpSFS1kr3wokRajzx4h5IoSA,Real Life Enterprise,life coach,(646) 703-2625,,https://reallifeenterprise.ueniweb.com/?utm_campaign=gmb,,"120 E 123rd St, New York, NY 10035, United States",New York,New York,40.8032013,-73.939059,gmaps_apify,new,2026-08-04T15:09:15.551+00:00
gmap:ChIJP_TOsrlYwokRv_SL9Spgti4,Life Coach Maria,life coach,(917) 837-5306,,https://www.lifecoachmarianyc.com/contact,,"1527 York Ave, New York, NY 10028, United States",New York,New York,40.7726382,-73.9498213,gmaps_apify,new,2026-08-04T15:09:15.551+00:00
gmap:ChIJUzzUtzQZiYgRtR2XRcnhhhQ,"Emerald Psychic Network, LLC",life coach,(904) 601-7838,,https://www.honeybook.com/widget/emerald_psychic_network_llc_185921/cf_id/629788427a3eda00326c00ae,,"114 W 114th St #2f, New York, NY 10026, United States",New York,New York,40.8009795,-73.9517565,gmaps_apify,new,2026-08-04T15:09:15.551+00:00
gmap:ChIJszMLF5FowokRLi7IpA4xJMw,Excuse Me! Let Me Speak!,life coach,(718) 415-5919,,http://excusemeletmespeak.com/,,"3-38 Beach 48th St, Far Rockaway, NY 11691",Far Rockaway,New York,40.5944907,-73.778785,gmaps_apify,new,2026-08-04T15:09:15.551+00:00
gmap:ChIJzyfUe2-KwokRJn2s3stj8IM,Carol Nack - Life Coach & Psychotherapist,life coach,(347) 683-1330,,https://carolnack.com/?utm_source=Google&utm_medium=GBP&utm_campaign=website+button,,"2 Bay Club Dr Ste E21c, Bayside, NY 11360",Bayside,New York,40.7782352,-73.780929,gmaps_apify,new,2026-08-04T15:09:15.551+00:00
gmap:ChIJhaDuPv1YwokRDDNHrLct2UQ,Vikram Pathak Photography,photographer,(917) 209-6758,,https://vikrampathak.com/,,"Mercedes House, 525 W 52nd St #6b, New York, NY 10019",New York,New York,40.766653,-73.992094,gmaps_apify,new,2026-08-04T15:09:03.211+00:00
gmap:ChIJm1r6H9RZwokRFcI1x7KN2PI,Times Square Photo Studio,photographer,(332) 242-9939,,http://www.timessquarephotostudio.com/,,"138 W 46th St 2nd floor, New York, NY 10036",New York,New York,40.7580176,-73.9839832,gmaps_apify,new,2026-08-04T15:09:03.211+00:00
gmap:ChIJ7-K54SD2wokRIwdTizt-s_w,Dorothy Shi Photography | Corporate & Actor Headshot Photographer NYC,photographer,(212) 864-5931,,https://www.dorothyshiphotography.com/,,"400 Central Prk W, New York, NY 10025",New York,New York,40.794219,-73.9636972,gmaps_apify,new,2026-08-04T15:09:03.211+00:00
gmap:ChIJz2fSVzhowokRFX8gQ-IdpvY,josetusabe,photographer,(718) 713-5500,,,,"Beach 98th St, Rockaway Park, NY 11694",Rockaway Park,New York,40.584757,-73.81957,gmaps_apify,new,2026-08-04T15:09:03.21+00:00
gmap:ChIJj4GriBFpwokR1XSZ6iuZRV0,DarkTide Photo,photographer,(406) 261-2809,,http://darktidephoto.com/,,"Beach 62nd St, Arverne, NY 11692",Arverne,New York,40.5881544,-73.7912932,gmaps_apify,new,2026-08-04T15:09:03.21+00:00
gmap:ChIJ3Vwd5guPFmMRwdzh3akD1sE,Vincente Creative Services,photographer,(917) 742-0633,,https://vincecreative.page/,,,Queens,NY,40.6507535,-73.8711404,gmaps_apify,new,2026-08-04T15:09:03.21+00:00
gmap:ChIJ__c23wJAbEcRzb7wVlwObLU,A.M. Photo,photographer,(347) 669-8865,,,,,Queens,NY,40.601082,-73.7524464,gmaps_apify,new,2026-08-04T15:09:03.21+00:00
gmap:ChIJzRgCLippwokRv0G3MUJkTVA,Tiger White Media LLC,photographer,(347) 670-3303,,,,,Queens,NY,40.6860039,-73.8783995,gmaps_apify,new,2026-08-04T15:09:03.21+00:00
gmap:ChIJ3e9_CvtMtmQR3Vxkt2PUvfQ,Rachel Fellig Photography,photographer,(347) 751-3477,,https://rachelfellig.com/,,,Queens,NY,40.716628,-73.8561849,gmaps_apify,new,2026-08-04T15:09:03.21+00:00
gmap:ChIJSbN-QLjghYcRBfdArZfkqfc,Hanging Orchid Photography,photographer,(516) 580-2943,,https://www.hangingorchidphoto.com/,,,Queens,NY,40.6971415,-73.979506,gmaps_apify,new,2026-08-04T15:09:03.21+00:00
gmap:ChIJKzzmCW9nwokRTsnVlei9auo,Maria Nathalie Photography,photographer,(917) 502-7666,,https://www.nataliemariephotog.com/,,"32-12 Plunkett Ave, Far Rockaway, NY 11691",Far Rockaway,New York,40.61263,-73.7671144,gmaps_apify,new,2026-08-04T15:09:03.21+00:00
gmap:ChIJoXKigIlowokR4d9jSJBfcXM,Portrait and Wedding Photography,photographer,(718) 285-0441,,http://www.orimondphotography.com/contact/,,"4-44 Beach 63rd St, Arverne, NY 11692",Arverne,New York,40.594353,-73.7921889,gmaps_apify,new,2026-08-04T15:09:03.21+00:00
gmap:ChIJVaUdCFVvwokRZJ7uezlTkF8,NaftoliGoldgrabPhotography,photographer,(718) 613-9553,,,,"5-06 Beach 9th St, Far Rockaway, NY 11691",Far Rockaway,New York,40.6005637,-73.7448523,gmaps_apify,new,2026-08-04T15:09:03.21+00:00
gmap:ChIJ22NLR1VpwokRl9pvBN9hTIA,Photography Third Vision LLC,photographer,(347) 957-8636,,,,"20-42 Seagirt Blvd, Far Rockaway, NY 11691",Far Rockaway,New York,40.5959142,-73.7565442,gmaps_apify,new,2026-08-04T15:09:03.21+00:00
gmap:ChIJQ-fIXdZpwokRrTFDATl6Czg,Endless Memories Photography,photographer,(347) 369-4969,,http://endlessmemoriesny.com/,,"72-26 Elizabeth Ave, Arverne, NY 11692",Arverne,New York,40.5954676,-73.8019404,gmaps_apify,new,2026-08-04T15:09:03.21+00:00
gmap:ChIJy_43O9JpwokRvADYOXLYr2k,Shuttersound Pictures,photographer,(516) 512-1386,,http://www.shuttersoundpics.com/,,"69-06 Beach Front Rd, Arverne, NY 11692",Arverne,New York,40.5875881,-73.7979077,gmaps_apify,new,2026-08-04T15:09:03.21+00:00
gmap:ChIJk0eWto1nwokRZW1AudQIoiE,Patchwerkz Photography Studio,photographer,(516) 765-7671,,,,,Queens,NY,40.6971415,-73.938342,gmaps_apify,new,2026-08-04T15:09:03.21+00:00
gmap:ChIJt0ITDYxowokRSxpgJIoJG0M,Pixelated World Studio,photographer,(347) 337-6067,,,,"57-33 Arverne Blvd, Far Rockaway, NY 11692",Far Rockaway,New York,40.592636,-73.788331,gmaps_apify,new,2026-08-04T15:09:03.21+00:00
gmap:ChIJS-CLSVVvwokRqSwAZew2VJw,leah mermelstein,photographer,(718) 327-9803,,http://www.lmermelstein.com/contact/,,"12-30 Caffrey Ave, Far Rockaway, NY 11691",Far Rockaway,New York,40.601595,-73.7474,gmaps_apify,new,2026-08-04T15:09:03.21+00:00
gmap:ChIJhz9ak8eNC2YRW06Xn-xtsUU,Shoot for the Stars Photography,photographer,(347) 962-2849,,https://shootforstarsphotography.com/gallery,,,Queens,NY,40.7327934,-73.841059,gmaps_apify,new,2026-08-04T15:09:03.21+00:00
gmap:ChIJLw7KEeVpwokRN7ke12AeTIc,Life of Riley NYC,photographer,(718) 913-6396,,http://www.lifeofrileynyc.com/,,,Queens,NY,40.6971415,-73.979506,gmaps_apify,new,2026-08-04T15:09:03.21+00:00
gmap:ChIJ77eIRbaDY6YRbohvc7v-9qI,Khi Images,photographer,(347) 563-1189,,https://linktr.ee/Khi.Images,,,Queens,NY,40.6971415,-73.979506,gmaps_apify,new,2026-08-04T15:09:03.21+00:00
gmap:ChIJjeQlpDvIzCoRsR4x9XSaKog,Captured by Kesh,photographer,(718) 764-3027,,,,,Queens,NY,40.6971415,-73.979506,gmaps_apify,new,2026-08-04T15:09:03.21+00:00
gmap:ChIJy_Lk5YsEfwIRVeCYpXhoTmI,AmVet Studio 18 Photography,photographer,(516) 695-8164,,https://causematch.com/shaar/fortheconductor,,,Queens,NY,40.7363,-73.8921693,gmaps_apify,new,2026-08-04T15:09:03.21+00:00
gmap:ChIJy_OIkvR7wokRGGKzMV6FvyI,Adrien Kep Photography,photographer,(516) 754-1319,,,,,Queens,NY,40.6971415,-73.979506,gmaps_apify,new,2026-08-04T15:09:03.21+00:00
gmap:ChIJNepfK-9lwokRBkrNOwNuiC4,LifeCapture Images LTD,photographer,(516) 499-9620,,http://www.lifecaptureimages.com/,,,Queens,NY,40.7327934,-73.841059,gmaps_apify,new,2026-08-04T15:09:03.21+00:00
gmap:ChIJv9m7cR_4CCYR0SNeDr5I_WY,Vincente Creative Services,photographer,(917) 742-0633,,https://vincecreative.page/,,,Queens,NY,40.6507535,-73.8711404,gmaps_apify,new,2026-08-04T15:09:03.21+00:00
gmap:ChIJH6ofpUZowokRkhFWi7AMi4E,CVS Photo,photographer,(718) 318-2700,,https://www.cvs.com/store-locator/rockaway-beach-ny-pharmacies/88-07-rockaway-beach-blvd-rockaway-beach-ny-11693/storeid=2720?WT.mc_id=LS_GOOGLE_PHOTO_PT2720,,"88-07 Rockaway Beach Blvd, Rockaway Beach, NY 11693",Rockaway Beach,New York,40.5866148,-73.8130958,gmaps_apify,new,2026-08-04T15:09:03.21+00:00
gmap:ChIJiUlVja5owokR4aOrohkKk7g,CVS Photo,photographer,(718) 327-2121,,https://www.cvs.com/store-locator/far-rockaway-ny-pharmacies/271-beach-20th-street-far-rockaway-ny-11691/storeid=2442?WT.mc_id=LS_GOOGLE_PHOTO_PT2442,,"2-71 Beach 20th St, Far Rockaway, NY 11691",Far Rockaway,New York,40.5970904,-73.7551864,gmaps_apify,new,2026-08-04T15:09:03.21+00:00
gmap:ChIJ8SRCe8ZmwokRMnc9hmtb-as,MEDIASICK,photographer,(347) 393-9425,,,,"14-64 Beach Channel Dr, Queens, NY 11096",Queens,New York,40.6104408,-73.7532222,gmaps_apify,new,2026-08-04T15:09:03.21+00:00
gmap:ChIJv-rYCOVpwokRgsQgSX9yVoo,Dubt Studios,photographer,(718) 635-4447,,,,"1-49 Beach 59th St, Arverne, NY 11692",Arverne,New York,40.5905399,-73.7890046,gmaps_apify,new,2026-08-04T15:09:03.21+00:00
gmap:ChIJT5C8kDf0wokRTB0teYLaePQ,Quality Photo Studio,photographer,(718) 681-3032,,https://www.qualityphotonyc.com/,,"260 E 167th St, Bronx, NY 10456",Bronx,New York,40.833326,-73.914595,gmaps_apify,new,2026-08-04T15:08:58.288+00:00
gmap:ChIJATxr7TRfwokRBFa-oXIqSNE,Vimagez Photo & Video,photographer,(718) 679-4373,,http://www.vimagez.com/,,"35-42 91st St, Jackson Heights, NY 11372",Jackson Heights,New York,40.7514072,-73.8763579,gmaps_apify,new,2026-08-04T15:08:58.288+00:00
gmap:ChIJay-eiXL0wokR72ZdE73zFfA,New York Photo Studio,photographer,(718) 294-2221,,http://newyorkfotostudio.com/,,"56 W Burnside Ave, Bronx, NY 10453",Bronx,New York,40.8540557,-73.909844,gmaps_apify,new,2026-08-04T15:08:58.288+00:00
gmap:ChIJ_W4h8AFmwokRJn8B2sZ4D9o,Central Photo,photographer,(718) 327-8576,,,,"20-07 Mott Ave, Far Rockaway, NY 11691",Far Rockaway,New York,40.6043189,-73.7532662,gmaps_apify,new,2026-08-04T15:08:58.287+00:00
gmap:ChIJIUf08zZfwokRYXTDhJ0CoQg,Face & Image,photographer,(347) 669-8699,,https://www.faceandimage.com/professional-headshots-nyc/astoria-queens?utm_source=google&utm_medium=organic&utm_campaign=gmb_astoria_link,,"23-48 31st Dr, Astoria, NY 11106",Astoria,New York,40.7642915,-73.9283392,gmaps_apify,new,2026-08-04T15:08:57.223+00:00
gmap:ChIJ_VqS8cBYwokRJugFaHBn1XU,RZF Images,photographer,(212) 879-9200,,http://www.rzfimages.com/,,"340 E 74th St Apt 2C, New York, NY 10021",New York,New York,40.7693044,-73.9557764,gmaps_apify,new,2026-08-04T15:08:57.223+00:00
gmap:ChIJWQ_BkEYu6IkR1DnwQceHy64,Mansi Studios,photographer,(918) 219-7447,,http://www.mansistudios.com/,,"222 E 93rd St, New York, NY 10128",New York,New York,40.7825663,-73.9497031,gmaps_apify,new,2026-08-04T15:08:57.223+00:00
gmap:ChIJ41ke0VyJwokRomzacrHIjEM,JaMoniee Studio,photographer,(718) 666-9528,,https://jamonieestudio.pic-time.com/portfolio,,"242-05 Northern Blvd 2nd fl, Douglaston, NY 11363",Douglaston,New York,40.7655596,-73.7440511,gmaps_apify,new,2026-08-04T15:08:57.223+00:00
gmap:ChIJIaUg-7hbwokR3G75n492eGM,Chace Yang Photo & Video 纽约摄影师,photographer,(718) 501-1996,,http://chaceyang.com/,,"9-11 154th St, Beechhurst, NY 11357",Beechhurst,New York,40.793272,-73.806787,gmaps_apify,new,2026-08-04T15:08:57.223+00:00
gmap:ChIJ-2gfUbb1wokR8LxQZiWLtR0,THE LIFE FILM,photographer,(347) 986-3525,,,,"1072 Elder Ave, Bronx, NY 10472",Bronx,New York,40.8257579,-73.8783385,gmaps_apify,new,2026-08-04T15:08:57.223+00:00
gmap:ChIJK9dE9VqXmQMR4pbpkMZWxLU,The Man Who Takes Pictures | New York Photographer,photographer,(917) 562-5121,,https://www.themanwhotakespictures.com/,,"509 W 163rd St, New York, NY 10032",New York,New York,40.8369983,-73.9398817,gmaps_apify,new,2026-08-04T15:08:57.223+00:00
gmap:ChIJR7ts8ZJv1aoRilLDLRZRAbA,Photographer & Contemporary Artist NYC – Anne Vandycke,photographer,(917) 515-8221,,http://www.annevandycke.com/,,,Queens,NY,40.7731295,-73.957734,gmaps_apify,new,2026-08-04T15:08:57.223+00:00
gmap:ChIJNbpSlkv1wokRpBFPaJKdj88,Micro Wedding Photographer Packages New York,photographer,(646) 736-6687,,,,"851 Grand Concourse, Bronx, NY 10451",Bronx,New York,40.8260847,-73.9238118,gmaps_apify,new,2026-08-04T15:08:57.223+00:00
gmap:ChIJHWXhEt71wokRCW_ef8V93zQ,Headshots by Gareth,photographer,(929) 272-9384,,https://headshotsbygareth.nyc/,,"112 Lincoln Ave, Bronx, NY 10454",Bronx,New York,40.8077415,-73.9290896,gmaps_apify,new,2026-08-04T15:08:57.223+00:00
gmap:ChIJ7_Fg8Gr2wokRMfAd1yFeOr0,Laurie Rhodes,photographer,(646) 734-2591,,https://www.laurierhodes.com/,,"70 La Salle St, New York, NY 10027",New York,New York,40.8126231,-73.9574273,gmaps_apify,new,2026-08-04T15:08:57.223+00:00
gmap:ChIJ4zVPRYNZwokRPMjqLQYcDfo,The Match Artist,photographer,(469) 256-7847,,https://thematchartist.com/new-york-city-dating-photography/?utm_source=google&utm_medium=organic&utm_campaign=gmb-nyc,,"1607 York Ave, New York, NY 10028",New York,New York,40.775257,-73.947964,gmaps_apify,new,2026-08-04T15:08:57.223+00:00
gmap:ChIJ98ipp8BYwokRG5Lk6biTIpg,Funico Studios,photographer,(212) 629-6801,,http://www.funicostudios.com/,,"363 E 76th St, New York, NY 10021",New York,New York,40.770755,-73.954534,gmaps_apify,new,2026-08-04T15:08:57.223+00:00
gmap:ChIJR1tcf1j3wokRZCk3wdP8az0,YourCherish Photography & Doula,photographer,(347) 263-4267,,https://yourcherish.com/?utm_source=google&utm_medium=gbp&utm_campaign=profile_cta,,"301 W 118th St, New York, NY 10026",New York,New York,40.8059941,-73.9546827,gmaps_apify,new,2026-08-04T15:08:57.223+00:00
gmap:ChIJ274-PRz1wokRNuibA8zKNPU,LaBoy Productions,photographer,(646) 281-0911,,http://www.laboyproductions.com/,,"901 Walton Ave, Bronx, NY 10452",Bronx,New York,40.8279544,-73.9240403,gmaps_apify,new,2026-08-04T15:08:57.223+00:00
gmap:ChIJKRPY6HHzwokRX6y0yjkVkms,Put you on Stage,photographer,(917) 979-9801,,http://putyouonstage.com/,,"1199 1280 Lexington Ave Ste 2, New York, NY 10028",New York,New York,40.7800167,-73.955442,gmaps_apify,new,2026-08-04T15:08:57.223+00:00
gmap:ChIJF-KNclBawokRkGHhF1wUHic,De Nueva Photography,photographer,(347) 560-1625,,https://www.denuevaphoto.com/,,"325 E 77th St, New York, NY 10075",New York,New York,40.7716205,-73.9548002,gmaps_apify,new,2026-08-04T15:08:57.223+00:00
gmap:ChIJe-xKRw5gwokRluZgocdhTEM,Wedding Hills,photographer,(718) 321-0539,,http://wedding-hills.com/,,"136-19 38th Ave 4th Floor, Flushing, NY 11354",Flushing,New York,40.7611488,-73.8299955,gmaps_apify,new,2026-08-04T15:08:57.223+00:00
gmap:ChIJq6rqcrxYwokRELeSQmxiykU,Scratch Studios,photographer,(410) 949-6777,,https://scratchstudios.co/,,"214 E 84th St, New York, NY 10028",New York,New York,40.7770189,-73.9542591,gmaps_apify,new,2026-08-04T15:08:57.223+00:00
gmap:ChIJO26OpjhfwokRF8Vv9VsCz0I,Light Click Photo,photographer,(718) 777-1049,,,,"30-10 34th St, Astoria, NY 11103",Astoria,New York,40.765528,-73.9193839,gmaps_apify,new,2026-08-04T15:08:57.223+00:00
gmap:ChIJV1fLXVvBkIgRP_yPlBhzPkU,Zac Green,photographer,(850) 503-0384,,https://thezacgreen.com/,,"274 W 115th St, New York, NY 10026",New York,New York,40.8033013,-73.9553383,gmaps_apify,new,2026-08-04T15:08:57.223+00:00
gmap:ChIJw-G1kQG32YgRtH37U6GyBUQ,Appliance Help and Repair LLC,appliance repair,(786) 788-7156,,https://appliances-help.com/miami-appliance-repair,,"2125 Biscayne Blvd Ste 231, Miami, FL 33137",Miami,Florida,25.7979951,-80.188572,gmaps_apify,new,2026-08-01T22:33:39.376+00:00
gmap:ChIJm2xFWRC32YgR-m0ZBpVWZPw,Proline Appliance Repair Miami,appliance repair,(786) 855-6652,,,,"1124 SW 8th St, Miami, FL 33130",Miami,Florida,25.7657183,-80.2131949,gmaps_apify,new,2026-08-01T22:33:39.376+00:00
gmap:ChIJpdusOqe32YgRNh8cuknZu0k,Owen Parker Appliance repair,appliance repair,(888) 508-1593,,,,"2330 NW 9th St, Miami, FL 33125",Miami,Florida,25.781126,-80.2340593,gmaps_apify,new,2026-08-01T22:33:39.376+00:00
gmap:ChIJeZhXQ3_D2YgR1Aq-RdMvLVQ,Miami Appliance Repair,appliance repair,(786) 234-4044,,https://www.miamiappliancesrepair.com/,,"420 SW 14th Ave Apt 1, Miami, FL 33135",Miami,Florida,25.7690847,-80.2181581,gmaps_apify,new,2026-08-01T22:33:39.376+00:00
gmap:ChIJ0Spv77pG20ERjfBb72jRjbQ,UltraFix Appliance Repair,appliance repair,(305) 547-8157,,https://ultrafix.com/appliance-repair/fl/miami,,"1065 SW 8th St #2078, Miami, FL 33130",Miami,Florida,25.7660753,-80.2124912,gmaps_apify,new,2026-08-01T22:33:39.376+00:00
gmap:ChIJjwpaGxW32YgRliCXETGBBFc,Cristian Rovere Hair Salon and Spa,hair stylist,(305) 424-2727,,http://www.cristianrovere.com/,,"300 SW 18th Terrace Ste 200, Miami, FL 33129",Miami,Florida,25.7601197,-80.2018861,gmaps_apify,new,2026-08-01T22:33:38.912+00:00
gmap:ChIJ_w1-elSx2YgRmhF5tifWGOU,LAB Salon Miami,hair stylist,(305) 448-0540,,https://labsalon.miami/,,"3301 NE 1st Ave Ste 115, Miami, FL 33137",Miami,Florida,25.8078433,-80.1922895,gmaps_apify,new,2026-08-01T22:33:38.912+00:00
gmap:ChIJZ84UeoS22YgRuXKINTuGMCs,Studio-D Brickell,hair stylist,(305) 349-4969,,https://studio-dbrickell.com/,,"900 S Miami Ave #266, Miami, FL 33130",Miami,Florida,25.765007,-80.193822,gmaps_apify,new,2026-08-01T22:33:38.912+00:00
gmap:ChIJ4d3Xn4S22YgRJgAvoeCCa6w,Sean Donaldson Hair - Brickell,hair stylist,(786) 646-9390,,https://seandonaldsonhair.com/?y_source=1_MTAxNTkyNzY5NS03MTUtbG9jYXRpb24ud2Vic2l0ZQ%3D%3D,,"701 S Miami Ave, Miami, FL 33130",Miami,Florida,25.7675066,-80.1929197,gmaps_apify,new,2026-08-01T22:33:38.912+00:00
gmap:ChIJCRmLSo232YgRI1csowj7LXk,Stubborn Hair,hair stylist,(305) 457-8272,,http://stubbornhair.com/,,"2700 N Miami Ave #701, Miami, FL 33127",Miami,Florida,25.8027676,-80.1954152,gmaps_apify,new,2026-08-01T22:33:38.912+00:00
gmap:ChIJHUzOEfK22YgRt4zjZWcwWno,Alvarez Locksmith,locksmith,(305) 325-9099,,https://alvarezlocksmith.com/,,"407 SW 12th Ave # B, Miami, FL 33130",Miami,Florida,25.7692463,-80.2143866,gmaps_apify,new,2026-08-01T22:33:33.478+00:00
gmap:ChIJhYBSNfW32YgRRJO5sBkBKk8,Quickly Locksmith Miami,locksmith,(305) 793-2130,,https://www.quicklymiamilocksmith.com/,,"26 SE 1st St, Miami, FL 33131",Miami,Florida,25.7734399,-80.1927091,gmaps_apify,new,2026-08-01T22:33:33.478+00:00
gmap:ChIJL01elYO32YgR0NZCM5KZbYQ,305 Lockout,locksmith,(305) 562-5688,,https://305lockout.com/,,"276 NE 1st St, Miami, FL 33132",Miami,Florida,25.775169,-80.1889214,gmaps_apify,new,2026-08-01T22:33:33.478+00:00
gmap:ChIJx8HpRPG22YgRC2LaKD0_q-g,Caraballo Locksmith,locksmith,(786) 970-0149,,https://caraballolocksmith.com/?utm_source=omg-gbp&utm_medium=webclick,,"1270 SW 8th St, Miami, FL 33135",Miami,Florida,25.765456,-80.2160752,gmaps_apify,new,2026-08-01T22:33:33.478+00:00
gmap:ChIJrfWqJoW22YgRtvu-Lu3SGPo,My Locksmith Miami,locksmith,(786) 777-8214,,http://www.mylocksmithmiami.com/,,"1060 Brickell Ave # M-1, Miami, FL 33131",Miami,Florida,25.763275,-80.192193,gmaps_apify,new,2026-08-01T22:33:33.478+00:00
gmap:ChIJwWNs8Lq22YgR8ZDQ1gaIrk8,Reyes Landscaping & Maintenance,landscaping,(786) 586-2794,,,,"Miami, FL 33131",Miami,Florida,25.7654443,-80.1846523,gmaps_apify,new,2026-08-01T22:33:30.959+00:00
gmap:ChIJc7kzFEC32YgRlOOUaJdSEJE,APLICANO LANDSCAPING,landscaping,(786) 263-1145,,https://aplicanolandscaping.com/,,"1611 NW 53rd St, Miami, FL 33142",Miami,Florida,25.8238523,-80.2239124,gmaps_apify,new,2026-08-01T22:33:30.959+00:00
gmap:ChIJK8U5X4S22YgRAyyvHK8ozI4,AS4Less Landscaping,landscaping,(305) 316-3884,,https://www.as4less-landscaping.com/,,"80 SW 8th St Suit 2000, Miami, FL 33130",Miami,Florida,25.76575,-80.1948294,gmaps_apify,new,2026-08-01T22:33:30.959+00:00
gmap:ChIJWSbWMf632YgROY5ox-m8cGk,VERDE VERTICAL INC - Vertical Garden Miami,landscaping,(305) 988-7339,,http://www.verdevertical.com/,,"55 NE 5th St, Miami, FL 33132",Miami,Florida,25.7791256,-80.1929109,gmaps_apify,new,2026-08-01T22:33:30.959+00:00
gmap:ChIJxXXCagKCtq0RYHJOBThfpCc,LUXE LANDSCAPING & LAWN CARE OF MIAMI,landscaping,(561) 706-0313,,https://luxelandscapings.com/,,"617 SW 11th St, Miami, FL 33129",Miami,Florida,25.7636035,-80.20441,gmaps_apify,new,2026-08-01T22:33:30.959+00:00
gmap:ChIJ29Kz0ZGx2YgRhGJi6rMgMV0,US LOCKSMITH,locksmith,(786) 408-6002,,http://uslocksmith247.com/,,"150 NW 37th St, Miami, FL 33127",Miami,Florida,25.8109072,-80.19866,gmaps_apify,new,2026-08-01T22:33:28.819+00:00
gmap:ChIJHZ8EeYK32YgR3ECpRdqKlkM,Los Gemelos Locksmith,locksmith,(786) 390-8642,,https://www.losgemeloslocksmith.com/,,"1298 NW 30th St, Miami, FL 33142",Miami,Florida,25.8047117,-80.2172293,gmaps_apify,new,2026-08-01T22:33:28.818+00:00
gmap:ChIJvVuIjJu22YgRFz9ScICTEvM,Quickly Locksmith Miami,locksmith,(305) 984-9922,,https://www.quicklymiamilocksmith.com/,,"2680 NE 2nd Ave, Miami, FL 33137",Miami,Florida,25.8025092,-80.1911017,gmaps_apify,new,2026-08-01T22:33:28.818+00:00
gmap:ChIJhTuCi8i32YgRiwV6kGupHv0,"Lux Leashes - Dog Sitting, Walking & Boarding",dog walker,(305) 487-3553,,http://luxleashes.com/,,"266 SW 10th St, Miami, FL 33130",Miami,Florida,25.7640864,-80.1984031,gmaps_apify,new,2026-08-01T22:33:26.495+00:00
gmap:ChIJIbl18Ce02YgRDOZYeHO8zTQ,Dogs Go Walking Brickell,dog walker,(305) 713-8158,,http://www.dogsgowalking.com/,,"901 Brickell Key Blvd APT 1109, Miami, FL 33131",Miami,Florida,25.7690961,-80.1869119,gmaps_apify,new,2026-08-01T22:33:26.495+00:00
gmap:ChIJdbfK5O-32YgRD0xFmSTHaSs,Paw Central,dog walker,(786) 315-6446,,http://www.pawcentralpet.net/,,"230 NE 4th St, Miami, FL 33132",Miami,Florida,25.7777856,-80.189686,gmaps_apify,new,2026-08-01T22:33:26.495+00:00
gmap:ChIJp0RRv5222YgRpTY7X4tfByA,Paws In The City,dog walker,(305) 922-9488,,http://www.pawsinthecityllc.com/,,"777 Brickell Ave Ste 310, Miami, FL 33131",Miami,Florida,25.766409,-80.189904,gmaps_apify,new,2026-08-01T22:33:26.495+00:00
gmap:ChIJ6WsU2WC22YgR7aI3TKKhIww,Happy Paws Pet Sitting Services Inc,dog walker,(305) 858-1131,,http://www.happypaws-petsitting.com/,,"135 SW 27th Rd, Miami, FL 33129",Miami,Florida,25.7531299,-80.20728,gmaps_apify,new,2026-08-01T22:33:26.495+00:00
gmap:ChIJDU2QCbm32YgR6pncT5he_co,Zenith Appliance Repair LoanDepot,appliance repair,(786) 733-8467,,,,"318 NW 22nd Ave, Miami, FL 33160",Miami,Florida,25.7762097,-80.2313698,gmaps_apify,new,2026-08-01T22:33:26.289+00:00
gmap:ChIJozrBd6VYwokROEO_Ill3O4A,Synergy Fitness Clubs,personal trainer,(212) 426-0909,,http://synergyfitnyc.com/,,"1781 2nd Ave, New York, NY 10128",New York,New York,40.7822216,-73.9489338,gmaps_apify,new,2026-08-01T19:13:14.912+00:00
gmap:ChIJwbNf5_b1wokRdItEMmxp5Rk,"Alpha Training & Therapy, LLC",personal trainer,(917) 828-1021,,https://alphatrainingandtherapy.net/,,"904 Morris Park Ave, Bronx, NY 10462",Bronx,New York,40.8466351,-73.858937,gmaps_apify,new,2026-08-01T19:13:14.912+00:00
gmap:ChIJ1XYPyaD2wokRC9l87653g30,Studio in the Heights,personal trainer,(623) 471-8800,,http://studiointheheights.com/,,"617 W 181st St, New York, NY 10033",New York,New York,40.8497689,-73.9344609,gmaps_apify,new,2026-08-01T19:13:14.912+00:00
gmap:ChIJ_TwiZcDNRIYRA8Sjyzeag2g,Idemo Fit,personal trainer,(347) 432-2309,,https://www.idemofit.com/,,"1378 Lexington Ave, New York, NY 10128",New York,New York,40.7826998,-73.9535978,gmaps_apify,new,2026-08-01T19:13:14.912+00:00
gmap:ChIJczLC2M5hwokRHP1Dw-ejSKI,V Fitness,personal trainer,(718) 423-0968,,,,"194-04 47th Ave, Flushing, NY 11358",Flushing,New York,40.7522213,-73.7868292,gmaps_apify,new,2026-08-01T19:13:14.912+00:00
gmap:ChIJHakgD7BYwokR5Exw2k__1Pc,Joan Pagano Fitness - Author and Women’s Fitness Expert,personal trainer,(212) 722-8116,,https://www.joanpaganofitness.com/meet-joan,,"401 E 89th St, New York, NY 10128",New York,New York,40.7787946,-73.9473849,gmaps_apify,new,2026-08-01T19:13:14.912+00:00
gmap:ChIJ5y4LKSFewokRgSi5wIVpQ4A,The Fitness Detective,personal trainer,(718) 261-3361,,http://www.fitness-detective.com/,,"Box St #529, New York, NY 10033",New York,New York,40.8485907,-73.9322894,gmaps_apify,new,2026-08-01T19:13:14.912+00:00
gmap:ChIJWeyu-aRYwokRIT7F3EekazM,New York Sports Club,personal trainer,(212) 987-7200,,https://www.newyorksportsclubs.com/clubs/91st-3rd,,"1637 3rd Ave, New York, NY 10128",New York,New York,40.7822308,-73.9509295,gmaps_apify,new,2026-08-01T19:13:14.912+00:00
gmap:ChIJzfx68URZwokRTjiQ04P3B3I,Tony James Training,personal trainer,(646) 647-9654,,https://www.tonyjamestraining.com/,,"Carl Schurz Park or will travel to you, 84th and 90th, East End Ave, New York, NY 10028",New York,New York,40.7743336,-73.9434781,gmaps_apify,new,2026-08-01T19:13:14.912+00:00
gmap:ChIJl15ux89ZwokRtjP4x86W6g4,Dekhana Wellness Inc. (Formerly Wellness Within),personal trainer,(929) 640-8489,,https://dekhanawellnessstudio.com/,,"27-05 41st Ave, Queens, NY 11101",Queens,New York,40.7517216,-73.9378125,gmaps_apify,new,2026-08-01T19:13:14.912+00:00
gmap:ChIJC-xcPkn1wokRwRbMM-692dQ,Quantum Elite Training Zumba & Yoga,personal trainer,(347) 941-1536,,,,"534 W 178th St store # 2, New York, NY 10033",New York,New York,40.8465172,-73.9336285,gmaps_apify,new,2026-08-01T19:13:14.912+00:00
gmap:ChIJYQspwF5ZwokRJdPJ0O4q6gI,Refined Muscles,personal trainer,(347) 338-0586,,http://www.refinedmuscles.com/,,"222 E 75th St Unit LC, New York, NY 10021",New York,New York,40.7710754,-73.9582622,gmaps_apify,new,2026-08-01T19:13:14.912+00:00
gmap:ChIJ0fgUSj3LQUYRacB1b2qfd7o,FELIZ FITNESS L.L.C.,personal trainer,(646) 956-6153,,https://www.felizfitnessllc.com/?fbclid=PAAaa0EevXG7rp47MbL4_yx3txMJd_gjws578V1-SBMKfYODC3aaMIEs8JsF4_aem_AaN2t15WPtarGvbudaJJo4XY38sUywLm-ysWiUrRDLZHGnkOsFItxmLNSStgnefJPQg,,,Queens,NY,40.887043,-73.821691,gmaps_apify,new,2026-08-01T19:13:14.912+00:00
gmap:ChIJORcM0KJYwokRBBwZJMKAUH8,Success Fitness Studio,personal trainer,(646) 430-0733,,http://successfitnessstudio.com/,,"62 East, 88th Street, Lower Level., Inside - Park Avenue Medical Arts Center, New York, NY 10128",New York,NY,40.7817191,-73.9570489,gmaps_apify,new,2026-08-01T19:13:14.912+00:00
gmap:ChIJ4c7Rf7xYwokRrcnqR1R27hA,Equinox East 85th Street,personal trainer,(212) 439-8500,,https://www.equinox.com/clubs/new-york/uptown/east85th?cid=gmb,,"203 E 85th St, New York, NY 10028",New York,New York,40.7781173,-73.9540634,gmaps_apify,new,2026-08-01T19:13:14.912+00:00
gmap:ChIJDXKZu_xZwokRrJFg_Vs7TRI,D.Wiggs Fitness Training Studio,personal trainer,(917) 250-9357,,http://dwiggsfitness.com/,,"1612 York Ave, New York, NY 10028",New York,New York,40.7753157,-73.9472628,gmaps_apify,new,2026-08-01T19:13:14.912+00:00
gmap:ChIJNbrTgb5YwokRv5cVKR3a2nQ,Crunch Fitness - 81st Street,personal trainer,(212) 879-6013,,https://www.crunch.com/locations/e-81st-st,,"1438 3rd Ave, New York, NY 10028",New York,New York,40.7760398,-73.9563255,gmaps_apify,new,2026-08-01T19:13:14.912+00:00
gmap:ChIJ_1D1bn-KwokRUxfHYKTxaO8,Vibez Studio,personal trainer,(347) 889-6987,,https://www.vibezstudio.com/,,"32-43 Francis Lewis Blvd, Flushing, NY 11358",Flushing,New York,40.7680672,-73.7904957,gmaps_apify,new,2026-08-01T19:13:14.912+00:00
gmap:ChIJQ7DVdVRbwokR8D2Oukh-Z3g,Marinejonfit,personal trainer,(347) 605-3936,,http://www.marinejonfit.com/,,"41-18 Crescent St, Long Island City, NY 11101",Long Island City,New York,40.7518385,-73.939742,gmaps_apify,new,2026-08-01T19:13:14.912+00:00
gmap:ChIJW5bj9nv2wokRiqTN_zvu-kw,New York Sports Club,personal trainer,(212) 234-0016,,https://www.newyorksportsclubs.com/clubs/145th-frederick-douglass-blvd,,"303 W 145th St, New York, NY 10039",New York,New York,40.8231394,-73.9420634,gmaps_apify,new,2026-08-01T19:13:14.912+00:00
gmap:ChIJu7p-3fv0wokRS_krT-3nj-4,DARO'S EXTREME FITNESS,personal trainer,(718) 500-7070,,,,"1125 Bronx River Ave, Bronx, NY 10472",Bronx,New York,40.8259183,-73.8837591,gmaps_apify,new,2026-08-01T19:13:14.912+00:00
gmap:ChIJi7hfkDZfwokR8OrMLVP-nJg,Synergy Fitness Clubs,personal trainer,(718) 267-7700,,https://www.synergyfitnyc.com/,,"23-35 Broadway, Astoria, NY 11106",Astoria,New York,40.7639572,-73.929045,gmaps_apify,new,2026-08-01T19:13:14.912+00:00
gmap:ChIJbQ4shqRYwokRlMNaz-_v4IM,"92NY May Center for Health, Fitness & Sport",personal trainer,(212) 415-5700,,https://www.92ny.org/community/health-fitness,,"1395 Lexington Ave, New York, NY 10128",New York,New York,40.7830352,-73.9527053,gmaps_apify,new,2026-08-01T19:13:14.912+00:00
gmap:ChIJsXNTk6RYwokRRadk2R0KgPk,Equinox East 92nd Street,personal trainer,(212) 671-1884,,https://www.equinox.com/clubs/new-york/uptown/east92nd?cid=gmb,,"203 E 92nd St, New York, NY 10128",New York,New York,40.7827179,-73.9504775,gmaps_apify,new,2026-08-01T19:13:14.912+00:00
gmap:ChIJLfGMb8BYwokRuRgJ274zXas,Equinox East 74th Street,personal trainer,(212) 249-3917,,https://www.equinox.com/clubs/new-york/uptown/east74th?cid=gmb,,"1429 2nd Ave, New York, NY 10021",New York,New York,40.770535,-73.9574653,gmaps_apify,new,2026-08-01T19:13:14.912+00:00
gmap:ChIJ4bQFIs8itwURq05zObJGyo0,Gaby D'Amato Fitness,personal trainer,(718) 614-2527,,https://www.gabydamatofitness.com/,,,Queens,NY,40.7813047,-73.9771184,gmaps_apify,new,2026-08-01T19:13:14.912+00:00
gmap:ChIJEZ2JkZRfwokRB0KWzXh7x38,DEANOFTHEGAME FITNESS,personal trainer,(917) 745-0534,,https://deanofthegame.com/,,"34-01 38th Ave, Astoria, NY 11101",Astoria,New York,40.7523387,-73.9290201,gmaps_apify,new,2026-08-01T19:13:14.912+00:00
gmap:ChIJqyzfKV9ZwokRDFU0a28iXEE,PHIT Well,personal trainer,(646) 398-9184,,https://phitwell.com/,,"171 E 74th St Ste 2-1, New York, NY 10021",New York,New York,40.7714669,-73.9601139,gmaps_apify,new,2026-08-01T19:13:14.912+00:00
gmap:ChIJPW_gC1RZwokRmPq2uk4ehoY,HOT FIT NYC,personal trainer,(212) 933-4847,,https://www.hotfitnyc.com/,,"321 E 75th St, New York, NY 10021",New York,New York,40.7704552,-73.955677,gmaps_apify,new,2026-08-01T19:13:14.912+00:00
gmap:ChIJfRk1MwJhwokRrIKG-40md00,BOLT Fitness,personal trainer,(347) 921-1361,,https://boltfitnesstraining.com/,,"215-05 Northern Blvd Unit A, Bayside, NY 11361",Bayside,New York,40.7608242,-73.7673902,gmaps_apify,new,2026-08-01T19:13:14.912+00:00
gmap:ChIJjXL8Cr9YwokRfcBqNLaQAuE,PushLab Fitness,personal trainer,(212) 249-5071,,https://pushlabfitness.com/,,"249 E 77th St, New York, NY 10075",New York,New York,40.7723507,-73.9564601,gmaps_apify,new,2026-08-01T19:13:14.912+00:00
gmap:ChIJr4YWFC9fwokRIbcw04jRGIo,UNLEASHED NYC,personal trainer,(332) 249-3328,,http://www.crossfitunleashed.com/,,"36-42 37th St, Astoria, NY 11101",Astoria,New York,40.7534063,-73.9259949,gmaps_apify,new,2026-08-01T19:13:14.912+00:00
gmap:ChIJzRZrRi1fwokRcyN6Xrp0e3E,Fitness Lounge,personal trainer,(347) 813-4200,,https://www.fitnessloungenyc.com/,,"25-79 31st St, Long Island City, NY 11102",Long Island City,New York,40.7685952,-73.9194569,gmaps_apify,new,2026-08-01T19:13:14.912+00:00
gmap:ChIJU--mvvRZwokRkjhlIdHJNPg,Juliet Wellness,personal trainer,(917) 751-3286,,http://www.julietwellness.com/,,"506 E 82nd St, New York, NY 10028",New York,New York,40.7728301,-73.948542,gmaps_apify,new,2026-08-01T19:13:14.912+00:00
gmap:ChIJwY0c2m_3wokRiJxfz1qRhqY,Dynamic Movement Systems -Personal Training (tm),personal trainer,(213) 293-8944,,https://dynamicmovementsystems.com/,,"30 E 129th St, New York, NY 10035",New York,New York,40.8082603,-73.9391853,gmaps_apify,new,2026-08-01T19:13:14.912+00:00
gmap:ChIJBwAY5AD1wokRBxuRGm7t1Sc,Iron Punisher Gym,personal trainer,(845) 861-9764,,http://www.ironpunishergym.com/,,"270 Rider Ave, Bronx, NY 10451",Bronx,New York,40.8119769,-73.9276595,gmaps_apify,new,2026-08-01T19:13:14.912+00:00
gmap:ChIJK55kKpn2wokRanmZz9HrvuA,Quantum Elite Training,personal trainer,(347) 355-5850,,https://www.healthiernyc.club/,,"735 W 172nd St, New York, NY 10032",New York,New York,40.8454127,-73.94209,gmaps_apify,new,2026-08-01T19:13:14.912+00:00
gmap:ChIJ_bVAYE33wokRhv1a8w2RJXY,Legit Boxing Coach/Trainer,personal trainer,(917) 584-9499,,,,"Bici, New York, NY 10019",New York,New York,40.8082451,-73.9447093,gmaps_apify,new,2026-08-01T19:13:14.912+00:00
gmap:ChIJT_XUvsD0wokR3XN2pzlv1gc,PureGym Parkchester,personal trainer,(347) 640-5111,,https://www.puregym.com/us/gyms/ny/bronx-1380-metropolitan-avenue?utm_source=local&utm_campaign=gbp-US605-&utm_medium=organic,,"1380 Metropolitan Ave, Bronx, NY 10462",Bronx,New York,40.8353028,-73.860325,gmaps_apify,new,2026-08-01T19:13:14.912+00:00
gmap:ChIJLXG77JNfwokRvEm9qukIS1Y,Vibe Fitness BQE,personal trainer,(607) 842-3348,,https://bqe.vibefitness.com/,,"26-50 Brooklyn Queens Expy W, Woodside, NY 11377",Woodside,New York,40.761397,-73.9021965,gmaps_apify,new,2026-08-01T19:13:14.912+00:00
gmap:ChIJwyMAmb5YwokRWDfaJOI4jeU,The Fitness Office,personal trainer,(914) 863-5614,,http://www.thefitnessoffice.com/,,"219 E 81st St, New York, NY 10028",New York,New York,40.7753709,-73.9553042,gmaps_apify,new,2026-08-01T19:13:14.912+00:00
gmap:ChIJ513mBkVzxYURc0xU-wYOG2g,Lucy Ellis Training LLC,personal trainer,(646) 543-3058,,http://letraining212.com/,,,Queens,NY,40.6971415,-73.979506,gmaps_apify,new,2026-08-01T19:13:14.912+00:00
gmap:ChIJO5gF6omb2CERZfBFr05OD5Y,Elena Lymperi Fitness,personal trainer,(516) 906-9568,,https://elenalymperifitness.com/?utm_source=google&utm_medium=gbp&utm_campaign=organic_traffic,,,Queens,NY,40.7813047,-73.9747275,gmaps_apify,new,2026-08-01T19:13:14.912+00:00
gmap:ChIJ8WQuNPpfwokRnKxyLFjv7ms,Orangetheory Fitness,personal trainer,(917) 814-6272,,https://www.orangetheory.com/en-us/locations/astoria-new-york-1562?utm_medium=seo&utm_source=gg&utm_term=corporate&utm_campaign=soci,,"22-56 31st St, Astoria, NY 11105",Astoria,New York,40.7750966,-73.9123296,gmaps_apify,new,2026-08-01T19:13:14.912+00:00
gmap:ChIJ-afrRLmCyUkRc3g5ZsTDnQM,Ed Feliciano - Private Personal Trainer NYC,personal trainer,(347) 646-8361,,https://www.edfeliciano.com/,,,Queens,NY,40.7813047,-73.9771184,gmaps_apify,new,2026-08-01T19:13:14.912+00:00
gmap:ChIJAQAAwLtYwokR-_ZE-1iA7VQ,William J. Harris - Celebrity Personal Trainer,personal trainer,(212) 365-0132,,,,"2nd Ave, New York, NY 10028",New York,New York,40.7767254,-73.952076,gmaps_apify,new,2026-08-01T19:13:14.912+00:00
gmap:ChIJG3fgcsb3wokRdYnidE0duA4,Anwuli Ilegbe GYROTONIC Studio,personal trainer,(917) 965-2215,,https://www.anwuliilegbe.com/,,"226 W 141st St #1A, New York, NY 10030",New York,New York,40.8197116,-73.9427909,gmaps_apify,new,2026-08-01T19:13:14.912+00:00
gmap:ChIJOxjFB3iKwokRGJf1xWPrJpI,Butch's Boxing & MMA,personal trainer,(646) 421-9749,,http://www.ny-mma.com/,,"203-18 35th Ave, Bayside, NY 11361",Bayside,New York,40.7662921,-73.7837639,gmaps_apify,new,2026-08-01T19:13:14.912+00:00
gmap:ChIJtc76J_JZwokR23xfS0Q9tbA,Concierge Movement,personal trainer,(917) 208-5466,,http://conciergemovement.com/,,"315 E 68th St, New York, NY 10065",New York,New York,40.7662371,-73.9596022,gmaps_apify,new,2026-08-01T19:13:14.912+00:00
gmap:ChIJoTmE65FZwokR9S7e_9MZlz4,Queens NYC Personal Training and Nutrition Coaching,personal trainer,(484) 755-4610,,http://fitnesstrainer.nyc/,,"23-10 41st Ave, Long Island City, NY 11101",Long Island City,New York,40.7526544,-73.940299,gmaps_apify,new,2026-08-01T19:13:14.912+00:00
gmap:ChIJza183i1gwokRCMEHJCta5j4,Studio Square S (Pilates& Yoga),personal trainer,(917) 745-7203,,http://studiosquares.com/,,"165-19 Northern Blvd, Flushing, NY 11358",Flushing,New York,40.7600219,-73.8004111,gmaps_apify,new,2026-08-01T19:13:14.912+00:00
gmap:ChIJvwB4KFdfwokRUoKlQvyWvPY,NinjaBear NYC,personal trainer,(718) 500-0276,,http://www.ninjabearnyc.com/,,"35-52 32nd St, Astoria, NY 11106",Astoria,New York,40.7565476,-73.9290244,gmaps_apify,new,2026-08-01T19:13:14.912+00:00
gmap:ChIJo_V_Vb1ZwokR2Y-WuKFMiJM,86th Street Personal Training,personal trainer,(917) 817-0319,,,,"142 E 80th St, New York, NY 10075",New York,New York,40.7756426,-73.9586487,gmaps_apify,new,2026-08-01T19:13:14.912+00:00
gmap:ChIJE_lHhHSKwokRbE7wZxTiVO8,Better Body Bootcamp - Bayside,personal trainer,(646) 566-8870,,https://betterbodybootcamp.com/,,"34-47 Bell Blvd, Bayside, NY 11361",Bayside,New York,40.7692899,-73.7736237,gmaps_apify,new,2026-08-01T19:13:14.912+00:00
gmap:ChIJTV7Xvi1ZwokRZZh9itcFYa8,Punch Force Fitness,personal trainer,(646) 590-0311,,http://www.punchforcefitness.com/,,"1400 3rd Ave, New York, NY 10075",New York,New York,40.7748122,-73.9572554,gmaps_apify,new,2026-08-01T19:13:14.912+00:00
gmap:ChIJpei0cM71wokRS8YjHZs64XY,Equis Fitness,personal trainer,(646) 846-9560,,http://www.equisfitness.com/,,"242 E 137th St Fl 1, Bronx, NY 10451",Bronx,New York,40.811018,-73.928881,gmaps_apify,new,2026-08-01T19:13:14.912+00:00
gmap:ChIJxW2262dfwokR4yGDfIwPzVg,Rock Fitness,personal trainer,(718) 204-1400,,https://rock-gyms.com/,,"22-06 31st St, Astoria, NY 11105",Astoria,New York,40.7759861,-73.9112437,gmaps_apify,new,2026-08-01T19:13:14.912+00:00
gmap:ChIJx8ObawxZwokRZZCPAP85YgU,Orangetheory Fitness,personal trainer,(646) 979-1020,,https://www.orangetheory.com/en-us/locations/new-york-new-york-1244?utm_medium=seo&utm_source=gg&utm_term=corporate&utm_campaign=soci,,"220 East 86th St, New York, NY 10028",New York,New York,40.7782188,-73.953203,gmaps_apify,new,2026-08-01T19:13:14.912+00:00
gmap:ChIJ2W0qKOz1wokRAP8WA2azHDY,Your Lovely Physique,personal trainer,(929) 383-7744,,,,"1490 Macombs Rd, Bronx, NY 10452",Bronx,New York,40.8427461,-73.9177034,gmaps_apify,new,2026-08-01T19:13:14.912+00:00
gmap:ChIJ1R5S59pZwokRvz_HIirfxOE,LIC Personal Training,personal trainer,(484) 755-4610,,http://www.fitnesstrainer.nyc/,,"23-10 41st Ave, Long Island City, NY 11101",Long Island City,New York,40.7526544,-73.940299,gmaps_apify,new,2026-08-01T19:13:14.912+00:00
gmap:ChIJ3SMmlxD1wokRIpDE7y-_YFA,Aurora Athletics,personal trainer,(347) 892-0968,,http://www.auroraathletics.us/,,"1169 Hoe Ave, Bronx, NY 10459",Bronx,New York,40.828031,-73.8910744,gmaps_apify,new,2026-08-01T19:13:14.912+00:00
gmap:ChIJYRIEY273wokR3qWlMNGEzuM,Coach Lyndia Fitness,personal trainer,(929) 279-3225,,,,,Queens,NY,40.6971415,-73.979506,gmaps_apify,new,2026-08-01T19:13:14.912+00:00
gmap:ChIJef6jRUHSrC4RHniRM-3ZHMw,Paul Nicholas Personal Training,personal trainer,(646) 387-9769,,https://coach-paul.com/,,,Queens,NY,40.7813047,-73.9771184,gmaps_apify,new,2026-08-01T19:13:14.912+00:00
gmap:ChIJm7rlmFSG7yQRmRu4OHuNEgU,Train With Drew,personal trainer,(919) 741-9601,,http://www.instagram.com/trainwdrew,,,Queens,NY,40.7813047,-73.9771184,gmaps_apify,new,2026-08-01T19:13:14.912+00:00
gmap:ChIJVZT7NzNfwokRCNmX5Dgq7PU,Fit Club Astoria Physical Therapy,personal trainer,(646) 875-8348,,https://fitclubny.com/astoria-pt/,,"21-03 31st Ave, Astoria, NY 11106",Astoria,New York,40.767401,-73.92946,gmaps_apify,new,2026-08-01T19:13:14.912+00:00
gmap:ChIJGwwBVpSKwokR61XOZTe-80s,New York Sports Club,personal trainer,(718) 747-4653,,https://www.newyorksportsclubs.com/clubs/whitestone,,"153-37 Cross Island Pkwy, Whitestone, NY 11357",Whitestone,New York,40.7879238,-73.8094628,gmaps_apify,new,2026-08-01T19:13:14.912+00:00
gmap:ChIJjwUojlhpwokRAiG3WcrK9Rg,The Fitness Bar Rockaway Beach,personal trainer,(917) 302-0319,,http://thefitnessbarrockawaybeach.godaddysites.com/,,"1-87 Beach 95th St, Queens, NY 11693",Queens,New York,40.5854475,-73.8173027,gmaps_apify,new,2026-08-01T19:13:14.912+00:00
gmap:ChIJ7eM54y5fwokRvj-VSL6q5EE,Astoria Barbell Club,personal trainer,(718) 614-3803,,http://www.astoriabarbellclub.com/,,"36-56 38th St 2nd floor, Astoria, NY 11101",Astoria,New York,40.7526932,-73.925534,gmaps_apify,new,2026-08-01T19:13:14.912+00:00
gmap:ChIJrbwanBb3wokRM6feK4kA1K8,Harlem Kettlebell Club,personal trainer,(917) 645-6142,,http://www.harlemkbclub.com/,,"1775 Madison Ave, New York, NY 10035",New York,New York,40.8003128,-73.9443631,gmaps_apify,new,2026-08-01T19:13:14.912+00:00
gmap:ChIJhfRxlPtZwokRpjNEbYd74o8,Pegatessu Fitness,personal trainer,(212) 722-1525,,http://www.pegatessu-fitness.com/,,"1425 Lexington Ave, New York, NY 10128",New York,New York,40.7839633,-73.9520281,gmaps_apify,new,2026-08-01T19:13:14.912+00:00
gmap:ChIJO0c7GZv3wokRReZCVmhCE0s,David Cassar personal training,personal trainer,(917) 701-4124,,,,"7 W 126th St studio #2, New York, NY 10027",New York,New York,40.8074881,-73.9422705,gmaps_apify,new,2026-08-01T19:13:14.912+00:00
gmap:ChIJnbDvpMdYwokRJcDALtn055w,Maya's Fitness,personal trainer,(917) 916-8021,,,,"530 E 76th St, New York, NY 10028",New York,New York,40.7685084,-73.9499965,gmaps_apify,new,2026-08-01T19:13:14.912+00:00
gmap:ChIJcSdDdL73wokRUrW_xsETkl8,Hurricane Fitness,personal trainer,(212) 498-9034,,http://hurricanefit.com/,,"226 W 141st St, New York, NY 10030",New York,New York,40.8197116,-73.9427909,gmaps_apify,new,2026-08-01T19:13:14.911+00:00
gmap:ChIJI1CQJGf2wokRITubIC3Dhgo,Link Fitness,personal trainer,(646) 588-6450,,,,"679 Riverside Dr, New York, NY 10031",New York,New York,40.8255773,-73.9561744,gmaps_apify,new,2026-08-01T19:13:14.911+00:00
gmap:ChIJBYZ9mgj2wokRSfQth__UDvM,Elite Personal Trainers NYC,personal trainer,(212) 920-5598,,http://www.elitepersonaltrainersnyc.com/,,"401 E 80th St #34D, New York, NY 10075",New York,New York,40.773111,-73.951724,gmaps_apify,new,2026-08-01T19:13:14.911+00:00
gmap:ChIJraJoFGlfwokRYNTiTO-3MVE,Forte Lab,personal trainer,(718) 309-2176,,https://www.fortelabnyc.com/,,"38-05 20th Ave, Astoria, NY 11105",Astoria,New York,40.7767556,-73.9018693,gmaps_apify,new,2026-08-01T19:13:14.911+00:00
gmap:ChIJc2-942hfwokRIIPKXPtCkE0,Iron Lion Performance,personal trainer,(929) 483-3178,,http://www.ironlionperformance.com/,,"22-77 38th St, Astoria, NY 11105",Astoria,New York,40.7718438,-73.9084839,gmaps_apify,new,2026-08-01T19:13:14.911+00:00
gmap:ChIJUamRUIeKwokRIKKVsO52XxU,Plasse Strength,personal trainer,(718) 229-1285,,http://plassestrengthandfitness.com/,,"25-44 Francis Lewis Blvd, Flushing, NY 11358",Flushing,New York,40.773417,-73.7969135,gmaps_apify,new,2026-08-01T19:13:14.911+00:00
gmap:ChIJNb3lMDBgwokRdvoBvGc7N-I,KORE Functional Training Studio.,personal trainer,(718) 961-1057,,,,"43-40 162nd St, Flushing, NY 11358",Flushing,New York,40.757626,-73.804648,gmaps_apify,new,2026-08-01T19:13:14.911+00:00
gmap:ChIJc-dnjhD1wokRkYXKr5IncSU,Justified Dynamics Fitness,personal trainer,(347) 419-8941,,https://www.instagram.com/justified_dynamics_fitness/,,"728 E 136th St, Bronx, NY 10454",Bronx,New York,40.8028556,-73.9125593,gmaps_apify,new,2026-08-01T19:13:14.911+00:00
gmap:ChIJUwjHaQv3wokRuLiTbmU9mHQ,Call it Fit,personal trainer,(917) 426-1976,,http://callitfit.net/,,"58 Hamilton Pl, New York, NY 10031",New York,New York,40.8226814,-73.9516601,gmaps_apify,new,2026-08-01T19:13:14.911+00:00
gmap:ChIJc85pD7hZwokR9kK8S_jR8_o,Grit City Strength & Conditioning,personal trainer,(929) 595-4184,,https://gritcitynyc.fit/,,"391 Concord Ave, Bronx, NY 10454",Bronx,New York,40.8091514,-73.9099413,gmaps_apify,new,2026-08-01T19:13:14.911+00:00
gmap:ChIJj-1XlT2LwokR2NUsptYIPXU,High Definition Training,personal trainer,(917) 432-9418,,https://highdefinitiontraining.com/,,"3843 E Tremont Ave, Bronx, NY 10465",Bronx,New York,40.824316,-73.819846,gmaps_apify,new,2026-08-01T19:13:14.911+00:00
gmap:ChIJP9FClSGLwokR4-6ih4Qi0YE,J and J Personal Training Whitestone,personal trainer,(917) 688-5204,,http://jandjtraining.com/,,"157-32 19th Ave, Whitestone, NY 11357",Whitestone,New York,40.7810775,-73.8047176,gmaps_apify,new,2026-08-01T19:13:14.911+00:00
gmap:ChIJMU-2u99fwokR75P373UynyA,CLICK on FIT,personal trainer,(347) 870-6609,,https://www.clickonfit.com/,,"54-17 31st Ave, Woodside, NY 11377",Woodside,New York,40.7572971,-73.9065424,gmaps_apify,new,2026-08-01T19:13:14.911+00:00
gmap:ChIJMfa1aj-LwokRF93RNKoMyFo,Temple Fitness Personal Training 837 Logan avenue Bronx NY 10465,personal trainer,(718) 971-3125,,http://www.templefitnesspersonaltraining.com/,,"837 Logan Ave, Bronx, NY 10465",Bronx,New York,40.829709,-73.8227,gmaps_apify,new,2026-08-01T19:13:14.911+00:00
gmap:ChIJGXdXJqWLwokR2csNpRu6swc,HOUR BODY FITNESS,personal trainer,(718) 829-2126,,https://hourbodyfitness.com/,,"2992 Bruckner Blvd, Bronx, NY 10465",Bronx,New York,40.834111,-73.825296,gmaps_apify,new,2026-08-01T19:13:14.911+00:00
gmap:ChIJb7Jwu5RYwokRSakGkdY-oss,LIT Independent Training Gym: Independent trainer's gym. A place to train your clients,personal trainer,(917) 817-0319,,https://litindependenttraininggym.com/,,"142 E 80th St, New York, NY 10075",New York,New York,40.7755993,-73.9587263,gmaps_apify,new,2026-08-01T19:13:14.911+00:00
gmap:ChIJqXpnmhZhwokRlTOZU7iEu2c,Bayside fitness club,personal trainer,(646) 942-3253,,http://baysidefitnessny.com/,,"48-09 Bell Blvd, Bayside, NY 11364",Bayside,New York,40.7553897,-73.7666088,gmaps_apify,new,2026-08-01T19:13:14.911+00:00
gmap:ChIJzYMvFLv0wokR2JBv17CmCq8,Untamed Studio Bound By Iron,personal trainer,(718) 791-2014,,https://untamedboundbyiron.com/,,"904 Morris Park Ave, Bronx, NY 10462",Bronx,New York,40.846635,-73.8589369,gmaps_apify,new,2026-08-01T19:13:14.911+00:00
gmap:ChIJS9DHo1VvwokRendMGxr56TI,TRAINING GROUND,personal trainer,(516) 860-6106,,,,"Far Rockaway, NY 11691",Far Rockaway,New York,40.6012934,-73.7454933,gmaps_apify,new,2026-08-01T19:13:14.911+00:00
gmap:ChIJT2ylo6NfwokRsjtO5orirxk,Fitness Lounge,personal trainer,(347) 813-4200,,http://www.fitnessloungenyc.com/,,"30-77 Steinway St, Astoria, NY 11103",Astoria,New York,40.7618835,-73.916314,gmaps_apify,new,2026-08-01T19:13:14.911+00:00
gmap:ChIJqyOcFF6LwokRiNDAXm50yiw,Level Up Fitlab,personal trainer,(914) 774-8710,,https://www.levelupfitlab.com/,,"3231 Ampere Ave, Bronx, NY 10465",Bronx,New York,40.846307,-73.819718,gmaps_apify,new,2026-08-01T19:13:14.911+00:00
gmap:ChIJ9fzpj-6KwokRpJoEvF1GI8k,Just Fit Training Group - Personal Training Company,personal trainer,(929) 279-2348,,http://www.justfitny.com/,,"160-22 Willets Point Blvd, Whitestone, NY 11357",Whitestone,New York,40.7807753,-73.8015011,gmaps_apify,new,2026-08-01T19:13:14.911+00:00
gmap:ChIJc1wpIVCLwokRN9_QWGXtA10,Fitt 4 Life Training Studio,personal trainer,(347) 293-6079,,http://fitt4lifetrainingstudio.com/,,"2861 Bruckner Blvd, Bronx, NY 10465",Bronx,New York,40.8327589,-73.829719,gmaps_apify,new,2026-08-01T19:13:14.911+00:00
gmap:ChIJ9fzpj-6KwokRXNLR22zhN8A,Sage Personal Training,personal trainer,(929) 456-5955,,https://sagepersonaltraining.com/,,"160-22 Willets Point Blvd, Whitestone, NY 11357",Whitestone,New York,40.7807113,-73.8015111,gmaps_apify,new,2026-08-01T19:13:14.911+00:00
gmap:ChIJ1_77Ll1fwokRoIFt34xMFzg,Unlimited Body NY,personal trainer,(917) 650-4369,,http://unlimitedbodyny.com/,,"27-18 23rd Ave, Astoria, NY 11105",Astoria,New York,40.7755068,-73.9148672,gmaps_apify,new,2026-08-01T19:13:14.911+00:00
gmap:ChIJ87nFRav0wokRo6TsMaj0igI,LA Fitness,personal trainer,(917) 634-5609,,https://www.lafitness.com/Pages/clubhome.aspx?clubid=932&utm_source=google&utm_medium=googlemaps&utm_campaign=maps,,"1776 Eastchester Rd, Bronx, NY 10461",Bronx,New York,40.8498704,-73.8417904,gmaps_apify,new,2026-08-01T19:13:14.911+00:00
gmap:ChIJGxHLhONhwokReyg0rcrJNUg,Ocean All-Star Fitness Club 洋子健身全明星俱乐部,personal trainer,(516) 588-1188,,https://oceanallstar.com/index-en.html,,"135-39 38th Ave, Flushing, NY 11354",Flushing,New York,40.7607568,-73.8314762,gmaps_apify,new,2026-08-01T19:13:14.911+00:00
gmap:ChIJz7OMdI1ZwokRKWrxcc9Gl8s,"Iron Bodyfit Midtown-East, NYC",personal trainer,(332) 777-7608,,https://ironbodyfit.us/locations/nycmidtowneeast/,,"940 3rd Ave Fl 5, New York, NY 10022",New York,New York,40.7599859,-73.9680621,gmaps_apify,new,2026-08-01T19:13:09.968+00:00
gmap:ChIJ2c-9huNYwokRM3J0qiwCP-s,Trooper Fitness,personal trainer,(646) 402-1289,,http://www.trooperfitness.com/,,"226 E 54th St #200, New York, NY 10022",New York,New York,40.7576456,-73.9678779,gmaps_apify,new,2026-08-01T19:13:09.968+00:00
gmap:ChIJFT2MIeVYwokRXx_JvXTk1nA,ATOMIC Total Fitness,personal trainer,(315) 508-4601,,http://www.atomictotalfitness.com/,,"301 E 57th St, New York, NY 10022",New York,New York,40.7593798,-73.9646708,gmaps_apify,new,2026-08-01T19:13:09.968+00:00
gmap:ChIJB_U5G-VYwokRJPq6YI7u7Ew,Physical Equilibrium,personal trainer,(917) 873-6100,,https://www.physeq.com/,,"DuMont Building, 515 Madison Ave 5th Floor, New York, NY 10022",New York,New York,40.7597893,-73.9737557,gmaps_apify,new,2026-08-01T19:13:09.968+00:00
gmap:ChIJjdtwWeRYwokRkom6OthvO28,InForm Fitness,personal trainer,(212) 755-9895,,https://informfitness.com/personal-training-studio-locations/personal-training-studio-in-manhattan-new-york/?utm_source=Google+Business+NYC&utm_medium=GMB+-+Organic&utm_campaign=GMB+-+NYC,,"201 E 56th St, New York, NY 10022",New York,New York,40.759499,-73.967298,gmaps_apify,new,2026-08-01T19:13:09.967+00:00
gmap:ChIJbTaYCPtYwokRemfoJI83hcY,Find Your Power Fitness,personal trainer,(646) 598-6198,,http://www.findyourpowerfitness.com/,,"532 Madison Ave 7th floor, New York, NY 10022",New York,New York,40.760566,-73.973922,gmaps_apify,new,2026-08-01T19:13:09.967+00:00
gmap:ChIJtSUva65bwokRjCxhTZ_kMiw,FitBodyNation,personal trainer,(646) 319-9658,,http://www.fitbodynationnyc.com/,,"772 Amsterdam Ave, New York, NY 10025",New York,New York,40.795322,-73.969823,gmaps_apify,new,2026-08-01T19:13:09.967+00:00
gmap:ChIJuRDxI6pZwokRIzUhPc2HQak,The Training Lab,personal trainer,(212) 736-5400,,https://traininglabnyc.com/,,"54 W 39th St 9th floor Floor 9, New York, NY 10018",New York,New York,40.752396,-73.9847706,gmaps_apify,new,2026-08-01T19:13:09.967+00:00
gmap:ChIJGdjpp6FZwokRoSgmNengiJ8,BUF Personal Training,personal trainer,(929) 554-3147,,https://www.trainwithbuf.com/,,"347 W 36th St. Ste 1002-1004, New York, NY 10018",New York,New York,40.7544251,-73.9944192,gmaps_apify,new,2026-08-01T19:13:09.967+00:00
gmap:ChIJ-Zzoe6pZwokRtSUp0pvF08w,Sports Lab NYC,personal trainer,(212) 764-0270,,http://www.sportslabnyc.com/,,"295 Madison Ave Ste 103G, New York, NY 10017",New York,New York,40.7517498,-73.9794324,gmaps_apify,new,2026-08-01T19:13:09.967+00:00
gmap:ChIJEU6GhCf2wokR8hQE3_aCsoE,Mind Over Matter Health & Fitness,personal trainer,(212) 865-9290,,https://www.mindovermatternyc.com/,,"126 W 96th St, New York, NY 10025",New York,New York,40.793048,-73.968715,gmaps_apify,new,2026-08-01T19:13:09.967+00:00
gmap:ChIJYetWhuNYwokR2Rx5sKGIwpU,Living Proof NYC - Nutrition and Strength Training,personal trainer,(212) 308-2990,,https://www.livingproofnyc.com/?utm_source=gmb&utm_medium=button&utm_campaign=living_proof_website_button,,"226 E 54th St #501, New York, NY 10022",New York,New York,40.7576643,-73.9678085,gmaps_apify,new,2026-08-01T19:13:09.967+00:00
gmap:ChIJtS2PgQVgwokRT3r_w-HM6AQ,Bodhi Fitness Center,personal trainer,(718) 321-1100,,,,"35-11 Prince St, Flushing, NY 11354",Flushing,New York,40.7636652,-73.8331683,gmaps_apify,new,2026-08-01T19:13:09.967+00:00
gmap:ChIJJ2aR--ZYwokREM7lqRyRigY,TS Group Fitness & Personal Training,personal trainer,(646) 566-6843,,https://tsfitnessnyc.com/,,"328 E 61st St, New York, NY 10065",New York,New York,40.7611288,-73.9621159,gmaps_apify,new,2026-08-01T19:13:09.967+00:00
gmap:ChIJVdlyJJj3PyoRWCoDF-Pywk8,Cody's Full Body Reset: Strength and Flexibility Cheat Code for Busy Professionals,personal trainer,(504) 352-5879,,http://www.codymathernewellness.com/,,"1425 Amsterdam Ave, New York, NY 10027",New York,New York,40.8160087,-73.9540219,gmaps_apify,new,2026-08-01T19:13:09.967+00:00
gmap:ChIJeUtatoJYwokR-8ZeaZJXhTM,X 93 Fitness,personal trainer,(212) 280-0689,,http://www.x93fitness.com/,,"673 Amsterdam Ave, New York, NY 10025",New York,New York,40.7918532,-73.9717192,gmaps_apify,new,2026-08-01T19:13:09.967+00:00
gmap:ChIJIz_Oq1JYwokRPPD6b1C7i64,Speakeasy of Strength - Hell's Kitchen,personal trainer,(917) 983-0631,,https://speakeasyofstrength.com/,,"411 W 39th St, New York, NY 10018",New York,New York,40.757001,-73.9945429,gmaps_apify,new,2026-08-01T19:13:09.967+00:00
gmap:ChIJWygqUjHzwokR7_xSPUt4Lyw,Strength Effect - Personal Training,personal trainer,(401) 617-3226,,https://strength-effect.com/,,"230 E 53rd St, New York, NY 10022",New York,New York,40.7570543,-73.9683159,gmaps_apify,new,2026-08-01T19:13:09.967+00:00
gmap:ChIJT94mVI9YwokR7OV0aAZjHUw,Grassroots Fitness Project,personal trainer,(914) 537-5753,,http://grassrootsfitnessproject.com/,,"371 Amsterdam Ave, New York, NY 10024",New York,New York,40.782082,-73.9786182,gmaps_apify,new,2026-08-01T19:13:09.967+00:00
gmap:ChIJa_vnXgD3wokRp99i9RPXONE,Uptown Strength NYC,personal trainer,(347) 238-3500,,https://www.uptownstrengthnyc.com/,,"754B St Nicholas Ave, New York, NY 10031",New York,New York,40.8258819,-73.9432119,gmaps_apify,new,2026-08-01T19:13:09.967+00:00
gmap:ChIJTZAxilZYwokRR2VV-i2aZXM,Maik Wiedenbach Personal Training New York ( NYC ),personal trainer,(646) 732-7052,,https://www.maikwiedenbach.com/?utm_campaign=gmb&utm_medium=organic&utm_source=google,,"139 E 57th St, New York, NY 10022",New York,New York,40.7609918,-73.9687705,gmaps_apify,new,2026-08-01T19:13:09.967+00:00
gmap:ChIJNxKuEVhYwokR56pZdkFq3Vw,Essential Fitness NYC,personal trainer,(646) 535-6320,,http://www.essentialfitnessnyc.com/,,"939 8th Ave #404, New York, NY 10019",New York,New York,40.7658951,-73.9838799,gmaps_apify,new,2026-08-01T19:13:09.967+00:00
gmap:ChIJNezCVxaXN6kR6EcW4HE159I,Anastasia Fedotkina - Personal Trainer,personal trainer,(347) 260-9391,,https://www.anastasiafedotkina.com/,,,Queens,NY,40.6971415,-73.979506,gmaps_apify,new,2026-08-01T19:13:06.969+00:00
gmap:ChIJGVK5ecdYwokR9ZQ4ikRqFsI,The Process Fitness,personal trainer,(212) 717-0522,,http://www.theprocessfitness.com/,,"500 E 77th St, New York, NY 10162",New York,New York,40.7694387,-73.950868,gmaps_apify,new,2026-08-01T19:13:06.968+00:00
gmap:ChIJo1RMYKxZwokRX--8pX3mZug,Bossnycfit.com,personal trainer,(718) 506-8153,,https://www.bossnycfit.com/,,"221 W 37th St, New York, NY 10018",New York,New York,40.7535508,-73.9901882,gmaps_apify,new,2026-08-01T19:13:04.556+00:00
gmap:ChIJd0NOCKtZwokRIq8vwZ8vC2A,Catalyst S.P.O.R.T.,personal trainer,(212) 997-4600,,,,"1410 Broadway, New York, NY 10018",New York,New York,40.7532798,-73.9868297,gmaps_apify,new,2026-08-01T19:13:04.556+00:00
gmap:ChIJWX2XCPtYwokROKfULSsgriw,Ultimate Training Center,personal trainer,(917) 412-6765,,,,"532 Madison Ave #7, New York, NY 10022",New York,New York,40.7605868,-73.9739417,gmaps_apify,new,2026-08-01T19:13:04.556+00:00
gmap:ChIJj4LTKLlYwokRx_uTEwtKPmg,Neighborhood Trainers,personal trainer,(646) 924-6216,,https://www.neighborhoodtrainer.com/,,"247 W 87th St, New York, NY 10024",New York,New York,40.7891485,-73.9754258,gmaps_apify,new,2026-08-01T19:13:04.556+00:00
gmap:ChIJG1SprohYwokRpZojlee7E_A,Momentum Fitness,personal trainer,(917) 426-3492,,https://www.momentumfitnessnyc.com/,,"246 Columbus Ave, New York, NY 10023",New York,New York,40.7772382,-73.9792344,gmaps_apify,new,2026-08-01T19:13:04.556+00:00
gmap:ChIJ3bz7deNYwokRxjswg6j0RbA,Independent Training Spot,personal trainer,(212) 213-1024,,http://www.independenttrainingspot.com/,,"230 E 53rd St 2 Floor, New York, NY 10022",New York,New York,40.7570039,-73.9683414,gmaps_apify,new,2026-08-01T19:13:04.556+00:00
gmap:ChIJa4XzGwNJECgRMB6hiCtjVuA,Teef and Beans,pet sitter,(775) 573-8862,,https://teefandbeans.com/,,,Queens,NY,40.6971415,-73.979506,gmaps_apify,new,2026-08-01T19:12:52.135+00:00
gmap:ChIJ8Tnl5kCvV4kRMBr427bJA98,Doggone Perfect Dog Training and Boarding,pet sitter,(914) 713-5204,,https://www.doggieperfect.com/,,,Queens,NY,40.7822036,-73.9692979,gmaps_apify,new,2026-08-01T19:12:52.135+00:00
gmap:ChIJMZKS7Gj3wokRIMsMCvwJFjs,"Golden Leash NYC, LLC",pet sitter,(917) 705-4767,,http://goldenleashnyc.com/,,,Queens,NY,40.6971415,-73.979506,gmaps_apify,new,2026-08-01T19:12:52.135+00:00
gmap:ChIJSXSOYhqjU6YRbBIXCSYx1W8,Kwoof Pet Care Service,pet sitter,(347) 353-6804,,https://www.kwoofpetcare.com/,,,Queens,NY,40.6507535,-73.8783995,gmaps_apify,new,2026-08-01T19:12:52.135+00:00
gmap:ChIJKdwHKwL2wokR17BJ5JovO8I,Cuddly Buddies NYC,pet sitter,(347) 829-4585,,,,,Queens,NY,40.6971415,-73.979506,gmaps_apify,new,2026-08-01T19:12:52.135+00:00
gmap:ChIJdzsjkQexCwQRCoezC34auOQ,De Sousa Pet Services,pet sitter,(347) 854-2121,,https://desousapetservices.com/,,,Queens,NY,40.7813047,-73.9771184,gmaps_apify,new,2026-08-01T19:12:52.135+00:00
gmap:ChIJMcm8dzWrGqwRo2v6lB09t9U,Haidy's Cat Care,pet sitter,(718) 309-9530,,https://bit.ly/EliteCatSittingService,,,Queens,NY,40.7552254,-73.9043399,gmaps_apify,new,2026-08-01T19:12:52.135+00:00
gmap:ChIJ4avEd0XV12sRacncMKN9PUg,Dog walker & Co.,pet sitter,(929) 378-8781,,https://www.instagram.com/dog.walkerco?igsh=dW9oa2FwMmp4cG9p,,,Queens,NY,40.6971415,-73.9796294,gmaps_apify,new,2026-08-01T19:12:52.135+00:00
gmap:ChIJ7xYkmKlZwokRJOEoaS8fJaw,Waving Paws,pet sitter,(651) 373-4675,,https://wavingpaws.com/,,,Queens,NY,40.6971415,-73.979506,gmaps_apify,new,2026-08-01T19:12:52.135+00:00
gmap:ChIJa8Qri8BYwokR9MxHE9YCiYw,Puppy Tale Lodge,pet sitter,(929) 578-7822,,http://www.puppytalelodge.com/,,"315 E 74th St, New York, NY 10021",New York,New York,40.769873,-73.956463,gmaps_apify,new,2026-08-01T19:12:52.135+00:00
gmap:ChIJ34KuT1hfwokRD72mLU_m5Qw,Renata Pet Stylist,pet sitter,(917) 500-7426,,,,"42-10 34th Ave, Long Island City, NY 11101",Long Island City,New York,40.7556682,-73.9189916,gmaps_apify,new,2026-08-01T19:12:52.135+00:00
gmap:ChIJiws6Ny5fwokRtNPbBBmSl90,Rapawzel Dog Grooming & Day Care,pet sitter,(718) 406-9899,,https://rapawzeldoggroomer.com/,,"31-87 29th St, Astoria, NY 11106",Astoria,New York,40.7629546,-73.9266812,gmaps_apify,new,2026-08-01T19:12:52.135+00:00
gmap:ChIJdQSNDptDNqkRBwVYsHQJN4A,Nimble Pet Care,pet sitter,(929) 245-8104,,,,,Queens,NY,40.7036855,-73.8783995,gmaps_apify,new,2026-08-01T19:12:52.135+00:00
gmap:ChIJ_fwao15fwokR9N_W_bylm4U,Whiskers Holistic Pet Care,pet sitter,(718) 626-8590,,http://www.1800whiskers.com/,,"19-25 Ditmars Blvd, Astoria, NY 11105",Astoria,New York,40.7808537,-73.9170533,gmaps_apify,new,2026-08-01T19:12:52.135+00:00
gmap:ChIJTTv2ZblYwokRLuda8dyEdj8,Groomingdales,pet sitter,(646) 837-6404,,http://groomingdalesny.com/,,"349 E 82nd St, New York, NY 10028",New York,New York,40.7746762,-73.9517565,gmaps_apify,new,2026-08-01T19:12:52.135+00:00
gmap:ChIJoxqocYVYwokRINW9RXtR_tQ,Biscuits & Bath - Park Ave,pet sitter,(646) 786-0976,,http://www.biscuitsandbath.com/,,"1067 Park Ave, New York, NY 10128",New York,New York,40.7811058,-73.9562098,gmaps_apify,new,2026-08-01T19:12:52.135+00:00
gmap:ChIJ6Wh7JAH2wokRUA3ijKttrms,Animal Care Centers of NYC - Manhattan,pet sitter,(212) 788-4000,,https://www.nycacc.org/,,"326 E 110th St, New York, NY 10029",New York,New York,40.7924299,-73.9393707,gmaps_apify,new,2026-08-01T19:12:52.135+00:00
gmap:ChIJ7RbsjbH0wokRmjJWF_dDlaQ,Zoo-Rama Pet Shop,pet sitter,(718) 430-0909,,http://www.zooramapets.com/,,"2566 E Tremont Ave, Bronx, NY 10461",Bronx,New York,40.8429344,-73.8479905,gmaps_apify,new,2026-08-01T19:12:52.135+00:00
gmap:ChIJeb7r9y7m604RmIxsEnEtvB8,Sits With Nic & Lyss,pet sitter,(631) 306-4538,,https://sitswithnicandlyss.com/,,,Queens,NY,40.7511087,-73.9261944,gmaps_apify,new,2026-08-01T19:12:52.135+00:00
gmap:ChIJ3YW5mv31wokREvKI7XIYR48,ASPCA Community Veterinary Clinic (Appointment Only),pet sitter,(844) 692-7722,,https://www.aspca.org/bronx,,"501 E 161st St, Bronx, NY 10451",Bronx,New York,40.8232954,-73.9103088,gmaps_apify,new,2026-08-01T19:12:52.135+00:00
gmap:ChIJB5RP_xH2wokRSaazY0NGZXY,Harlem Animal Hospital,pet sitter,(212) 933-0955,,http://harlemanimalhospital.com/,,"193 Malcolm X Blvd, New York, NY 10026",New York,New York,40.8044907,-73.9482881,gmaps_apify,new,2026-08-01T19:12:52.135+00:00
gmap:ChIJ5fEka91YwokRpgnqfcTsB48,The Schwarzman Animal Medical Center,pet sitter,(212) 838-8100,,https://www.amcny.org/,,"510 E 62nd St, New York, NY 10065",New York,New York,40.7601906,-73.9578128,gmaps_apify,new,2026-08-01T19:12:52.135+00:00
gmap:ChIJNYkunwZZwokRTZbKcI5Hndc,Manhattan Meow LLC,pet sitter,(917) 728-2988,,http://manhattanmeow.com/,,,Queens,NY,40.6971415,-73.979506,gmaps_apify,new,2026-08-01T19:12:52.135+00:00
gmap:ChIJfScaiNH1wokRlJP3Ctn62IE,Platinum Petz LLC - Pet Grooming,pet sitter,(917) 639-3430,,http://platinumpetz.com/,,"325 Pleasant Ave, New York, NY 10035",New York,New York,40.7960487,-73.9327418,gmaps_apify,new,2026-08-01T19:12:52.135+00:00
gmap:ChIJd0k1JlXDQ0gR3zAWZtgpbC0,Gotham City Cat Care,pet sitter,(917) 443-3145,,http://www.gothamcitycatcare.com/,,,Queens,NY,40.6971415,-73.979506,gmaps_apify,new,2026-08-01T19:12:52.135+00:00
gmap:ChIJq320jPtfwokRvswL0-2BKoc,AmbuVet Pet Ambulance,pet sitter,(800) 262-8838,,https://www.ambuvet.com/,,"81st St, Jackson Heights, NY 11372",Jackson Heights,New York,40.7516952,-73.8856111,gmaps_apify,new,2026-08-01T19:12:52.135+00:00
gmap:ChIJ-Wlt__OLwokRPDFlLTbHZ_A,Nikki’s Pet Services - Mindful Pet Care,pet sitter,(516) 423-5742,,https://www.facebook.com/profile.php?id=100070785403536&mibextid=LQQJ4d,,,Queens,NY,40.7632167,-73.7647132,gmaps_apify,new,2026-08-01T19:12:52.135+00:00
gmap:ChIJ09HZseBhwokRvEqT-Ff3i70,North Shore Animal Hospital,pet sitter,(718) 208-4303,,https://veterinarianbaysideny.com/?utm_source=gmb&utm_medium=Yext&cp=7182084303&y_source=1_MTYxMTMwMTktNzE1LWxvY2F0aW9uLndlYnNpdGU%3D,,"42-02 215th St, Bayside, NY 11361",Bayside,New York,40.7628651,-73.7684737,gmaps_apify,new,2026-08-01T19:12:52.135+00:00
gmap:ChIJvWe5ertYwokRLj-bWMAP-Yg,Urban Animal,pet sitter,(718) 679-3850,,http://www.urbananimalnyc.com/,,,Queens,NY,40.7812737,-73.9592279,gmaps_apify,new,2026-08-01T19:12:52.135+00:00
gmap:ChIJGXIo37CW12YRBpVI0KybjlQ,Feline Tails,pet sitter,(929) 500-1596,,https://felinetails.com/,,,Queens,NY,40.6971415,-73.979506,gmaps_apify,new,2026-08-01T19:12:52.135+00:00
gmap:ChIJqc1sNoeKwokR2WpPwoGf1NU,The Pet Doctor of Flushing,pet sitter,(347) 851-1950,,https://petdoctorny.com/?utm_source=GMBlisting&utm_medium=organic&utm_campaign=gmb,,"25-62 Francis Lewis Blvd, Flushing, NY 11358",Flushing,New York,40.7732313,-73.7963887,gmaps_apify,new,2026-08-01T19:12:52.135+00:00
gmap:ChIJN2HCflBZwokRTpNzUuuCC2I,Pampered Pooch Place,pet sitter,(718) 274-8555,,http://pamperedpoochplaceny.com/,,"43-20 Broadway, Astoria, NY 11103",Astoria,New York,40.7574148,-73.9159834,gmaps_apify,new,2026-08-01T19:12:52.135+00:00
gmap:ChIJo1lgvSt-omkRv5TsjM9-sMY,Richard's Pet Care NYC,pet sitter,(347) 637-0819,,,,,Queens,NY,40.7813047,-73.9771184,gmaps_apify,new,2026-08-01T19:12:52.135+00:00
gmap:ChIJRdi0DWgXKKQRbvDzrUUGgBY,Pet Oasis Petsitting,pet sitter,(646) 598-2866,,https://linktr.ee/PetOasisPetsitting,,,Queens,NY,40.7813047,-73.9686487,gmaps_apify,new,2026-08-01T19:12:52.135+00:00
gmap:ChIJ9U4o9-_95G4RqheNRpZGoIs,Manhattan Dog Walker,pet sitter,(973) 342-8421,,https://thebarksociety.myshopify.com/,,,Queens,NY,40.7813047,-73.9771184,gmaps_apify,new,2026-08-01T19:12:52.135+00:00
gmap:ChIJE4nuYltAzYIR63i4Dwj9BbE,Ms. Robinson's Pet Care - Astoria,pet sitter,(347) 714-7504,,,,,Queens,NY,40.7657829,-73.9265476,gmaps_apify,new,2026-08-01T19:12:52.135+00:00
gmap:ChIJVbVx8lBZwokRqdUWl4PKkhQ,Biscuits & Bath - Yorkville,pet sitter,(646) 786-0984,,https://www.biscuitsandbath.com/locations/yorkville-manhattan-ny/,,"252 E 94th St, New York, NY 10128",New York,New York,40.7829581,-73.9484569,gmaps_apify,new,2026-08-01T19:12:52.135+00:00
gmap:ChIJtfcEMm7L2QsRzfFkOLVjxJQ,Olga's Pet Care,pet sitter,(646) 665-3487,,,,,Queens,NY,40.7731295,-73.957734,gmaps_apify,new,2026-08-01T19:12:52.135+00:00
gmap:ChIJ-zHqoFIquCUROaJxX2hbZ3M,Harlem's Happy Hounds,pet sitter,(917) 880-5843,,https://harlemshappyhounds.com/,,"W 116th St, New York, NY 10026",New York,New York,40.805413,-73.958105,gmaps_apify,new,2026-08-01T19:12:52.134+00:00
gmap:ChIJG0OWNV5fwokR6wk4cWxro5g,Bark&Bone,pet sitter,(718) 673-7694,,http://www.barknbone.com/,,"30-65 33rd St, Astoria, NY 11105",Astoria,New York,40.7644103,-73.9208477,gmaps_apify,new,2026-08-01T19:12:52.134+00:00
gmap:ChIJ6dOmeeBhwokR-rLLLK-sSF8,Pet Home - 萌宠之家,pet sitter,(917) 605-6808,,https://pet-home-webpage.web.app/index.html,,"131-42 40th Rd, Flushing, NY 11354",Flushing,New York,40.7563316,-73.8351627,gmaps_apify,new,2026-08-01T19:12:52.134+00:00
gmap:ChIJqciHC5T1wokR-GPCCo3VX3s,Lightning Zeus Canine Training,pet sitter,(646) 450-3723,,,,"1530 Story Ave, Bronx, NY 10473",Bronx,New York,40.8213837,-73.8782696,gmaps_apify,new,2026-08-01T19:12:52.134+00:00
gmap:ChIJD4-yQLxYwokRGfGVXX9AXIU,Petaholics,pet sitter,(646) 723-1282,,http://www.petaholics.com/,,"1474 3rd Ave #165, New York, NY 10028",New York,New York,40.7772499,-73.955511,gmaps_apify,new,2026-08-01T19:12:52.134+00:00
gmap:ChIJLSvYbUNfwokRLALKbVxTbXA,NYC Pet Services,pet sitter,(718) 350-1635,,http://www.nycpetservices.org/,,"31-21 31st St, Astoria, NY 11106",Astoria,New York,40.7637299,-73.9235762,gmaps_apify,new,2026-08-01T19:12:52.134+00:00
gmap:ChIJC7aoKwBhwokRvqb5L7JlHbc,Fuzzy Paws Tavern,pet sitter,(929) 805-0666,,,,"138-06 35th Ave, Flushing, NY 11354",Flushing,New York,40.764904,-73.8286959,gmaps_apify,new,2026-08-01T19:12:52.134+00:00
gmap:ChIJI0jRmU1fwokRsUqtduSuxnA,Dozo Dog Astoria,pet sitter,(718) 255-6322,,https://www.dozodog.com/,,"25-52 31st St, Astoria, NY 11102",Astoria,New York,40.769357,-73.919284,gmaps_apify,new,2026-08-01T19:12:52.134+00:00
gmap:ChIJeT0CCyv1wokR9TKg3cNwxMM,WALKD,pet sitter,(530) 618-7850,,https://www.instagram.com/getwalkd,,"775 Eagle Ave, Bronx, NY 10456",Bronx,New York,40.8203075,-73.9093303,gmaps_apify,new,2026-08-01T19:12:52.134+00:00
gmap:ChIJAQbc3eNfwokR0hmwpbqET2w,Dog Planet Grooming & Daycare Astoria/NY,pet sitter,(718) 777-5500,,http://www.dogplanetny.com/,,"27-18 30th Ave., Astoria, NY 11102",Astoria,New York,40.7678605,-73.9237383,gmaps_apify,new,2026-08-01T19:12:52.134+00:00
gmap:ChIJ21ZutGdfwokRmADQ1JSMJxs,Disco Paws,pet sitter,(718) 433-9337,,http://discopaws.com/,,"31-19 Ditmars Blvd, Astoria, NY 11105",Astoria,New York,40.7757953,-73.9097973,gmaps_apify,new,2026-08-01T19:12:52.134+00:00
gmap:ChIJUbYNyjpfwokR1_HSwfqME3k,Dog Liberty,pet sitter,(855) 787-9255,,,,"28-24 Steinway St #204, Astoria, NY 11103",Astoria,New York,40.7649521,-73.9144309,gmaps_apify,new,2026-08-01T19:12:52.134+00:00
gmap:ChIJg8-_qb8uPgYRnQ6kzNUjBNA,Zuzu Pets,pet sitter,(929) 620-5812,,https://linktr.ee/ZuzuPetsNYC,,"Broadway, Astoria, NY 11103",Astoria,New York,40.7578427,-73.9171969,gmaps_apify,new,2026-08-01T19:12:52.134+00:00
gmap:ChIJddd0bYNZwokR8MSjDnaT4aA,Urban Woof NYC - 78th,pet sitter,(646) 886-5515,,http://www.urbanwoofnyc.com/,,"318 E 78th St, New York, NY 10075",New York,New York,40.772168,-73.9547487,gmaps_apify,new,2026-08-01T19:12:52.134+00:00
gmap:ChIJby9HQXz2wokRIJ2_T06Tah8,Harlem Doggie Day Spa,pet sitter,(646) 386-7789,,http://harlemdoggiedayspa.com/,,"734 St Nicholas Ave, New York, NY 10031",New York,New York,40.8251409,-73.9436728,gmaps_apify,new,2026-08-01T19:12:52.134+00:00
gmap:ChIJVVVVVWiKwokRunqjOnLLk8I,Doggie Do Gooders,pet sitter,(718) 423-5070,,http://doggiedogooders.com/,,"32-22 214th Pl, Bayside, NY 11361",Bayside,New York,40.7734812,-73.7728138,gmaps_apify,new,2026-08-01T19:12:52.134+00:00
gmap:ChIJAQbc3eNfwokR0hmwpbqET2w,Dog Planet Grooming & Daycare Astoria/NY,pet sitter,(718) 777-5500,,http://www.dogplanetny.com/,,"27-18 30th Ave., Astoria, NY 11102",Astoria,New York,40.7678605,-73.9237383,gmaps_apify,new,2026-08-01T19:12:52.134+00:00
gmap:ChIJeT0CCyv1wokR9TKg3cNwxMM,WALKD,pet sitter,(530) 618-7850,,https://www.instagram.com/getwalkd,,"775 Eagle Ave, Bronx, NY 10456",Bronx,New York,40.8203075,-73.9093303,gmaps_apify,new,2026-08-01T19:12:52.134+00:00
gmap:ChIJC7aoKwBhwokRvqb5L7JlHbc,Fuzzy Paws Tavern,pet sitter,(929) 805-0666,,,,"138-06 35th Ave, Flushing, NY 11354",Flushing,New York,40.764904,-73.8286959,gmaps_apify,new,2026-08-01T19:12:52.134+00:00
gmap:ChIJH4OcmAz2wokRf3Cl1RGzu-s,Swifto Dog Walking,pet sitter,(917) 746-7633,,https://swifto.com/,,"8 W 126th St, New York, NY 10027",New York,New York,40.8071338,-73.9425488,gmaps_apify,new,2026-08-01T19:12:52.134+00:00
gmap:ChIJf3lI-odZwokRk2EscsB6xBc,Funny Pets NYC,pet sitter,(917) 261-4998,,http://www.funnypets.nyc/,,"512 E 80th St, New York, NY 10075",New York,New York,40.7715517,-73.9490472,gmaps_apify,new,2026-08-01T19:12:52.134+00:00
gmap:ChIJLwIMwdD3wokRiJkwzaSc5gU,The Perfect Pooch NYC,pet sitter,(917) 847-0329,,http://www.theperfectpoochnyc.com/,,"8 W 108th St, New York, NY 10025",New York,New York,40.7996153,-73.9599464,gmaps_apify,new,2026-08-01T19:12:52.134+00:00
gmap:ChIJbSKAObpYwokR7HRr2lQjedQ,Bare Paws NYC Dog Walkers & Pet Sitters,pet sitter,(646) 436-1687,,http://fourbarepaws.com/,,"157 East 86th St 5th floor, New York, NY 10028",New York,New York,40.7794427,-73.9547514,gmaps_apify,new,2026-08-01T19:12:52.134+00:00
gmap:ChIJpay-3xD2wokReeSzUxUpNJE,The Bark Shoppe,pet sitter,(646) 590-1902,,http://www.thebarkshoppe.com/,,"100 St Nicholas Ave, New York, NY 10026",New York,New York,40.8024374,-73.9523336,gmaps_apify,new,2026-08-01T19:12:52.134+00:00
gmap:ChIJO27FE15DwokR9lhn-Z_BUgg,In Home Pet Services of Marine Park,pet sitter,(718) 218-3179,,http://www.inhomepetservices.com/marinepark/,,"3617 Ave. S, Brooklyn, NY 11234",Brooklyn,New York,40.6101675,-73.9310337,gmaps_apify,new,2026-08-01T19:12:52.134+00:00
gmap:ChIJ6cRhiPn3wokRagEUUIFK6Ro,Pet Zen,pet sitter,(646) 593-4628,,http://www.instagram.com/petzenny/,,"128 W 138th St, New York, NY 10030",New York,New York,40.8165004,-73.9411037,gmaps_apify,new,2026-08-01T19:12:52.134+00:00
gmap:ChIJUz1i6KJfwokR-9JF7l22Ln0,In Home Pet Services of LIC,pet sitter,(646) 830-4320,,,,"28-14 Crescent St, Astoria, NY 11102",Astoria,New York,40.7694537,-73.9246151,gmaps_apify,new,2026-08-01T19:12:52.134+00:00
gmap:ChIJ3adozaRYwokRmyV2eH-Hyvo,Wolfy Dogwalking,pet sitter,(203) 856-8649,,,,"234 E 89th St #1x, New York, NY 10128",New York,New York,40.7799846,-73.9512446,gmaps_apify,new,2026-08-01T19:12:52.134+00:00
gmap:ChIJZZcnP4pYwokR7YmUe1ZN-kc,"Dorothy's Petcare, Inc.",pet sitter,(646) 858-4600,,http://dorothyspetcare.com/,,"421 Manhattan Ave, New York, NY 10026",New York,New York,40.806163,-73.9562107,gmaps_apify,new,2026-08-01T19:12:52.134+00:00
gmap:ChIJs62tVWz2wokRixmmpBZ-_MY,Urban Dog Care NYC,pet sitter,(917) 524-7439,,http://urbandogcarenyc.com/,,"354 St Nicholas Ave, New York, NY 10027",New York,New York,40.8123929,-73.9508964,gmaps_apify,new,2026-08-01T19:12:52.134+00:00
gmap:ChIJs0_We7xYwokRWU9l_RkZhR0,PawsOnPark,pet sitter,(917) 371-2687,,https://pawsonpark.com/,,"210 E 85th St, New York, NY 10028",New York,New York,40.777702,-73.953992,gmaps_apify,new,2026-08-01T19:12:52.134+00:00
gmap:ChIJA3D0yqL3wokRg_lnj4yaco4,Noah's Arc Pet Care,pet sitter,(212) 920-7511,,,,"544 W 157th St Apt 32, New York, NY 10032",New York,New York,40.8332777,-73.9433694,gmaps_apify,new,2026-08-01T19:12:52.134+00:00
gmap:ChIJUaRXjypZwokR4x0W4RD0cV8,petzpros,pet sitter,(917) 567-6114,,,,"21-21 41st Ave, Long Island City, NY 11101",Long Island City,New York,40.7538467,-73.9413552,gmaps_apify,new,2026-08-01T19:12:52.134+00:00
gmap:ChIJ9TsZYR70wokRg6r056Dm5uA,Bark Apple Dog Care,pet sitter,(718) 666-9058,,http://www.barkappledogcare.com/,,"600 W 183rd St, New York, NY 10033",New York,New York,40.8505925,-73.9333664,gmaps_apify,new,2026-08-01T19:12:52.134+00:00
gmap:ChIJi6HL-rpZwokRAKrZbnNg8jc,Puppy Tale Lodge,pet sitter,(929) 339-0022,,http://www.puppytalelodge.com/,,"316 E 70th St, New York, NY 10021",New York,New York,40.7669814,-73.9583692,gmaps_apify,new,2026-08-01T19:12:52.134+00:00
gmap:ChIJXyD-ObxYwokRtB7V5WPKBPY,Peter's Pet,pet sitter,(212) 288-5712,,,,"170 E 83rd St #4f, New York, NY 10028",New York,New York,40.776869,-73.95582,gmaps_apify,new,2026-08-01T19:12:52.134+00:00
gmap:ChIJzzN8x3f2wokRGTc5PbdqrT8,Puppy Love Walks,pet sitter,(929) 840-7769,,https://puppylovewalks.wordpress.com/,,"1806 1st Ave, New York, NY 10128",New York,New York,40.7814572,-73.9454653,gmaps_apify,new,2026-08-01T19:12:52.134+00:00
gmap:ChIJI0jRmU1fwokRsUqtduSuxnA,Dozo Dog Astoria,pet sitter,(718) 255-6322,,https://www.dozodog.com/,,"25-52 31st St, Astoria, NY 11102",Astoria,New York,40.769357,-73.919284,gmaps_apify,new,2026-08-01T19:12:52.134+00:00
gmap:ChIJ_cBnH7lYwokRb5N2bqchgEI,Biscuits & Bath - Upper East,pet sitter,(646) 786-0970,,http://www.biscuitsandbath.com/,,"1535 1st Ave, New York, NY 10028",New York,New York,40.773432,-73.952223,gmaps_apify,new,2026-08-01T19:12:52.134+00:00
gmap:ChIJdRJM8PBhwokR96khUug9EIA,Bobby & Paws Pet Studio,pet sitter,(718) 819-8713,,https://bobbypaws.com/,,"36-45 Bell Blvd, Bayside, NY 11361",Bayside,New York,40.7668412,-73.7724672,gmaps_apify,new,2026-08-01T19:12:52.134+00:00
gmap:ChIJzRVUpapZwokRtnao84O_Y9I,D is for Doggy UES - Daycare & Grooming,pet sitter,(631) 970-4190,,http://www.disfordoggy.com/,,"246 E 84th St, New York, NY 10028",New York,New York,40.7766156,-73.9531871,gmaps_apify,new,2026-08-01T19:12:52.134+00:00
gmap:ChIJzxUKJaNZwokRUGkmwxyeeDI,Dog House Club,pet sitter,(917) 472-7283,,https://www.doghouseclubnyc.com/,,"1596 3rd Ave, New York, NY 10128",New York,New York,40.7810152,-73.9525051,gmaps_apify,new,2026-08-01T19:12:52.134+00:00
gmap:ChIJG0OWNV5fwokR6wk4cWxro5g,Bark&Bone,pet sitter,(718) 673-7694,,http://www.barknbone.com/,,"30-65 33rd St, Astoria, NY 11105",Astoria,New York,40.7644103,-73.9208477,gmaps_apify,new,2026-08-01T19:12:52.134+00:00
gmap:ChIJ6dOmeeBhwokR-rLLLK-sSF8,Pet Home - 萌宠之家,pet sitter,(917) 605-6808,,https://pet-home-webpage.web.app/index.html,,"131-42 40th Rd, Flushing, NY 11354",Flushing,New York,40.7563316,-73.8351627,gmaps_apify,new,2026-08-01T19:12:52.134+00:00
gmap:ChIJ45THFeJfwokREx8rpWC4cTA,Pawtel Inc,pet sitter,(347) 953-6888,,https://mypawtel.com/,,"25-73 College Point Blvd, Flushing, NY 11354",Flushing,New York,40.7747822,-73.846455,gmaps_apify,new,2026-08-01T19:12:52.134+00:00
gmap:ChIJBWNJh3tfwokRWi4OLdU5wnY,All Dogs In The City,pet sitter,(718) 545-3467,,http://alldogsinthecity.com/,,"18-73 42nd St, Astoria, NY 11105",Astoria,New York,40.777447,-73.8974478,gmaps_apify,new,2026-08-01T19:12:52.134+00:00
gmap:ChIJh1BFc4iLwokRr6uvsQ1ZMWc,Love Thou Dog,pet sitter,(929) 480-7776,,https://lovethoudog.com/,,"20-04 Utopia Pkwy, Whitestone, NY 11357",Whitestone,New York,40.7795069,-73.7941738,gmaps_apify,new,2026-08-01T19:12:52.134+00:00
gmap:ChIJQT-j1lVfwokRCIZp3YW6KA0,Wooftopia NYC,pet sitter,(929) 459-6998,,,,"Case St, Elmhurst, NY 11373",Elmhurst,New York,40.7477553,-73.8752414,gmaps_apify,new,2026-08-01T19:12:52.134+00:00
gmap:ChIJgd2_1L5YwokRqoBOXV4-GMs,New York Tails,pet sitter,(212) 706-9560,,http://www.nytails.com/,,"318 E 80th St, New York, NY 10075",New York,New York,40.7735329,-73.9535893,gmaps_apify,new,2026-08-01T19:12:52.134+00:00
gmap:ChIJN5Gh0klZwokRr-gVSN7AO_I,Treats & Care - By Priscilla & Allisson,pet sitter,(917) 734-9907,,http://www.treatsandcare.com/,,"413 E 82nd St Apt 2a, New York, NY 10028",New York,New York,40.7741199,-73.950287,gmaps_apify,new,2026-08-01T19:12:52.134+00:00
gmap:ChIJyZG5lDhfwokR8qUbVpdWGaA,Buster and Whiskers - Dog Walker Astoria,pet sitter,(917) 648-3306,,https://busterandwhiskers.com/,,"30-44 34th St, Astoria, NY 11103",Astoria,New York,40.764829,-73.920085,gmaps_apify,new,2026-08-01T19:12:52.134+00:00
gmap:ChIJ17r3akZfwokRzCZvhXjN0tc,Happy Kitty NYC LLC,pet sitter,(929) 428-1525,,http://happykittynyc.com/,,"310 E 74th St, New York, NY 10021",New York,New York,40.7697577,-73.956907,gmaps_apify,new,2026-08-01T19:12:52.134+00:00
gmap:ChIJVzdbYzP3wokRd9Y6cc57F1k,Upper Dogs Social Club | Dog Daycare & Pet Grooming,pet sitter,(848) 480-9452,,https://andreiasdogs.com/services/dog-daycare/?utm_source=local&utm_medium=organic&utm_campaign=gbp,,"416 E 115th St, New York, NY 10029",New York,New York,40.794919,-73.9353476,gmaps_apify,new,2026-08-01T19:12:52.134+00:00
gmap:ChIJt8Hq_Fv3wokRs3gEx-WCU0o,Dog Hotel-Doggie Day Care-Paws Gurus Harlem,pet sitter,(646) 952-0061,,http://thepawsgurus.com/,,"301 E 110th St, New York, NY 10029",New York,New York,40.7931212,-73.9401543,gmaps_apify,new,2026-08-01T19:12:52.134+00:00
gmap:ChIJn1ijqBf2wokRDR-qa_WqweI,Paws Country Club,pet sitter,(212) 501-8700,,http://www.pawscountryclub.com/,,"301 W 113th St Store Front, New York, NY 10026",New York,New York,40.8027207,-73.9569976,gmaps_apify,new,2026-08-01T19:12:52.134+00:00
gmap:ChIJHx-PwLppwokR4Vk9Yxisqf0,Tayler’s Dog Walking Company,pet sitter,(718) 514-5645,,,,"Far Rockaway, NY 11691",Far Rockaway,New York,40.6024346,-73.762495,gmaps_apify,new,2026-08-01T19:12:52.134+00:00
gmap:ChIJm9wi1utnwokRqglQ1M_o8Kk,Heart Of Love pet care,pet sitter,(646) 925-9123,,,,"166-09 144th Ave, Jamaica, NY 11434",Jamaica,New York,40.6664854,-73.7776142,gmaps_apify,new,2026-08-01T19:12:52.134+00:00
gmap:ChIJsVqIZu9nwokRa6meDfJ8-VE,C-D Pet Care,pet sitter,(212) 920-5813,,,,"217-20 136th Ave, Springfield Gardens, NY 11413",Springfield Gardens,New York,40.6771536,-73.753048,gmaps_apify,new,2026-08-01T19:12:52.134+00:00
gmap:ChIJ-zHqoFIquCUROaJxX2hbZ3M,Harlem's Happy Hounds,pet sitter,(917) 880-5843,,https://harlemshappyhounds.com/,,"W 116th St, New York, NY 10026",New York,New York,40.805413,-73.958105,gmaps_apify,new,2026-08-01T19:12:52.134+00:00
gmap:ChIJHTOtR2z2wokRdBxqOfOy8R0,HappyPaw Dog Boarding,pet sitter,(646) 712-0563,,,,"35 St Nicholas Terrace #44, New York, NY 10027",New York,New York,40.813481,-73.951725,gmaps_apify,new,2026-08-01T19:12:52.134+00:00
gmap:ChIJy0E7lTj3wokRLrqEO5OwxjA,Best Friends Boarding & Day Club,pet sitter,(646) 944-1869,,https://www.bfbnyc.com/,,"4130 Broadway, New York, NY 10033",New York,New York,40.8458258,-73.938378,gmaps_apify,new,2026-08-01T19:12:52.134+00:00
gmap:ChIJVxmJldb1wokRp1OHgnakq6U,Pet Care Services,pet sitter,(917) 239-0797,,https://skooteespetcareservice.com/,,"448 E 142nd St, Bronx, NY 10454",Bronx,New York,40.8108563,-73.9195982,gmaps_apify,new,2026-08-01T19:12:52.134+00:00
gmap:ChIJ83Ix7jhfwokRvMPZiaVbo7k,Never Alone Pets,pet sitter,(646) 474-7766,,http://www.neveralonepets.com/,,"31-71 34th St, Astoria, NY 11103",Astoria,New York,40.7612903,-73.9223927,gmaps_apify,new,2026-08-01T19:12:52.134+00:00
gmap:ChIJqciHC5T1wokR-GPCCo3VX3s,Lightning Zeus Canine Training,pet sitter,(646) 450-3723,,,,"1530 Story Ave, Bronx, NY 10473",Bronx,New York,40.8213837,-73.8782696,gmaps_apify,new,2026-08-01T19:12:52.134+00:00
gmap:ChIJx852Sx32wokRR5DPNXOE0Oo,Hotel Bark Ave,pet sitter,(646) 398-7671,,http://www.hotelbarkave.com/,,"143 E 103rd St, New York, NY 10029",New York,New York,40.7905972,-73.9478991,gmaps_apify,new,2026-08-01T19:12:52.134+00:00
gmap:ChIJD4-yQLxYwokRGfGVXX9AXIU,Petaholics,pet sitter,(646) 723-1282,,http://www.petaholics.com/,,"1474 3rd Ave #165, New York, NY 10028",New York,New York,40.7772499,-73.955511,gmaps_apify,new,2026-08-01T19:12:52.134+00:00
gmap:ChIJOQ2YTG_2wokRQ0BnmD3BeYs,Bow Wow Boys Pet Specialists,pet sitter,(212) 731-9997,,,,"510 W 135th St #7, New York, NY 10031",New York,New York,40.819134,-73.953522,gmaps_apify,new,2026-08-01T19:12:52.134+00:00
gmap:ChIJW2uWtM9ZwokR52L2tpaI7rQ,PetnessWanderer,pet sitter,(917) 261-4565,,https://petnesswanderer.shop/,,"247 Audubon Ave, New York, NY 10033",New York,New York,40.8461918,-73.9340416,gmaps_apify,new,2026-08-01T19:12:52.134+00:00
gmap:ChIJlf_gnJqVbAARcl5KQhNJtWA,Jean pet services,pet sitter,(718) 218-3411,,http://www.nywagwalks.com/,,"35-16 34th St, Queens, NY 11106",Queens,New York,40.7566658,-73.9267062,gmaps_apify,new,2026-08-01T19:12:52.134+00:00
gmap:ChIJoygec8X3wokRN7HbAyrR6xw,Elena's Pets,pet sitter,(347) 349-5660,,https://elenaspets.com/,,"600 W 149th St, New York, NY 10031",New York,New York,40.8290716,-73.9490858,gmaps_apify,new,2026-08-01T19:12:52.134+00:00
gmap:ChIJbZouGUNfwokRzJwoWT1hRT0,Dashing Dog Walker,pet sitter,(646) 465-2534,,http://dashingdogwalker.weebly.com/,,"23-70 29th St, Astoria, NY 11105",Astoria,New York,40.7736898,-73.9157086,gmaps_apify,new,2026-08-01T19:12:52.134+00:00
gmap:ChIJVey6exv0wokR-cGfo6BHMLk,Hot Paws Pet Care,pet sitter,(646) 271-0119,,,,"558 W 189th St, New York, NY 10040",New York,New York,40.8538413,-73.929323,gmaps_apify,new,2026-08-01T19:12:52.134+00:00
gmap:ChIJHfuXE05fwokRfGiCgP3-xvE,NYC Pet Nanny Cat Sitting Service,pet sitter,(646) 298-5301,,http://www.nycpetnanny.com/,,"Astoria, 25-74 36th St, Astoria, NY 11103",Astoria,NY,40.7676275,-73.915463,gmaps_apify,new,2026-08-01T19:12:52.134+00:00
gmap:ChIJKwbwCbqLwokRUqJlcQ1qAKg,Whitestone Doghouse,pet sitter,(718) 767-7445,,http://www.whitestonedoghouse.com/,,"12-49 150th St, Whitestone, NY 11357",Whitestone,New York,40.7893894,-73.8138407,gmaps_apify,new,2026-08-01T19:12:52.134+00:00
gmap:ChIJwRW4nrKKwokRlxg5XjdUk6M,Doggy Be Good Kennel Camp & Grooming Salon,pet sitter,(718) 746-1979,,http://www.doggybegood.net/,,"14-29 128th St, College Point, NY 11356",College Point,New York,40.7844031,-73.8402258,gmaps_apify,new,2026-08-01T19:12:52.134+00:00
gmap:ChIJTd16xXrp0SQRxskUFUZ-fHY,Soft Paws Sitter,pet sitter,(917) 280-0186,,https://softpawssitter.godaddysites.com/,,,Queens,NY,40.7657829,-73.9265476,gmaps_apify,new,2026-08-01T19:12:51.936+00:00
gmap:ChIJ34KHYuwNQgERBg0OrB-rAv8,Victor Costa | Affordable Dog Walker,pet sitter,(929) 369-4215,,,,,Queens,NY,40.6860039,-73.8783995,gmaps_apify,new,2026-08-01T19:12:51.893+00:00
gmap:ChIJkbGeN0ZiwokRDa4yX88zMrw,"In Home Pet Services, Inc.",pet sitter,(718) 347-7387,,http://www.inhomepetservices.com/nequeens,,"88-25 247th St, Bellerose, NY 11426",Bellerose,New York,40.7285616,-73.7207573,gmaps_apify,new,2026-08-01T19:12:51.892+00:00
gmap:ChIJfS94pLKNwokRCFbMVr3wey0,Dog-Bizz,pet sitter,(718) 808-1070,,http://www.dog-bizz.com/,,"313 City Island Ave, Bronx, NY 10464",Bronx,New York,40.8473785,-73.7867612,gmaps_apify,new,2026-08-01T19:12:51.892+00:00
gmap:ChIJO2QjHQRpSiQRiVVjBYol9Q4,PAW-fect Sitter Services,pet sitter,(646) 783-8898,,,,,Queens,NY,40.6507535,-73.8783995,gmaps_apify,new,2026-08-01T19:12:51.892+00:00
gmap:ChIJnTZecndfwokRru3rsRMwNHM,ABC's of Dog Training,pet sitter,(917) 755-3251,,https://www.abcsofdogtraining.com/,,"77-05 21st Ave, East Elmhurst, NY 11370, United States",East Elmhurst,New York,40.7708171,-73.8925571,gmaps_apify,new,2026-08-01T19:12:48.791+00:00
gmap:ChIJ44OeNKhQZIYR1ug2M9PVtyY,Heights Hounds Walks,pet sitter,(215) 767-6423,,http://heightshoundswalks.com/,,"624 W 182nd St, New York, NY 10033, United States",New York,New York,40.850265,-73.9344098,gmaps_apify,new,2026-08-01T19:12:48.791+00:00
gmap:ChIJe7uFJqBZwokRFDC_fUwoaU0,Cuddlytails,pet sitter,(551) 226-1561,,https://www.cuddlytails.com/,,"32 W 83rd St Apt 10, New York, NY 10024",New York,New York,40.7838084,-73.9721543,gmaps_apify,new,2026-08-01T19:12:42.814+00:00
gmap:ChIJhbhPNYhYwokRhNrIuIKmMmI,NYC POOCH,pet sitter,(212) 874-6335,,https://nycpooch.com/,,"235 W 76th St, New York, NY 10023",New York,New York,40.7821286,-73.9815225,gmaps_apify,new,2026-08-01T19:12:42.814+00:00
gmap:ChIJyzOlXXlZwokRmnz1U8m2_6A,Upper West Side Cat Sitting,pet sitter,(669) 250-6210,,https://www.rover.com/members/hsi-y-cat-special-sitterpet-lover/,,"60 W 75th St, New York, NY 10023",New York,New York,40.7790638,-73.9771948,gmaps_apify,new,2026-08-01T19:12:42.814+00:00
gmap:ChIJ_XqP6lBYwokRI0R26Ypjgyg,Coco and Toto,pet sitter,(212) 956-5822,,http://cocoandtoto.com/,,"730 11th Ave, New York, NY 10019",New York,New York,40.7667869,-73.9936851,gmaps_apify,new,2026-08-01T19:12:42.814+00:00
gmap:ChIJ-SaDP51YwokRnYZL3UXVqmY,The Pet Concierge,pet sitter,(212) 535-0903,,http://www.petconciergenyc.com/,,"175 W 93rd St, New York, NY 10025",New York,New York,40.7921631,-73.9713327,gmaps_apify,new,2026-08-01T19:12:42.814+00:00
gmap:ChIJZfP5Vif2wokRramgU6V7NQc,"NYC Dog Walkers, LLC",pet sitter,(917) 912-3968,,http://www.nycdogwalkers.com/,,"27 W 96th St #16F, New York, NY 10025",New York,New York,40.7923943,-73.9658576,gmaps_apify,new,2026-08-01T19:12:42.814+00:00
gmap:ChIJHQ7Wk4ZYwokRoQJYbY8SHjw,RiversideBArk! Dog Walkers & Pet Sitters,pet sitter,(646) 377-1575,,http://riversidebark.com/,,"268 W 84th St Apt 1B, New York, NY 10024",New York,New York,40.7877662,-73.9789167,gmaps_apify,new,2026-08-01T19:12:42.814+00:00
gmap:ChIJhWerYL1ewokRIqoyvjSSowg,Loving Paws Pet Sitting and Doggie Baths,pet sitter,(347) 221-8374,,https://www.facebook.com/lovingpawspetsitting,,"55 Central Prk W, New York, NY 10023",New York,New York,40.7722757,-73.979081,gmaps_apify,new,2026-08-01T19:12:42.814+00:00
gmap:ChIJMxxevzlvv4cRmuJJweye9OA,BarkBud Dog Walkers,pet sitter,(646) 389-6256,,http://barkbud.com/,,"610 5th Ave, New York, NY 10020",New York,New York,40.7581529,-73.9778997,gmaps_apify,new,2026-08-01T19:12:42.814+00:00
gmap:ChIJKfqmQPdSqWURXK_lErqBV3s,Sisters Paws - dog walker | pet sitter,pet sitter,(646) 323-1468,,https://qr.codes/GyjdPL,,"560 W 43rd St, New York, NY 10036",New York,New York,40.7609362,-73.99767,gmaps_apify,new,2026-08-01T19:12:42.814+00:00
gmap:ChIJqaFEECX2wokRaqk7rrarq3A,Wags West,pet sitter,(917) 817-1073,,https://wagswestnyc.com/,,"157 Columbus Ave 4th floor, New York, NY 10023",New York,New York,40.7743146,-73.9807967,gmaps_apify,new,2026-08-01T19:12:42.813+00:00
gmap:ChIJU_Vyuif2wokRRYZrnTRKeMI,Priceless Pet Services,pet sitter,(212) 933-4042,,http://pricelesspetservices.com/,,"1 W 100th St, New York, NY 10025",New York,New York,40.7944702,-73.9631833,gmaps_apify,new,2026-08-01T19:12:42.813+00:00
gmap:ChIJieGaIkpZwokRJMLYevDXvEc,J&C Pet Sitting,pet sitter,(248) 760-6729,,https://www.jandcpets.com/,,"146 W 72nd St, New York, NY 10023",New York,New York,40.7778955,-73.980581,gmaps_apify,new,2026-08-01T19:12:42.813+00:00
gmap:ChIJS3IM8opYwokR245dxuc4d4I,Pet Angel - dog walking and petsitting,pet sitter,(212) 875-0734,,http://petangel.com/,,"142 W 70th St, New York, NY 10023",New York,New York,40.776524,-73.981247,gmaps_apify,new,2026-08-01T19:12:42.813+00:00
gmap:ChIJ1xqhgSj2wokRM12bbIxu2Tg,Dog Days of New York,dog trainer,(212) 767-9022,,http://www.dogdaysofny.com/,,"2581 Broadway, New York, NY 10025",New York,New York,40.7955465,-73.9715141,gmaps_apify,new,2026-08-01T19:12:38.484+00:00
gmap:ChIJdTDgH1xYwokRKWoLbT9GOjQ,Biscuits & Bath - Midtown West,dog trainer,(646) 786-0979,,http://www.biscuitsandbath.com/,,"229 W 60th St, New York, NY 10023",New York,New York,40.772076,-73.988554,gmaps_apify,new,2026-08-01T19:12:38.484+00:00
gmap:ChIJlzQsxa9YwokRIH0UH1sHzHc,Pet Insurance Blog,dog trainer,(212) 876-7700,,https://pethealthcareonline.com/,,"424 E 92nd St, New York, NY 10128, United States",New York,New York,40.7800573,-73.9456838,gmaps_apify,new,2026-08-01T19:12:38.484+00:00
gmap:ChIJA2PneR5ZwokRVsP-8_Tl_Wk,"DharmaHound, LLC",dog trainer,(646) 504-0767,,https://dharmahound.com/,,"374 W 127th St, New York, NY 10027, United States",New York,New York,40.8124328,-73.9527838,gmaps_apify,new,2026-08-01T19:12:38.484+00:00
gmap:ChIJkfztx4JYwokRXP8cIV1wE8U,Playground Pups,dog trainer,(212) 362-5221,,http://www.playgroundpups.com/,,"664-668 Amsterdam Ave, New York, NY 10025",New York,New York,40.792076,-73.972159,gmaps_apify,new,2026-08-01T19:12:38.484+00:00
gmap:ChIJS0SQI4f1wokRZxG_KU9Qgcc,Franz Sigel Dog Run,dog trainer,(212) 639-9675,,https://www.nycgovparks.org/parks/franz-sigel-park/facilities/dogareas,,"Franz Sigel Park, Bronx, NY 10451, United States",Bronx,New York,40.8229038,-73.9259051,gmaps_apify,new,2026-08-01T19:12:38.484+00:00
gmap:ChIJn6Nh1b_3wokRfcrgbQ30jYw,Pac Williams,dog trainer,(917) 830-6766,,http://stardomdogtraining.com/,,"New York, NY 10027, United States",New York,New York,40.8115504,-73.9464769,gmaps_apify,new,2026-08-01T19:12:38.484+00:00
gmap:ChIJcaNM7YtYwokRzpEAIjJcQNc,Camp Canine,dog trainer,(212) 787-3647,,https://www.nycampcanine.com/?utm_source=googlemb&utm_medium=organic&utm_campaign=weblink&utm_content=upper-west-side,,"46 W 73rd St, New York, NY 10023",New York,New York,40.7778733,-73.9779417,gmaps_apify,new,2026-08-01T19:12:38.484+00:00
gmap:ChIJTeKQyupZwokRgCubftKcfrc,Devoted2Dogs,dog trainer,(917) 682-4951,,https://dev2dogs.com/,,,Queens,NY,40.6971415,-73.979506,gmaps_apify,new,2026-08-01T19:12:38.484+00:00
gmap:ChIJqS_pPZDN5EkRCDlYyPdi88k,Gobess Dog Training,dog trainer,(470) 647-7085,,https://www.gobessdt.com/,,,Queens,NY,40.7036855,-73.8783995,gmaps_apify,new,2026-08-01T19:12:38.484+00:00
gmap:ChIJQUpVWIKO3YcRSzgE2zQuTMA,Pets Best Friend NYC,dog trainer,(347) 963-0960,,http://petsbestfriendnyc.com/,,,Queens,NY,40.7657829,-73.9265476,gmaps_apify,new,2026-08-01T19:12:38.484+00:00
gmap:ChIJ98UsEDdfwokR-mtELC75Gn8,Good to the Bone Dog Training,dog trainer,(516) 967-8177,,http://www.goodtothebonenyc.com/,,,Queens,NY,40.805146,-73.8477505,gmaps_apify,new,2026-08-01T19:12:38.484+00:00
gmap:ChIJx_7STWtfwokRKhneE4vX8gg,Pet Club,dog trainer,(718) 278-6921,,https://petclubastoria.com/,,"30-28 Steinway St, Astoria, NY 11103, United States",Astoria,New York,40.76331,-73.9158261,gmaps_apify,new,2026-08-01T19:12:38.484+00:00
gmap:ChIJ3WLtJlFnFKMRtzu2IVAab-A,Andreas Dog Training NYC,dog trainer,(917) 396-2841,,https://andreasdogtrainingnyc.com/,,,Queens,NY,40.6971415,-73.979506,gmaps_apify,new,2026-08-01T19:12:38.484+00:00
gmap:ChIJn1JDMTdfwokRz2cG5Qss34g,NY Metro Off Leash K9 Training,dog trainer,(646) 741-0202,,http://www.dogtrainermanhattan.com/,,,Queens,NY,40.7036855,-73.9086129,gmaps_apify,new,2026-08-01T19:12:38.484+00:00
gmap:ChIJR81sRlxYwokRKQho_Yb9ryM,Biscuits & Bath - West End Ave,dog trainer,(646) 786-0980,,https://www.biscuitsandbath.com/,,"21 West End Ave, New York, NY 10023",New York,New York,40.7727764,-73.9906556,gmaps_apify,new,2026-08-01T19:12:38.484+00:00
gmap:ChIJYYqHSKtZwokRuCOWw5RYHVw,New Dog Productions,dog trainer,(917) 915-4494,,,,"575 Fashion Ave, New York, NY 10018",New York,New York,40.7550092,-73.9873171,gmaps_apify,new,2026-08-01T19:12:38.484+00:00
gmap:ChIJnT4AzK1ZwokR7Vjneyt2ms0,Good Dog Walking,dog trainer,(347) 471-1089,,http://www.gooddogwalking.com/,,"254 W 35th St, New York, NY 10123",New York,New York,40.7523861,-73.9924167,gmaps_apify,new,2026-08-01T19:12:38.484+00:00
gmap:ChIJu2evHedYwokRGmGcven8otI,Biscuits & Bath - Sutton Place,dog trainer,(646) 786-0978,,http://www.biscuitsandbath.com/,,"1064 1st Ave, New York, NY 10022",New York,New York,40.7587686,-73.9622926,gmaps_apify,new,2026-08-01T19:12:38.484+00:00
gmap:ChIJTZmt0mBYwokRQEa7G_iMtwI,Biscuits & Bath - Riverside Blvd,dog trainer,(646) 786-0974,,http://www.biscuitsandbath.com/,,"160 Riverside Boulevard, Entrance on Freedom Place, New York, NY 10069",New York,NY,40.777639,-73.988019,gmaps_apify,new,2026-08-01T19:12:38.484+00:00
gmap:ChIJ8UKHQLL1wokRxTneJ54-aHo,Pet Resources,dog trainer,(718) 842-4141,,http://www.petsuppliesbronx.com/,,"814 Westchester Ave, Bronx, NY 10455, United States",Bronx,New York,40.8189071,-73.9027663,gmaps_apify,new,2026-08-01T19:12:38.484+00:00
gmap:ChIJoZukP9pZwokRz1Da2iH13L8,"Throw Me A Bone Inc. / Dog Daycare, Grooming and Boarding",dog trainer,(212) 287-9769,,http://www.throwmeabone.dog/,,"525 W 52nd St, New York, NY 10019",New York,New York,40.7665831,-73.9921065,gmaps_apify,new,2026-08-01T19:12:38.484+00:00
gmap:ChIJMduHIMRYwokRUHa7C-uvnhk,White Muzzle Fund,dog trainer,(212) 726-1397,,https://www.whitemuzzlefund.com/home.html,,"6321 FDR Dr, New York, NY 10150, United States",New York,New York,40.7654884,-73.9520061,gmaps_apify,new,2026-08-01T19:12:38.484+00:00
gmap:ChIJo8l5nBQGSg4R9QgFn3mZsh0,nyk9coach,dog trainer,(914) 704-2372,,,,,Queens,NY,40.7813047,-73.9771184,gmaps_apify,new,2026-08-01T19:12:38.484+00:00
gmap:ChIJRzQH2hA5NwURIPUfHk0miu0,Pawtential K9,dog trainer,(646) 719-7582,,,,,Queens,NY,40.7504965,-73.979506,gmaps_apify,new,2026-08-01T19:12:38.484+00:00
gmap:ChIJE9Y4CIT2wokRkHfe0VJlTkA,Major League Pets,dog trainer,(347) 398-4929,,,,"503 W 158th St, New York, NY 10032, United States",New York,New York,40.8338945,-73.9419752,gmaps_apify,new,2026-08-01T19:12:38.484+00:00
gmap:ChIJbZfNq4jywYsRhE0K4g3gYk8,Logic Unleashed Canine Services,dog trainer,(201) 952-3301,,http://logicunleashedcanine.com/,,,Queens,NY,40.6411855,-74.1573725,gmaps_apify,new,2026-08-01T19:12:38.484+00:00
gmap:ChIJMd5qsPBYwokRHMz2c_ByAng,Dog Collection,dog trainer,(772) 731-1124,,,,"1414 6th Ave, New York, NY 10019",New York,New York,40.7647485,-73.9764725,gmaps_apify,new,2026-08-01T19:12:38.484+00:00
gmap:ChIJzcJZbMj3wokR8PrSAkF3USc,Dog Training With Katelyn,dog trainer,(530) 387-1556,,https://www.dogtrainingwithkatelyn.com/,,"Riverside Dr, New York, NY 10032",New York,New York,40.8384065,-73.9464151,gmaps_apify,new,2026-08-01T19:12:38.483+00:00
gmap:ChIJVSI-rxf2wokRVGWZlt6VaYc,Amanda Gagnon Dog Training,dog trainer,(540) 327-3288,,http://www.amandagagnondogtraining.com/,,"301 W 113th St, New York, NY 10026, United States",New York,New York,40.8027243,-73.9570122,gmaps_apify,new,2026-08-01T19:12:38.483+00:00
gmap:ChIJzZUgRgT2wokRK87fW1CK95g,Instinct Dog Behavior & Training,dog trainer,(212) 828-3647,,http://www.instinctdogtraining.com/,,"181 E 111th St, New York, NY 10029",New York,New York,40.795098,-73.942653,gmaps_apify,new,2026-08-01T19:12:38.483+00:00
gmap:ChIJd22FK0tZwokR6YNh0lqEm50,Tara's School for Dogs,dog trainer,(646) 408-5322,,https://www.tarasschoolfordogs.com/,,"Serving Manhattan Locations, New York, NY 10028",New York,NY,40.7758875,-73.9534214,gmaps_apify,new,2026-08-01T19:12:38.483+00:00
gmap:ChIJD2ndK1uLwokRJ7QCQXm5OgI,David's Dog Training,dog trainer,(917) 488-8100,,http://www.davidsdogtraining.com/,,"Corporal Kennedy St, Bayside, NY 11360",Bayside,New York,40.772212,-73.7804261,gmaps_apify,new,2026-08-01T19:12:38.483+00:00
gmap:ChIJGcnaDDKLwokRcLWs-nCUTmM,Petco Dog Training,dog trainer,(718) 239-2715,,https://stores.petco.com/ny/bronx/dog-training-bronx-ny-3752.html?utm_source=google&utm_campaign=locallist_3752_pdt,,"815 Hutchinson Riv Pkwy, Bronx, NY 10465",Bronx,New York,40.8226758,-73.8371869,gmaps_apify,new,2026-08-01T19:12:38.483+00:00
gmap:ChIJEdWEhw31wokRdh8IlDBhRCk,Uptown Doggy LLC,dog trainer,(917) 748-5682,,http://uptowndoggy.com/,,"by appointment only, 259 Bennett Ave, New York, NY 10040",New York,New York,40.8586443,-73.9325388,gmaps_apify,new,2026-08-01T19:12:38.483+00:00
gmap:ChIJy115fGdfwokR980_ea33trQ,Canino - Dog Daycare in Astoria,dog trainer,(212) 470-4027,,https://thecanino.com/,,"28-06 21st St, Astoria, NY 11102, United States",Astoria,New York,40.7710847,-73.9271931,gmaps_apify,new,2026-08-01T19:12:38.483+00:00
gmap:ChIJK01wBYdhwokRRgK9KLWcoUk,Bark Busters Home Dog Training Manhattan & Yonkers,dog trainer,(877) 500-2275,,https://www.barkbusters.com/dog-training/new-york-manhattan/?utm_source=GMBListing&utm_medium=WebsiteClicks&utm_campaign=1-07-014,,,Queens,NY,40.7324605,-73.979506,gmaps_apify,new,2026-08-01T19:12:38.483+00:00
gmap:ChIJmZLLAq6KwokRQYeqK-4w5Ok,Petco Dog Training,dog trainer,(718) 321-1295,,https://stores.petco.com/ny/college-point/dog-training-collegepoint-ny-2779.html?utm_source=google&utm_campaign=locallist_2779_pdt,,"133-11 20th Ave, College Point, NY 11356, United States",College Point,New York,40.7832053,-73.8357942,gmaps_apify,new,2026-08-01T19:12:38.483+00:00
gmap:ChIJZW9Qd2JfwokRjziUL9Qh_Tg,Jasperranch Rottweilers Breeder Puppies Dog Trainner New York,dog trainer,(646) 676-0690,,http://cutestpuppiesforsale.com/,,"32-24 30th St, Long Island City, NY 11106, United States",Long Island City,New York,40.7618234,-73.9268544,gmaps_apify,new,2026-08-01T19:12:38.483+00:00
gmap:ChIJjxpjCueJwokRMUP4zroHnZQ,Petco Dog Training,dog trainer,(718) 225-0342,,https://stores.petco.com/ny/little-neck/dog-training-littleneck-ny-3764.html?utm_source=google&utm_campaign=locallist_3764_pdt,,"254-51 Horace Harding Expy, Little Neck, NY 11362, United States",Little Neck,New York,40.765169,-73.7257947,gmaps_apify,new,2026-08-01T19:12:38.483+00:00
gmap:ChIJmdMc5yJfwokRV5KoXKa3KjE,Treats and Tips,dog trainer,(718) 278-1814,,http://www.treatsandtipsny.com/,,"45-15 34th Ave, Long Island City, NY 11101, United States",Long Island City,New York,40.7546579,-73.9162157,gmaps_apify,new,2026-08-01T19:12:38.483+00:00
gmap:ChIJp-MEyU_0wokRtx9lzA34b4c,House Pet Grooming and Trainer,dog trainer,(347) 552-7354,,https://housepetgroomingandtrainer.com/,,"1327 Clinton Ave, Bronx, NY 10456",Bronx,New York,40.8322128,-73.9004564,gmaps_apify,new,2026-08-01T19:12:38.483+00:00
gmap:ChIJD3ebDQdfwokRhP7LgSVdbgY,Puppy Pals,dog trainer,(917) 319-4411,,http://www.puppypalsnyc.com/,,"37-09 75th St, Jackson Heights, NY 11372",Jackson Heights,New York,40.7487839,-73.8906299,gmaps_apify,new,2026-08-01T19:12:38.483+00:00
gmap:ChIJxYXSCg5ZwokRg6ML8RFKPI8,Yuruani Olguin Dog Training,dog trainer,(646) 347-7544,,https://www.dogtraining.nyc/,,"250 W 57th St Ste 1818, New York, NY 10107",New York,New York,40.7662424,-73.9824061,gmaps_apify,new,2026-08-01T19:12:38.483+00:00
gmap:ChIJ_WYglBlfwokR5g9dKBEZZWU,BB's PLAYHOUSE,dog trainer,(917) 680-1113,,https://bbsplayhouse.com/,,"25-28 Broadway, Astoria, NY 11106",Astoria,New York,40.762762,-73.9276538,gmaps_apify,new,2026-08-01T19:12:38.483+00:00
gmap:ChIJfyL3TQ8SrE4RPjU_JRdV2Bk,Good Dog!,dog trainer,(212) 722-4313,,http://gooddog.training/?utm_source=gmb&utm_medium=referral,,"309 E 87th St, New York, NY 10128, United States",New York,New York,40.7783276,-73.9501722,gmaps_apify,new,2026-08-01T19:12:38.483+00:00
gmap:ChIJafQZmF5ZwokRSZih7INRmbg,TLC and Treats NYC,dog trainer,(347) 857-7432,,https://www.instagram.com/tlcandtreatsnyc/,,"TLC and Treats, New York, NY 10128, United States",New York,New York,40.7859512,-73.9515112,gmaps_apify,new,2026-08-01T19:12:38.483+00:00
gmap:ChIJ9WKDteBfwokRKDXV2zyIsbU,Disco Paws,dog trainer,(718) 685-2864,,http://discopaws.com/,,"30-62 Steinway St, Astoria, NY 11103, United States",Astoria,New York,40.762432,-73.9164403,gmaps_apify,new,2026-08-01T19:12:38.483+00:00
gmap:ChIJcUAbmKZZwokRN3Yhp25c1pA,Lee Charles Kelley,dog trainer,(917) 494-8777,,https://www.leecharleskelleydogtraining.com/,,"W 73rd St, New York, NY 10023",New York,New York,40.7788949,-73.9804319,gmaps_apify,new,2026-08-01T19:12:38.483+00:00
gmap:ChIJ2_S-j2KKwokRYKFiGOmX9D4,Dogcipline Inc.,dog trainer,(718) 304-5084,,http://www.dogcipline.com/,,"20-08 Utopia Pkwy, Whitestone, NY 11357",Whitestone,New York,40.7794344,-73.7940397,gmaps_apify,new,2026-08-01T19:12:38.483+00:00
gmap:ChIJP0iID57WqUARladiaf0VcZw,PJH Dog Training,dog trainer,(347) 754-1988,,https://www.pjhdogtraining.com/?utm_source=google&utm_medium=organic&utm_campaign=gmb,,"2504 Broadway, New York, NY 10025",New York,New York,40.7927122,-73.9726722,gmaps_apify,new,2026-08-01T19:12:38.483+00:00
gmap:ChIJq6p6X1JYwokR9qByzvM4ams,Spot-On K9 Training,dog trainer,(917) 848-3108,,http://spot-onk9training.com/,,"400 W 43rd St #33R, New York, NY 10036",New York,New York,40.7590415,-73.9925663,gmaps_apify,new,2026-08-01T19:12:38.483+00:00
gmap:ChIJH0EnMLBYwokRoFwDo7j9ZSw,"Throw Me A Bone Inc. / Dog Daycare, Grooming and Boarding",dog trainer,(212) 287-9769,,http://www.throwmeabone.dog/,,"311 11th Ave, New York, NY 10001",New York,New York,40.7529591,-74.0042841,gmaps_apify,new,2026-08-01T19:12:38.483+00:00
gmap:ChIJgdLkjYVZwokRD_yKt4twPLc,Amanda Gagnon Dog Training,dog trainer,(540) 327-3288,,https://www.amandagagnondogtraining.com/,,"238 W 72nd St, New York, NY 10023",New York,New York,40.779068,-73.9834047,gmaps_apify,new,2026-08-01T19:12:38.483+00:00
gmap:ChIJc4tU6D9ZwokRblA-XSgt0XY,Amanda Gagnon Dog Training,dog trainer,(540) 327-3288,,https://www.amandagagnondogtraining.com/,,"821 9th Ave, New York, NY 10019",New York,New York,40.7663254,-73.9872039,gmaps_apify,new,2026-08-01T19:12:38.483+00:00
gmap:ChIJJfQ0YIlYwokRGF9srZoIafQ,Follow My Lead,dog trainer,(212) 873-5511,,http://www.followmyleadnyc.com/,,"117 W 74th St, New York, NY 10023",New York,New York,40.779255,-73.978768,gmaps_apify,new,2026-08-01T19:12:38.483+00:00
gmap:ChIJB7itusv3wokRiVxamT5Q_-Q,Amanda Gagnon Dog Training,dog trainer,(540) 327-3288,,https://www.amandagagnondogtraining.com/,,"2581 Broadway, New York, NY 10025",New York,New York,40.7955427,-73.9714899,gmaps_apify,new,2026-08-01T19:12:38.483+00:00
gmap:ChIJdzzbA4lZwokRBN0hADtN4zE,Andrea Arden Dog Training,dog trainer,(212) 414-9597,,https://andreaarden.com/,,"46 W 73rd St, New York, NY 10023",New York,New York,40.7778084,-73.9779983,gmaps_apify,new,2026-08-01T19:12:38.483+00:00
gmap:ChIJDR8Z0IRYwokRHaysZDjdblE,Drew Watson Pups,dog trainer,(917) 675-4756,,http://www.drewwatsonpups.com/contact.html,,"70 W 86th St #17, New York, NY 10024",New York,New York,40.7862147,-73.971904,gmaps_apify,new,2026-08-01T19:12:38.483+00:00
gmap:ChIJWyRJ-UdawokRpiAyccdI9IA,"Throw Me A Bone Inc. / Dog Daycare, Grooming and Boarding",dog trainer,(212) 287-9769,,http://www.throwmeabone.dog/,,"605 W 42nd St, New York, NY 10036",New York,New York,40.761357,-73.9988643,gmaps_apify,new,2026-08-01T19:12:38.483+00:00
gmap:ChIJTaSYYFhYwokRDzdXBt3pdWY,Harmony Dog Training,dog trainer,(917) 817-6603,,https://harmonydogtraining.com/,,"348 W 57th St #130, New York, NY 10019",New York,New York,40.7674543,-73.9851028,gmaps_apify,new,2026-08-01T19:12:38.483+00:00
gmap:ChIJ5VP3ouNYwokREpNPd-CyGfI,Petco Dog Training,dog trainer,(212) 593-7213,,https://stores.petco.com/ny/new-york/dog-training-newyork-ny-3746.html?utm_source=google&utm_campaign=locallist_3746_pdt,,"991 2nd Ave, New York, NY 10022",New York,New York,40.7564874,-73.9677667,gmaps_apify,new,2026-08-01T19:12:38.483+00:00
gmap:ChIJ__YzjfdfwokRvO8vyo_XgHQ,Petco Dog Training,dog trainer,(718) 446-1061,,https://stores.petco.com/ny/east-elmhurst/dog-training-eastelmhurst-ny-3767.html?utm_source=google&utm_campaign=locallist_3767_pdt,,"75-07 31st Ave, East Elmhurst, NY 11370",East Elmhurst,New York,40.758876,-73.8922608,gmaps_apify,new,2026-08-01T19:12:38.483+00:00
gmap:ChIJ2xtM9YJYwokR-iOfNt-0TO0,Petco Dog Training,dog trainer,(212) 877-1270,,https://stores.petco.com/ny/new-york/dog-training-newyork-ny-1750.html?utm_source=google&utm_campaign=locallist_1750_pdt,,"2475 Broadway, New York, NY 10025",New York,New York,40.7921442,-73.9741135,gmaps_apify,new,2026-08-01T19:12:38.483+00:00
gmap:ChIJawhX8ORYwokRlJ3vcsE-ETY,Shelby Semel Dog Training,dog trainer,(516) 637-3750,,http://www.shelbydogtraining.com/,,"1105 1st Ave, New York, NY 10022",New York,New York,40.7606964,-73.9615473,gmaps_apify,new,2026-08-01T19:12:38.483+00:00
gmap:ChIJZzFwbYhYwokRsNtqgk5TW38,Amanda Gagnon Dog Training,dog trainer,(540) 327-3288,,http://amandagagnondogtraining.com/,,"76 W 85th St Unit A, New York, NY 10024",New York,New York,40.7854691,-73.9724748,gmaps_apify,new,2026-08-01T19:12:38.483+00:00
gmap:ChIJvT2DOVksuKoRpm2UyiXo0nU,Paws for Thought Dog Training,dog trainer,(914) 863-1656,,http://www.pawsforthoughttraining.com/,,"150 E 58th St #17, New York, NY 10155",New York,New York,40.7611083,-73.9680976,gmaps_apify,new,2026-08-01T19:12:38.483+00:00
gmap:ChIJ0xnCLbpYwokRWMB4yLurn6A,The Peaceful Dog,dog trainer,(917) 628-8736,,http://www.thepeacefuldog.com/,,"351 E 84th St, New York, NY 10028",New York,New York,40.7759912,-73.9504248,gmaps_apify,new,2026-08-01T19:12:38.483+00:00
gmap:ChIJOd7aJl_HLw0RD-mP_3KQmwU,LovePup Training,dog trainer,(929) 688-3151,,https://lovepuptraining.com/,,"131 W 33rd St, New York, NY 10001",New York,New York,40.7498506,-73.9896333,gmaps_apify,new,2026-08-01T19:12:38.483+00:00
gmap:ChIJWekN7EVyOAYROiNGN8hUkmM,Far Fetched Pets,dog trainer,(917) 781-2533,,https://www.farfetchedpets.com/?utm_source=google&utm_medium=wix_google_business_profile&utm_campaign=4379128616027308544,,"307 E 89th St, New York, NY 10128, United States",New York,New York,40.7796944,-73.9495492,gmaps_apify,new,2026-08-01T19:12:38.483+00:00
gmap:ChIJUS5rTAZZwokRokfLnUwNf_Q,"Delighted Pets, Inc.",dog trainer,(347) 825-7733,,http://www.delightedpetsnyc.com/,,"1060 Park Ave, New York, NY 10028, United States",New York,New York,40.7812136,-73.9570373,gmaps_apify,new,2026-08-01T19:12:38.483+00:00
gmap:ChIJG2hjJYJYwokRuOb3cmAnmTM,Perfect Behavior Dog Training,dog trainer,(646) 246-9102,,http://www.perfectbehaviordogtraining.com/,,"313 W 90th St #1r, New York, NY 10024",New York,New York,40.791849,-73.976523,gmaps_apify,new,2026-08-01T19:12:38.483+00:00
gmap:ChIJCafncKVZwokRu-qaExMF-mU,The Educated Dog,dog trainer,(917) 428-1516,,http://www.educateddogtraining.com/,,"107 W 86th St # 14d, New York, NY 10024",New York,New York,40.7867986,-73.9725285,gmaps_apify,new,2026-08-01T19:12:38.483+00:00
gmap:ChIJM8isS9j3wokRpVKgHli8OUU,Cassidy Ingram Dog Training LLC,dog trainer,(646) 328-6374,,https://www.cassidyingramdogtraining.com/,,"The Apthorp, 252 W 79th St, New York, NY 10024",New York,New York,40.7838772,-73.9807919,gmaps_apify,new,2026-08-01T19:12:38.483+00:00
gmap:ChIJISgt5ZdfwokRIpxoKWSV554,Dog Training NYC,dog trainer,(917) 909-2338,,https://dogtrainingnyc.com/,,,Queens,NY,40.7813047,-73.9771184,gmaps_apify,new,2026-08-01T19:12:38.483+00:00
gmap:ChIJ2ftlw7xYwokRtLUeNGxGHF4,Petco Dog Training,dog trainer,(212) 369-7903,,https://stores.petco.com/ny/new-york/dog-training-newyork-ny-3713.html?utm_source=google&utm_campaign=locallist_3713_pdt,,"1280 Lexington Ave, New York, NY 10028, United States",New York,New York,40.7800339,-73.9555707,gmaps_apify,new,2026-08-01T19:12:38.483+00:00
gmap:ChIJa8j9eTVfwokRVmijANTZuOg,Poodles to Pit Bulls Dog Training,dog trainer,(347) 504-1432,,http://www.poodlestopitbulls.com/,,"By appointment only, 12-30, 31st Dr, Astoria, NY 11106",Astoria,New York,40.7672691,-73.933371,gmaps_apify,new,2026-08-01T19:12:38.483+00:00
gmap:ChIJAQAAAGRfwokR8dZx1uePC88,Ramella's Canine Academy,dog trainer,(718) 932-5556,,https://ramellascanineacademy.com/,,"Long Island City, NY 11105",Long Island City,New York,40.7787902,-73.9065883,gmaps_apify,new,2026-08-01T19:12:38.482+00:00
gmap:ChIJP6Ax3Y2KwokRWRo7RjshM_A,Anthony Jerone's School Of Dog Training & Career Inc.,dog trainer,(646) 775-5352,,http://www.dogschoolny.com/,,"16-05 Francis Lewis Blvd, Whitestone, NY 11357",Whitestone,New York,40.78465,-73.8049789,gmaps_apify,new,2026-08-01T19:12:38.482+00:00
gmap:ChIJYUCduCBewokRzJT4I22knGA,Dog Trainer Rob - Canine Nutritionist - Dog Equipment,dog trainer,(347) 762-7743,,http://www.dogtrainerrob.com/,,"71-50 Austin St, Forest Hills, NY 11375",Forest Hills,New York,40.7194138,-73.8431276,gmaps_apify,new,2026-08-01T19:12:38.482+00:00
gmap:ChIJI4-4qZjBEScRSBng6YQ2RkI,Divine K9 Coaching,dog trainer,(917) 991-6047,,https://www.divinek9coaching.com/,,,Queens,NY,40.6971415,-73.979506,gmaps_apify,new,2026-08-01T19:12:38.482+00:00
gmap:ChIJ38r0Azl8U2gR6_OOkmtiMIY,RockAwag Dog Training,dog trainer,(929) 302-2234,,http://www.rockawagdogtraining.com/,,,Queens,NY,40.754757,-73.7098269,gmaps_apify,new,2026-08-01T19:12:38.482+00:00
gmap:ChIJGWUQquuKwokR_GertdifRoY,Gregory of Athens Painting,painter,(718) 746-8639,,,,"9-05 150th St, Flushing, NY 11357, United States",Flushing,New York,40.792943,-73.8151407,gmaps_apify,new,2026-08-01T19:12:38.384+00:00
gmap:ChIJs267ZaxhwokRd79-suU7Olc,Libardo Garcia Painting,painter,(347) 596-6525,,,,"36-19 Bowne St 6 C, Flushing, NY 11354, United States",Flushing,New York,40.7637947,-73.825171,gmaps_apify,new,2026-08-01T19:12:38.384+00:00
gmap:ChIJM9Zx2MdfwokRVMyiwM7foqE,Carlos Painting and General Contracting,painter,(917) 687-7587,,,,,Brooklyn,NY,40.6507535,-73.8711404,gmaps_apify,new,2026-08-01T19:12:38.384+00:00
gmap:ChIJhTqkvksKHqkR-Mr2L-RZ2v8,"Affordable Magic Paint Corp - Exterior and Interior Painting Service, Residential House Painting Company",painter,(347) 333-0251,,,,,Brooklyn,NY,40.7563148,-73.8845836,gmaps_apify,new,2026-08-01T19:12:38.384+00:00
gmap:ChIJtRAY2y9ewokR5gPSzmzhddY,Midtown House Painters,painter,(646) 916-4734,,,,"216 W 38th St, New York, NY 10018, United States",New York,New York,40.753684,-73.98945,gmaps_apify,new,2026-08-01T19:12:38.384+00:00
gmap:ChIJqY-UgCZgwokRpazDQvWGxSw,Santofimio Painting,painter,(718) 359-0846,,,,"35-25 155th St, Flushing, NY 11354, United States",Flushing,New York,40.765128,-73.80964,gmaps_apify,new,2026-08-01T19:12:38.384+00:00
gmap:ChIJl8RF98FfwokRcq8v3YA9ocE,OROZ PAINTING,painter,(347) 617-7936,,,,"91-19 35th Ave, Flushing, NY 11372, United States",Flushing,New York,40.7529256,-73.875606,gmaps_apify,new,2026-08-01T19:12:38.384+00:00
gmap:ChIJ8_ihfGtfwokRRaSltJOq7no,ALPHA Restoration and Painting,painter,(718) 204-5522,,http://alpharestorationny.com/,,"24-70 46th St, Astoria, NY 11103, United States",Astoria,New York,40.7659545,-73.9069332,gmaps_apify,new,2026-08-01T19:12:38.384+00:00
gmap:ChIJSw1wzuyKwokRcZkIlKV6nWE,JES Painting,painter,(718) 767-4025,,,,"12-54 152nd St, Whitestone, NY 11357, United States",Whitestone,New York,40.790059,-73.8103698,gmaps_apify,new,2026-08-01T19:12:38.384+00:00
gmap:ChIJhbdk-nSFwokRCSmupGx_Hdo,Skoda Painting LLC,painter,(718) 454-2529,,https://irenaskoda.com/skoda-painting-contractors/,,"37-18 Northern Blvd Ste 321, Long Island City, NY 11101, United States",Long Island City,New York,40.7519257,-73.9252381,gmaps_apify,new,2026-08-01T19:12:38.384+00:00
gmap:ChIJz_tAMTMsIQwRpGeslxPkUq8,Slatts Pro Painters,painter,(929) 487-3794,,https://slattspropainters.com/,,,Brooklyn,NY,40.7036855,-73.8783995,gmaps_apify,new,2026-08-01T19:12:38.384+00:00
gmap:ChIJF-V9H0NfwokR2Cs0YxNgxoI,Hudson Painting,painter,(718) 626-0040,,http://hudsongroupny.com/,,"23-60 29th St, Astoria, NY 11105, United States",Astoria,New York,40.7739086,-73.9156225,gmaps_apify,new,2026-08-01T19:12:38.384+00:00
gmap:ChIJlRQQuJX3wokRnRZnihCld6M,Michael J Mahoney Painting & Wallpapering,painter,(917) 763-7952,,https://www.manhattanwallpaper.net/,,"62 W 106th St, New York, NY 10025, United States",New York,New York,40.7988552,-73.9623247,gmaps_apify,new,2026-08-01T19:12:38.384+00:00
gmap:ChIJlZ3DPr5fwokRHak0gKo8XPU,NYC Painting & Maintenance,painter,(347) 488-7405,,,,"32-49 99th St, Flushing, NY 11369, United States",Flushing,New York,40.7576838,-73.8693459,gmaps_apify,new,2026-08-01T19:12:38.384+00:00
gmap:ChIJSSxq9TVfwokR7TXdz7pW_Mc,PFI Painting Corp,painter,(718) 204-1290,,http://www.pfipainting.com/contact/,,"23-53 31st Rd, Astoria, NY 11106, United States",Astoria,New York,40.7652365,-73.9273362,gmaps_apify,new,2026-08-01T19:12:38.384+00:00
gmap:ChIJdQb467tZwokRu8HuPqqqrWc,"Veneziano Plaster Fine Painting, LLC",painter,(646) 734-9300,,,,"322 E 61st St, New York, NY 10065, United States",New York,New York,40.761179,-73.9624305,gmaps_apify,new,2026-08-01T19:12:38.384+00:00
gmap:ChIJO86LSHSJwokRbM08QzGu0SY,Status Faux: Custom Wall & Furniture Painting,painter,(516) 773-4508,,http://www.statusfaux.com/,,,Brooklyn,NY,40.746704,-73.7726415,gmaps_apify,new,2026-08-01T19:12:38.384+00:00
gmap:ChIJr6sikuZYwokRkelDDAJd6Y0,Painting Hangout,painter,(646) 590-6504,,http://paintinghangout.com/,,"315 East 57th Street, Sub basement, New York, NY 10022, United States",New York,NY,40.7590581,-73.9642924,gmaps_apify,new,2026-08-01T19:12:38.384+00:00
gmap:ChIJzUGiJhyQJwMRmkml8Mb7k00,Steve G’s Painting & Paperhanging,painter,(917) 207-6908,,http://stevegart.com/,,"200 - 206 W 83rd St, New York, NY 10024, United States",New York,New York,40.7857666,-73.9769507,gmaps_apify,new,2026-08-01T19:12:38.384+00:00
gmap:ChIJd1xvjsGKwokR0Iczi8jhkUs,Camilleri Painting Corporation,painter,(718) 746-4341,,,,"147-55 5th Ave, Flushing, NY 11357, United States",Flushing,New York,40.795549,-73.820283,gmaps_apify,new,2026-08-01T19:12:38.384+00:00
gmap:ChIJ795JWWv3wokR06Np8Kw06C8,RG Decorating & Painting Corp. General Construction & Renovations,painter,(973) 489-8655,,https://www.rgdecoratingpainting.com/,,"1995 3rd Ave, New York, NY 10029, United States",New York,New York,40.7937404,-73.9426181,gmaps_apify,new,2026-08-01T19:12:38.384+00:00
gmap:ChIJXVwzS2ZfwokRXVll4ahUxbY,Midas Painting LLC.,painter,(347) 630-6868,,,,"22-10 21st St Fl 2, Astoria, NY 11105, United States",Astoria,New York,40.7803759,-73.917344,gmaps_apify,new,2026-08-01T19:12:38.384+00:00
gmap:ChIJNau9G5dZwokRmRl6kMd82ng,Rainbow Colors-Painter Nyc,painter,(718) 790-4091,,,,"9 Carmine St, New York, NY 10014, United States",New York,New York,40.7577787,-73.9737085,gmaps_apify,new,2026-08-01T19:12:38.384+00:00
gmap:ChIJ90s-OOVYwokRRCs_Z_Zl7rA,Reliable Painters: Painting Company,painter,(212) 316-2919,,http://member.paintingnetworx.com/Reliable_Painters,,"467 Park Ave, New York, NY 10025, United States",New York,New York,40.7619147,-73.9705361,gmaps_apify,new,2026-08-01T19:12:38.384+00:00
gmap:ChIJDdSiHrX1wokRgJ6UnzWQscM,Tapestry Painting,painter,(516) 395-7492,,,,"Bronx, NY 10454, United States",Bronx,New York,40.8093209,-73.9154528,gmaps_apify,new,2026-08-01T19:12:38.384+00:00
gmap:ChIJtVV_FNNYwokRb9AzzSnXv9w,Van Gogh Painting Corporation,painter,(718) 729-1088,,,,"39-08 24th St, Long Island City, NY 11101, United States",Long Island City,New York,40.754998,-73.9380148,gmaps_apify,new,2026-08-01T19:12:38.384+00:00
gmap:ChIJs0pOKnP2wokRuz12OvydlMc,D & H Painting,painter,(212) 886-4502,,,,"100 W 127th St, New York, NY 10027, United States",New York,New York,40.8090629,-73.9449629,gmaps_apify,new,2026-08-01T19:12:38.384+00:00
gmap:ChIJG3xDqL9YwokRng9NE96hFhM,Warshow Painting-Decorating Co,painter,(212) 368-5600,,,,"236 E 78th St Apt 6a, New York, NY 10075, United States",New York,New York,40.7730071,-73.9567616,gmaps_apify,new,2026-08-01T19:12:38.384+00:00
gmap:ChIJR0b1RcQBUqcRUUaxkDF8jdY,Beci Remodeling & Painting,painter,(917) 348-3376,,http://www.beciremodeling.com/,,"45-02 Ditmars Blvd, Astoria, NY 11105, United States",Astoria,New York,40.7700772,-73.9033731,gmaps_apify,new,2026-08-01T19:12:38.384+00:00
gmap:ChIJtRAY2y9ewokRgC2LZmo7ET8,"R, P & S House Painters",painter,(646) 502-6149,,,,"245 E 46th St, New York, NY 10017, United States",New York,New York,40.752438,-73.970736,gmaps_apify,new,2026-08-01T19:12:38.384+00:00
gmap:ChIJF-DmArlZwokRSkF-ZYtSCck,The NYC Painters,painter,(347) 201-6498,,,,"429 E 52nd St #30D, New York, NY 10022, United States",New York,New York,40.7550276,-73.9637644,gmaps_apify,new,2026-08-01T19:12:38.384+00:00
gmap:ChIJ1xx_g2P0wokRRwYUqdeazF0,Oksha paintings LLC,painter,(315) 538-5553,,,,"518 E 138th St, Bronx, NY 10454, United States",Bronx,New York,40.8071775,-73.918959,gmaps_apify,new,2026-08-01T19:12:38.384+00:00
gmap:ChIJsTXps2_3wokRtKOWENB3D3w,🟡🟠🔴 INTERIOR PAINTING near me | New York | GET $100 DISCOUNT | COMMERCIAL | ESTIMATE | PAINTERS | COMPANIES | CONTRACTORS,painter,(646) 425-4514,,http://taplink.cc/taskerny,,"100 W 105th St, New York, NY 10025, United States",New York,New York,40.7986498,-73.9637873,gmaps_apify,new,2026-08-01T19:12:38.384+00:00
gmap:ChIJoYLQQqVYwokR74EEawirfNY,Dawsen Painters,painter,(212) 479-7929,,,,"311 E 91st St, New York, NY 10128, United States",New York,New York,40.7809144,-73.94854,gmaps_apify,new,2026-08-01T19:12:38.384+00:00
gmap:ChIJUeRSyiiLwokR1ws4iwOeRZY,Commercial Painting | NK Interior Corp,painter,(917) 299-8849,,,,"1444 150th St Unit 575068, Whitestone, NY 11357, United States",Whitestone,NY,40.7878267,-73.8137392,gmaps_apify,new,2026-08-01T19:12:38.384+00:00
gmap:ChIJqVmelUdhwokRIAtBTbP_cdA,New York's Quality Painting Service,painter,(917) 605-3115,,,,"47-36 Oceania St, Bayside, NY 11361, United States",Bayside,New York,40.754556,-73.772484,gmaps_apify,new,2026-08-01T19:12:38.384+00:00
gmap:ChIJMQzmJNVYwokRivFRCMvPQfU,Painting-NYC,painter,(646) 801-0140,,,,,Brooklyn,NY,40.6971415,-73.904198,gmaps_apify,new,2026-08-01T19:12:38.384+00:00
gmap:ChIJe6ZNaC5ewokRqJtdN5PeJ8g,Roosevelt House Painters,painter,(347) 658-5452,,https://www.roosevelthousepainters.com/,,"111-19, 111-19 Roosevelt Ave, Corona, NY 11368",Corona,New York,40.7520459,-73.8550872,gmaps_apify,new,2026-08-01T19:12:38.383+00:00
gmap:ChIJH4Ff8lr1wokRAyCo1gsfTEU,AJ PAINTING CORPORATION,painter,(347) 392-7721,,,,"111-14 14th Rd, College Point, NY 11356, United States",College Point,New York,40.7843973,-73.8552993,gmaps_apify,new,2026-08-01T19:12:38.383+00:00
gmap:ChIJ7_I1Tj5ewokR2xf0Us_ouxs,Washington Heights House Painting,painter,(646) 759-0150,,,,"168 Broadway, New York, NY 10032, United States",New York,New York,40.841039,-73.939674,gmaps_apify,new,2026-08-01T19:12:38.383+00:00
gmap:ChIJocO9gIxZwokRid8fDY5HS6M,Fifth Avenue Painting - Interior Painter & Drywall Contractor NYC,painter,(917) 714-3200,,,,"242 E 74th St, New York, NY 10021, United States",New York,New York,40.7702715,-73.9582427,gmaps_apify,new,2026-08-01T19:12:38.383+00:00
gmap:ChIJnyW3by1ewokR91n9SzLuwfU,A & K Painters Harlem,painter,(646) 461-4578,,https://www.aandkpaintersharlem.com/,,"242w W 116th St, New York, NY 10026, United States",New York,New York,40.803791,-73.954581,gmaps_apify,new,2026-08-01T19:12:38.383+00:00
gmap:ChIJR4PFdyb3wokRXJa8Jjs2elg,Opn. Painters,painter,(646) 907-6903,,,,"8 W 126th St, New York, NY 10027, United States",New York,New York,40.8072117,-73.9425926,gmaps_apify,new,2026-08-01T19:12:38.383+00:00
gmap:ChIJu5Z42StewokRsL3-DrKncME,Jerrys Painting Services Inc,painter,(646) 207-1082,,,,"12 E 87th St, New York, NY 10128, United States",New York,New York,40.7816006,-73.9590807,gmaps_apify,new,2026-08-01T19:12:38.383+00:00
gmap:ChIJ7wYs4g5FwokRjHqTqxHSqrg,Atlantic Painters,painter,(732) 259-1046,,http://atlanticpainters.com/,,"15-55 215th St, Bayside, NY 11360",Bayside,New York,40.786313,-73.77785,gmaps_apify,new,2026-08-01T19:12:38.383+00:00
gmap:ChIJt8xN7bj0wokRDlPJwUI_i0k,Parkchester/ Hi Touch Painting,painter,(917) 743-3480,,http://parkchesterpainting.com/,,"18 Metropolitan Oval, Bronx, NY 10462",Bronx,New York,40.8386242,-73.8578522,gmaps_apify,new,2026-08-01T19:12:38.383+00:00
gmap:ChIJBdPSB2RZwokRs69o1bRxVOQ,Sunshine Painting Contractors NYC,painter,(917) 613-5396,,https://sunshinepaintingcontractors.com/painting-company-in-nyc/,,"250 E 73rd St, New York, NY 10021, United States",New York,New York,40.7694347,-73.9583032,gmaps_apify,new,2026-08-01T19:12:38.383+00:00
gmap:ChIJq-FDE8GLwokRSk6ycZxtoG0,FINE PAINTING NY,painter,(718) 708-1771,,http://www.finepaintingny.com/,,"12-44 Clintonville St #1C-25, Whitestone, NY 11357",Whitestone,New York,40.7899911,-73.8121033,gmaps_apify,new,2026-08-01T19:12:38.383+00:00
gmap:ChIJcSgTJWpFwokRzxXavFj2L4k,C. N. J. & All Taping Painting,painter,(646) 331-8352,,https://cnjalltapingpaintinginc.com/,,"12-23 118th St 1 FL, Flushing, NY 11356",Flushing,New York,40.7869623,-73.8493615,gmaps_apify,new,2026-08-01T19:12:38.383+00:00
gmap:ChIJqQFHqT5hwokRzjaUPG3sCK0,Flushing Expert Painter's,painter,(516) 920-0893,,,,"31-99-31-1, Murray St, Flushing, NY 11354",Flushing,NY,40.7703181,-73.8127872,gmaps_apify,new,2026-08-01T19:12:38.383+00:00
gmap:ChIJJfNGoLlue4YROssuowzSITc,Ultimate Painting,painter,(718) 839-5349,,https://ultimatepaintinginc.net/,,"163-92 17th Ave, Whitestone, NY 11357",Whitestone,New York,40.7827024,-73.7974874,gmaps_apify,new,2026-08-01T19:12:38.383+00:00
gmap:ChIJB4ycxE3qGIoRR9rIC3onHTw,5 Line Painting,painter,(929) 504-0428,,,,"1129 Vyse Ave, Bronx, NY 10459",Bronx,New York,40.827025,-73.890112,gmaps_apify,new,2026-08-01T19:12:38.383+00:00
gmap:ChIJoYjV_GpfwokRNc-I7-hmfQA,Harrys Perfect Painting Corp.,painter,(212) 561-5461,,http://harrysperfectpainting.com/,,"25-21 43rd St A1, Astoria, NY 11103",Astoria,New York,40.7662877,-73.9097127,gmaps_apify,new,2026-08-01T19:12:38.383+00:00
gmap:ChIJC4BxZhhfwokRkFWpWI3EvRc,Astoria House Painters,painter,(551) 220-0633,,,,"32-05 Newtown Ave, Astoria, NY 11102, United States",Astoria,New York,40.7668464,-73.9200017,gmaps_apify,new,2026-08-01T19:12:38.383+00:00
gmap:ChIJj2ZIGzpewokR-t47qy4nQJ0,UU Painters Jackson Heights,painter,(347) 801-2746,,,,"94-06 Astoria Blvd, Flushing, NY 11369, United States",Flushing,New York,40.762691,-73.875016,gmaps_apify,new,2026-08-01T19:12:38.383+00:00
gmap:ChIJB0clnvKKwokRbiWAYrtvuBU,"Peak Painting & Power Washing, Inc.",painter,(347) 684-3185,,http://www.peakpaintingny.com/,,"18-14 169th St, Whitestone, NY 11357",Whitestone,New York,40.7807304,-73.7947724,gmaps_apify,new,2026-08-01T19:12:38.383+00:00
gmap:ChIJg9YtfqZowokRuoZ781H0ftM,Quality Cut Painting LLC,painter,(347) 866-4830,,http://qualitycutpainting.com/,,"25-15 Beach Channel Dr, Far Rockaway, NY 11691",Far Rockaway,New York,40.6002714,-73.7625006,gmaps_apify,new,2026-08-01T19:12:38.383+00:00
gmap:ChIJY3F-CjlnwokRMcUBImCSUVI,Painter,painter,(516) 789-9148,,http://painter.contractors/?utm_source=gmb&utm_medium=referral,,"36 Mott Ave, Far Rockaway, NY 11691",Far Rockaway,New York,40.6111273,-73.7684933,gmaps_apify,new,2026-08-01T19:12:38.383+00:00
gmap:ChIJvYO1AVCEg4URpty5LL6dkWg,Artist Painting Company,painter,(347) 553-2669,,https://www.artistpaintinggroup.com/,,"634 W 135th St, New York, NY 10031, United States",New York,New York,40.8207641,-73.9574965,gmaps_apify,new,2026-08-01T19:12:38.383+00:00
gmap:ChIJNevHP9d3xokRw8yqxN3djts,"Royals Painting Contractors, LLC",painter,(718) 249-0054,,http://royalspaint.com/,,"35-06 21st St, Long Island City, NY 11106, United States",Long Island City,New York,40.7612572,-73.936076,gmaps_apify,new,2026-08-01T19:12:38.383+00:00
gmap:ChIJ_RjRn69YwokRQSi0n24UKeg,Gotham Painting Company Inc.,painter,(212) 427-5752,,https://www.gothampaintingcompany.com/,,"336 E 94th St, New York, NY 10128, United States",New York,New York,40.7820828,-73.9463378,gmaps_apify,new,2026-08-01T19:12:38.383+00:00
gmap:ChIJecsN2zlfwokRORcl_hk9cQg,Citywide Painting,painter,(347) 610-6448,,http://www.citywidepaintingnyc.com/,,"31-36 32nd St, Astoria, NY 11106, United States",Astoria,New York,40.7631014,-73.9236271,gmaps_apify,new,2026-08-01T19:12:38.383+00:00
gmap:ChIJJ-XSdh8fwiQRKyW4aTBIFxY,Exterior Painting | NY Contracting Corp,painter,(718) 838-2088,,https://exteriorcontractornyc.com/,,"1365 White Plains Rd, Bronx, NY 10462",Bronx,New York,40.8348514,-73.8633277,gmaps_apify,new,2026-08-01T19:12:38.383+00:00
gmap:ChIJB0up_i5fwokRmP9Uq2uG2Bg,JMK PAINTING LLC,painter,(718) 737-8403,,http://www.jmkpaintingllc.com/,,"36-34 35th St, Long Island City, NY 11106, United States",Long Island City,New York,40.7542933,-73.9275188,gmaps_apify,new,2026-08-01T19:12:38.383+00:00
gmap:ChIJ9ZObnIX2wokRWQHyQ-HBXy0,LAUTHARUS PAINTING,painter,(917) 886-6014,,,,"839 Riverside Dr, New York, NY 10032, United States",New York,New York,40.8360543,-73.946887,gmaps_apify,new,2026-08-01T19:12:38.383+00:00
gmap:ChIJ1-7mBd_1wokRvHRlhCr9Xtk,4M Painting and contracting LLC,painter,(646) 250-0403,,,,"2224 Quimby Ave, Bronx, NY 10473, United States",Bronx,New York,40.826058,-73.848698,gmaps_apify,new,2026-08-01T19:12:38.383+00:00
gmap:ChIJLfjbC89fwokR5xxLahffG60,First Level Painting & Remodeling,painter,(718) 593-7221,,,,"3152 35th Street Bsmt, Astoria, NY 11106, United States",Astoria,NY,40.7616608,-73.92152,gmaps_apify,new,2026-08-01T19:12:38.383+00:00
gmap:ChIJw_1eXjj0wokR1EQrfgs5fA8,Bokum Family Painting,painter,(646) 302-1246,,,,"1310 Sheridan Ave, Bronx, NY 10456, United States",Bronx,New York,40.8363467,-73.9141668,gmaps_apify,new,2026-08-01T19:12:38.383+00:00
gmap:ChIJVeSjJudMXYgRhJUXkSbE-vw,Premium Quality Painting,painter,(929) 370-4736,,http://www.premiumqualitypainting.net/,,,Brooklyn,NY,40.7394014,-73.712391,gmaps_apify,new,2026-08-01T19:12:38.383+00:00
gmap:ChIJzW5xq7_1wokRvGQOGX9ToBE,"Unique Painting & Remodeling, Inc.",painter,(914) 357-1488,,,,"1827 Tomlinson Ave, Bronx, NY 10461, United States",Bronx,New York,40.8505656,-73.8530462,gmaps_apify,new,2026-08-01T19:12:38.383+00:00
gmap:ChIJg0L1zyySNC0R4drYB06uriM,Houm Painting and Wallpapering NYC,painter,(646) 397-1150,,https://houmnyc.com/?utm_source=gmb&utm_medium=organic&utm_campaign=gmb-organic,,,Brooklyn,NY,40.6971415,-73.979506,gmaps_apify,new,2026-08-01T19:12:38.383+00:00
gmap:ChIJ19PMAMP1wokRCkOyAQsgWUQ,Precision Plaster And Painting,painter,(929) 355-7548,,https://precision-plaster-and-painting-1.ueniweb.com/?utm_campaign=gmb,,"450 E 134th St, Bronx, NY 10454, United States",Bronx,New York,40.8056381,-73.9231257,gmaps_apify,new,2026-08-01T19:12:38.383+00:00
gmap:ChIJ01UF_zVfwokRd4yWjhReocE,Luxury Painting & Restoration,painter,(718) 274-9600,,,,"14-54 31st Ave, Astoria, NY 11106, United States",Astoria,New York,40.767247,-73.930332,gmaps_apify,new,2026-08-01T19:12:38.383+00:00
gmap:ChIJrXI5OUyLwokR3RqaCp6n61E,Perfect Painting & Decorating,painter,(845) 628-1667,,,,"3028 E Tremont Ave, Bronx, NY 10461",Bronx,New York,40.8395684,-73.8372312,gmaps_apify,new,2026-08-01T19:12:38.383+00:00
gmap:ChIJX5HFBcn1wokR0xadcyKWkSI,UMAC Painting & Decorating LLC.,painter,(917) 484-3373,,http://umacpainting.com/,,"2929 3rd Ave Floor 4, Bronx, NY 10455, United States",Bronx,New York,40.8176278,-73.915836,gmaps_apify,new,2026-08-01T19:12:38.383+00:00
gmap:ChIJVVVVVThewokRNCGVTDNvmNk,J.R Painter Midtown East,painter,(646) 392-7192,,https://www.jrpaintermidtowneast.com/,,"202 E 43rd St, New York, NY 10017",New York,New York,40.751191,-73.97378,gmaps_apify,new,2026-08-01T19:12:38.383+00:00
gmap:ChIJJzANC0xYwokRep6Nqivpo1A,JB Painters Manhattan,painter,(646) 401-3904,,http://www.jbpaintersny.com/,,"20 W 33rd St 4th Floor, New York, NY 10001",New York,New York,40.7481888,-73.9863847,gmaps_apify,new,2026-08-01T19:12:38.383+00:00
gmap:ChIJjS4VIDxewokR8LUV0z_ir5I,B & N Upper West Side Painters,painter,(646) 681-5217,,,,"2440 Broadway, New York, NY 10024",New York,New York,40.7908056,-73.9740896,gmaps_apify,new,2026-08-01T19:12:38.383+00:00
gmap:ChIJzXS_XABZwokR86YERnYDvpE,NT Home Painting • NYC,painter,(929) 323-7505,,https://nthomeconcepts.com/nyc-painters/,,"640 8th Ave Ste 108, New York, NY 10036",New York,New York,40.7566657,-73.9896717,gmaps_apify,new,2026-08-01T19:12:38.383+00:00
gmap:ChIJa8dwR4H2wokRQdrFcpoKUds,"See. Painting, Inc.",painter,(917) 749-1187,,http://www.see-painting.com/,,"163 St Nicholas Ave, New York, NY 10026, United States",New York,New York,40.8051918,-73.956412,gmaps_apify,new,2026-08-01T19:12:38.383+00:00
gmap:ChIJW0lv84pfwokRs7Z_FaT7qGQ,VNJ Painting & Handyman Services,painter,(646) 703-5944,,,,"21-38 31st St, Astoria, NY 11105, United States",Astoria,New York,40.7774074,-73.90949,gmaps_apify,new,2026-08-01T19:12:38.383+00:00
gmap:ChIJ37ObizZlwokRwkZHjxWM4ho,A Castellon Remodeling,painter,(516) 661-7039,,,,,Brooklyn,NY,40.746704,-73.7726415,gmaps_apify,new,2026-08-01T19:12:38.383+00:00
gmap:ChIJp21-guBuM2kR0GPgG6lB12E,PALACE PAINTING NY,painter,(646) 302-4487,,https://palacepaintingny.com/,,"43-38 196th St, Flushing, NY 11358, United States",Flushing,New York,40.7567874,-73.785814,gmaps_apify,new,2026-08-01T19:12:38.383+00:00
gmap:ChIJD7zxdd9ZwokRV7iBdy7d9eM,Soho Painters,painter,(917) 284-8864,,https://sohopainters.com/,,"252 W 46th St, New York, NY 10036",New York,New York,40.7593302,-73.9872875,gmaps_apify,new,2026-08-01T19:12:38.383+00:00
gmap:ChIJJ1YiSq9pwokRQBYmfcJDC88,Figueroa painting Corp,painter,(646) 431-6640,,https://figueroapaintingcorp.com/,,"5-36 Beach 22nd St, Far Rockaway, NY 11691",Far Rockaway,New York,40.6006744,-73.7553703,gmaps_apify,new,2026-08-01T19:12:38.383+00:00
gmap:ChIJ5____1RvwokRGisiYsuEFO4,Greaves Painting co,painter,(516) 912-3282,,http://greavespainting.com/,,"88-00 Shore Front Pkwy, Rockaway Beach, NY 11693",Rockaway Beach,New York,40.5855142,-73.811747,gmaps_apify,new,2026-08-01T19:12:38.383+00:00
gmap:ChIJ4djPV4P1wokRl8Dgl1oZ3Jg,Bajaha Painting and Handyman Services,painter,(347) 575-5084,,https://bajahapaintingandhandyman-ny.com/,,"807 Freeman St, Bronx, NY 10459",Bronx,New York,40.8304846,-73.8980679,gmaps_apify,new,2026-08-01T19:12:38.383+00:00
gmap:ChIJN7RUzeAxS2IRlkk0XIN9rY4,NT Home Painting,painter,(929) 323-7505,,http://nthomeconcepts.com/,,"43-07 31st Ave, Astoria, NY 11103",Astoria,New York,40.7602513,-73.9142819,gmaps_apify,new,2026-08-01T19:12:38.383+00:00
gmap:ChIJv-53LjlewokRMTp6Kkd7i1k,Y & T Painters Jackson Heights,painter,(347) 658-5348,,https://www.ytpaintersjacksonheights.com/,,"33-01 86th St, Jackson Heights, NY 11372",Jackson Heights,New York,40.755688,-73.881491,gmaps_apify,new,2026-08-01T19:12:38.383+00:00
gmap:ChIJXXvj4y1ewokRcr9SfZDxgjc,Astoria Handyman and Painter,painter,(917) 935-4838,,,,"37-08 31st Ave, Astoria, NY 11103, United States",Astoria,New York,40.7618475,-73.9184971,gmaps_apify,new,2026-08-01T19:12:38.383+00:00
gmap:ChIJhz_GVFNZwokRp9k-4lH5gbo,NYC Painters Solutions & Handyman,painter,(646) 904-8849,,,,"61 E 97th St Unit 20, New York, NY 10029, United States",New York,New York,40.7876907,-73.9529027,gmaps_apify,new,2026-08-01T19:12:38.383+00:00
gmap:ChIJP-Q0jyJZwokRsoFUf2Y_ck4,Yorkville Handyman Painters,painter,(917) 821-0039,,,,"1668 1st Ave, New York, NY 10128, United States",New York,New York,40.7775363,-73.948542,gmaps_apify,new,2026-08-01T19:12:38.383+00:00
gmap:ChIJzwmsBURpwokR5-DPI21LzGk,J&R Painting & Home Improvements,painter,(646) 468-5629,,,,"102-00 Shore Front Pkwy #7H, Far Rockaway, NY 11694",Far Rockaway,New York,40.5821915,-73.8227421,gmaps_apify,new,2026-08-01T19:12:38.383+00:00
gmap:ChIJl3xPNqQahIoRlxSmKRcOOTY,Benjamin House Painting,painter,(516) 376-1477,,https://benjaminhousepainting.com/,,,Brooklyn,NY,40.6860039,-73.846508,gmaps_apify,new,2026-08-01T19:12:38.383+00:00
gmap:ChIJlXxJRtpnwokRs7sbVcb2BCc,Ambby's Construction,painter,(347) 735-7658,,http://ambbysconstruction.com/?utm_source=gmb&utm_medium=referral,,"22-57 Battery Rd, Far Rockaway, NY 11691",Far Rockaway,New York,40.6095232,-73.7560713,gmaps_apify,new,2026-08-01T19:12:38.383+00:00
gmap:ChIJNa5JZmdowokRzvmBDmmvWQ4,B&D Painting.inc,painter,(347) 306-6961,,,,,Brooklyn,NY,40.604893,-73.7883084,gmaps_apify,new,2026-08-01T19:12:38.383+00:00
gmap:ChIJlYZQL68tVAMRwlBhYAWj-X0,SUB Painting Corp,painter,(516) 974-4057,,https://www.subpaintingcorp.com/,,,Brooklyn,NY,40.6860039,-73.8048384,gmaps_apify,new,2026-08-01T19:12:38.383+00:00
gmap:ChIJR_1pQu-BJGgRXaosHVpWzqM,Greaves Painting Co,painter,(516) 912-3282,,,,,Brooklyn,NY,40.6971415,-73.979506,gmaps_apify,new,2026-08-01T19:12:38.383+00:00
gmap:ChIJFSo1lFqNwokR64nouB7Y7e0,Quality Finishes Painting LLC,painter,(917) 383-2500,,https://qualityfinishespainting.com/,,"33B Broun Pl, Bronx, NY 10475",Bronx,New York,40.8736976,-73.8270326,gmaps_apify,new,2026-08-01T19:12:38.383+00:00
gmap:ChIJ34pEMAH2wokR4xBUkrO6f9I,Reliable Painters,painter,(212) 726-0507,,,,"315 E 110th St, New York, NY 10029, United States",New York,New York,40.7928742,-73.9397659,gmaps_apify,new,2026-08-01T19:12:38.383+00:00
gmap:ChIJ31eN4bX1wokRZ_za3vArDiE,The Neighborhood Painter,painter,(347) 440-6939,,,,"10 Paladino Ave Apt 4h, New York, NY 10035, United States",New York,New York,40.8000695,-73.9320129,gmaps_apify,new,2026-08-01T19:12:38.383+00:00
gmap:ChIJVb14d2eKwokRJ5RKfW79prI,Precision Painting Plus,painter,(866) 998-6385,,https://www.precisionpaintingplus.net/locations/queens-painters/,,"207-14 Jordan Dr, Bayside, NY 11360, United States",Bayside,New York,40.7855822,-73.7862143,gmaps_apify,new,2026-08-01T19:12:38.383+00:00
gmap:ChIJyzrOwz1fwokR3HHyIOR5ve0,Paint Works New York,painter,(212) 923-2600,,https://paintworksny.com/,,"135 E 57th St 8th Floor, New York, NY 10022",New York,New York,40.7613411,-73.969338,gmaps_apify,new,2026-08-01T19:12:38.383+00:00
gmap:ChIJWa1l7ZpZwokRAF6hRS01_pk,Precision Painting Plus of Manhattan,painter,(646) 542-0464,,https://quote.precisionpaintingplus.net/north-manhattan-painters-estimate/?utm_group=GMB&utm_source=GMB&utm_medium=organic&utm_campaign=Manhattan&force_utm=true,,"1325 6th Ave 28th floor Office #2859, New York, NY 10019",New York,New York,40.7627644,-73.9808403,gmaps_apify,new,2026-08-01T19:12:38.383+00:00
gmap:ChIJAzpvC0RZwokRMdFkmrU0-dM,Sandoukas Painting Company NYC,painter,(914) 703-0635,,http://www.sandoukas.com/,,"350 W 50th St, New York, NY 10019",New York,New York,40.7629765,-73.9880576,gmaps_apify,new,2026-08-01T19:12:38.383+00:00
gmap:ChIJU4I9CYVZwokROs85pu_XXKo,S&A Painting,painter,(929) 257-9434,,https://sapaintingnyc.com/,,"353 E 52nd St #4A, New York, NY 10022",New York,New York,40.7553236,-73.965399,gmaps_apify,new,2026-08-01T19:12:38.383+00:00
gmap:ChIJ490kKzBZwokRNcsE9g2oj_I,Apartment Painters NYC,painter,(718) 568-7717,,https://apartmentpaintersnyc.com/,,"15 W 84th St Apt 4C, New York, NY 10024",New York,New York,40.7845842,-73.9713866,gmaps_apify,new,2026-08-01T19:12:38.383+00:00
gmap:ChIJVVX5lbpYwokRcmNGZOFWccA,Matts Painters,painter,(917) 330-4482,,,,"337 E 88th St, New York, NY 10028, United States",New York,New York,40.7786236,-73.9488635,gmaps_apify,new,2026-08-01T19:12:38.383+00:00
gmap:ChIJjf8uU_Y3zwsRGD54HiVZVr0,Barkville NYC,dog trainer,(201) 394-3285,,https://barkvillenyc.com/,,,Queens,NY,40.7813047,-73.9771184,gmaps_apify,new,2026-08-01T19:12:37.396+00:00
gmap:ChIJufeEn_tPwokRbIKSFI_228k,Ruff Love Dog TrainIng & Paws🐾4Education,dog trainer,(646) 596-6706,,http://www.rufflovedogtraining.com/,,,Queens,NY,40.5646056,-74.1468185,gmaps_apify,new,2026-08-01T19:12:37.396+00:00
gmap:ChIJ5U2wLF5MwokRVDSGg6RCoSI,Bark Busters Home Dog Training Brooklyn & Staten Island,dog trainer,(877) 500-2275,,https://www.barkbusters.com/dog-training/brooklyn-staten-island/?utm_source=GMBListing&utm_medium=WebsiteClicks&utm_campaign=1-07-005,,,Queens,NY,40.60841,-74.0460655,gmaps_apify,new,2026-08-01T19:12:37.396+00:00
gmap:ChIJjxGyuQpNwokRsh804qdzGwU,SICDTC agility field,dog trainer,(917) 838-0269,,https://www.sicdtc.org/,,"1601 South Ave, Staten Island, NY 10314",Staten Island,New York,40.6010886,-74.1916586,gmaps_apify,new,2026-08-01T19:12:37.396+00:00
gmap:ChIJxTYKk41MwokRQfeRE78gU4c,Staten Island Companion Dog,dog trainer,(718) 948-2147,,http://www.sicdtc.org/,,"75 Ellis St, Staten Island, NY 10307",Staten Island,New York,40.5168586,-74.2425883,gmaps_apify,new,2026-08-01T19:12:37.396+00:00
gmap:ChIJGzjN6vjCJakRyXktJCy0yzc,Chronicle of A Mastiff,dog trainer,(718) 863-6873,,,,,Queens,NY,40.6971415,-73.979506,gmaps_apify,new,2026-08-01T19:12:37.396+00:00
gmap:ChIJEcbyrGYbKi0Rc7kXtXOZGUs,Wagging Tails NYC LLC,dog trainer,(347) 885-4321,,http://www.waggingtailsnyc.com/,,,Queens,NY,40.7762965,-73.950718,gmaps_apify,new,2026-08-01T19:12:37.396+00:00
gmap:ChIJ2VKPdDKLwokRFiE_oOREL5U,Petco,dog trainer,(718) 239-2715,,https://stores.petco.com/ny/bronx/pet-supplies-bronx-ny-3752.html?utm_source=google&utm_campaign=locallist_3752_pcc,,"815 Hutchinson Riv Pkwy, Bronx, NY 10465",Bronx,New York,40.8227598,-73.8368313,gmaps_apify,new,2026-08-01T19:12:37.396+00:00
gmap:ChIJ614S8CX2wokRKdBPyg-qqAc,AnimalBehaviorist.us,dog trainer,(212) 722-2509,,https://animalbehaviorist.us/,,,Queens,NY,40.6971415,-73.979506,gmaps_apify,new,2026-08-01T19:12:37.396+00:00
gmap:ChIJ54WN7fld7mAR5sjI4w8Oiww,K9 Momentum,dog trainer,(646) 812-1507,,https://k9momentum.com/,,,Queens,NY,40.6971415,-73.979506,gmaps_apify,new,2026-08-01T19:12:37.396+00:00
gmap:ChIJa4hFcEgzlK8RpYGvbm5E6wg,Joann Montoya’s Dog Training,dog trainer,(917) 592-6887,,,,,Queens,NY,40.6507535,-73.8711404,gmaps_apify,new,2026-08-01T19:12:37.396+00:00
gmap:ChIJwQ4r6rxYwokRW_vFUt4ViIM,Petco,dog trainer,(212) 369-7903,,https://stores.petco.com/ny/new-york/pet-supplies-newyork-ny-3713.html?utm_source=google&utm_campaign=locallist_3713_pcc,,"1280 Lexington Ave, New York, NY 10028",New York,New York,40.7800272,-73.9555154,gmaps_apify,new,2026-08-01T19:12:37.396+00:00
gmap:ChIJi0jgO1pJwokRBcRTI3bFk10,By My Side K9 Training,dog trainer,(646) 687-2333,,http://bymysidek9training.com/,,"78 Winham Ave, Staten Island, NY 10306",Staten Island,New York,40.5650967,-74.1045652,gmaps_apify,new,2026-08-01T19:12:37.396+00:00
gmap:ChIJC1avEZDLqQoRtSUnt3m73-o,nyk9coach,dog trainer,(914) 704-2372,,https://nyk9coach.com/,,,Queens,NY,40.716628,-73.9448356,gmaps_apify,new,2026-08-01T19:12:37.396+00:00
gmap:ChIJs9xrXe9fwokR80705xrrwA8,Petco,dog trainer,(718) 446-1061,,https://stores.petco.com/ny/east-elmhurst/pet-supplies-eastelmhurst-ny-3767.html?utm_source=google&utm_campaign=locallist_3767_pcc,,"75-07 31st Ave, East Elmhurst, NY 11370",East Elmhurst,New York,40.7589444,-73.89223,gmaps_apify,new,2026-08-01T19:12:37.396+00:00
gmap:ChIJzx4ZwSVbwokRWSaqCdur7nw,PumpkinPups Dog Training Inc.,dog trainer,(646) 727-0992,,http://www.pumpkinpups.com/,,"239 E 5th St, Brooklyn, NY 11218",Brooklyn,New York,40.6467779,-73.975874,gmaps_apify,new,2026-08-01T19:12:37.396+00:00
gmap:ChIJzWWSNdqeB08Rma4mtxRrLU4,Biscuit Brothers,dog trainer,(917) 900-5749,,https://www.instagram.com/biscuit.brothers?igsh=MWY3YzgwOHE4cXg4cg==,,,Queens,NY,40.7822036,-73.9691704,gmaps_apify,new,2026-08-01T19:12:37.396+00:00
gmap:ChIJf6qJ6RtPwokRPiNGg0Do090,Camp Ruff Ruff,dog trainer,(347) 844-2652,,http://campruffruff.com/,,"174 Sand Ln, Staten Island, NY 10305",Staten Island,New York,40.5951359,-74.0697928,gmaps_apify,new,2026-08-01T19:12:37.396+00:00
gmap:ChIJAbMeOCJPwokRxv6z9JBOVSM,Pawsitively Yours Dog Training,dog trainer,(917) 270-9222,,https://www.pawsitivelyyoursdogtraining.com/,,"305 Hart Ave, Staten Island, NY 10310",Staten Island,New York,40.6264907,-74.1056205,gmaps_apify,new,2026-08-01T19:12:37.396+00:00
gmap:ChIJYyYvsXBOwokRouoyenkvCN8,Paws and Possibilities- New York,dog trainer,(410) 424-0858,,http://www.pawsandpossibilities.com/,,"48 Purcell St, Staten Island, NY 10310",Staten Island,New York,40.6266172,-74.1175993,gmaps_apify,new,2026-08-01T19:12:37.396+00:00
gmap:ChIJb74JWOZPwokRYvcFt971fvY,Fur Star Resort,dog trainer,(718) 744-0089,,https://furstarresort.com/,,"35 Van Duzer St, Staten Island, NY 10301",Staten Island,New York,40.6372508,-74.0773743,gmaps_apify,new,2026-08-01T19:12:37.396+00:00
gmap:ChIJnyHkCoNNwokR2vcNl0MFrnQ,PetSmart Dog Training,dog trainer,(929) 308-2634,,https://stores.petsmart.com/ny/staten-island/staten-island-relo/dog-training?utm_source=google&utm_medium=organic&utm_campaign=google-my-business,,"1525 Forest Ave, Staten Island, NY 10302",Staten Island,New York,40.6261222,-74.138172,gmaps_apify,new,2026-08-01T19:12:37.396+00:00
gmap:ChIJq6qzPFNJwokRmjOARb-1iEo,Doody Free,dog trainer,(718) 364-7667,,https://www.doodyfree.co/contact-us,,"1365 N Railroad Ave, Staten Island, NY 10306",Staten Island,New York,40.5749549,-74.1159326,gmaps_apify,new,2026-08-01T19:12:37.396+00:00
gmap:ChIJYehkuxxJwokRo3Axji7dPng,PetSmart Dog Training,dog trainer,(929) 464-2563,,https://stores.petsmart.com/ny/staten-island/staten-island-the-boulevard/dog-training?utm_source=google&utm_medium=organic&utm_campaign=google-my-business,,"2656 Hylan Blvd Ste 240, Staten Island, NY 10306",Staten Island,New York,40.5658634,-74.1101485,gmaps_apify,new,2026-08-01T19:12:37.396+00:00
gmap:ChIJXTYZv6tbwokRWLWpkTUr32w,Pawmos Dog Training,dog trainer,(917) 557-9402,,http://www.pawmos.com/,,"121 5th Ave Ste 117, Brooklyn, NY 11217",Brooklyn,New York,40.6788644,-73.9786714,gmaps_apify,new,2026-08-01T19:12:35.342+00:00
gmap:ChIJjbDxGuZawokRyVMZRmM7Uek,Brooklyn Dog Training Center,dog trainer,(646) 828-3551,,https://brooklyndogtrainingcenter.com/,,"10 Whitwell Pl, Brooklyn, NY 11215",Brooklyn,New York,40.6766258,-73.9859528,gmaps_apify,new,2026-08-01T19:12:35.342+00:00
gmap:ChIJJxxoSaRZwokRqxdv6kIOg80,Andrea Arden Dog Training,dog trainer,(212) 414-9597,,https://andreaarden.com/,,"32 W 25th St, New York, NY 10010",New York,New York,40.7434449,-73.990654,gmaps_apify,new,2026-08-01T19:12:35.342+00:00
gmap:ChIJ6YQtfzhdwokRLbLpNLzPFtc,Armageddon Canine Prep,dog trainer,(347) 816-1278,,https://armageddoncanineservices.com/services,,"1651 Rockaway Pkwy, Brooklyn, NY 11236",Brooklyn,New York,40.6411243,-73.8973903,gmaps_apify,new,2026-08-01T19:12:35.342+00:00
gmap:ChIJUR1HyjNFwokRNBMqYMvKq0o,Interdyne International K-9,dog trainer,(347) 219-2030,,,,"3030 Emmons Ave Ste 5 J, Brooklyn, NY 11235",Brooklyn,New York,40.5837275,-73.9376347,gmaps_apify,new,2026-08-01T19:12:35.342+00:00
gmap:ChIJAQCfkXNcwokR1kpmcLnMfxY,KIBA K9s | World-Class Dog Training,dog trainer,(347) 460-8442,,http://www.kibak9s.com/,,"209 Malcolm X Blvd, Brooklyn, NY 11221",Brooklyn,New York,40.6859281,-73.9294302,gmaps_apify,new,2026-08-01T19:12:35.342+00:00
gmap:ChIJWYsai6lEwokRS0sV3g0L3pk,ExclusiveK9,dog trainer,(917) 995-5476,,http://www.exclusivek9.com/,,"32 Hubbard Pl, Brooklyn, NY 11210",Brooklyn,New York,40.6246736,-73.9374205,gmaps_apify,new,2026-08-01T19:12:35.342+00:00
gmap:ChIJS0I9dh9bwokRL0-gBFvENMo,Mike Preis Dog Training,dog trainer,(917) 862-5704,,http://www.mikepreisdogtraining.com/,,"246 Vanderbilt Ave, Brooklyn, NY 11205",Brooklyn,New York,40.6900336,-73.9693691,gmaps_apify,new,2026-08-01T19:12:35.342+00:00
gmap:ChIJB4LmQgJbwokRc3gB257LQ6Y,Zen Dog Training,dog trainer,(347) 696-6387,,http://www.zendog.us/,,"450 6th St, Brooklyn, NY 11218",Brooklyn,New York,40.6691921,-73.9815676,gmaps_apify,new,2026-08-01T19:12:35.342+00:00
gmap:ChIJAWIrqX5ewokRyJu29sSHLTs,NY Clever K9 Inc.,dog trainer,(917) 589-6296,,https://www.nycleverk9.com/,,"69-15 69th Pl, Glendale, NY 11385",Glendale,New York,40.7059183,-73.883337,gmaps_apify,new,2026-08-01T19:12:35.342+00:00
gmap:ChIJIcC11HVbwokRy51n2BABHyE,Walk N' Roll,dog trainer,(929) 678-0533,,https://www.walknroll.nyc/,,"217 Eastern Pkwy APT 3B, Brooklyn, NY 11238",Brooklyn,New York,40.6718723,-73.9614547,gmaps_apify,new,2026-08-01T19:12:35.342+00:00
gmap:ChIJ6clr0hNFwokR8cnpBKPFIKM,La Bella Pooch Dog Training and Grooming,dog trainer,(917) 697-6331,,https://www.dogtrainerbrooklyn.com/,,"8001 17th Ave, Brooklyn, NY 11214",Brooklyn,New York,40.6118399,-74.0012885,gmaps_apify,new,2026-08-01T19:12:34.308+00:00
gmap:ChIJNYuSsvtbwokRQ7xKYiLzXnc,Metro Dog Training,dog trainer,(646) 718-2202,,https://metrodogtraining.com/,,"175 Powers St, Brooklyn, NY 11211",Brooklyn,New York,40.7125956,-73.943436,gmaps_apify,new,2026-08-01T19:12:34.308+00:00
gmap:ChIJXaenWCmAim8RlKQZo9lJSwI,The Language Of Dogs,dog trainer,(917) 407-3557,,https://www.thelanguageofdogs.com/,,"421 W 21st St, New York, NY 10011",New York,New York,40.7458267,-74.0031824,gmaps_apify,new,2026-08-01T19:12:34.308+00:00
gmap:ChIJE1TUVkZbwokRy7YaaHHMpco,The Pet Whispers LLC,dog trainer,(646) 897-4670,,http://thepetwhispers.com/,,"3210 Avenue H #1E, Brooklyn, NY 11210",Brooklyn,New York,40.631414,-73.9452565,gmaps_apify,new,2026-08-01T19:12:33.836+00:00
gmap:ChIJs5u0KRZFwokR5U2br17YqF0,Petco Dog Training,dog trainer,(718) 743-2147,,https://stores.petco.com/ny/brooklyn/dog-training-brooklyn-ny-1862.html?utm_source=google&utm_campaign=locallist_1862_pdt,,"1610 Ave Y, Brooklyn, NY 11235",Brooklyn,New York,40.5899866,-73.9534463,gmaps_apify,new,2026-08-01T19:12:33.545+00:00
gmap:ChIJDWY6sVFFwokRsyorZL5r4BI,Brooklyn Painters - AV Color Inc.,painter,(347) 921-9392,,https://avcolorist.com/service/painting-services/,,"1119 Foster Ave, Brooklyn, NY 11230",Brooklyn,New York,40.632891,-73.9660602,gmaps_apify,new,2026-08-01T19:12:29.963+00:00
gmap:ChIJIdJLX-FfwokR3I9oJmDwZmY,Royal Interior Painting NYC Inc,painter,(646) 363-7306,,http://www.royalinteriorpainting.com/,,,Brooklyn,NY,40.6971415,-73.979506,gmaps_apify,new,2026-08-01T19:12:29.963+00:00
gmap:ChIJb1w7DCGLwokRAOWMFBsp4Ho,Porcasi Painting,painter,(929) 385-0532,,,,,Brooklyn,NY,40.7598591,-73.8264094,gmaps_apify,new,2026-08-01T19:12:29.963+00:00
gmap:ChIJ1f-vQDTyj6URbdPpVF5pbrc,Two Cousins Painting,painter,(631) 336-4333,,https://twocousinspaintingny.com/,,,Brooklyn,NY,40.6971415,-73.979506,gmaps_apify,new,2026-08-01T19:12:29.963+00:00
gmap:ChIJO_5brGgwZGkRVGDM_QR-kMQ,The NYC Painting Company,painter,(917) 970-7431,,https://paintingcompanynyc.com/,,,Brooklyn,NY,40.6974881,-73.9796294,gmaps_apify,new,2026-08-01T19:12:29.963+00:00
gmap:ChIJdQJ4ixP1wokREEubVpeypOs,Bronx Painters,painter,(914) 677-1599,,http://bronxpainter.com/,,,Brooklyn,NY,40.887043,-73.840934,gmaps_apify,new,2026-08-01T19:12:29.963+00:00
gmap:ChIJZwXlgNpZwokR7XcE88etVtE,Green home improvement NY,painter,(347) 374-9735,,http://www.greenhomeny.com/,,"333 E 81st St, New York, NY 10028",New York,New York,40.7743354,-73.9528435,gmaps_apify,new,2026-08-01T19:12:29.963+00:00
gmap:ChIJYQ5tJE9fwokRAHo87wvGnxM,David Elliott Artist,painter,(941) 726-6577,,http://davidelliottart.com/,,"18-19 27th Ave, Astoria, NY 11102",Astoria,New York,40.7728354,-73.9266363,gmaps_apify,new,2026-08-01T19:12:29.963+00:00
gmap:ChIJSUJ_IGhhwokRg3rNzE79PUo,Family Construction General Contractor Queens,painter,(888) 292-1907,,http://www.familyconstructionnewyork.com/,,"40-08 155th St, Flushing, NY 11354",Flushing,New York,40.7636592,-73.810403,gmaps_apify,new,2026-08-01T19:12:29.963+00:00
gmap:ChIJZ80s-Sa97AoRfzXkQkTOO74,NYC Painters,painter,(516) 289-0015,,,,,Brooklyn,NY,40.6971415,-73.979506,gmaps_apify,new,2026-08-01T19:12:29.963+00:00
gmap:ChIJn7jwHV1fwokRD3v_C5-ZcU4,New Touch Pro Painters,painter,(551) 220-0063,,,,,Brooklyn,NY,40.6971415,-73.979506,gmaps_apify,new,2026-08-01T19:12:29.963+00:00
gmap:ChIJVQhD6M7hEEwRKgFIFO0S9HI,TruLine Painting Services,painter,(646) 993-2227,,,,,Brooklyn,NY,40.6507535,-73.8711404,gmaps_apify,new,2026-08-01T19:12:29.963+00:00
gmap:ChIJm4ggmhI1OYkR39x3wU4JOks,Rob's Cleaning & Maintenance Service,painter,(917) 600-6174,,,,"1645 Grand Ave, Bronx, NY 10453",Bronx,New York,40.8472658,-73.9152661,gmaps_apify,new,2026-08-01T19:12:29.963+00:00
gmap:ChIJrTYBdMzlIUkRJaMkL8WlYTA,Lana Paint,painter,(917) 657-2935,,http://www.lanapaint.com/?cid=glbc&utm_source=google&utm_medium=organic&utm,,,Brooklyn,NY,40.8343692,-73.8976484,gmaps_apify,new,2026-08-01T19:12:29.963+00:00
gmap:ChIJZ_WiKtntuEARbP2WD8c7en4,Final Touch House Painters of Manhattan,painter,(646) 706-7019,,,,,Brooklyn,NY,40.7813047,-73.9771184,gmaps_apify,new,2026-08-01T19:12:29.963+00:00
gmap:ChIJc7PdP4sb66cRT-519miAlbU,Pacheco Painting Pro,painter,(347) 212-2906,,,,,Brooklyn,NY,40.7598591,-73.8264094,gmaps_apify,new,2026-08-01T19:12:29.963+00:00
gmap:ChIJ5bTw3xkLKgURxYF4qlBnz8Y,Proline Home Renovations Inc. 24/7 Emergency Plumber and Drain Cleaning,painter,(718) 791-7443,,,,"31-60 36th St, Astoria, NY 11106",Astoria,New York,40.7610544,-73.9208494,gmaps_apify,new,2026-08-01T19:12:29.963+00:00
gmap:ChIJO6EHaGz1wokR8YEgK18kh-Q,The Bronx Painting Company,painter,(718) 866-3263,,https://thebronxpaintingcompany.com/,,,Brooklyn,NY,40.8343692,-73.8939169,gmaps_apify,new,2026-08-01T19:12:29.963+00:00
gmap:ChIJ8fm6urxYwokRIcAXExWYph8,Matuschka (American Photographer),painter,(212) 722-2131,,http://www.matuschka.net/,,"150 E 87th St, New York, NY 10028",New York,New York,40.7799141,-73.955057,gmaps_apify,new,2026-08-01T19:12:29.963+00:00
gmap:ChIJA8EC3Ar1wokRo6Ejn_7_1IA,Tenecela’s Interior Repair LLC,painter,(347) 951-0903,,https://tenecelainteriorrepair.com/,,,Brooklyn,NY,40.85166,-73.840934,gmaps_apify,new,2026-08-01T19:12:29.963+00:00
gmap:ChIJU8haYgiLwokRHxn7U11Y3FI,"SuperFix,LLC",painter,(646) 283-9189,,,,,Brooklyn,NY,40.7989863,-73.8976484,gmaps_apify,new,2026-08-01T19:12:29.963+00:00
gmap:ChIJgXg2Gd9fwokRpf8QsTRZyJM,Ivan Cousins Painter,painter,(929) 395-7981,,,,,Brooklyn,NY,40.6860039,-73.8783995,gmaps_apify,new,2026-08-01T19:12:29.963+00:00
gmap:ChIJ9_t19NhewokRBsABE89cYH0,The NYC Face Painter,painter,(917) 396-9565,,http://www.thenycfacepainter.com/,,,Brooklyn,NY,40.7813047,-73.9771184,gmaps_apify,new,2026-08-01T19:12:29.963+00:00
gmap:ChIJIZjYtAf1wokRwpZwMxXgUUo,Royal Aztcinc,painter,(212) 470-2258,,https://royalaztcinc.ueniweb.com/?utm_campaign=gmb,,,Brooklyn,NY,40.85166,-73.840934,gmaps_apify,new,2026-08-01T19:12:29.963+00:00
gmap:ChIJ1QscAHX3wokRb8pxRD0qOGc,PaintLab,painter,(551) 316-1004,,https://paintlab.io/,,"57 W 57th St office 322, New York, NY 10019",New York,New York,40.7644381,-73.9766479,gmaps_apify,new,2026-08-01T19:12:29.963+00:00
gmap:ChIJCTOWWSZZwokRtZjVBOaQnI0,Paintworks & Decorating,painter,(646) 960-3699,,http://www.paintworks.nyc/,,"45-20 11th St, Long Island City, NY 11101",Long Island City,New York,40.747271,-73.950398,gmaps_apify,new,2026-08-01T19:12:29.963+00:00
gmap:ChIJFcGmcPseyycRB5YKMdGygOE,Brooklyn Painters - AV Color Inc.,painter,(347) 921-9392,,https://avcolorist.com/,,"140 Brighton 10th St, Brooklyn, NY 11235",Brooklyn,New York,40.5795499,-73.9592478,gmaps_apify,new,2026-08-01T19:12:29.963+00:00
gmap:ChIJiyXu119DwokRS9dTwbr9tWg,Vecchio Painters & Designers Ltd.,painter,(347) 450-2119,,http://vecchiopainting.com/,,"1522 E 66th St, Brooklyn, NY 11234",Brooklyn,New York,40.6184082,-73.9125141,gmaps_apify,new,2026-08-01T19:12:29.963+00:00
gmap:ChIJaQ2f0y9ewokRURLhed9CgtQ,Gravesend Painters,painter,(347) 657-6718,,,,"114 Avenue U, Brooklyn, NY 11223",Brooklyn,New York,40.5960159,-73.9800355,gmaps_apify,new,2026-08-01T19:12:29.963+00:00
gmap:ChIJ89mFxlldwokRLMpmV1UArFA,Brooklyn's Interior Precision Painters,painter,(201) 463-0127,,https://brooklynsinteriorprecisionpainters.com/,,"340 E 92nd St, Brooklyn, NY 11212",Brooklyn,New York,40.6573899,-73.9228352,gmaps_apify,new,2026-08-01T19:12:29.963+00:00
gmap:ChIJ-3cAdgYWAokR2ROLkYIa10g,Altan 03 Inc.Brooklyn Painter,painter,(551) 218-8405,,https://brooklyn-painter.com/,,"8411 21st Ave, Brooklyn, NY 11214",Brooklyn,New York,40.6040718,-73.9948252,gmaps_apify,new,2026-08-01T19:12:29.963+00:00
gmap:ChIJby4bm-FbwokRetHCiMEHOnY,Green City Painters,painter,(347) 281-3446,,http://greencitypainters.com/,,"416 Himrod St #4L, Brooklyn, NY 11237",Brooklyn,New York,40.704316,-73.9153724,gmaps_apify,new,2026-08-01T19:12:29.963+00:00
gmap:ChIJx_SDI_hEwokRfJoCLXTftug,Brooklyn Painters,painter,(718) 344-4562,,http://brooklynpainters.com/,,"344 Avenue U, Brooklyn, NY 11223",Brooklyn,New York,40.5968265,-73.971708,gmaps_apify,new,2026-08-01T19:12:29.963+00:00
gmap:ChIJFeOCoWyuQQcRd0jKDNrzDow,Sky's & Designs NY Corp,painter,(315) 232-6585,,https://painterwhitestoneny.com/,,,Brooklyn,NY,40.7136995,-73.7762395,gmaps_apify,new,2026-08-01T19:12:29.963+00:00
gmap:ChIJs11cAp8JNA8RnX8QLDKldN8,5 Boro Painters LLC,painter,(718) 475-0359,,,,,Brooklyn,NY,40.6971415,-73.979506,gmaps_apify,new,2026-08-01T19:12:29.963+00:00
gmap:ChIJn59X23Gyc2wRpWa_G5QBsGg,Interior Drywall and Paint | NY Contracting Corp,painter,(718) 838-2088,,https://interiorcontractorbronx.com/,,"1365 White Plains Rd, Bronx, NY 10462",Bronx,New York,40.8348514,-73.8633277,gmaps_apify,new,2026-08-01T19:12:29.962+00:00
gmap:ChIJeaqwwIP3wokRdhxqchzcnOo,Splash Brothers Inc,painter,(732) 685-2619,,,,"2518 Frederick Douglass Blvd #3C, New York, NY 10030",New York,New York,40.8159918,-73.9466249,gmaps_apify,new,2026-08-01T19:12:29.962+00:00
gmap:ChIJxRjUxw31wokRS0RP8NUeXhs,ProMaster Services,painter,(929) 762-2381,,https://promasterservices.co/,,"Bronx, NY 10462",Bronx,New York,40.8430417,-73.8300827,gmaps_apify,new,2026-08-01T19:12:29.962+00:00
gmap:ChIJ7-LRsw6LwokRMaKzb_tdH8k,Domi-American LLC,painter,(631) 601-9955,,https://domiamerican.com/,,"2727 Gifford Ave, Bronx, NY 10465",Bronx,New York,40.8312688,-73.8333486,gmaps_apify,new,2026-08-01T19:12:29.962+00:00
gmap:ChIJAYkk1D30wokRW45BkijYBRE,Spray Finishes,painter,(718) 293-2055,,http://stoneservices.com/,,"1455 Cromwell Ave, Bronx, NY 10452",Bronx,New York,40.8424825,-73.9188434,gmaps_apify,new,2026-08-01T19:12:29.962+00:00
gmap:ChIJzyuMjsP1wokRo7n5ESjcAWI,"Home Improvement Solutions IV, LLC.",painter,(804) 410-4544,,http://home-improvement-solutions-ivllc.bueiness.site/,,"445 E 140th St, Bronx, NY 10454",Bronx,New York,40.8099124,-73.9202511,gmaps_apify,new,2026-08-01T19:12:29.962+00:00
gmap:ChIJlyQjN2r2wokRHBl8Dx8j_xE,Izzo General Contractors Inc,painter,(212) 662-5695,,,,"537 W 125th St, New York, NY 10027",New York,New York,40.8155825,-73.9571484,gmaps_apify,new,2026-08-01T19:12:29.962+00:00
gmap:ChIJAyGqQLlYwokRiEPkBexLUKw,Eduardo Terranova artworks,painter,(917) 570-6239,,http://www.eduardoterranova.com/,,"341 E 81st St, New York, NY 10028",New York,New York,40.77417,-73.9525371,gmaps_apify,new,2026-08-01T19:12:29.962+00:00
gmap:ChIJlRNSg8T3wokRjO9sI81L7FU,Active Handyman Services NYC,painter,(929) 357-1630,,https://www.activehandymanservicesnyc.com/,,"1485 Park Ave #15F, New York, NY 10029",New York,New York,40.794353,-73.9461082,gmaps_apify,new,2026-08-01T19:12:29.962+00:00
gmap:ChIJw_54YsH1wokRL-4jpAYNoQ4,Bathtub Reglazing NY,painter,(718) 749-9864,,https://bathtubreglazingny.com/bronx,,"282 Brook Ave, Bronx, NY 10454",Bronx,New York,40.808411,-73.918336,gmaps_apify,new,2026-08-01T19:12:29.962+00:00
gmap:ChIJG3KoOJqKwokR97StkzE4Fns,Dream Homes Remodeling,painter,(646) 641-9475,,http://dreamhomesremodeling.nyc/,,"#151st, Whitestone, NY 11357",Whitestone,New York,40.7789756,-73.8091194,gmaps_apify,new,2026-08-01T19:12:29.962+00:00
gmap:ChIJc2UnojlyjgAR6T7Cf8_HlPA,Next Gen Corp,painter,(347) 355-6887,,https://nextgencorpnyc.com/,,"20-34 42nd St, Astoria, NY 11105",Astoria,New York,40.7747603,-73.9012673,gmaps_apify,new,2026-08-01T19:12:29.962+00:00
gmap:ChIJv277sWFpwokR2nFIbXqP9hY,Manuel contrunsion,painter,(516) 537-2539,,,,"22-16 New Haven Ave, Far Rockaway, NY 11691",Far Rockaway,New York,40.6011724,-73.7560724,gmaps_apify,new,2026-08-01T19:12:29.962+00:00
gmap:ChIJ6yAscWqLwokRgGllyQ2cSMQ,Paint Kings NYC,painter,(917) 725-0674,,https://www.paintkingsnyc.com/,,"208-10 Cross Island Pkwy, Bayside, NY 11360",Bayside,New York,40.7884391,-73.7854073,gmaps_apify,new,2026-08-01T19:12:29.962+00:00
gmap:ChIJ18YV77nhNwkRF3EVsD_pva4,Artistic Pro G.C. Corp.,painter,(646) 406-4523,,https://www.artisticprogccorp.com/,,,Brooklyn,NY,40.769689,-73.883372,gmaps_apify,new,2026-08-01T19:12:29.962+00:00
gmap:ChIJrRaJjMv3wokRpVUT3hScRdQ,Eli Paints NYC Harlem,painter,(646) 760-6974,,,,"502 W 148th St #3B, New York, NY 10031",New York,New York,40.8272332,-73.9468888,gmaps_apify,new,2026-08-01T19:12:29.962+00:00
gmap:ChIJO8R6FtLS3mERi2gDCCPcbB4,TruBlue of NE Queens,painter,(718) 400-4003,,https://www.trublueally.com/ne-queens,,"151-01 14th Ave, Whitestone, NY 11357",Whitestone,New York,40.7896863,-73.8113136,gmaps_apify,new,2026-08-01T19:12:29.962+00:00
gmap:ChIJMbbcjcz1wokRTH65QhDNiYE,"Quality Wet Paint, LLC",painter,(917) 403-5293,,https://qualitywetpaint.com/?utm_campaign=gmb,,"Bronx, NY 10473",Bronx,New York,40.8165815,-73.8582396,gmaps_apify,new,2026-08-01T19:12:29.962+00:00
gmap:ChIJNWb0HwjNvkcRvfCDQwjttD4,Zeus painting co,painter,(914) 940-0279,,https://zeuspaintingco.com/,,,Brooklyn,NY,40.8817736,-73.7992386,gmaps_apify,new,2026-08-01T19:12:28.722+00:00
gmap:ChIJ-VYpW1UBYIkREs3tvOIvH5M,Aarons Painting & Decorating LLC,painter,(917) 590-4155,,,,,Brooklyn,NY,40.85166,-73.840934,gmaps_apify,new,2026-08-01T19:12:28.722+00:00
gmap:ChIJZ-RmfoCwDqYR1QUKrhOKANU,KC Painting and More,painter,(718) 750-8427,,,,,Brooklyn,NY,40.85166,-73.840934,gmaps_apify,new,2026-08-01T19:12:28.722+00:00
gmap:ChIJAQBQvVRiwokRWVfZ4Qr3wxo,Indelible Painting: Alec Villegas,painter,(917) 566-5262,,,,,Brooklyn,NY,40.805146,-73.9003419,gmaps_apify,new,2026-08-01T19:12:28.722+00:00
gmap:ChIJCcZo2g_2wokRBjPcT4CdUWo,Painting Lounge - Harlem Studio,painter,(212) 518-1803,,http://www.paintinglounge.com/,,"Storefront, 15 W 116th St, New York, NY 10026",New York,New York,40.8012435,-73.9473238,gmaps_apify,new,2026-08-01T19:12:28.722+00:00
gmap:ChIJKbmMyF0qGIYR_3hyeBXH278,E&J House Painting,painter,(551) 220-0633,,,,,Brooklyn,NY,40.6971415,-73.979506,gmaps_apify,new,2026-08-01T19:12:28.722+00:00
gmap:ChIJ9RVFQV2KwokRDOM16KLXysI,Promaster Painting-Decorating,painter,(718) 224-5704,,,,"208-03 14th Ave, Flushing, NY 11360",Flushing,New York,40.7869079,-73.784242,gmaps_apify,new,2026-08-01T19:12:28.722+00:00
gmap:ChIJEWDzU_NfwokRLX_GxM-XMao,MG PAINTING CORP,painter,(917) 686-6121,,http://www.painternearyou.com/,,"37-48 Warren St, Jackson Heights, NY 11372",Jackson Heights,New York,40.7499712,-73.8711645,gmaps_apify,new,2026-08-01T19:12:28.721+00:00
gmap:ChIJxzjxlnP3wokRLxQV1-fSoJs,Paint The Star,painter,(917) 355-5822,,,,"106 Convent Ave #5, New York, NY 10027",New York,New York,40.8171077,-73.9527149,gmaps_apify,new,2026-08-01T19:12:28.089+00:00
gmap:ChIJK1c0Dmv1wokR_x9YbsQmiNc,Euro painting group inc,painter,(646) 821-0415,,https://europaitinggroup.com/,,"1144 Neill Ave, Bronx, NY 10461",Bronx,New York,40.854168,-73.854018,gmaps_apify,new,2026-08-01T19:12:28.089+00:00
gmap:ChIJpZQQOIVZwokRX6__A5DVbLQ,Painter Manhattan,painter,(917) 764-2263,,,,"505 8th Ave #701, New York, NY 10018",New York,New York,40.7531775,-73.9931689,gmaps_apify,new,2026-08-01T19:12:27.271+00:00
gmap:ChIJ5acBlztZwokR-EF0EbDzkkM,RJK PAINTING NYC,painter,(347) 601-8814,,https://www.rjkpaintingnyc.net/,,"260 Madison Ave 8th fl, New York, NY 10016",New York,New York,40.7506983,-73.9811494,gmaps_apify,new,2026-08-01T19:12:27.271+00:00
gmap:ChIJWwvj6ItZwokR25nB1CxX21c,The Painting Center,painter,(212) 343-1060,,http://www.thepaintingcenter.org/,,"547 W 27th St Suite 500, 5th Floor, New York, NY 10001",New York,New York,40.751259,-74.0043461,gmaps_apify,new,2026-08-01T19:12:27.271+00:00
gmap:ChIJxVQH4cpZwokRP9DJVlT6y9o,123 Painting NYC,painter,(845) 901-8463,,,,"696 10th Ave, New York, NY 10019",New York,New York,40.7637099,-73.9920389,gmaps_apify,new,2026-08-01T19:12:27.27+00:00
gmap:ChIJi_jKFhBfwokRkSu0xU2JA5U,NYC 84 Commercial & Residential Contractor New York,contractor,(347) 261-3853,,https://citylocal101.com/cl09865-bathroom-remodeling-contractors-staten-island-ny,,"23-73 28th St, Astoria, NY 11105",Astoria,New York,40.773851,-73.9162724,gmaps_apify,new,2026-08-01T17:59:51.237+00:00
gmap:ChIJwSypkT5gwokRbEr7SRE8gHM,Bsa Home Improvement Contractor S Corp.,contractor,(718) 445-7545,,http://bsacontracting.com/,,"45-35 Parsons Blvd, Flushing, NY 11355",Flushing,New York,40.7550805,-73.8143595,gmaps_apify,new,2026-08-01T17:59:51.237+00:00
gmap:ChIJe1HK4-hfwokRc348hsW-4FI,Right-Away Construction Corp.,contractor,(347) 544-5886,,https://www.rightawayconstructionyc.com/,,"32-77 46th St, Astoria, NY 11103",Astoria,New York,40.7545967,-73.9156721,gmaps_apify,new,2026-08-01T17:59:51.237+00:00
gmap:ChIJw2lBlR_1wokRwFg5DvTfniA,Crystal Real Construction Corp,contractor,(718) 427-6067,,http://www.cr-constructions.com/home,,"915 Logan Ave, Bronx, NY 10465",Bronx,New York,40.8310468,-73.8237452,gmaps_apify,new,2026-08-01T17:59:51.237+00:00
gmap:ChIJwe4w81L1wokRtbYxLLFSFVM,Whitestone Contracting,contractor,(718) 746-3178,,http://www.whitestonecontracting.com/,,"18-45 129th St, College Point, NY 11356",College Point,New York,40.7818661,-73.8393793,gmaps_apify,new,2026-08-01T17:59:51.237+00:00
gmap:ChIJC3A_0DPAlKkR9PyiwiplTkE,M Cruz Construction,contractor,(646) 318-1243,,https://mcruzconstructions.com/,,"1023 Quincy Ave, Bronx, NY 10465",Bronx,New York,40.8303236,-73.8296967,gmaps_apify,new,2026-08-01T17:59:51.237+00:00
gmap:ChIJs1kgScD0wokRybcsAc9auqQ,Perfecto Construction Corp.,contractor,(718) 309-4186,,http://www.perfectocorp.com/,,"1247 Mayflower Ave, Bronx, NY 10461",Bronx,New York,40.8361067,-73.8316247,gmaps_apify,new,2026-08-01T17:59:51.237+00:00
gmap:ChIJ9eIxfjFbwokRKaD4pc3RRj8,Triangle General Contractors Inc,contractor,(718) 462-6262,,http://www.trianglegc.com/,,"408 E 175th St, Bronx, NY 10457",Bronx,New York,40.8453227,-73.9017624,gmaps_apify,new,2026-08-01T17:59:51.237+00:00
gmap:ChIJj6626sNhwokRaP9VhMjKvJo,Major Homes Corporation,contractor,(877) 656-2567,,https://www.majorhomes.com/,,"48-52 Clearview Expy, Bayside, NY 11364",Bayside,New York,40.7514189,-73.7757728,gmaps_apify,new,2026-08-01T17:59:51.237+00:00
gmap:ChIJV0WUNmNfwokR6thv1EBlGMs,Power Roofing Contractor Queens NY,contractor,(929) 425-0345,,http://powerroofingnyc.com/,,"87-04 Astoria Blvd, East Elmhurst, NY 11370",East Elmhurst,New York,40.7639173,-73.8819385,gmaps_apify,new,2026-08-01T17:59:51.237+00:00
gmap:ChIJf6Y-V4fzwokRiJgMS-gXlrU,Ajrin Construction Inc.,contractor,(347) 827-5656,,https://www.ajrinconstruction.com/,,"1839 Yates Ave, Bronx, NY 10461",Bronx,New York,40.8516348,-73.8515011,gmaps_apify,new,2026-08-01T17:59:51.237+00:00
gmap:ChIJR-IjjhJgwokRU6_nHb6gMYk,Nunez Construction Inc.,contractor,(718) 219-1257,,https://nunezforu.com/,,"134-38 Maple Ave Suite 4F, Flushing, NY 11355",Flushing,New York,40.7548063,-73.8291623,gmaps_apify,new,2026-08-01T17:59:51.237+00:00
gmap:ChIJrWwueED1wokR9WWeu_iZCZI,Atlantic General Construction,contractor,(347) 595-1272,,https://www.atlanticgeneralconstruction.com/,,"2116 Bruckner Blvd, Bronx, NY 10473",Bronx,New York,40.826343,-73.852196,gmaps_apify,new,2026-08-01T17:59:51.237+00:00
gmap:ChIJyZw28K70wokROExh3nKFSD8,JSTJ Construction Corp,contractor,(718) 823-4982,,https://jstjconstruction.com/,,"1629 Williamsbridge Rd, Bronx, NY 10461",Bronx,New York,40.8477148,-73.8498344,gmaps_apify,new,2026-08-01T17:59:51.237+00:00
gmap:ChIJu-J7smeKwokRIz0YApuUFMc,SPM Contracting,contractor,(718) 479-8181,,http://spm.nyc/,,"746 Logan Ave, Bronx, NY 10465",Bronx,New York,40.8282974,-73.8209171,gmaps_apify,new,2026-08-01T17:59:51.237+00:00
gmap:ChIJsQaJyfDzwokRqws7qpKqT6o,TOOR CONSTRUCTION - Roofing Services in New York,contractor,(917) 518-5100,,https://toorgc.com/services/,,"2822 Collis Pl, Bronx, NY 10465",Bronx,New York,40.8146536,-73.8179783,gmaps_apify,new,2026-08-01T17:59:51.237+00:00
gmap:ChIJY5fFaclhwokRHJ9P7IUdncA,Lenny Iaffaldano Gen Contracting,contractor,(718) 357-5912,,,,"47-27 192nd St, Flushing, NY 11358",Flushing,New York,40.7506477,-73.7880003,gmaps_apify,new,2026-08-01T17:59:51.237+00:00
gmap:ChIJ1RmjV9WLwokR8teOlEmA9ck,V&S General Contracting Corp,contractor,(845) 200-1120,,http://vandsgeneralcontractingcorp.com/,,"2702 Latting St, Bronx, NY 10461",Bronx,New York,40.837865,-73.8371049,gmaps_apify,new,2026-08-01T17:59:51.237+00:00
gmap:ChIJ_Zz3nKFarQoRjdRjm07rJgM,Big Bird Construction,contractor,(914) 393-4878,,https://bigbirdgc.com/,,"1561 Leland Ave #2, Bronx, NY 10460",Bronx,New York,40.8398063,-73.8651768,gmaps_apify,new,2026-08-01T17:59:51.237+00:00
gmap:ChIJPccaayFYwokROW57R1vLIT8,Corniel Construction,contractor,(347) 567-1018,,https://cornielconstruction.com/contact/,,"500 W 176th St, New York, NY 10033",New York,New York,40.8448229,-73.9337302,gmaps_apify,new,2026-08-01T17:59:51.237+00:00
gmap:ChIJJ4CtufT1wokRvgJlxfIMgBc,Rambal Contractors Inc,contractor,(646) 721-5000,,http://www.rambalcontractorsinc.com/,,"825 Gerard Ave #1l, Bronx, NY 10451",Bronx,New York,40.8262579,-73.9261081,gmaps_apify,new,2026-08-01T17:59:51.237+00:00
gmap:ChIJe6E_JI7zwokRHHaHqnk03Ts,JJK Contracting LLC,contractor,(917) 392-0496,,https://linktr.ee/jjkcontracting,,"318 E 149th St #359, Bronx, NY 10451",Bronx,New York,40.8167057,-73.9210706,gmaps_apify,new,2026-08-01T17:59:51.237+00:00
gmap:ChIJH3A5TGH1wokRyM4_Cz-Ou24,AQ Construction Corp.,contractor,(646) 373-7628,,https://aqconstruction.nyc/,,"974 Sacket Ave, Bronx, NY 10462",Bronx,New York,40.8435266,-73.8538846,gmaps_apify,new,2026-08-01T17:59:51.237+00:00
gmap:ChIJOSOzpmmLwokR6303EgUduDo,Stenco General Construction & Remodeling Company NY,contractor,(718) 807-6414,,https://www.stencoconstructions.com/,,"38-08 Bell Blvd, Bayside, NY 11361",Bayside,New York,40.766267,-73.7726529,gmaps_apify,new,2026-08-01T17:59:51.237+00:00
gmap:ChIJx6gmAPn1wokRDyURneC_AI8,Smartbuild Construction Corp,contractor,(718) 838-2088,,https://smartbuildnewyork.com/,,"2046 Newbold Ave, Bronx, NY 10462",Bronx,New York,40.8326171,-73.8555849,gmaps_apify,new,2026-08-01T17:59:51.237+00:00
gmap:ChIJVW6dg5JPNqwRelZk3lOCp_M,Greystone Construction Group Inc.,contractor,(718) 795-8477,,,,"1374 Gillespie Ave, Bronx, NY 10461",Bronx,New York,40.8400464,-73.8302241,gmaps_apify,new,2026-08-01T17:59:51.237+00:00
gmap:ChIJmUmDd4r1wokR7AZacisZj-c,Akil Construction,contractor,(203) 918-1455,,http://www.akilconstructiongroup.com/,,"1740 Lurting Ave, Bronx, NY 10462",Bronx,New York,40.8490244,-73.8535975,gmaps_apify,new,2026-08-01T17:59:51.237+00:00
gmap:ChIJgey7zpFhwokRlOfXnM_IHuE,LHYF CONTRACTOR Inc - General Contractor,contractor,(917) 207-3697,,https://lhyfcontractor.com/,,"143-30 32nd Ave, Flushing, NY 11354",Flushing,New York,40.7689112,-73.8254615,gmaps_apify,new,2026-08-01T17:59:51.237+00:00
gmap:ChIJhUe0_NFYwokRGP0HFquDnKQ,"Northern Bay Contractors, Inc",contractor,(718) 937-2420,,http://northernbaycontractors.com/,,"9-15 38th Ave, Long Island City, NY 11101",Long Island City,New York,40.7590149,-73.9425744,gmaps_apify,new,2026-08-01T17:59:51.237+00:00
gmap:ChIJp6DhLsdawokR11hpRqn2JbU,All Renovation Construction LLC,contractor,(212) 625-2714,,http://www.allrenovations.com/,,"200 W 138th St, New York, NY 10030",New York,New York,40.8173171,-73.9427558,gmaps_apify,new,2026-08-01T17:59:51.237+00:00
gmap:ChIJab2olRn1wokRYTeGPmdR3s8,Construction Repair NYC - Building Contractor,contractor,(718) 635-9400,,https://www.constructionrepairnyc.com/,,"1319 Morrison Ave, Bronx, NY 10472",Bronx,New York,40.8323425,-73.8755478,gmaps_apify,new,2026-08-01T17:59:51.237+00:00
gmap:ChIJG8EZXYz1wokRmP3aNqBVTmw,OM General Contractors Corp.,contractor,(718) 666-1961,,,,"250 E 139th St, Bronx, NY 10451",Bronx,New York,40.811908,-73.9270884,gmaps_apify,new,2026-08-01T17:59:51.237+00:00
gmap:ChIJbdGq1H_2wokR_UnsGv1OJyo,"FK General Contractors, Inc.",contractor,(888) 972-4488,,http://www.fkgeneralcontractors.net/,,"2809 Frederick Douglass Blvd, New York, NY 10039",New York,New York,40.8258416,-73.9400923,gmaps_apify,new,2026-08-01T17:59:51.237+00:00
gmap:ChIJBY2JqQOLwokR34pd_OxeBrg,Mario Mazzella Contracting,contractor,(718) 597-4893,,https://mariomazzellacontractingcorp.com/,,"3109 Dare Pl, Bronx, NY 10465",Bronx,New York,40.8112296,-73.803558,gmaps_apify,new,2026-08-01T17:59:51.237+00:00
gmap:ChIJh2sxH85hwokRbCtT5W7mMm4,"BluRock Services, inc.",contractor,(516) 368-4533,,https://blurockservices.com/,,"43-02 209th St, Bayside, NY 11361",Bayside,New York,40.7598396,-73.7753881,gmaps_apify,new,2026-08-01T17:59:51.237+00:00
gmap:ChIJf_d1X9Pkni8RYWnRWFo3Ncg,JDR Contracting Service,contractor,(718) 269-1379,,https://www.jdrserviceofnewyork.com/,,"1402 Zerega Ave, Bronx, NY 10462",Bronx,New York,40.8369978,-73.8466947,gmaps_apify,new,2026-08-01T17:59:51.237+00:00
gmap:ChIJE6n0KEn1wokRrDDNhvNpZCI,Main General Contractors,contractor,(929) 419-2606,,,,"426 E 149th St Apt 1E, Bronx, NY 10455",Bronx,New York,40.8153147,-73.9165322,gmaps_apify,new,2026-08-01T17:59:51.237+00:00
gmap:ChIJyQsQTsv1wokRdTre7ZcQUHg,Kendon Construction LLC,contractor,(212) 796-4993,,http://kendon.construction/,,"1231 Lafayette Ave l2, Bronx, NY 10474",Bronx,New York,40.8167567,-73.8906092,gmaps_apify,new,2026-08-01T17:59:51.237+00:00
gmap:ChIJHazbyNmLwokRIH5_nQ2j54g,Paradisehome General Contractor,contractor,(347) 477-7942,,https://www.paradisehomecontractors.com/,,"10-34 166th St Apt 3C, Whitestone, NY 11357",Whitestone,New York,40.7914815,-73.7988498,gmaps_apify,new,2026-08-01T17:59:51.237+00:00
gmap:ChIJQ-8Mel31wokR3G2sd0EPG6s,General Contractors,contractor,(718) 427-6067,,,,"2435 Frisby Ave, Bronx, NY 10461",Bronx,New York,40.8389523,-73.8478048,gmaps_apify,new,2026-08-01T17:59:51.237+00:00
gmap:ChIJT4F9hW5fwokRFVknGlQaA0s,Mega Contracting,contractor,(718) 932-6342,,http://www.megagroup.nyc/,,"48-02 25th Ave Ste 400, Astoria, NY 11103",Astoria,New York,40.764521,-73.90505,gmaps_apify,new,2026-08-01T17:59:51.237+00:00
gmap:ChIJvW-6H2nWgy8RT4gDMq5kLek,Masonry Contractor and Brick Repair | NY Contracting Corp,contractor,(718) 838-2088,,https://masonrybrickcontractor.com/,,"1365 White Plains Rd, Bronx, NY 10462",Bronx,New York,40.8348514,-73.8633277,gmaps_apify,new,2026-08-01T17:59:51.237+00:00
gmap:ChIJDYdINjJ8JmwRqa9KvbtJctA,Masonry Contractor | NewYork Contracting Corp,contractor,(718) 838-2088,,https://masonrycontractornycorp.us/,,"2046 Newbold Ave, Bronx, NY 10462",Bronx,New York,40.832614,-73.8555972,gmaps_apify,new,2026-08-01T17:59:51.237+00:00
gmap:ChIJJWWKBBWLwokRnoGuX59BtnU,"C&H Connection, LLC",contractor,(646) 467-1892,,https://sites.google.com/view/ch-connection-llc-home-remodel/home?authuser=0,,"2991 Zulette Ave, Bronx, NY 10461",Bronx,New York,40.8423982,-73.8295075,gmaps_apify,new,2026-08-01T17:59:51.237+00:00
gmap:ChIJOSH94KX1wokRA5JUIEFnjfA,JR Construction,contractor,(718) 749-9412,,https://jrconstruction.com/contact/,,"560 Barry St, Bronx, NY 10474",Bronx,New York,40.8106024,-73.8950547,gmaps_apify,new,2026-08-01T17:59:51.237+00:00
gmap:ChIJPc-p9jT1wokROIGQ7504SYk,Julio general construction corp.,contractor,(347) 261-2143,,,,"1213 Elder Ave, Bronx, NY 10472",Bronx,New York,40.8291494,-73.8795559,gmaps_apify,new,2026-08-01T17:59:51.237+00:00
gmap:ChIJn7L3dLNfwokRrDO5VUHmCqM,DAKA Contractors,contractor,(347) 538-8107,,,,"43-08 28th Ave, Astoria, NY 11103",Astoria,New York,40.7640115,-73.9111529,gmaps_apify,new,2026-08-01T17:59:51.237+00:00
gmap:ChIJS0wtXHC43UgRqr_Djj5OEvc,Concrete Sidewalk Contractor | NY Contracting Corp.,contractor,(718) 838-2088,,https://concretecontractorbronx.com/,,"1363 White Plains Rd, Bronx, NY 10462",Bronx,New York,40.8347791,-73.8633143,gmaps_apify,new,2026-08-01T17:59:51.237+00:00
gmap:ChIJIUrvS6NYwokR4i_nIIHN2RA,"HSE Contractors - Brooklyn, New York",contractor,(646) 202-9313,,https://www.hsecontractors.com/,,"1324 Lexington Ave #300, New York, NY 10128",New York,New York,40.7809853,-73.9547858,gmaps_apify,new,2026-08-01T17:59:51.237+00:00
gmap:ChIJKZ9iASmLwokR2hNFuQNQcfY,maprocontractors,contractor,(347) 476-3691,,https://maprocontractors.com/,,"1010 Throgs Neck Expy, Bronx, NY 10465",Bronx,New York,40.8336508,-73.8213557,gmaps_apify,new,2026-08-01T17:59:51.237+00:00
gmap:ChIJQySWWav1wokRW2zuwLAJMqo,GG General Contractor Inc.,contractor,(917) 564-2588,,,,"245 Davis Ave 2nd Floor, Bronx, NY 10465",Bronx,New York,40.814456,-73.825373,gmaps_apify,new,2026-08-01T17:59:51.237+00:00
gmap:ChIJnzkuAFP1wokRyYtFV7FoZlU,Martinez Contractors Ny,contractor,(917) 292-3759,,,,"18-31 123rd St, College Point, NY 11356",College Point,New York,40.78228,-73.8448239,gmaps_apify,new,2026-08-01T17:59:51.237+00:00
gmap:ChIJx_sAnrKKwokRhAKmulOLcYk,H & S Contractors Inc,contractor,(718) 423-1094,,,,"15-19 128th St, Flushing, NY 11356",Flushing,New York,40.784097,-73.840002,gmaps_apify,new,2026-08-01T17:59:51.237+00:00
gmap:ChIJayPgjaqLwokRGkrItHQV8Mc,Citywide Pro Construction Corp,contractor,(917) 500-7503,,http://www.citywidepro.net/,,"2930 Westchester Ave, Bronx, NY 10461",Bronx,New York,40.8464302,-73.8328118,gmaps_apify,new,2026-08-01T17:59:51.237+00:00
gmap:ChIJb443I85YwokRDXzrGzQ_cys,Local Home Contractor Long Island,contractor,(929) 737-1505,,https://localhomecontractornyc.com/,,"38-15 10th St, Long Island City, NY 11101",Long Island City,New York,40.7581018,-73.9426405,gmaps_apify,new,2026-08-01T17:59:51.237+00:00
gmap:ChIJA5HXyFb1wokRAJ8Icru_bhE,"The Franklin Company Contractors, Inc.",contractor,(718) 762-5200,,http://www.franklincompany.com/,,"22-44 119th St, College Point, NY 11356",College Point,New York,40.778818,-73.8491103,gmaps_apify,new,2026-08-01T17:59:51.237+00:00
gmap:ChIJs3QQ-MdYwokRnRtUgB7ZUBw,Asap General Contractors Corp,contractor,(917) 679-9845,,,,"555 E 78th St, New York, NY 10075",New York,New York,40.769896,-73.948426,gmaps_apify,new,2026-08-01T17:59:51.237+00:00
gmap:ChIJeZUObZmKwokRD6CWNT1lL-0,Vinny & Son Contracting Corp,contractor,(718) 216-8172,,http://www.vinnysoncontracting.com/,,"150-20 24th Ave, Whitestone, NY 11357",Whitestone,New York,40.7769064,-73.8138081,gmaps_apify,new,2026-08-01T17:59:51.236+00:00
gmap:ChIJ5cMvYsZnwokRQOmpOQbiTEM,Five Town's Handyman,handyman,(929) 225-3306,,,,,Manhattan,NY,40.7327934,-73.841059,gmaps_apify,new,2026-08-01T17:59:17.512+00:00
gmap:ChIJETmboLn0wokRG_MKZGZtbkU,JOEL THE HANDYMAN LLC.,handyman,(718) 678-0351,,,,"2711 Barnes Ave, Bronx, NY 10467",Bronx,New York,40.8660124,-73.8637641,gmaps_apify,new,2026-08-01T17:59:17.512+00:00
gmap:ChIJWS0MDCJmwokRtZ_mbhLvOsY,RG House Master,handyman,(516) 238-5757,,,,"33-44 Bay Ct, Far Rockaway, NY 11691",Far Rockaway,New York,40.612174,-73.771722,gmaps_apify,new,2026-08-01T17:59:17.512+00:00
gmap:ChIJDzJA5ddfwokR_IImZHFkqTk,N & Z Handyman Far Rockaway,handyman,(347) 801-0842,,https://www.nzhandymanfarrockaway.com/,,"87-06 Rockaway Beach Blvd, Far Rockaway, NY 11693",Far Rockaway,New York,40.587646,-73.8124537,gmaps_apify,new,2026-08-01T17:59:17.512+00:00
gmap:ChIJOVHLQW9hwokRTsmHVHPn9yo,Ely The handyman,handyman,(315) 293-7267,,https://elythehandyman.com/,,"110-08 153rd St, Jamaica, NY 11433",Jamaica,New York,40.6898365,-73.7958904,gmaps_apify,new,2026-08-01T17:59:17.512+00:00
gmap:ChIJ5WSG1u-JwokRcLiwSJFbLIo,"Queens, Home Remodeling , Handyman Services",handyman,(917) 482-7344,,http://www.somesite.com/,,"252-21 44th Ave, Little Neck, NY 11363",Little Neck,New York,40.7713987,-73.736199,gmaps_apify,new,2026-08-01T17:59:17.512+00:00
gmap:ChIJgU01X6v1wokR3_Ys3GChf6w,UpKeep Home Maintenance Handyman Services,handyman,(347) 630-8663,,,,"781 Fairmount Pl, Bronx, NY 10460",Bronx,New York,40.8428645,-73.8890984,gmaps_apify,new,2026-08-01T17:59:17.512+00:00
gmap:ChIJT884Ugn3wokR-kEOGjO9Lxw,TS HANDYMAN Services,handyman,(646) 250-6570,,http://tsfixandfit.net/,,"W 119th St, New York, NY 10026",New York,New York,40.8045709,-73.9512394,gmaps_apify,new,2026-08-01T17:59:17.512+00:00
gmap:ChIJf0aH6TBewokRLPo5zzuMWB0,Handyman Carnegie Hill,handyman,(646) 553-1407,,,,"1345 2nd Ave, New York, NY 10128",New York,New York,40.782155,-73.948944,gmaps_apify,new,2026-08-01T17:59:17.512+00:00
gmap:ChIJRziFpzY0P6kR8EVMuJ4iJIc,Small Jobs Rockaway Handyman & Carpentry,handyman,(347) 457-8688,,https://myumka.my.canva.site/small-jobs-carpentry-construction,,,Manhattan,NY,40.6562606,-73.7295543,gmaps_apify,new,2026-08-01T17:59:17.512+00:00
gmap:ChIJyRGfta_1wokRjLpT4fJLl60,AmeriSource Handyman Services,handyman,(347) 503-3455,,,,"1225 Morris Ave Unit 5E, Bronx, NY 10456",Bronx,New York,40.8338995,-73.914029,gmaps_apify,new,2026-08-01T17:59:17.512+00:00
gmap:ChIJr0J53DFewokRKV--iDHpCJM,Handyman Services Woodside,handyman,(917) 809-5732,,https://www.handymanserviceswoodside.com/,,"69-01 Northern Blvd, Woodside, NY 11377",Woodside,New York,40.7545955,-73.8973138,gmaps_apify,new,2026-08-01T17:59:17.512+00:00
gmap:ChIJzaGhOsJYwokRzI63khRvb5w,Handyman 4 u,handyman,(212) 461-1407,,,,"501 A E 83rd St #2fw, New York, NY 10028",New York,New York,40.773947,-73.9480289,gmaps_apify,new,2026-08-01T17:59:17.512+00:00
gmap:ChIJKT86fCVewokR7Ol92uLyuYc,Whitestone Handyman & General Repairs,handyman,(718) 395-4809,,https://www.whitestonehandymangeneralrepairs.com/,,"12-44B Clintonville St, Whitestone, NY 11357",Whitestone,New York,40.7900038,-73.8120458,gmaps_apify,new,2026-08-01T17:59:17.512+00:00
gmap:ChIJjZC7TUhnwokR0h3wfPCp-wc,Solomon Garbage Removal & Handyman Services,handyman,(347) 898-2419,,,,,Manhattan,NY,40.7327934,-73.841059,gmaps_apify,new,2026-08-01T17:59:17.512+00:00
gmap:ChIJg62HOjH1wokRPPuDzXCAlbY,Bronx Handyman Services,handyman,(718) 849-7270,,,,"1543 St Nicholas Ave, New York, NY 10040",New York,New York,40.853398,-73.9311424,gmaps_apify,new,2026-08-01T17:59:17.512+00:00
gmap:ChIJBwg6r91fwokR7mbBXcc3PDc,Astoria Handyman Services,handyman,(929) 242-4797,,http://astoria-handymanservices.com/,,"34-38 Crescent St, Astoria, NY 11106",Astoria,New York,40.7604852,-73.9316556,gmaps_apify,new,2026-08-01T17:59:17.512+00:00
gmap:ChIJS1lJ89RlwokREdbLoUjqb4I,HANDYMAN,handyman,(929) 255-2094,,https://photos.app.goo.gl/TK2AqkUYLVjiZjdC9,,,Manhattan,NY,40.6971415,-73.979506,gmaps_apify,new,2026-08-01T17:59:17.512+00:00
gmap:ChIJCWdDPfVowokRgVcLfNTkgxg,"Billy Strackman, LLC",handyman,(347) 638-5796,,http://www.billystrackman.com/,,,Manhattan,NY,40.6971415,-73.979506,gmaps_apify,new,2026-08-01T17:59:17.512+00:00
gmap:ChIJuQWB0UOKwokRjhbVN4noylU,Ben's Handyman Restorations,handyman,(917) 405-6116,,http://www.bensrestorations.com/,,,Manhattan,NY,40.649112,-73.871224,gmaps_apify,new,2026-08-01T17:59:17.512+00:00
gmap:ChIJ0fqjqer0wokRO_v5BLVltHg,Handyman On Call Home Improvement,handyman,(646) 368-5263,,,,"1475 Thieriot Ave, Bronx, NY 10460",Bronx,New York,40.8371519,-73.86563,gmaps_apify,new,2026-08-01T17:59:17.512+00:00
gmap:ChIJw-kNchb2wokRMNTcs3N_YF8,NYC 24/7 Handyman,handyman,(646) 358-9979,,,,"370 W 116th St, New York, NY 10026",New York,New York,40.8051493,-73.9577702,gmaps_apify,new,2026-08-01T17:59:17.512+00:00
gmap:ChIJh-CnKwhfwokRqAcr1f6QVxQ,Handyman Wiliam,handyman,(646) 626-2639,,,,"34-22 92nd St, Jackson Heights, NY 11372",Jackson Heights,New York,40.7540563,-73.8758808,gmaps_apify,new,2026-08-01T17:59:17.512+00:00
gmap:ChIJ1Ss7u4VfwokRUqCUHjOF1Fg,Henry The Handyman,handyman,(718) 751-0384,,,,"30-29 Steinway St, Astoria, NY 11103",Astoria,New York,40.7629943,-73.9153617,gmaps_apify,new,2026-08-01T17:59:17.512+00:00
gmap:ChIJe6g7Vj5ewokRF5y1KaQ6P9k,BRX Handyman Solutions,handyman,(929) 955-1693,,,,"2188a White Plains Rd, Bronx, NY 10462",Bronx,New York,40.856113,-73.867291,gmaps_apify,new,2026-08-01T17:59:17.512+00:00
gmap:ChIJDaYX8xT3wokRQAt8bhADi_8,MR FIX Handyman Services,handyman,(646) 859-5874,,,,"70 E 108th St Unit 9B, New York, NY 10029",New York,New York,40.7941059,-73.9476236,gmaps_apify,new,2026-08-01T17:59:17.512+00:00
gmap:ChIJyzAerhtewokRmQfOTSP2xZk,XUJ Handyman Roosevelt Island,handyman,(646) 392-7508,,https://www.xujhandymanrooseveltisland.com/,,"595 Main St, New York, NY 10044",New York,New York,40.762968,-73.94931,gmaps_apify,new,2026-08-01T17:59:17.512+00:00
gmap:ChIJd4ZTHPP3wokRYeSQftnqfNs,Harlem Handyman and Cleaners,handyman,(646) 617-6449,,,,"48 W 138th St #1B, New York, NY 10037",New York,New York,40.8153693,-73.9384161,gmaps_apify,new,2026-08-01T17:59:17.512+00:00
gmap:ChIJo3simiH1wokRG0oY_MGSYVw,A.N.K HANDYMAN SERVICES /General construction,handyman,(347) 531-9487,,,,"Bronx, NY 10462",Bronx,New York,40.8382522,-73.8566087,gmaps_apify,new,2026-08-01T17:59:17.512+00:00
gmap:ChIJyXzXzCx7wokR5uWuUP4-uyU,Ultimate General Contracting and Demolition inc,handyman,(516) 322-1111,,http://ultimatecontractinginc.com/,,,Manhattan,NY,40.746704,-73.7726415,gmaps_apify,new,2026-08-01T17:59:17.512+00:00
gmap:ChIJ-y70njtewokRtF2v2oTj_Jw,A & Y Handyman - East Elmhurst,handyman,(347) 695-8511,,,,"32-11 Northern Blvd, East Elmhurst, NY 11369",East Elmhurst,New York,40.758301,-73.874164,gmaps_apify,new,2026-08-01T17:59:17.512+00:00
gmap:ChIJH3zfcYj3wokRA5MHe7ASrQc,Anytime Handyman,handyman,(917) 764-2257,,,,"1825 Park Ave, New York, NY 10035",New York,New York,40.8050545,-73.9386297,gmaps_apify,new,2026-08-01T17:59:17.512+00:00
gmap:ChIJ-wkpBnT3wokRAD3RKXoFYSY,Upper East Side Handyman,handyman,(646) 904-8612,,,,"80 E 110th St #8G, New York, NY 10029",New York,New York,40.7953955,-73.9466592,gmaps_apify,new,2026-08-01T17:59:17.512+00:00
gmap:ChIJFfAcdFZZwokR2Dc-egjTLO4,Astoria handyman same day,handyman,(929) 294-8013,,http://astoriahandymansameday.com/,,"27-02 Astoria Blvd, Astoria, NY 11102",Astoria,New York,40.7707532,-73.9213393,gmaps_apify,new,2026-08-01T17:59:17.512+00:00
gmap:ChIJIzWcBdFfwokRTe0tud-2jzA,Exclusive Handyman Services,handyman,(929) 249-5253,,http://exclusive-handyman-services.com/,,"45-35 40th St #1f, Long Island City, NY 11104",Long Island City,New York,40.7425531,-73.9241997,gmaps_apify,new,2026-08-01T17:59:17.512+00:00
gmap:ChIJB-qgbrBYwokRmgMop7xuK-k,UPPER EASTSIDE HANDYMAN,handyman,(917) 450-9449,,http://handyman-nyc.com/id4.html,,"434 E 89th St, New York, NY 10128",New York,New York,40.778022,-73.9467109,gmaps_apify,new,2026-08-01T17:59:17.512+00:00
gmap:ChIJy_DjFxf3wokRB4bPrXDncxc,WeFix Handyman,handyman,(917) 446-1800,,https://www.wefixhandyman.com/?utm_source=google&utm_medium=wix_google_business_profile&utm_campaign=13361021192085546353,,"14 Morningside Ave, New York, NY 10026",New York,New York,40.8049045,-73.9580705,gmaps_apify,new,2026-08-01T17:59:17.512+00:00
gmap:ChIJ30AzmSZZwokRgrSjmYXOFhw,ONIITO NYC Handyman,handyman,(513) 516-4075,,https://oniito.com/,,"500E E 62nd St, New York, NY 10065",New York,New York,40.7601451,-73.9582815,gmaps_apify,new,2026-08-01T17:59:17.512+00:00
gmap:ChIJrWjH49X3wokRTpBJsfmGi40,Upper Manhattan HVAC Services,handyman,(646) 859-5261,,,,"157 W 119th St Apt 7, New York, NY 10026",New York,New York,40.8050313,-73.9504248,gmaps_apify,new,2026-08-01T17:59:17.512+00:00
gmap:ChIJe8ovrfr3wokRR0xvz3fIFbo,A. Branch for You | Handyman Services,handyman,(646) 926-4140,,,,"135 W 115th St, New York, NY 10026",New York,New York,40.8022856,-73.9519989,gmaps_apify,new,2026-08-01T17:59:17.512+00:00
gmap:ChIJeTbV2KlfwokR9fxNq5OBFZ0,Antonio's Handyman,handyman,(929) 365-6140,,https://antonioshandyman.com/handyman/,,"22-18 94th St, East Elmhurst, NY 11369",East Elmhurst,New York,40.7696491,-73.876478,gmaps_apify,new,2026-08-01T17:59:17.512+00:00
gmap:ChIJq34fZzT3wokRG6KzkE2Qhm4,Harlem Handyman Services,handyman,(646) 540-9121,,,,"170 W 136th St Unit 3C, New York, NY 10030",New York,New York,40.815621,-73.9427558,gmaps_apify,new,2026-08-01T17:59:17.512+00:00
gmap:ChIJ1bF23X3vQKMRaZYiYSLCbVE,Handyman Astoria,handyman,(917) 804-8427,,https://deanjohnfashion.wixsite.com/handymanastoria,,"28-07 23rd Ave, Astoria, NY 11105",Astoria,New York,40.7754951,-73.9141094,gmaps_apify,new,2026-08-01T17:59:17.512+00:00
gmap:ChIJCxLjXLYr70MRi8x0va-ceL4,Rasta Art Handyman,handyman,(347) 484-1214,,http://www.rastaarthandyman.com/,,"23-37 33rd Ave BSMT, Astoria, NY 11106",Astoria,New York,40.7633185,-73.9294952,gmaps_apify,new,2026-08-01T17:59:17.512+00:00
gmap:ChIJXRS55EdowokRenzGInkNvNs,Honey-Dew Handyman Services,handyman,(917) 970-2424,,,,"96-12 Shore Front Pkwy, Rockaway Beach, NY 11693",Rockaway Beach,New York,40.5835272,-73.8174351,gmaps_apify,new,2026-08-01T17:59:17.512+00:00
gmap:ChIJx-B5XDLs1CYRWRZxDF5Ij4g,Handyman QuickFixCrew NYC,handyman,(929) 400-7242,,https://linktr.ee/quickfixcrewnyc?utm_source=ig&utm_medium=social&utm_content=link_in_bio&fbclid=PAdGRleARPtBVleHRuA2FlbQIxMQBzcnRjBmFwcF9pZA8xMjQwMjQ1NzQyODc0MTQAAae8T0zqCnzWxLsEkjMEGyxHfjqtAmeFp3tV8c0WvUb9zKdSV7iTeIDWH6qSBg_aem_g58KOn922NSmFAZhO9Yxgg,,"21-45 28th St, Astoria, NY 11105",Astoria,New York,40.7780781,-73.9111186,gmaps_apify,new,2026-08-01T17:59:17.511+00:00
gmap:ChIJtRAY2y9ewokRcfIbMGHZMj0,H & L Handyman SameDay Flushing,handyman,(347) 507-2957,,https://www.handlhandymansameday.com/,,"143-17 Holly Ave, Flushing, NY 11355",Flushing,New York,40.752761,-73.816295,gmaps_apify,new,2026-08-01T17:59:17.511+00:00
gmap:ChIJ7WOmiJb1wokRUw9TL-ryKLI,No Job Too Small Handyman Services,handyman,(646) 540-9398,,,,"1081 Sheridan Ave Unit 1A, Bronx, NY 10456",Bronx,New York,40.8312266,-73.9186181,gmaps_apify,new,2026-08-01T17:59:17.511+00:00
gmap:ChIJ6eqVS-b1wokRSLwWJS1ViEo,Affordable NYC Handyman,handyman,(917) 970-1705,,,,"920 Thieriot Ave, Bronx, NY 10473",Bronx,New York,40.824583,-73.8619059,gmaps_apify,new,2026-08-01T17:59:17.511+00:00
gmap:ChIJb_-6orZhwokRuR41ODpBpTA,Tres Handy Brothers LLC / Handyman,handyman,(347) 294-8492,,http://treshandybrothers.com/,,"43-55 157th St, Flushing, NY 11355",Flushing,New York,40.7575708,-73.8089117,gmaps_apify,new,2026-08-01T17:59:17.511+00:00
gmap:ChIJEyzCzTlewokRCqWv2HZ1eGE,P & Y Handyman,handyman,(718) 682-3052,,https://www.pyhandyman.com/,,"595a Taylor Ave, Bronx, NY 10473",Bronx,New York,40.81729,-73.862205,gmaps_apify,new,2026-08-01T17:59:17.511+00:00
gmap:ChIJ__9Tblj0wokRuU8Q9oTkzy8,Integrity Professional Handyman Services,handyman,(917) 349-2859,,,,"1463 Hoe Ave #4, Bronx, NY 10460",Bronx,New York,40.8319724,-73.8889911,gmaps_apify,new,2026-08-01T17:59:17.511+00:00
gmap:ChIJT5-9My5ewokRZK5TsPPrsC8,Quick Handyman Jackson Heights,handyman,(518) 299-5800,,,,"86-11 Northern Blvd, Jackson Heights, NY 11372",Jackson Heights,New York,40.7562499,-73.8811794,gmaps_apify,new,2026-08-01T17:59:17.511+00:00
gmap:ChIJnUmqZy5ewokRy8mfrcD1Igw,Jackson Heights Handyman Same Day,handyman,(917) 979-8690,,https://www.jacksonheightshandymansameday.com/,,"89-09 Roosevelt Ave, Rego Park, NY 11374",Rego Park,New York,40.7484812,-73.8770681,gmaps_apify,new,2026-08-01T17:59:17.127+00:00
gmap:ChIJW4Ft6yRfwokRwfitKpTP3ds,Handyman - Pro,handyman,(929) 900-0297,,,,"42-26 82nd St, Elmhurst, NY 11373",Elmhurst,New York,40.7417816,-73.8814997,gmaps_apify,new,2026-08-01T17:59:17.127+00:00
gmap:ChIJ__fhnZtgwokRc1vaVvNpBzc,TTY Handyman Upper Manhattan,handyman,(646) 916-4768,,https://www.ttyhandymanuppermanhattan.com/,,"235B W 116th St, New York, NY 10026",New York,New York,40.804088,-73.954162,gmaps_apify,new,2026-08-01T17:59:17.127+00:00
gmap:ChIJ8dfX5NSLFiMRdq64HoKiXEM,Handyman and General construction Worker,handyman,(646) 465-3230,,,,"83-03 34th Ave, Jackson Heights, NY 11372",Jackson Heights,New York,40.754088,-73.88394,gmaps_apify,new,2026-08-01T17:59:17.127+00:00
gmap:ChIJVWIkQfhdwokRBCUbMiLfYCA,Titan Handyman Brooklyn,handyman,(929) 249-5283,,http://titanhandymanbrooklyn.com/,,"393 Essex St, Brooklyn, NY 11208",Brooklyn,New York,40.6744504,-73.8815771,gmaps_apify,new,2026-08-01T17:59:17.126+00:00
gmap:ChIJGZ7Z33j1wokRdrw01d5JlNk,Anthony's Handyman Services LLC,handyman,(347) 641-0619,,,,"2406 Webster (the basement, Bronx, NY 10458",Bronx,NY,40.8589365,-73.8936657,gmaps_apify,new,2026-08-01T17:59:05.596+00:00
gmap:ChIJjw82lQz3wokRO2uvQb4Tt68,Upper West Handyman & Repair,handyman,(929) 561-5480,,https://www.upperwesthandymanrepair.com/,,"164 W 76th St Apt g, New York, NY 10023",New York,New York,40.7806834,-73.9790809,gmaps_apify,new,2026-08-01T17:58:54.349+00:00
gmap:ChIJpY3glzBewokRVvAgaq60eOk,A & P Handyman SameDay Midtown,handyman,(347) 923-6822,,https://www.aphandymansamedaymidtown.com/,,"230 W 36th St., New York, NY 10018",New York,New York,40.7525178,-73.99082,gmaps_apify,new,2026-08-01T17:58:54.349+00:00
gmap:ChIJhxw18RhZwokRI3k6bmtXq74,Midtown Manhattan fast handyman,handyman,(347) 343-4937,,https://www.midtownmanhattanfasthandyman.com/,,"330 E 54th St Apt 4c, New York, NY 10022",New York,New York,40.7567525,-73.9656742,gmaps_apify,new,2026-08-01T17:58:54.349+00:00
gmap:ChIJS2vR6bL3wokRM9_58T5jm2w,Urban Handyman Services,handyman,(646) 974-0811,,,,"169 Manhattan Ave Unit 3C, New York, NY 10025",New York,New York,40.7999454,-73.9609123,gmaps_apify,new,2026-08-01T17:58:54.349+00:00
gmap:ChIJ90fjO54nC0gRPs53C465HWc,Alpha Handyman Services,handyman,(929) 357-1568,,,,,Manhattan,NY,40.7813047,-73.9771184,gmaps_apify,new,2026-08-01T17:58:54.349+00:00
gmap:ChIJ12yH7vRZwokRpcIrCNSpft0,Mr NYC Handyman,handyman,(347) 727-6679,,http://www.mrnychandymanservices.com/,,"155 W 29th St, New York, NY 10001",New York,New York,40.7477151,-73.9921437,gmaps_apify,new,2026-08-01T17:58:54.349+00:00
gmap:ChIJqYOOBzlewokRbLpzjoZCeCM,"B, L & M Handyman",handyman,(646) 916-3733,,https://www.blmhandyman.com/,,"201 W 107th St, New York, NY 10025",New York,New York,40.801374,-73.965434,gmaps_apify,new,2026-08-01T17:58:54.349+00:00
gmap:ChIJjTpszoFZwokRdasKFw1rjQo,BlueSky Midtown Handyman Same-Day Service,handyman,(929) 547-6176,,https://www.blueskymidtownhandyman.com/,,"224 E 47th St #1055, New York, NY 10017",New York,New York,40.7531431,-73.9709556,gmaps_apify,new,2026-08-01T17:58:54.349+00:00
gmap:ChIJoUQd4S1ewokRkc9DD3am7dY,X & K Midtown East Handyman,handyman,(646) 713-1137,,,,"968 3rd Ave, New York, NY 10022",New York,New York,40.760951,-73.967412,gmaps_apify,new,2026-08-01T17:58:54.349+00:00
gmap:ChIJPeI3sjlewokRywmvpReqAnY,AXU Manhattan Handyman,handyman,(646) 832-2767,,https://www.axumanhattanhandyman.com/,,"467 Columbus Ave, New York, NY 10024",New York,New York,40.784065,-73.973568,gmaps_apify,new,2026-08-01T17:58:54.349+00:00
gmap:ChIJj2Rz2q_p3IARBGWuWGtZCcM,Handy HVAC Services,handyman,(646) 718-3483,,,,"1494 1st Ave 2nd floor, New York, NY 10075",New York,New York,40.7714577,-73.9529963,gmaps_apify,new,2026-08-01T17:58:50.659+00:00
gmap:ChIJS5dUvklnwokRkhG9v-tLTP0,G&R Electrical Contractors Inc,electrician,(646) 823-1161,,,,"152-32 Rockaway Blvd, Jamaica, NY 11434",Jamaica,New York,40.6716269,-73.785126,gmaps_apify,new,2026-08-01T17:58:02.27+00:00
gmap:ChIJtRAY2y9ewokR0E_H9-OH3vQ,P & T Electricians Midtown,electrician,(866) 456-6286,,,,"450 W 63rd St, New York, NY 10069",New York,New York,40.7751372,-73.9896608,gmaps_apify,new,2026-08-01T17:57:58.282+00:00
gmap:ChIJt728r7dZwokRsrDi-UMx7mU,Emco Electric Services,electrician,(212) 420-9766,,https://www.emcony.com/,,"526 W 26th St Ste 1012, New York, NY 10001",New York,New York,40.7500522,-74.0042667,gmaps_apify,new,2026-08-01T17:57:58.282+00:00
gmap:ChIJQ6oj5KVgwokRGZPFvTtT5Sg,Green Source Electrical Corp.,electrician,(646) 643-5541,,https://www.gselectricservice.com/,,"38-17 Woodside Ave, Woodside, NY 11377",Woodside,New York,40.7499939,-73.9092667,gmaps_apify,new,2026-08-01T17:57:58.282+00:00
gmap:ChIJUYNpnz7XpIURn01qkwqmg6g,Tirana Electric - Best Electrician NYC,electrician,(212) 301-7676,,https://tiranaelectric.com/?utm_source=google&utm_medium=gmb&utm_campaign=organic,,"481 8th Ave Ste 627, New York, NY 10001",New York,New York,40.752697,-73.9935515,gmaps_apify,new,2026-08-01T17:57:58.282+00:00
gmap:ChIJNRMUHgD3wokRMl8MTB8dQKw,Hamilton Heights Electricians,electrician,(917) 819-5425,,http://hamiltonheightselectricians.com/,,"791 St Nicholas Ave, New York, NY 10031, United States",New York,New York,40.8271208,-73.9431212,gmaps_apify,new,2026-08-01T17:57:58.282+00:00
gmap:ChIJt-yqIhtZwokR-DByYd1PXcU,YT Electrical Services,electrician,(917) 215-8178,,https://ytelectrical.com/?utm_source=google&utm_medium=gmb&utm_campaign=direct,,"244 5th Ave T202, New York, NY 10001",New York,New York,40.7446174,-73.9876546,gmaps_apify,new,2026-08-01T17:57:58.282+00:00
gmap:ChIJYXKedJNfwokRFwRAoJE4Yxs,MOON ELECTRIC LLC,electrician,(917) 943-4423,,http://www.moonelectricals.com/,,"45-15 Barnett Ave, Sunnyside, NY 11104",Sunnyside,New York,40.749859,-73.917412,gmaps_apify,new,2026-08-01T17:57:58.282+00:00
gmap:ChIJodLbKJtYwokRWhKSoEUTBGA,Best Electric Manhattan,electrician,(332) 529-4917,,,,"69 W 85th St, New York, NY 10024",New York,New York,40.7856795,-73.9719025,gmaps_apify,new,2026-08-01T17:57:58.282+00:00
gmap:ChIJcRmVr8z1wokRI0Mc9FXrU_k,Hunts Point Electrical Service,electrician,(347) 467-4929,,https://huntspointelectricalservice.com/,,"548 Bryant Ave, Bronx, NY 10474, United States",Bronx,New York,40.8118535,-73.8847078,gmaps_apify,new,2026-08-01T17:57:58.282+00:00
gmap:ChIJZQMVZNJZwokRMV6fDWCJT0w,Alba Electric,electrician,(212) 643-6936,,http://www.albaelectric.net/,,"240 W 52nd St, New York, NY 10019",New York,New York,40.7629753,-73.9842269,gmaps_apify,new,2026-08-01T17:57:58.282+00:00
gmap:ChIJN0fcu9xZwokRjjqUAPYDMVw,Electrician NYC LLC,electrician,(212) 547-8867,,https://www.electriciannyc.com/,,"489 5th Ave Lobby, New York, NY 10017",New York,New York,40.7529776,-73.9808429,gmaps_apify,new,2026-08-01T17:57:58.282+00:00
gmap:ChIJb427cwBhwokR12BXMd9io8s,Pheonix Electrician,electrician,(929) 277-2935,,http://pheonixelectrician.com/,,"45-18 157th St, Flushing, NY 11355",Flushing,New York,40.7565203,-73.809357,gmaps_apify,new,2026-08-01T17:57:54.681+00:00
gmap:ChIJ9dEnQrdfwokRDENFVaTv6u0,Stellar Electric LLC,electrician,(347) 992-2215,,https://stellarelectricllc.godaddysites.com/,,"29-07 119th St, Flushing, NY 11354",Flushing,New York,40.7717845,-73.8487006,gmaps_apify,new,2026-08-01T17:57:53.98+00:00
gmap:ChIJQwSLV9hYwokRxfA0HbGG6H0,M & M Plumbing & Heating,plumber,(718) 752-0083,,http://www.mmplumbingny.com/,,"43-19 Vernon Blvd, Long Island City, NY 11101",Long Island City,New York,40.7523657,-73.9506085,gmaps_apify,new,2026-08-01T17:46:07.263+00:00
gmap:ChIJkVzRI5RfwokRUmq_TNtHBCU,Aranda Plumbing Heating Corporation,plumber,(718) 424-2524,,https://arandaplumbing.com/,,"104-04 Astoria Blvd, Flushing, NY 11369",Flushing,New York,40.760935,-73.865002,gmaps_apify,new,2026-08-01T17:46:07.263+00:00
gmap:ChIJhZxOOnWKwokRS0rwiSXXDC4,"Unlimited Plumbing Solutions, Inc.",plumber,(718) 229-8102,,,,"38-11 Bell Blvd, Bayside, NY 11361",Bayside,New York,40.7662036,-73.7720784,gmaps_apify,new,2026-08-01T17:46:07.263+00:00
gmap:ChIJvTUdBbGLwokRRy0xzg2w4mY,Legacy Plumbing & Heating,plumber,(347) 408-4340,,https://legacypnh.com/,,"38-08 Bell Blvd, Bayside, NY 11361",Bayside,New York,40.766267,-73.7726529,gmaps_apify,new,2026-08-01T17:46:07.263+00:00
gmap:ChIJpwI-IsNhwokRSXq5tb9bp8Q,M Burton Plumbing & Heating Corporation,plumber,(718) 224-0693,,,,"206-01 48th Ave # A, Flushing, NY 11364",Flushing,New York,40.753797,-73.7747009,gmaps_apify,new,2026-08-01T17:46:07.263+00:00
gmap:ChIJS1yzHWVfwokRUmbe28r79vc,Go Pro Plumbing & Heating,plumber,(718) 777-8933,,,,,Manhattan,NY,40.7827685,-73.9060285,gmaps_apify,new,2026-08-01T17:46:07.263+00:00
gmap:ChIJHyvh46D2wokRI-JwM_-lQDw,Bennett Park Plumbing Heating and Sewer,plumber,(212) 293-0964,,,,"804 W 181st St, New York, NY 10033",New York,New York,40.850873,-73.9386335,gmaps_apify,new,2026-08-01T17:46:07.263+00:00
gmap:ChIJ_8lAm9JhwokRd26YHb1Nodg,North Shore Plumbing Supply Co Inc,plumber,(718) 463-4000,,https://www.northshoreplumbingsupply.com/,,"188-07 Northern Blvd, Flushing, NY 11358",Flushing,New York,40.7579372,-73.7927688,gmaps_apify,new,2026-08-01T17:46:07.263+00:00
gmap:ChIJXSpNPWT2wokRILmqqwK0sbk,24/7 Manhattan Plumbing NYC,plumber,(646) 543-5763,,https://247manhattanplumbingnyc.com/?GMB=webclick,,"3441 Broadway, New York, NY 10031",New York,New York,40.8236159,-73.9529142,gmaps_apify,new,2026-08-01T17:46:07.262+00:00
gmap:ChIJiSVYHUf1wokRVFqAKocVTAk,Adams Brothers Plumbing LLC,plumber,(646) 718-2444,,https://adamsbrothersplumbing.com/,,"915 Castle Hill Ave, Bronx, NY 10473",Bronx,New York,40.8259149,-73.849887,gmaps_apify,new,2026-08-01T17:46:07.262+00:00
gmap:ChIJ35RrThVfwokRLOBEUwSlI7M,Stivan Plumbing & Heating Co,plumber,(718) 545-7750,,https://bretone-stivanplumbing.com/,,"42-16 28th Ave # C, Long Island City, NY 11103",Long Island City,New York,40.764268,-73.9115947,gmaps_apify,new,2026-08-01T17:46:07.262+00:00
gmap:ChIJpaxrzGxfwokRnTme8tnMv7Q,Astoria Plumbing Heating & Cooling Services,plumber,(347) 779-2900,,,,"25-21 49th St, Astoria, NY 11103",Astoria,New York,40.763954,-73.904709,gmaps_apify,new,2026-08-01T17:46:07.262+00:00
gmap:ChIJ6dDsrYfzwokR6-knnQV0yD8,24/7 Bronx Plumbing NYC,plumber,(347) 377-2564,,http://247bronxplumbingnyc.com/,,"50 E 151st St, Bronx, NY 10451",Bronx,New York,40.8181105,-73.9145512,gmaps_apify,new,2026-08-01T17:46:07.262+00:00
gmap:ChIJCxEqORlmwokRldRRb7e5x84,"JC Sewer & Drain Service, LLC",plumber,(718) 327-2828,,https://jcsewer.com/,,,Manhattan,NY,40.6101654,-73.7690868,gmaps_apify,new,2026-08-01T17:46:07.262+00:00
gmap:ChIJpaMfPPJpwokRuuqIhTIQEyU,TrueStream Works,plumber,(718) 375-9643,,https://truestreamworks.com/,,"20-10 Seagirt Blvd, Far Rockaway, NY 11691",Far Rockaway,New York,40.5962759,-73.7562437,gmaps_apify,new,2026-08-01T17:46:07.262+00:00
gmap:ChIJE2DALqpowokRV0qWaE2HjFs,Smith Bros Plumbing Co,plumber,(516) 239-7600,,http://www.smithbrothersplumbing.com/,,"6-96 Beach 20th St, Far Rockaway, NY 11691",Far Rockaway,New York,40.6014659,-73.7533478,gmaps_apify,new,2026-08-01T17:46:07.262+00:00
gmap:ChIJL1CqDjb3wokRuJZZkP0Adi8,Lopez Plumbing & Heating Mechanical LLC,plumber,(646) 765-6232,,https://lopezplumbing.com/,,"530 W 144th St, New York, NY 10031",New York,New York,40.8249529,-73.9495523,gmaps_apify,new,2026-08-01T17:46:07.262+00:00
gmap:ChIJywzgW372wokR2zV0Vu9Z0fU,Premier Plumbing Company NYC 24/7,plumber,(332) 239-4044,,,,"173 W 131st St, New York, NY 10027",New York,New York,40.8126817,-73.9451037,gmaps_apify,new,2026-08-01T17:46:07.262+00:00
gmap:ChIJt46fxkv0wokRK8EMXj2FSqg,Bargain Plumbing and Heating,plumber,(646) 595-0002,,http://www.bargainplumbingheating.com/,,"2366 Adam Clayton Powell Jr Blvd, New York, NY 10030",New York,New York,40.8175943,-73.9424688,gmaps_apify,new,2026-08-01T17:46:07.262+00:00
gmap:ChIJmbgGbJv3wokRNrD0by70bEg,"Empire NYC Plumbers, Drain & Sewer Cleaning",plumber,(646) 349-6213,,,,"537 W 150th St, New York, NY 10031",New York,New York,40.8292237,-73.9467409,gmaps_apify,new,2026-08-01T17:46:07.262+00:00
gmap:ChIJA53qhbpYwokRPJR1rJfZf1Q,Fred Smith Plumbing & Heating,plumber,(212) 744-1300,,http://www.fredsmithplumbing.com/,,"1674 1st Ave, New York, NY 10128",New York,New York,40.777721,-73.948379,gmaps_apify,new,2026-08-01T17:46:07.262+00:00
gmap:ChIJUUz-yTZfwokRN04iUsw2xHE,Astoria Plumbers,plumber,(646) 919-1074,,http://astoriaplumbers.nyc/,,"30-96 32nd St, Long Island City, NY 11102",Long Island City,New York,40.7642498,-73.9226343,gmaps_apify,new,2026-08-01T17:46:07.262+00:00
gmap:ChIJm7qpReZhwokRY8EF5Wnv0Iw,Bayside Plumbing Heating and Cooling Services,plumber,(347) 354-3903,,https://baysideplumbingandheating.com/,,"213-16 48th Ave #3, Bayside, NY 11364",Bayside,New York,40.7555022,-73.7674985,gmaps_apify,new,2026-08-01T17:46:07.262+00:00
gmap:ChIJvXticMBfwokR3VvWFJBjMLA,NONSTOP PLUMBERS CORP,plumber,(212) 567-2000,,https://nonstopplumbers.com/,,"14-31 Astoria Blvd, Astoria, NY 11102",Astoria,New York,40.7724335,-73.9278763,gmaps_apify,new,2026-08-01T17:46:07.262+00:00
gmap:ChIJWaZ4MDhowokRrZ2zWBWcAXE,Belle Harbor Plumbing,plumber,(718) 634-1433,,,,"99-04 Rockaway Beach Blvd, Rockaway Park, NY 11694",Rockaway Park,New York,40.5842693,-73.8206443,gmaps_apify,new,2026-08-01T17:46:07.262+00:00
gmap:ChIJ7ZxBufB_6AMRm-0OL4IqJKQ,Plumber On Time Astoria,plumber,(718) 596-3281,,,,"30-67 31st St, Astoria, NY 11102",Astoria,New York,40.7651078,-73.9224133,gmaps_apify,new,2026-08-01T17:46:07.262+00:00
gmap:ChIJVVWE9gn2wokRBqgfRH3BgmI,Crown Plumbing Inc,plumber,(212) 426-6282,,https://www.crownplumbingnyc.com/,,"185 E 123rd St, New York, NY 10035",New York,New York,40.8026906,-73.9370616,gmaps_apify,new,2026-08-01T17:46:07.262+00:00
gmap:ChIJvcawknb1wokRE4RMIbYAUT4,TJB Plumbing LLC,plumber,(718) 829-5464,,https://tjbplumbingllc.pro/,,"677 Van Nest Ave, Bronx, NY 10462",Bronx,New York,40.8438482,-73.8662335,gmaps_apify,new,2026-08-01T17:46:07.262+00:00
gmap:ChIJGxAz3k5fwokRNc5MmlLKD14,Hydro Plumbing & Heating Corp.,plumber,(917) 682-8973,,"https://m.facebook.com/HydroPlumbingandHeatingCorp/?refid=13&ref=page_internal&__tn__=,g",,"18-02 26th Rd, Astoria, NY 11102",Astoria,New York,40.773071,-73.927248,gmaps_apify,new,2026-08-01T17:46:07.262+00:00
gmap:ChIJLdQtrhtZwokRBCSDkzZsG-E,NYC Plumbing Services /Mentor Mechanical,plumber,(718) 804-5781,,https://www.mentormechanicalcorp.com/,,"319 E 75th St, New York, NY 10021",New York,New York,40.7704893,-73.9557543,gmaps_apify,new,2026-08-01T17:46:07.262+00:00
gmap:ChIJ__-Dhu2KwokRbC_rXwQ9D0s,A&A Plumbing and Heating,plumber,(718) 746-6980,,http://aaplumb.org/,,"11-03 154th St, Whitestone, NY 11357",Whitestone,New York,40.7921153,-73.806961,gmaps_apify,new,2026-08-01T17:46:07.262+00:00
gmap:ChIJZXJrYrD0wokRf8KUJdb0s0k,Catalano Plumbing & Heating,plumber,(718) 931-8200,,,,"2419 E Tremont Ave #1, Bronx, NY 10461",Bronx,New York,40.8426964,-73.8526964,gmaps_apify,new,2026-08-01T17:46:07.262+00:00
gmap:ChIJ0-SXt18gIWkRfbN8UnyV_48,Near me Plumbing Astoria Queens,plumber,(347) 345-0243,,https://nearmeplumbingastoria.site/,,"22-37 30th Dr, Long Island City, NY 11102",Long Island City,New York,40.7676981,-73.9284848,gmaps_apify,new,2026-08-01T17:46:07.262+00:00
gmap:ChIJmXkCw6T1wokRbnlQs5Ne2sY,Clear Water Plumbing,plumber,(347) 486-4746,,https://clearwaterplumbingny.com/,,"1576 Unionport Rd #5F, Bronx, NY 10462",Bronx,New York,40.8397896,-73.8617583,gmaps_apify,new,2026-08-01T17:46:07.262+00:00
gmap:ChIJnwDCmA1fwokRUuqtTUr1YTM,American Standard Plumbing & Heating Corp.,plumber,(718) 626-9507,,http://www.amcnstd.com/,,"62-49 30th Ave., Flushing, NY 11377",Flushing,New York,40.7599826,-73.899353,gmaps_apify,new,2026-08-01T17:46:07.262+00:00
gmap:ChIJm0KJlwVgwokRzTvj0ynT2AI,Tri-State Plumbing & Heating Inc,plumber,(718) 790-8666,,,,"33-70 Prince St Ste 706, Flushing, NY 11354",Flushing,New York,40.764583,-73.833837,gmaps_apify,new,2026-08-01T17:46:07.262+00:00
gmap:ChIJa8Y_bYJfwokRqbZYNgjQXFc,Vuksani Service Group,plumber,(646) 400-0774,,https://www.vuksanillc.co/,,"22-43 27th St, Astoria, NY 11105",Astoria,New York,40.7767723,-73.9140862,gmaps_apify,new,2026-08-01T17:46:07.262+00:00
gmap:ChIJO3PP4XSKwokRHe4MRJhfiCU,Whitestone Plumbing Supply Corporation,plumber,(718) 224-1111,,https://www.whitestoneplumbingsupply.com/,,"36-30 Bell Blvd, Flushing, NY 11361",Flushing,New York,40.7671014,-73.772997,gmaps_apify,new,2026-08-01T17:46:07.262+00:00
gmap:ChIJQVwqMYeKwokR8t6UL-Cwo6s,Rao Plumbing & Heating,plumber,(718) 353-5530,,http://raoplumbingandheating.com/,,"25-50 Francis Lewis Blvd, Flushing, NY 11358",Flushing,New York,40.7733259,-73.7967417,gmaps_apify,new,2026-08-01T17:46:07.262+00:00
gmap:ChIJWz1BnCb3wokR7kAJ4GjSTck,Quality NYC Plumbing & Heating,plumber,(332) 529-2030,,,,"2916 Frederick Douglass Blvd Unit 153, New York, NY 10039",New York,New York,40.8285621,-73.9373384,gmaps_apify,new,2026-08-01T17:46:07.262+00:00
gmap:ChIJKbq9VZVYwokRMzCvTllwLLI,NYC Tutor Express,tutor,(646) 504-9525,,http://www.nyctutorexpress.com/,,"196 E 75th St, New York, NY 10021",New York,New York,40.771734,-73.959594,gmaps_apify,new,2026-08-01T17:44:37.054+00:00
gmap:ChIJ8YoZrM_1wokRyRVu_cuH60g,"The Best Tutors - Bronx, NY",tutor,(646) 941-8083,,,,"The Bronx, 1652 Popham Ave #4C, Bronx, NY 10453",Bronx,New York,40.8490556,-73.9206955,gmaps_apify,new,2026-08-01T17:44:37.054+00:00
gmap:ChIJVeTQtzR9dmoRop0RzwDNe0I,Tailored Tutoring NYC,tutor,(646) 265-5337,,https://www.tailoredtutoring.nyc/,,"505 E 79th St, New York, NY 10075",New York,New York,40.7713185,-73.949713,gmaps_apify,new,2026-08-01T17:44:37.054+00:00
gmap:ChIJed9AIDP1wokRYrfwopvlt4Q,Ed U World Tutors,tutor,(407) 413-3961,,http://eduworldtutors.com/,,"266 E 162nd St, Bronx, NY 10451",Bronx,New York,40.8264939,-73.9180614,gmaps_apify,new,2026-08-01T17:44:37.054+00:00
gmap:ChIJjV6dV0dfwokR9z_bfvlre5g,Guideline Tutorial Astoria,tutor,(718) 545-2125,,https://www.guidelinetutorial.com/,,"28-55 34th St, Astoria, NY 11103",Astoria,New York,40.765846,-73.918737,gmaps_apify,new,2026-08-01T17:44:37.054+00:00
gmap:ChIJxaAIyotYwokRCrgUp-UrdKY,My Sunshine Tutoring Center,tutor,(347) 858-8346,,,,"428 E 77th St, New York, NY 10075",New York,New York,40.7703145,-73.9524165,gmaps_apify,new,2026-08-01T17:44:37.054+00:00
gmap:ChIJAS0JNkxhwokR0RxKWIlqjEk,Evergreen KB Online Tutoring Center,tutor,(929) 507-5127,,,,"1FL, 143-20 Sanford Ave, Flushing, NY 11355",Flushing,NY,40.7580991,-73.822493,gmaps_apify,new,2026-08-01T17:44:37.054+00:00
gmap:ChIJm3IE4e-JwokRWvLhFn8ZJWo,C2 Education of Little Neck,tutor,(718) 229-4397,,https://www.c2educate.com/locations/little-neck-ny/?utm_source=google&utm_medium=local&utm_campaign=localmaps,,"252-20 Northern Blvd Suite 2D, Douglaston, NY 11362",Douglaston,New York,40.7700139,-73.7355118,gmaps_apify,new,2026-08-01T17:44:37.054+00:00
gmap:ChIJrT2xO7v1wokRkh6oyy1XUiM,Book Smart Tutors,tutor,(833) 658-8867,,https://www.booksmarttutor.com/,,"778 Morris Park Ave Unit# 238, Bronx, NY 10462",Bronx,New York,40.8455591,-73.8631853,gmaps_apify,new,2026-08-01T17:44:37.054+00:00
gmap:ChIJCeW_7UWcT0MRFnRsBrNIZuE,New York Math Tutoring,tutor,(347) 433-8241,,https://nymathtutoring.com/,,"1680 3rd Ave, New York, NY 10128",New York,New York,40.784372,-73.950338,gmaps_apify,new,2026-08-01T17:44:37.054+00:00
gmap:ChIJzx3dfRtvwokRdeSMQUUdVUI,The Reading Core Tutoring Program LLC,tutor,(516) 600-0509,,,,,Manhattan,NY,40.601082,-73.7524464,gmaps_apify,new,2026-08-01T17:44:37.054+00:00
gmap:ChIJFaOrcYNvwokRpoGnVYRo6bc,Tutor By The Sea,tutor,(631) 384-1322,,,,,Manhattan,NY,40.7327934,-73.7610645,gmaps_apify,new,2026-08-01T17:44:37.054+00:00
gmap:ChIJoxu0RH7T2CcRbAgtT19kj3w,Grade lift tutoring,tutor,(929) 708-2094,,https://gradelifttutoring.com/,,,Manhattan,NY,40.733204,-73.8411824,gmaps_apify,new,2026-08-01T17:44:37.054+00:00
gmap:ChIJTcgNxdJZwokRDBaVUxtfREA,Intelligentsia Tutoring Co.,tutor,(347) 334-2751,,https://www.intelligentsianyc.com/,,"1245 Park Ave, New York, NY 10128",New York,New York,40.7865958,-73.952032,gmaps_apify,new,2026-08-01T17:44:37.054+00:00
gmap:ChIJr6wg9_5pwokRY_XaMMzAZbw,Headstart Tutor,tutor,(347) 470-4809,,http://www.headstarttutor.com/,,,Manhattan,NY,40.6971415,-73.9796294,gmaps_apify,new,2026-08-01T17:44:37.054+00:00
gmap:ChIJO9no2RxpwokRVEewWLs80RM,Distinguished Learning LLC,tutor,(855) 260-6291,,,,,Manhattan,NY,40.6971415,-73.979506,gmaps_apify,new,2026-08-01T17:44:37.054+00:00
gmap:ChIJn_PSvECLwokRWRu6quQn1Ok,Ai Plus Tutoring Center,tutor,(917) 471-6996,,https://aipluslearning.com/,,"198-09 33rd Ave, Flushing, NY 11358",Flushing,New York,40.7677728,-73.7901307,gmaps_apify,new,2026-08-01T17:44:37.054+00:00
gmap:ChIJXYPs8xX2wokRfrl5Bd5VWQc,Columbia University Tutoring,tutor,(212) 854-4888,,https://tutoringlearningcenter.columbia.edu/,,"Wien Hall, New York, NY 10027",New York,New York,40.8066273,-73.9597465,gmaps_apify,new,2026-08-01T17:44:37.054+00:00
gmap:ChIJvQCY9meLwokRChjtTa-FVIk,One On One Tutoring,tutor,(516) 225-5778,,,,"15-42 208th Pl, Flushing, NY 11360",Flushing,New York,40.78472,-73.784721,gmaps_apify,new,2026-08-01T17:44:37.054+00:00
gmap:ChIJdXcZsQJpwokR2zbK7zDzlRc,Nucare - Group Daycare Center,tutor,(347) 442-7219,,http://nucarescholars.com/,,"62-19 De Costa Ave, Arverne, NY 11692",Arverne,New York,40.5985083,-73.7912645,gmaps_apify,new,2026-08-01T17:44:37.053+00:00
gmap:ChIJw3CdXJxpwokRudGA1ESyXHc,Allied Health Competency prep examination testing INC,tutor,(917) 822-5954,,,,"84-18 Rockaway Beach Blvd, Rockaway Beach, NY 11693",Rockaway Beach,New York,40.5889148,-73.8095895,gmaps_apify,new,2026-08-01T17:44:37.053+00:00
gmap:ChIJI4c17WBnwokRsYjYz61rS4Y,Miriam’s Soaring Readers,tutor,(305) 336-6272,,,,"12-61 Central Ave Apt 412, Far Rockaway, NY 11691",Far Rockaway,New York,40.60777,-73.748146,gmaps_apify,new,2026-08-01T17:44:37.053+00:00
gmap:ChIJs0LaauhhwokRDEEjcqSmKZI,Tutor Planet,tutor,(718) 888-7870,,,,"161-20 46th Ave, Flushing, NY 11358",Flushing,New York,40.7535934,-73.8050768,gmaps_apify,new,2026-08-01T17:44:37.053+00:00
gmap:ChIJP0rSgV1fwokR-eAxpr6Dm4s,Bookend Tutoring,tutor,(347) 239-0306,,http://bookendtutoring.com/,,"27-20 Ditmars Blvd, Astoria, NY 11105",Astoria,New York,40.7772984,-73.9126368,gmaps_apify,new,2026-08-01T17:44:37.053+00:00
gmap:ChIJFaWVeQtfwokRawwOU9KkCCw,Klever Tutoring,tutor,(347) 642-3177,,http://www.klevertutoring.com/,,"34-06 73rd St Ste 1B, Jackson Heights, NY 11372",Jackson Heights,New York,40.7522534,-73.8934889,gmaps_apify,new,2026-08-01T17:44:37.053+00:00
gmap:ChIJswQvr2xgwokRhGf9ILGBhA0,Royal Test Prep,tutor,(347) 406-4997,,https://www.royaltestprep.com/,,"43-48 Colden St, Flushing, NY 11355",Flushing,New York,40.75182,-73.824573,gmaps_apify,new,2026-08-01T17:44:37.053+00:00
gmap:ChIJrbODycP0wokRjAUVhkAzyVM,Synergy Prep,tutor,(718) 838-8864,,http://www.synergy-prep.com/,,"1887 Gleason Ave, Bronx, NY 10472",Bronx,New York,40.8305512,-73.8620909,gmaps_apify,new,2026-08-01T17:44:37.053+00:00
gmap:ChIJISboMnmKwokRFJvGsL8LPA4,JEI Learning Center,tutor,(347) 408-4098,,https://jeilearning.com/auburndale/index.do?utm_source=google&utm_medium=organic&utm_campaign=gmb-listing,,"200-13 32nd Ave, Bayside, NY 11361",Bayside,New York,40.770059,-73.788876,gmaps_apify,new,2026-08-01T17:44:37.053+00:00
gmap:ChIJ4bbBxLf0wokRp8cbdpfaGNw,Khan's Tutorial,tutor,(718) 938-9451,,https://khanstutorial.com/khans-tutorial-bronx/,,"1519 Castle Hill Ave, Bronx, NY 10462",Bronx,New York,40.836985,-73.8526411,gmaps_apify,new,2026-08-01T17:44:37.053+00:00
gmap:ChIJ4wWpZVZlwokRnn10PwtnybU,A Bright Idea Educational Services,tutor,(347) 494-1662,,http://abrightideatutoring.com/,,"241-20 Newhall Ave, Rosedale, NY 11422",Rosedale,New York,40.6586607,-73.7415914,gmaps_apify,new,2026-08-01T17:44:37.053+00:00
gmap:ChIJ__973OlmwokRW_eTJe854Go,Track Star Tutoring,tutor,(347) 592-7827,,http://trackstartutoring.com/,,"157-11 Rockaway Blvd, Rochdale, NY 11434",Rochdale,New York,40.6662027,-73.7790186,gmaps_apify,new,2026-08-01T17:44:37.053+00:00
gmap:ChIJwamf0mdpwokRUIx_WMV9DY0,T.a.t.i.i. Tutors LLC,tutor,(917) 274-7831,,http://www.tatiitutors.com/,,,Manhattan,NY,40.6971415,-73.979506,gmaps_apify,new,2026-08-01T17:44:37.053+00:00
gmap:ChIJV5XSW9ZmwokRXDZ06Quda4w,Hidden Talents Tutoring Center,tutor,(718) 322-0022,,https://httutor.com/,,"120-04 171st St, Jamaica, NY 11434",Jamaica,New York,40.6830285,-73.7742961,gmaps_apify,new,2026-08-01T17:44:37.053+00:00
gmap:ChIJ33uv3IxhwokRo-cM31M2zgA,Prestigious Tutors 声望教育,tutor,(347) 223-0307,,,,"136-68 Roosevelt Ave #903, Flushing, NY 11354",Flushing,New York,40.7600084,-73.8277032,gmaps_apify,new,2026-08-01T17:44:37.053+00:00
gmap:ChIJIVCtSjBhwokRCHruTDMY_wE,New York Tutoring Center | 纽约知行教育中心,tutor,(718) 313-3888,,http://www.nytc.info/,,"144-25 Sanford Ave Unit 8, Flushing, NY 11355",Flushing,New York,40.7593342,-73.8198744,gmaps_apify,new,2026-08-01T17:44:37.053+00:00
gmap:ChIJvXUhW29fwokR0X3x-FkTsmQ,Tip-Top Brain Tutoring Center - Classes & STEAM Camps,tutor,(718) 440-3541,,https://tiptopbrain.com/?utm_source=google&utm_medium=local&utm_campaign=google_business_profile,,"21-71 Steinway St, Astoria, NY 11105",Astoria,New York,40.7730296,-73.9054874,gmaps_apify,new,2026-08-01T17:44:37.053+00:00
gmap:ChIJ1xlaSOZhwokRZcqf9FA_6WM,Premier Aptitude,tutor,(718) 353-9868,,http://www.baysidepremier.com/,,"140-24 31st Drive Office Plaza, 1st Floor, Flushing, NY 11354",Flushing,NY,40.7696142,-73.8277247,gmaps_apify,new,2026-08-01T17:44:37.053+00:00
gmap:ChIJDYJrxaj0wokR2mZhWeUMXk0,Huntington Learning Center Bronx,tutor,(718) 597-1500,,https://huntingtonhelps.com/locations/bronx-ny?utm_medium=organic&utm_campaign=localmaps,,"1807 Williamsbridge Rd, Bronx, NY 10461",Bronx,New York,40.8503976,-73.8518295,gmaps_apify,new,2026-08-01T17:44:37.053+00:00
gmap:ChIJw1OxjNZhwokRTGqdewE37xQ,Huntington Learning Center Flushing,tutor,(718) 358-7900,,https://huntingtonhelps.com/locations/flushing-ny?utm_medium=organic&utm_campaign=localmaps,,"35-30 Francis Lewis Blvd Ste 205A, Flushing, NY 11358",Flushing,New York,40.7636698,-73.7878408,gmaps_apify,new,2026-08-01T17:44:37.053+00:00
gmap:ChIJrY9Q7OBhwokRoVa0Pafom2k,Mathnasium,tutor,(718) 747-6284,,https://www.mathnasium.com/math-centers/bayside?utm_source=Google+&utm_medium=Listing&utm_campaign=Google+Business+Profile,,"207-26 Northern Blvd, Bayside, NY 11361",Bayside,New York,40.7584983,-73.7753637,gmaps_apify,new,2026-08-01T17:44:37.053+00:00
gmap:ChIJIwSa_tuGsacRENpqqNxp7TA,JIN补习 南校｜ Jin Best Tutoring（South）,tutor,(929) 701-9872,,https://jinbesttutoring.com/,,"144-56 Roosevelt Ave, Flushing, NY 11354",Flushing,New York,40.7619218,-73.820022,gmaps_apify,new,2026-08-01T17:44:37.053+00:00
gmap:ChIJNYStUAdfwokRGY0hvu5Ckqw,Bobby-Tariq Tutoring Center,tutor,(718) 457-1294,,https://bobbytariq.com/locations/nyc/jackson-heights,,"74-09 37th Ave #204, Jackson Heights, NY 11372",Jackson Heights,New York,40.7491292,-73.891424,gmaps_apify,new,2026-08-01T17:44:37.053+00:00
gmap:ChIJWcPGiRxhwokRXgcbWh9A8-c,C2A Campus [SAT Prep & Tutoring 대학 입시 학원 & 1:1 과외],tutor,(347) 885-8200,,http://www.c2acampus.com/,,"162-31 Depot Rd, Flushing, NY 11358",Flushing,New York,40.7620904,-73.8027905,gmaps_apify,new,2026-08-01T17:44:37.053+00:00
gmap:ChIJWSeORM-LwokRR2eZdk-HKK0,Aim Plus Education | Only Location: Bayside,tutor,(929) 381-1100,,https://aimpluseducation.com/,,"34-38 Bell Blvd Floor 1, Bayside, NY 11361",Bayside,New York,40.7693745,-73.7742846,gmaps_apify,new,2026-08-01T17:44:37.053+00:00
gmap:ChIJEaLi9Y1hwokR-W0stLQtdA0,Jin补习 北校｜Jin Best Tutoring (North),tutor,(929) 701-9872,,https://jinbesttutoring.com/,,"142-18 32nd Ave, Flushing, NY 11354",Flushing,New York,40.7688027,-73.8259104,gmaps_apify,new,2026-08-01T17:44:37.053+00:00
gmap:ChIJJ0U62FCLwokR-WWudpf4EQk,More Than A Tutor,tutor,(718) 430-0010,,,,"2921 Westchester Ave, Bronx, NY 10461",Bronx,New York,40.846566,-73.833188,gmaps_apify,new,2026-08-01T17:44:37.053+00:00
gmap:ChIJ404_5tX3wokR8eBrpAknaMk,Crunch Study | LSAT Tutoring | Law school admission,tutor,(646) 402-2928,,https://crunchlsattutoring.com/?utm_source=google_maps&utm_medium=local_listing,,"605 W 137th St, New York, NY 10031",New York,New York,40.8219235,-73.9546724,gmaps_apify,new,2026-08-01T17:44:37.053+00:00
gmap:ChIJKWF0ob5YwokR0kzE2ZLxCXA,Elite Ivy Tutors,tutor,(917) 979-8434,,http://eliteivytutors.com/,,"222 E 82nd St, New York, NY 10028",New York,New York,40.7756126,-73.9547697,gmaps_apify,new,2026-08-01T17:44:37.053+00:00
gmap:ChIJaRn-bkRnwokRaYejx4u_xIQ,"The Best Tutors - Springfield Garden, NY",tutor,(646) 941-8083,,,,"146-34 228th St, Springfield Gardens, NY 11413",Springfield Gardens,New York,40.65842,-73.754086,gmaps_apify,new,2026-08-01T17:44:37.053+00:00
gmap:ChIJKY-tCgD1wokRqk2OWVd4rP8,H&B Tutoring,tutor,(917) 588-1195,,http://hbtutorialcenter.com/,,"18-05 124th St, College Point, NY 11356",College Point,New York,40.7831394,-73.8438026,gmaps_apify,new,2026-08-01T17:44:37.053+00:00
gmap:ChIJr8MZ7Uj1wokRrnfiDdsAc84,Soundview Tutoring,tutor,(347) 286-1762,,https://soundview-tutoring.square.site/,,"1202 Noble Ave Ste 1B, Bronx, NY 10472",Bronx,New York,40.8296073,-73.8694349,gmaps_apify,new,2026-08-01T17:44:37.053+00:00
gmap:ChIJt4lwy--JwokRtNAQHga2U80,Premier Plus Education-DSAT/ACT/AP/ All subjects tutoring/ Private HS/College application사립 학교/대학입시 컨설팅&에세이辅导班/高中私校/大学申请,tutor,(718) 229-0888,,http://www.premierplus.org/,,"253-28 Northern Blvd, Little Neck, NY 11362",Little Neck,New York,40.7712099,-73.7347868,gmaps_apify,new,2026-08-01T17:44:37.053+00:00
gmap:ChIJHd2m59z3wokRa0RcA6_yhYc,Professional Exam Tutoring,tutor,(646) 856-9881,,https://www.professionalexamtutoring.com/,,"838 Riverside Dr #6a, New York, NY 10032",New York,New York,40.8361647,-73.9457408,gmaps_apify,new,2026-08-01T17:44:37.053+00:00
gmap:ChIJx9vWp-dhwokRlh6Etu34PPI,Teddy's Tutoring LLC,tutor,(347) 475-5596,,https://teddystutoring.com/,,"471 Central Prk W, New York, NY 10025",New York,New York,40.7989832,-73.9598154,gmaps_apify,new,2026-08-01T17:44:37.053+00:00
gmap:ChIJx9RU8P4E6aQREjU3Mm7Nj5Q,Clearline Tutoring,tutor,(917) 426-6882,,https://clearlinetutoring.carrd.co/,,,Manhattan,NY,40.6860039,-73.8783995,gmaps_apify,new,2026-08-01T17:44:37.053+00:00
gmap:ChIJUw49ZBpnwokR04r5m5LCd-s,Promising Start Daycare,tutor,(917) 309-6716,,,,"25-15 Westbourne Ave, Far Rockaway, NY 11691",Far Rockaway,New York,40.6072976,-73.764731,gmaps_apify,new,2026-08-01T17:44:37.053+00:00
gmap:ChIJG0tsv-pYwokRsucnvMYOIJo,Simply Nutrition NYC P.C.,nutritionist,(917) 678-0456,,http://www.simplynutritionnyc.com/,,"311 E 72nd St Apt 1d, New York, NY 10021",New York,New York,40.7687646,-73.9575911,gmaps_apify,new,2026-08-01T17:44:21.455+00:00
gmap:ChIJ0TWKsWZZwokRdyqW1PdGiQA,Allison Schulman Nutrition,nutritionist,(646) 741-4022,,https://www.allisonschulmannutrition.com/,,"157 East 86th St #274, New York, NY 10028",New York,New York,40.7793741,-73.954859,gmaps_apify,new,2026-08-01T17:44:21.455+00:00
gmap:ChIJt_0SM_RfwokRmYAUw9qPCRc,"Yi Ching Liao, RD - Dietitian Nutritionist",nutritionist,(617) 982-3658,,https://www.faynutrition.com/dietitians/yi-ching-liao?utm_source=gmb&utm_medium=organic,,"24-63 Crescent St Unit 1, Astoria, NY 11102",Astoria,New York,40.7734559,-73.9206396,gmaps_apify,new,2026-08-01T17:44:21.455+00:00
gmap:ChIJJ-HGbldZwokRfHcyLD8nqq4,"Ilene Kapelner, RD - Dietitian Nutritionist",nutritionist,(617) 982-3658,,https://www.faynutrition.com/dietitians/ilene-kapelner?utm_source=gmb&utm_medium=organic,,"360 E 72nd St, New York, NY 10021",New York,New York,40.7678984,-73.9565877,gmaps_apify,new,2026-08-01T17:44:21.455+00:00
gmap:ChIJW42nDDeLwokRWBQ05yaKasg,"Dhanwanti Panaram, Dietitian",nutritionist,(718) 684-7742,,,,"1024 Huntington Ave, Bronx, NY 10465",Bronx,New York,40.829436,-73.8317175,gmaps_apify,new,2026-08-01T17:44:21.455+00:00
gmap:ChIJO94CmelZwokRu3lmEiw8ePY,"Ilana Kersch, RD - Dietitian Nutritionist",nutritionist,(617) 982-3658,,https://www.faynutrition.com/dietitians/ilana-kersch?utm_source=gmb&utm_medium=organic,,"525 E 68th St, New York, NY 10065",New York,New York,40.7644128,-73.9541966,gmaps_apify,new,2026-08-01T17:44:21.455+00:00
gmap:ChIJuSyKvW1ZwokR7VfsoFlLgjI,"Alexandra Anderson, RD - Dietitian Nutritionist",nutritionist,(617) 982-3658,,https://www.faynutrition.com/dietitians/alexandra-anderson?utm_source=gmb&utm_medium=organic,,"420 E 61st St, New York, NY 10065",New York,New York,40.7601207,-73.9598596,gmaps_apify,new,2026-08-01T17:44:21.455+00:00
gmap:ChIJD-A_bn5fwokRY3Pmjfncm8g,"Anne Agrocostea, RD - Dietitian Nutritionist",nutritionist,(617) 982-3658,,https://www.faynutrition.com/dietitians/anne-agrocostea?utm_source=gmb&utm_medium=organic,,"35-40 30th St, Astoria, NY 11106",Astoria,New York,40.7576047,-73.9305693,gmaps_apify,new,2026-08-01T17:44:21.455+00:00
gmap:ChIJvXfbsLxYwokRgH4oROckSAw,Park Avenue Nutrition,nutritionist,(212) 831-7900,,http://parkavenutrition.com/,,"153 E 87th St #1a, New York, NY 10128",New York,New York,40.7802086,-73.9546527,gmaps_apify,new,2026-08-01T17:44:21.455+00:00
gmap:ChIJzZAQxgj1wokRG_-9FiZxD7U,"Elisa Munroe, RD - Dietitian Nutritionist",nutritionist,(617) 982-3658,,https://www.faynutrition.com/dietitians/elisa-munroe?utm_source=gmb&utm_medium=organic,,"1065 Southern Blvd, Bronx, NY 10459",Bronx,New York,40.8250563,-73.8923031,gmaps_apify,new,2026-08-01T17:44:21.455+00:00
gmap:ChIJQ6jVJFpZwokRP1MixPkb-xY,"Gabrielle Kishner, RD - Dietitian Nutritionist",nutritionist,(917) 744-2662,,https://nutritionbygabrielle.com/,,"305 East 86th St, New York, NY 10028",New York,New York,40.7779953,-73.950914,gmaps_apify,new,2026-08-01T17:44:21.455+00:00
gmap:ChIJt2_NNJRYwokR-dOCbHhN_Ik,"Tamara Freuman, MS, RD, CDN",nutritionist,(212) 535-4500,,https://www.nygahealth.com/,,"68 East 86th St, New York, NY 10028",New York,New York,40.7802499,-73.958059,gmaps_apify,new,2026-08-01T17:44:21.455+00:00
gmap:ChIJSaBSNChZwokRd6vldoUP_sA,Athleats Nutrition,nutritionist,(212) 960-8604,,https://www.athleatsnutrition.com/,,"428 E 66th St, New York, NY 10065",New York,New York,40.7632895,-73.9575814,gmaps_apify,new,2026-08-01T17:44:21.455+00:00
gmap:ChIJg5EPihRZwokRF-dZBrc1Sv4,"Devorah Levin, RD - Dietitian Nutritionist",nutritionist,(617) 982-3658,,https://www.faynutrition.com/dietitians/devorah-levin?utm_source=gmb&utm_medium=organic,,"1 Gustave L. Levy Pl, New York, NY 10029",New York,New York,40.7900084,-73.9531798,gmaps_apify,new,2026-08-01T17:44:21.455+00:00
gmap:ChIJDzzzMMr1wokRHwztOoODO7Y,"Eric Demry, RD - Dietitian Nutritionist",nutritionist,(617) 982-3658,,https://www.faynutrition.com/dietitians/eric-demry?utm_source=gmb&utm_medium=organic,,"205 E 124th St, New York, NY 10035",New York,New York,40.8029624,-73.9356343,gmaps_apify,new,2026-08-01T17:44:21.455+00:00
gmap:ChIJOSeOO2lZwokRp1aTFpLaJsc,"Rebecca Tolan, RD - Dietitian Nutritionist",nutritionist,(617) 982-3658,,https://www.faynutrition.com/dietitians/rebecca-tolan?utm_source=gmb&utm_medium=organic,,"353 E 83rd St, New York, NY 10028",New York,New York,40.7753301,-73.9509299,gmaps_apify,new,2026-08-01T17:44:21.455+00:00
gmap:ChIJQUfXiAr1wokRimIySi8Zgss,"Alison Malik, RD - Dietitian Nutritionist",nutritionist,(617) 982-3658,,https://www.faynutrition.com/dietitians/alison-malik?utm_source=gmb&utm_medium=organic,,"661 W 180th St Apt 2C, New York, NY 10033",New York,New York,40.8494657,-73.9359196,gmaps_apify,new,2026-08-01T17:44:21.455+00:00
gmap:ChIJv-okJKVZwokRmAOdWBInFM0,"Maelee Sutton, RD - Dietitian Nutritionist",nutritionist,(617) 982-3658,,https://www.faynutrition.com/dietitians/maelee-sutton?utm_source=gmb&utm_medium=organic,,"336 E 71st St Apt 1E, New York, NY 10021",New York,New York,40.7671975,-73.957221,gmaps_apify,new,2026-08-01T17:44:21.455+00:00
gmap:ChIJR25m_EdZwokRm_3amZ-obHc,"Nutritionist, NYC, DNA test",nutritionist,(347) 990-4145,,https://www.nastyanutrition.com/,,"1998 2nd Ave, New York, NY 10029",New York,New York,40.788527,-73.9436927,gmaps_apify,new,2026-08-01T17:44:21.455+00:00
gmap:ChIJcQ-xSh5fwokRNS9Mqm7y4ag,"Andrea Schaeffer, RD - Dietitian Nutritionist",nutritionist,(617) 982-3658,,https://www.faynutrition.com/dietitians/andrea-schaeffer?utm_source=gmb&utm_medium=organic,,"23-22 30th Ave. 2nd Floor, Astoria, NY 11102",Astoria,New York,40.768825,-73.9258618,gmaps_apify,new,2026-08-01T17:44:21.455+00:00
gmap:ChIJtxdhL0BZwokRC8zEAcR2PYw,"Nadia Mowszowski, RD - Dietitian Nutritionist",nutritionist,(617) 982-3658,,https://www.faynutrition.com/dietitians/nadia-mowszowski?utm_source=gmb&utm_medium=organic,,"118 E 91st St, New York, NY 10128",New York,New York,40.7827919,-73.9540178,gmaps_apify,new,2026-08-01T17:44:21.455+00:00
gmap:ChIJIcIPDc_1wokRQeauu9q80so,"Iyona Chandran, RD - Dietitian Nutritionist",nutritionist,(617) 982-3658,,,,"324 E 149th St, Bronx, NY 10451",Bronx,New York,40.8167004,-73.9206826,gmaps_apify,new,2026-08-01T17:44:21.455+00:00
gmap:ChIJQ7C0rrNZwokRXFjjIUJL4A8,"Emily Turitzin, RD - Dietitian Nutritionist",nutritionist,(617) 982-3658,,https://www.faynutrition.com/dietitians/emily-turitzin?utm_source=gmb&utm_medium=organic,,"525 E 72nd St, New York, NY 10021",New York,New York,40.7664459,-73.9518703,gmaps_apify,new,2026-08-01T17:44:21.455+00:00
gmap:ChIJPcOStmaJwokRMCd5hkya9KE,"Jordyn Reina, RD - Dietitian Nutritionist",nutritionist,(617) 982-3658,,https://www.faynutrition.com/dietitians/jordyn-reina?utm_source=gmb&utm_medium=organic,,"7 Oak Ln, Douglaston, NY 11363",Douglaston,New York,40.774252,-73.7462607,gmaps_apify,new,2026-08-01T17:44:21.455+00:00
gmap:ChIJzVoxcAVZwokRdrFJQQ61WH0,"Meredith Black, RD - Dietitian Nutritionist",nutritionist,(617) 982-3658,,https://www.faynutrition.com/dietitians/meredith-black?utm_source=gmb&utm_medium=organic,,"444 E 78th St Apt A, New York, NY 10075",New York,New York,40.7708253,-73.9517206,gmaps_apify,new,2026-08-01T17:44:21.455+00:00
gmap:ChIJYZyVPfpZwokR9aDm7csqnYs,"Leah Woock, RD - Dietitian Nutritionist",nutritionist,(617) 982-3658,,https://www.faynutrition.com/dietitians/leah-woock?utm_source=gmb&utm_medium=organic,,"525 E 68th St Baker 24, New York, NY 10065",New York,New York,40.7644128,-73.9541966,gmaps_apify,new,2026-08-01T17:44:21.455+00:00
gmap:ChIJE-SFGWv3wokR7IMjXpHcWxY,"Josephine Katobo, RD - Dietitian Nutritionist",nutritionist,(617) 982-3658,,https://www.faynutrition.com/dietitians/josephine-katobo?utm_source=gmb&utm_medium=organic,,"105 W 125th St Front 1, New York, NY 10027",New York,New York,40.8082529,-73.9459433,gmaps_apify,new,2026-08-01T17:44:21.455+00:00
gmap:ChIJ0_nsCEj1wokRP_KWIEP789U,"Latoya Thompson, RD - Dietitian Nutritionist",nutritionist,(617) 982-3658,,https://www.faynutrition.com/dietitians/latoya-thompson?utm_source=gmb&utm_medium=organic,,"1065 Southern Blvd, Bronx, NY 10459",Bronx,New York,40.8250489,-73.8922439,gmaps_apify,new,2026-08-01T17:44:21.455+00:00
gmap:ChIJr9Ph2LdZwokRF4M9OiXDIIc,"Camille Motte Dit Falisse, RD - Dietitian Nutritionist",nutritionist,(617) 982-3658,,https://www.faynutrition.com/dietitians/camille-motte-dit-falisse?utm_source=gmb&utm_medium=organic,,"305 E 95th St Apt 6D, New York, NY 10128",New York,New York,40.7834066,-73.9469506,gmaps_apify,new,2026-08-01T17:44:21.455+00:00
gmap:ChIJLcukhRRZwokRLbwEgXl1u38,"Daniela Roggio, RD - Dietitian Nutritionist",nutritionist,(617) 982-3658,,https://www.faynutrition.com/dietitians/daniela-roggio?utm_source=gmb&utm_medium=organic,,"26-17 28th St Fl 1, Astoria, NY 11102",Astoria,New York,40.7702027,-73.9210148,gmaps_apify,new,2026-08-01T17:44:21.455+00:00
gmap:ChIJRx2RfD9ZwokRmABsQNRRSMY,"Peter Adintori, RD - Dietitian Nutritionist",nutritionist,(617) 982-3658,,https://www.faynutrition.com/dietitians/peter-adintori?utm_source=gmb&utm_medium=organic,,"1275 York Ave, New York, NY 10065",New York,New York,40.7644262,-73.9569173,gmaps_apify,new,2026-08-01T17:44:21.455+00:00
gmap:ChIJFddWsb9YwokRg6zemcAzt8E,Megan Wolf Nutrition,nutritionist,(646) 493-7504,,http://www.meganwolfnutrition.com/,,"200 E 78th St, New York, NY 10075",New York,New York,40.7732711,-73.9575363,gmaps_apify,new,2026-08-01T17:44:21.455+00:00
gmap:ChIJQQH53aRYwokRYpDloGBzGIw,Fran C Grossman RD MS CDE CDN,nutritionist,(646) 569-9607,,,,"1601 3rd Ave, New York, NY 10128",New York,New York,40.781306,-73.9514715,gmaps_apify,new,2026-08-01T17:44:21.455+00:00
gmap:ChIJzRJsXWH1wokRi5Y807G2REo,Parkchester Nutrition Club,nutritionist,(646) 372-9286,,https://jzaruma.goherbalife.com/Catalog/Home/Index/es-us,,"1916 Benedict Ave, Bronx, NY 10462",Bronx,New York,40.8339263,-73.8600287,gmaps_apify,new,2026-08-01T17:44:21.455+00:00
gmap:ChIJx8PBMcNZwokR1_qGxydlBbY,"Natalie Greene, RD - Dietitian Nutritionist",nutritionist,(617) 982-3658,,https://www.faynutrition.com/dietitians/natalie-greene?utm_source=gmb&utm_medium=organic,,"535 E 72nd St Apt 4a, New York, NY 10021",New York,New York,40.766224,-73.951642,gmaps_apify,new,2026-08-01T17:44:21.455+00:00
gmap:ChIJwZDHAFpZwokRAAVhHKtHGCI,"Francesca Steiner, RD - Dietitian Nutritionist",nutritionist,(617) 982-3658,,https://www.faynutrition.com/dietitians/francesca-maglione?utm_source=gmb&utm_medium=organic,,"525 E 68th St, New York, NY 10065",New York,New York,40.7644128,-73.9541966,gmaps_apify,new,2026-08-01T17:44:21.455+00:00
gmap:ChIJAz2lCmhZwokRyT_e_dXMvts,"Janet Lau, RD, CDN",nutritionist,(646) 697-0246,,https://weillcornell.org/janet-lau-rd-cdn?utm_source=yextgmb&utm_medium=organic&utm_campaign=yext_doctor_listings,,"436 E 69th St, New York, NY 10021",New York,New York,40.7651631,-73.9560809,gmaps_apify,new,2026-08-01T17:44:21.455+00:00
gmap:ChIJdfen2AdZwokRhVd-kL8bT1g,"Alicia Siddique, RD - Dietitian Nutritionist",nutritionist,(617) 982-3658,,https://www.faynutrition.com/dietitians/alicia-siddique?utm_source=gmb&utm_medium=organic,,"311 E 72nd St, New York, NY 10021",New York,New York,40.7687226,-73.9577795,gmaps_apify,new,2026-08-01T17:44:21.455+00:00
gmap:ChIJMZMz3d6RwokRp9aDXStqa2c,"Danielle Staub, RD - Dietitian Nutritionist",nutritionist,(617) 982-3658,,https://www.faynutrition.com/dietitians/danielle-staub?utm_source=gmb&utm_medium=organic,,"178 E 85th St Fl 2, New York, NY 10028",New York,New York,40.7781584,-73.9549479,gmaps_apify,new,2026-08-01T17:44:21.455+00:00
gmap:ChIJAQCEGqNYwokRgdNCiHnRpWM,Lisa Cohn,nutritionist,(212) 831-7900,,,,"NORTH STORE, 1108 Park Ave, New York, NY 101281201",New York,New York,40.7825867,-73.9558434,gmaps_apify,new,2026-08-01T17:44:03.598+00:00
gmap:ChIJOZppNFT0wokR6JLRqQaOTgQ,"Carolina Sullivan, Nutritionist",nutritionist,(718) 589-2440,,,,"1065 Southern Blvd #8, Bronx, NY 10459",Bronx,New York,40.8250563,-73.8923031,gmaps_apify,new,2026-08-01T17:44:03.598+00:00
gmap:ChIJiQm2jlRvwokR0lFdo472eto,"Aviva T. Safer, MS",nutritionist,(718) 337-1584,,,,"9-16 Meehan Ave, Far Rockaway, NY 11691",Far Rockaway,New York,40.598306,-73.7452344,gmaps_apify,new,2026-08-01T17:44:03.597+00:00
gmap:ChIJ-w1V9OVpwokRUBgiBspcClA,Wilda Souffrant,nutritionist,(347) 619-5950,,http://ehs.org/,,"4-95 Beach 20th St, Far Rockaway, NY 11691",Far Rockaway,New York,40.5995461,-73.754382,gmaps_apify,new,2026-08-01T17:44:03.597+00:00
gmap:ChIJDQ11OHFlwokRDlbeXSPCGU0,"Rina Levitt, RD - Dietitian Nutritionist",nutritionist,(617) 982-3658,,https://www.faynutrition.com/dietitians/rina-levitt?utm_source=gmb&utm_medium=organic,,"1227 Doughty Blvd, Lawrence, NY 11559",Lawrence,New York,40.6096739,-73.744032,gmaps_apify,new,2026-08-01T17:44:03.597+00:00
gmap:ChIJMdYyL_hPwokRz2VNqsV7seY,Dakota Personal Training,personal trainer,(646) 287-6033,,http://www.dakotapersonaltraining.com/,,"162 W 72nd St 4th fl, New York, NY 10023",New York,New York,40.7781512,-73.9809392,gmaps_apify,new,2026-08-01T17:43:35.103+00:00
gmap:ChIJYdyK5K9ZwokRywDnSO8Q1Xk,Manhattan Muscle Personal Training,personal trainer,(917) 400-1551,,http://www.manhattanmuscle.com/,,"295 Madison Ave, New York, NY 10017",New York,New York,40.7518131,-73.9792251,gmaps_apify,new,2026-08-01T17:43:35.103+00:00
gmap:ChIJd453w4hYwokRYTvVwXL8kiw,SlowBurn Personal Training Studios,personal trainer,(212) 579-9320,,http://www.slowburnpersonaltraining.com/,,"Lower Level, 169 W 78th St, New York, NY 10024",New York,New York,40.7823719,-73.9783756,gmaps_apify,new,2026-08-01T17:43:35.103+00:00
gmap:ChIJ236kGSH2wokRzgUiNJojIsA,Type A Training,personal trainer,(917) 951-0111,,https://www.typeatraining.com/,,"620 W 42nd St, New York, NY 10036",New York,New York,40.7608028,-73.999422,gmaps_apify,new,2026-08-01T17:43:35.103+00:00
gmap:ChIJ_3q_qq_1wokRYYGpyy_ruG0,B B Paint Distributors,painter,(718) 589-3617,,,,"740 Southern Blvd, Bronx, NY 10455",Bronx,New York,40.8144712,-73.8978139,gmaps_apify,new,2026-08-01T17:30:28.328+00:00
gmap:ChIJKxUR-ef1wokRQnH0xjIKAeY,Cercone Exterior Restoration,pressure washing,(718) 993-5310,,https://cerconeer.com/,,"18-69 43rd St, Astoria, NY 11105",Astoria,New York,40.7770094,-73.8965571,gmaps_apify,new,2026-08-01T17:15:25.118+00:00
gmap:ChIJY43pdjiLwokRZv0ggph64vQ,Danny’s Wash,pressure washing,(718) 683-8614,,https://instagram.com/dannyswash_?igshid=1ky18h4xlgpsi,,"135-09 Northern Blvd Unit 2, Flushing, NY 11356",Flushing,New York,40.7631188,-73.8328417,gmaps_apify,new,2026-08-01T17:15:25.118+00:00
gmap:ChIJqRWdw61hwokRAIbeuzhfdeU,VAAR cleaning maintenance & services,pressure washing,(929) 540-8672,,https://www.vaarcleaning.com/,,"151-10 35th Ave, Flushing, NY 11354",Flushing,New York,40.765918,-73.8125952,gmaps_apify,new,2026-08-01T17:15:25.118+00:00
gmap:ChIJnWhtWCvpaGwRp9j2CAj5dl8,George's Roofing,pressure washing,(718) 747-4954,,https://www.georgesroofing.com/,,"38-11 Ditmars Blvd, Astoria, NY 11105",Astoria,New York,40.7732257,-73.9062583,gmaps_apify,new,2026-08-01T17:15:25.118+00:00
gmap:ChIJBacBw-2KwokRYulBjKYVI3U,Big City Roofing,pressure washing,(718) 888-8600,,,,"152-53 10th Ave, Whitestone, NY 11357",Whitestone,New York,40.7936592,-73.8079432,gmaps_apify,new,2026-08-01T17:15:25.118+00:00
gmap:ChIJJ2DGg7WLwokRmY63DuGpKTc,Spinbrite power washing corp,pressure washing,(718) 799-4419,,,,"25-46 Francis Lewis Blvd, Flushing, NY 11358",Flushing,New York,40.7734353,-73.7969355,gmaps_apify,new,2026-08-01T17:15:25.118+00:00
gmap:ChIJ68D_g-2KwokRiaP9J1QknLw,MD Cleaning Solutions,pressure washing,(718) 412-2266,,https://www.mdcleaningsolutions.com/,,"149-07 14th Ave, Whitestone, NY 11357",Whitestone,New York,40.7885702,-73.81583,gmaps_apify,new,2026-08-01T17:15:25.118+00:00
gmap:ChIJ9xeNHCBfwokRt9d48lXVMpE,SO KLEAN AUTO SPA,pressure washing,(917) 365-9562,,https://sokleancarwash.com/,,"37-02 48th St, Long Island City, NY 11104",Long Island City,New York,40.7510068,-73.9154545,gmaps_apify,new,2026-08-01T17:15:25.118+00:00
gmap:ChIJO1gaMm7eJIsRk7lCS5ybxss,Prime Outdoor Solutions,pressure washing,(516) 644-9643,,http://primepowerwashingny.com/,,"58-16 Clearview Expy, Oakland Gardens, NY 11364",Oakland Gardens,New York,40.7459879,-73.773239,gmaps_apify,new,2026-08-01T17:15:25.118+00:00
gmap:ChIJ0TV9i3v2wokRCbCW3eE9c-E,"Intex Services, LLC",pressure washing,(347) 328-3796,,,,"330 W 145th St, New York, NY 10039",New York,New York,40.8232581,-73.9434676,gmaps_apify,new,2026-08-01T17:15:25.118+00:00
gmap:ChIJ0yW0ZNxfwokRGxANQ4WOHCM,Long Island Hood Cleaning,pressure washing,(917) 397-2337,,https://www.newyorkhoodcleaning.net/queens-hood-cleaning.html,,"25-30 Broadway #3B, Long Island City, NY 11106",Long Island City,NY,40.761534,-73.926488,gmaps_apify,new,2026-08-01T17:15:25.118+00:00
gmap:ChIJ88ASibP3wokR38qLQWTpFJc,Mcben And Sons Cleaning Inc,pressure washing,(786) 563-5710,,http://www.mcbencleaning.com/,,"124 E 107th St #27, New York, NY 10029",New York,New York,40.7929615,-73.946384,gmaps_apify,new,2026-08-01T17:15:25.118+00:00
gmap:ChIJA4-3149hwokR9uSuiVl9mLk,Velez Power Washing LLC,pressure washing,(929) 669-1619,,http://velezpowerwashing.com/,,"33-25 165th St, Flushing, NY 11358",Flushing,New York,40.7670601,-73.8000217,gmaps_apify,new,2026-08-01T17:15:25.118+00:00
gmap:ChIJw2lYEV6LwokRa_8bpeLbGSA,Pelham Bay Carpet Cleaning,pressure washing,(917) 930-6702,,https://www.facebook.com/Pelham-Bay-Carpet-Cleaning-Bronx-176484159038542/,,"1020 Throgmorton Ave, Bronx, NY 10465",Bronx,New York,40.8340202,-73.8209516,gmaps_apify,new,2026-08-01T17:15:25.118+00:00
gmap:ChIJFwaRlIyLwokRfpjMoZCmMNI,BPI Cleaning Solutions,pressure washing,(929) 405-5998,,,,"24-17 157th St, Whitestone, NY 11357",Whitestone,New York,40.7759785,-73.8062717,gmaps_apify,new,2026-08-01T17:15:25.118+00:00
gmap:ChIJKYPsOxL45E0Ri7Npj_nXexM,Singh's Power Washing,pressure washing,(929) 630-4035,,https://singhspowerwashing.com/,,"25-05 72nd St, East Elmhurst, NY 11370",East Elmhurst,New York,40.7618344,-73.8957255,gmaps_apify,new,2026-08-01T17:15:25.117+00:00
gmap:ChIJh3KhjP6LwokRDbOYVWDVgcQ,Prestige Polish LLC,pressure washing,(347) 757-1186,,https://premium-polish.vercel.app/,,"2701 Waterbury Ave, Bronx, NY 10461",Bronx,New York,40.8360504,-73.83626,gmaps_apify,new,2026-08-01T17:15:25.117+00:00
gmap:ChIJ4cfIqLBYwokRDPgcrOYLWi8,Hair Decor NYC Salon,hair stylist,(212) 535-9244,,https://hairdecornyc.com/,,"1610 York Ave, New York, NY 10028",New York,New York,40.775231,-73.947285,gmaps_apify,new,2026-08-01T17:00:30.062+00:00
gmap:ChIJJSpNdapfwokR43DpJvgn2nk,Giulia Love Salon,hair stylist,(347) 721-0621,,https://giulialovesalon.wixsite.com/giulialovesalon,,"23-54 31st Ave, Astoria, NY 11106",Astoria,New York,40.7661843,-73.9272985,gmaps_apify,new,2026-08-01T17:00:30.062+00:00
gmap:ChIJEYjaGABfwokRZynNAGxtERQ,Prime One Hair Salon,hair stylist,(917) 267-7288,,https://www.instagram.com/primeone.hairsalon_roy?igsh=NGM5cHhqdGR5aWt0,,"30-05 30th Ave., Astoria, NY 11102",Astoria,New York,40.7673059,-73.9219909,gmaps_apify,new,2026-08-01T17:00:30.062+00:00
gmap:ChIJS_aeSYeKwokR0dYpNk7NRCI,Beauty Bar Hair Salon & Spa Inc.,hair stylist,(718) 353-0100,,https://www.nybeautybarsalon.com/,,"25-66 Francis Lewis Blvd, Flushing, NY 11358",Flushing,New York,40.7732083,-73.7963112,gmaps_apify,new,2026-08-01T17:00:30.062+00:00
gmap:ChIJh23U0lxZwokRpyQxZKRtdUA,Maria Cortes NY | Hair Salon,hair stylist,(212) 737-0723,,http://mariacortesny.com/,,"1365 1st Ave, New York, NY 10021",New York,New York,40.7688262,-73.9555924,gmaps_apify,new,2026-08-01T17:00:30.062+00:00
gmap:ChIJUT3X-QRfwokRdW3Ztpi0H9s,Contura Fine Hair Salon,hair stylist,(929) 339-9901,,http://www.conturanyc.com/,,"35-11 34th Ave, Long Island City, NY 11106",Long Island City,New York,40.7580821,-73.9234788,gmaps_apify,new,2026-08-01T17:00:30.062+00:00
gmap:ChIJg9GQwTZfwokRqZZ45JvkLIM,BrighTouch Hair Salon,hair stylist,(718) 626-4383,,https://brightouchsalon.com/,,"25-18 Broadway, Astoria, NY 11106",Astoria,New York,40.7629643,-73.9279567,gmaps_apify,new,2026-08-01T17:00:30.062+00:00
gmap:ChIJ8TUDY6KJwokRrTJaWx32TVQ,HAIIER HAIR SALON,hair stylist,(646) 996-6665,,http://haiier.com/,,"136-41 Roosevelt Ave Second Floor, Flushing, NY 11354",Flushing,New York,40.7600738,-73.8285991,gmaps_apify,new,2026-08-01T17:00:30.062+00:00
gmap:ChIJ9atJURBgwokRQeHF5kB9hbs,HA1R One Salon,hair stylist,(718) 886-6080,,,,"136-73 Roosevelt Ave #2f, Flushing, NY 11354",Flushing,New York,40.7603537,-73.8278317,gmaps_apify,new,2026-08-01T17:00:30.062+00:00
gmap:ChIJeeWKx2dfwokRNipMgqsjFYU,Coif Hair Salon and Spa,hair stylist,(718) 274-0060,,http://www.coifhairsalonny.com/,,"31-16 Ditmars Blvd, Astoria, NY 11105",Astoria,New York,40.7756518,-73.9103565,gmaps_apify,new,2026-08-01T17:00:30.062+00:00
gmap:ChIJwUxT1mxgwokRuSm7lDbOXZY,Idol Hair Salon,hair stylist,(718) 961-8899,,,,"43-10 Main St, Flushing, NY 11355",Flushing,New York,40.7521518,-73.8270305,gmaps_apify,new,2026-08-01T17:00:30.062+00:00
gmap:ChIJrwlvxb5YwokRyY-_ZkV4l8M,MC Hair Salon & Spa,hair stylist,(212) 988-5252,,https://mchairsalon.com/,,"336 E 78th St, New York, NY 10075",New York,New York,40.7719623,-73.9543739,gmaps_apify,new,2026-08-01T17:00:30.062+00:00
gmap:ChIJeQQrVLpYwokRRAYeuUTnNZE,Excel Hair Salon,hair stylist,(212) 722-8886,,https://www.excelhairsalon.com/,,"335 East 86th St Ground floor, New York, NY 10028",New York,New York,40.7775705,-73.950254,gmaps_apify,new,2026-08-01T17:00:30.062+00:00
gmap:ChIJf-bJuU5ZwokRhUAtbHwF9ic,Amazing Hair Salon,hair stylist,(212) 427-4608,,http://amazinghairsalons.com/,,"1632 2nd Ave, New York, NY 10028",New York,New York,40.7769222,-73.952161,gmaps_apify,new,2026-08-01T17:00:30.062+00:00
gmap:ChIJ_bGpotRhwokRTlGmAKrJGTQ,GoodHands Hair Salon,hair stylist,(718) 888-0534,,,,"36-18 Main St Ste 212, Flushing, NY 11354",Flushing,New York,40.7625501,-73.8319887,gmaps_apify,new,2026-08-01T17:00:30.062+00:00
gmap:ChIJ-_WkRTVfwokROwajP74gDY8,Cerenity Hair Salon LIC,hair stylist,(347) 460-9855,,https://book.squareup.com/appointments/vvsczdjl84ydzo/location/L7XB79J3FQJNQ/services,,"34-02 36th Ave, Long Island City, NY 11106",Long Island City,New York,40.7553022,-73.9273252,gmaps_apify,new,2026-08-01T17:00:30.062+00:00
gmap:ChIJIdIvKGD3wokRWcnU-mN_n8Q,Harlem Dog Walking,dog walker,(718) 795-7671,,,,"2310 Adam Clayton Powell Jr Blvd, New York, NY 10030",New York,New York,40.8159446,-73.9436743,gmaps_apify,new,2026-08-01T15:46:38.423+00:00
gmap:ChIJfQJZ8TVZwokRinwculSaVi8,Private Dog Walking Manhattan,dog walker,(813) 263-6082,,,,"155 E 76th St, New York, NY 10021",New York,New York,40.7728944,-73.9595726,gmaps_apify,new,2026-08-01T15:46:38.423+00:00
gmap:ChIJCROV-cT3wokRuDnbA79w5oo,Fetchmates Dog Walkers,dog walker,(212) 207-8405,,https://fetchmates.com/,,"769 St Nicholas Ave, New York, NY 10031",New York,New York,40.8265149,-73.9434688,gmaps_apify,new,2026-08-01T15:46:38.423+00:00
gmap:ChIJ-7gmk01ZwokRtQMkocGOGRc,royal dog club nyc,dog walker,(347) 920-6519,,http://www.royaldogclubnyc.com/,,"422 E 77th St, New York, NY 10075",New York,New York,40.7703704,-73.9526749,gmaps_apify,new,2026-08-01T15:46:38.423+00:00
gmap:ChIJOzMxSrJfwokRDfrUbSO0mV8,DOG LOVER WALKER,dog walker,(321) 557-3487,,,,"34 77th St, Jackson Heights, NY 11372",Jackson Heights,New York,40.752575,-73.889289,gmaps_apify,new,2026-08-01T15:46:38.423+00:00
gmap:ChIJkVbXL0xZwokRo4wQL8Y-xfE,Adam's Dog Boarding and Daycare,dog walker,(347) 802-5390,,https://www.adamsdogwalkingnyc.com/,,"160 E 82nd St #2, New York, NY 10028",New York,New York,40.776455,-73.9570069,gmaps_apify,new,2026-08-01T15:46:38.423+00:00
gmap:ChIJT0gcEKb3wokRxsmLlZu6rb0,Magic Walker,dog walker,(347) 785-6536,,https://magicwalker95.booksy.com/,,"113 E 123rd St, New York, NY 10035",New York,New York,40.803553,-73.9390472,gmaps_apify,new,2026-08-01T15:46:38.423+00:00
gmap:ChIJG4IID1pZwokR-L1S6RBP2YI,Mr. Boris Pup Concierge,dog walker,(646) 245-5914,,https://www.mrborispupconcierge.com/,,"104 E 98th St, New York, NY 10029",New York,New York,40.787489,-73.951194,gmaps_apify,new,2026-08-01T15:46:38.423+00:00
gmap:ChIJI-y4Rxv2wokRLLl-RrOEKd8,East Harlem Dog Walking Company,dog walker,(646) 599-0712,,,,"23 E 109th St #6b, New York, NY 10029",New York,New York,40.7958258,-73.948536,gmaps_apify,new,2026-08-01T15:46:38.423+00:00
gmap:ChIJFRDQSbZjwokRvOXLH4NekMU,Queens Dog Walk,dog walker,(347) 300-6701,,https://queensdogwalks.com/,,"64-50 223rd Pl, Oakland Gardens, NY 11364",Oakland Gardens,New York,40.7473895,-73.7545019,gmaps_apify,new,2026-08-01T15:46:38.422+00:00
gmap:ChIJo530qtlZwokRWs0aS5Eprvc,Dog Walking-N-More,dog walker,(631) 747-4544,,http://www.dogwalkingnmore.com/,,"240 E 82nd St, New York, NY 10028",New York,New York,40.7753074,-73.9540015,gmaps_apify,new,2026-08-01T15:46:38.422+00:00
gmap:ChIJx02DFLtYwokR7UpqDf2cdXo,"Bark Ave Dog Walkers, LLC",dog walker,(646) 398-7671,,http://www.barkavellc.com/,,"242 E 87th St, New York, NY 10128",New York,New York,40.77878,-73.9520138,gmaps_apify,new,2026-08-01T15:46:38.422+00:00
gmap:ChIJtQY5OBv2wokRBNR__lWINyA,Dog Day Dog Walkers,dog walker,(917) 273-6754,,,,"19 E 109th St, New York, NY 10029",New York,New York,40.7959784,-73.9485879,gmaps_apify,new,2026-08-01T15:46:38.422+00:00
gmap:ChIJxRM1Ul8SI68RTCNhcUB3SMY,Chirpy Dog Walking,dog walker,(571) 263-0906,,,,"9 124th St, College Point, NY 11356",College Point,New York,40.788797,-73.844039,gmaps_apify,new,2026-08-01T15:46:38.422+00:00
gmap:ChIJ2dmsIrNIDgERaTILKw8prXI,Whale Appliance Repair Corp.,appliance repair,(929) 680-8878,,https://www.whalerepair.com/,,"193 7th Ave, Brooklyn, NY 11215",Brooklyn,New York,40.5904011,-73.9629497,gmaps_apify,new,2026-08-01T15:45:32.437+00:00
gmap:ChIJa_4p6GL0wokRlbXUnQa_V3s,Ramirez Refrigeration .,appliance repair,(347) 606-0629,,,,"615 E 180th St, Bronx, NY 10457",Bronx,New York,40.8493342,-73.8909951,gmaps_apify,new,2026-08-01T15:45:32.437+00:00
gmap:ChIJC6PRx2v3wokRkIslDudnY7E,Americare Appliance Repair,appliance repair,(646) 370-5300,,http://americareappliance.com/,,"625 Malcolm X Blvd, New York, NY 10030",New York,New York,40.8183018,-73.9383013,gmaps_apify,new,2026-08-01T15:45:32.437+00:00
gmap:ChIJSwi13YVFwokR6VPSxDq3DSo,All Appliance Repair Service Brooklyn,appliance repair,(929) 443-9922,,https://neilsappliances.com/,,"2805 Cropsey Ave, Brooklyn, NY 11214",Brooklyn,New York,40.5864388,-73.9879593,gmaps_apify,new,2026-08-01T15:45:32.437+00:00
gmap:ChIJF7kW49hFwokRomgujgdiluk,TopAid Appliance Repair,appliance repair,(212) 203-5481,,http://topaidappliancerepairny.com/,,"2514 Voorhies Ave, Brooklyn, NY 11235",Brooklyn,New York,40.586602,-73.943603,gmaps_apify,new,2026-08-01T15:45:32.437+00:00
gmap:ChIJZ0yJR5JFwokRYq65WgIZ24c,Best NY Appliance Repair,appliance repair,(718) 313-8080,,https://bestnyappliancerepair.com/,,"760 67th St Apt 5a, Brooklyn, NY 11220",Brooklyn,New York,40.631433,-74.014167,gmaps_apify,new,2026-08-01T15:45:32.437+00:00
gmap:ChIJq6rGbcBFwokRWt__ZepgQnc,Petross Appliance Repair,appliance repair,(516) 981-3655,,https://petrossrepair.com/?utm_campaign=gmb,,"3726 Maple Ave, Brooklyn, NY 11224",Brooklyn,New York,40.5793383,-74.0047232,gmaps_apify,new,2026-08-01T15:45:32.437+00:00
gmap:ChIJ_Y_22rJFwokRny-4FkvJB-g,FirstChoice Appliance Repair Solutions,appliance repair,(929) 695-4209,,,,"160 Avenue U, Brooklyn, NY 11223",Brooklyn,New York,40.5962444,-73.9782614,gmaps_apify,new,2026-08-01T15:45:32.437+00:00
gmap:ChIJu44NuY73wokR948DOfTyPa4,Granite Appliance Repair Master,appliance repair,(332) 877-9509,,,,"144 W 139th St, New York, NY 10030",New York,New York,40.8176106,-73.9416978,gmaps_apify,new,2026-08-01T15:45:32.436+00:00
gmap:ChIJcRFTYkdZwokRAqp0RvZ46vE,New Yorkers Appliance Repair,appliance repair,(917) 909-2898,,http://new-yorkersappliancerepair.com/,,"209 E 81st St, New York, NY 10028",New York,New York,40.7755708,-73.9556903,gmaps_apify,new,2026-08-01T15:45:32.436+00:00
gmap:ChIJt0qjFQBZwokRUh8Eql0Tc5Y,TrustedWay Appliance Repair Experts,appliance repair,(332) 241-3307,,,,"147 W 88th St, New York, NY 10024",New York,New York,40.7885615,-73.9725414,gmaps_apify,new,2026-08-01T15:45:32.436+00:00
gmap:ChIJM-WLIb46pAgRk4l-0uxsoQY,Good Old Appliance Service,appliance repair,(929) 677-5011,,https://www.goapplianceservice.com/appliance-repair-manhattan,,"37 W 26th St Ste 310, New York, NY 10010",New York,New York,40.7445865,-73.9904569,gmaps_apify,new,2026-08-01T15:45:32.436+00:00
gmap:ChIJBX5i7jRFwokR-SCScxIJLIM,NYC Appliance Care,appliance repair,(718) 200-0540,,https://nycappliancecare.com/,,"401 Park Ave S Ste 844, New York, NY 10016",New York,New York,40.7431316,-73.9839966,gmaps_apify,new,2026-08-01T15:45:32.436+00:00
gmap:ChIJx7VwyE1ZwokRmarkX8RBkVE,Viking And SubZero Appliance Repair Service,appliance repair,(212) 461-3161,,https://sub-zero.nyc/,,"30 W 60th St Ste G, New York, NY 10023",New York,New York,40.7693372,-73.984066,gmaps_apify,new,2026-08-01T15:45:32.436+00:00
gmap:ChIJjyrojrxZwokRvBuEoq53Zb0,"RD Appliance Service, Corp.",appliance repair,(212) 658-8777,,https://www.rdapplianceservice.com/manhattan-ny/?utm_source=google&utm_medium=gbp&utm_campaign=gbp-manhattan,,"5 W 37th St 6th Floor, Suite 640, New York, NY 10018",New York,New York,40.7508732,-73.9839671,gmaps_apify,new,2026-08-01T15:45:32.436+00:00
gmap:ChIJ_5WkUq73wokRhRspfHqN3F0,Bright Appliance Pro,appliance repair,(646) 663-8716,,,,"322 W 112th St, New York, NY 10026",New York,New York,40.8022121,-73.9585429,gmaps_apify,new,2026-08-01T15:45:32.436+00:00
gmap:ChIJySBVFQruQ0MRH0nPXBnbO5g,Range Appliance Repair,appliance repair,(929) 505-7111,,https://subzerovikingrepair.nyc/,,"207 W 106th St, New York, NY 10025",New York,New York,40.8009125,-73.9662052,gmaps_apify,new,2026-08-01T15:45:32.436+00:00
gmap:ChIJ7UexxQL1wokRoRTfLhvofd0,Carlos Refrigeration & Appliance,appliance repair,(347) 575-5383,,https://carlosrefrigeration.com/,,"1515 Grand Concourse, Bronx, NY 10452",Bronx,New York,40.8415798,-73.9129038,gmaps_apify,new,2026-08-01T15:45:32.436+00:00
gmap:ChIJYaGfjLZFwokRj_U64VbbvhI,Elite Appliance Repair,appliance repair,(347) 980-7122,,,,"2333 E 12th St, Brooklyn, NY 11229",Brooklyn,New York,40.5930613,-73.9590233,gmaps_apify,new,2026-08-01T15:45:32.436+00:00
gmap:ChIJna_jcEkgRA0RC2dID-KznTI,Appliance Repair Service – Mega-Max LLC,appliance repair,(929) 753-2222,,https://www.mm-appliance-repair-service.com/,,"3000 Brighton 12th St, Brooklyn, NY 11235",Brooklyn,New York,40.579728,-73.957049,gmaps_apify,new,2026-08-01T15:45:32.436+00:00
gmap:ChIJ9fqacElFwokRsp2vKrdyVg0,Allsafe Appliance Repair,appliance repair,(917) 408-3927,,https://allsafeappliance.com/?utm_source=maps&utm_medium=google&utm_campaign=main,,"333 Avenue X, Brooklyn, NY 11223",Brooklyn,New York,40.5906931,-73.9706616,gmaps_apify,new,2026-08-01T15:45:32.436+00:00
gmap:ChIJrUrOgZ00vU4RM2rGUWjWtEU,QUICKMAX APPLIANCE REPAIR,appliance repair,(929) 828-8876,,https://quickmaxappliancerepairs.com/,,"2348 83rd St, Brooklyn, NY 11214",Brooklyn,New York,40.6014175,-73.9887326,gmaps_apify,new,2026-08-01T15:45:32.436+00:00
gmap:ChIJNZScNfRFwokRSVdT_rLW8tA,Fixity Appliance Repair,appliance repair,(646) 752-8857,,,,"185 Ave. S, Brooklyn, NY 11223",Brooklyn,New York,40.6012362,-73.9787888,gmaps_apify,new,2026-08-01T15:45:32.436+00:00
gmap:ChIJRaOMfXpFwokRbMM844CI-14,Best Service Appliance Repair,appliance repair,(646) 305-3930,,http://bestserviceappliancerepair.com/,,"2520 Voorhies Ave, Brooklyn, NY 11235",Brooklyn,New York,40.5866557,-73.9434212,gmaps_apify,new,2026-08-01T15:45:32.436+00:00
gmap:ChIJnTuzR2JFwokR7g7QaEDJqAY,Appliance Repair Group Inc.,appliance repair,(646) 453-5353,,http://appliance-repair-group.com/,,"2617 Coney Island Ave 2nd Floor, Brooklyn, NY 11223",Brooklyn,New York,40.59238,-73.9642543,gmaps_apify,new,2026-08-01T15:45:32.436+00:00
gmap:ChIJB4C7Zv0946QRiEBmnA8mAqo,FixPro Appliance Repair LLC,appliance repair,(346) 538-3720,,https://fixpro-usa.com/,,"2929 Brighton 5th St, Brooklyn, NY 11235",Brooklyn,New York,40.5804354,-73.9633584,gmaps_apify,new,2026-08-01T15:45:32.436+00:00
gmap:ChIJZ1v1e_oUn2YRzzDFrgSahW0,Appliance Repair Service Brooklyn,appliance repair,(914) 252-5977,,https://appliancerepairservicebrooklyn.com/,,"2960 Brighton 1st St, Brooklyn, NY 11235",Brooklyn,New York,40.5791782,-73.966805,gmaps_apify,new,2026-08-01T15:45:32.436+00:00
gmap:ChIJx0druYJEwokRlAhWPTJ2YL8,Dial Appliance Service,appliance repair,(718) 368-1512,,https://www.dialappliance.com/,,"2156 Coyle St, Brooklyn, NY 11229",Brooklyn,New York,40.5995399,-73.9371327,gmaps_apify,new,2026-08-01T15:45:32.436+00:00
gmap:ChIJsRDgwgH3wokR9WN0nkM0K34,Iron Appliance Repair Guard,appliance repair,(917) 746-7509,,,,"410 E 106th St, New York, NY 10029",New York,New York,40.788889,-73.9396932,gmaps_apify,new,2026-08-01T15:45:32.436+00:00
gmap:ChIJkwga8gX1wokRRvFk2bMemxc,Cadena Appliances & Refrigeration Repair,appliance repair,(929) 641-8949,,https://business.google.com/v/cadena-appliances-refrigeration-repair/010983757093179951364/1cbd/_?caid=20962538159&agid=157390323265&gclid=Cj0KCQiAoKeuBhCoARIsAB4WxtfR7GT4VGNwTWVDdMlAmgp7tsoTYQiT3zYrqdyy1L9GJz3Z65DhFpwaAkOPEALw_wcB,,"865 Walton Ave, Bronx, NY 10451",Bronx,New York,40.8268884,-73.9244846,gmaps_apify,new,2026-08-01T15:45:32.436+00:00
gmap:ChIJIyBJf1dFwokRtKVA8zPFOr8,Appliance Repair Marine Park,appliance repair,(332) 222-9153,,,,"3509 Quentin Rd #35, Brooklyn, NY 11234",Brooklyn,New York,40.6158619,-73.9373391,gmaps_apify,new,2026-08-01T15:45:32.436+00:00
gmap:ChIJqZ3AcQBZwokRSjVg4upneLY,Modern Appliance Repair Systems,appliance repair,(646) 347-2447,,,,"133 E 41st St, New York, NY 10017",New York,New York,40.7506986,-73.9757002,gmaps_apify,new,2026-08-01T15:45:32.436+00:00
gmap:ChIJNevPKupZwokRAGJgBg4grc0,Sengix HVAC & Appliance Repair New York,appliance repair,(888) 736-4491,,https://sengix.com/,,"446 W 58th St, New York, NY 10019",New York,New York,40.76911,-73.9869808,gmaps_apify,new,2026-08-01T15:45:32.436+00:00
gmap:ChIJh9Te4xZhIg8RWVFCgSKjz4o,SCREW'S HVAC & Appliance Repair Company in NYC,appliance repair,(646) 921-6775,,https://screwsappliance.com/,,"169 E 102nd St Apt 3C, New York, NY 10029",New York,New York,40.7896102,-73.9472546,gmaps_apify,new,2026-08-01T15:45:32.435+00:00
gmap:ChIJYy2WDmr3wokRWuSZC8yJ80o,TopUnitService,appliance repair,(888) 494-1702,,https://topunitservice.com/?utm_source=google_business_profile&utm_medium=organic&utm_campaign=gmb,,"2053 Frederick Douglass Blvd, New York, NY 10026",New York,New York,40.8015848,-73.9578276,gmaps_apify,new,2026-08-01T15:45:32.435+00:00
gmap:ChIJN-kKZFPhwokRAljRDIH2as8,Premier Appliance Services,appliance repair,(347) 609-7909,,https://sites.google.com/view/15896/home,,"407 Malcolm X Blvd, New York, NY 10027",New York,New York,40.8113435,-73.9433802,gmaps_apify,new,2026-08-01T15:45:32.435+00:00
gmap:ChIJ7x8M_hhZwokR0Djb-SH7EeA,Appliance Man NJ,appliance repair,(917) 639-3828,,https://www.appliancemannj.com/,,"162 E 91st St unit a, New York, NY 10128",New York,New York,40.7822297,-73.9525544,gmaps_apify,new,2026-08-01T15:45:32.435+00:00
gmap:ChIJh1kCX7BYwokRfok3Zfja5qU,Mr. Appliance NYC,appliance repair,(855) 793-9878,,https://www.mrappliance.com/nyc/?cid=LSTL_MRA-US000194&utm_source=gmb&utm_campaign=local&utm_medium=organic,,"1590 York Ave, New York, NY 10028",New York,New York,40.7743268,-73.947945,gmaps_apify,new,2026-08-01T15:45:32.435+00:00
gmap:ChIJ-1zGMAJmwokRJicP5lnzsjI,Alex Magic Electronics,appliance repair,(646) 841-4444,,https://www.bonanza.com/items/search?q[catalog_id]=&q[country_to_filter]=US&q[filter_category_id]=&q[in_booth_id]=3179450&q[search_term]=&q[ship_country]=1&q[shipping_in_price]=0&q[sort_by]=relevancy&q[suggestion_followed]=&q[suggestion_found]=&q[translate_term]=true,,"21-36B Mott Ave, Far Rockaway, NY 11691",Far Rockaway,New York,40.6052496,-73.7545676,gmaps_apify,new,2026-08-01T15:45:32.435+00:00
gmap:ChIJhRT9pLRw6CYRZSXYQ9FsfSs,Major Appliance Service Queens,appliance repair,(718) 376-2288,,https://majorappliancerepairs.com/queens,,,New York,NY,40.6507535,-73.8633769,gmaps_apify,new,2026-08-01T15:45:32.435+00:00
gmap:ChIJZ_2kRgFmwokRa0nuXg60ojc,Magic TV Parts,appliance repair,(718) 868-2899,,,,"21-36 Mott Ave, Far Rockaway, NY 11691",Far Rockaway,New York,40.6051539,-73.7545418,gmaps_apify,new,2026-08-01T15:45:32.435+00:00
gmap:ChIJhx0dqwNmwokRUcw1vNpyBcE,Ponce de Leon Refrigeration,appliance repair,(718) 715-6692,,,,"22-45 Dix Ave, Far Rockaway, NY 11691",Far Rockaway,New York,40.606425,-73.7564,gmaps_apify,new,2026-08-01T15:45:32.435+00:00
gmap:ChIJg831pdZpwokRESAQjfCDvZA,Appliance Repair Rockaway Beach,appliance repair,(516) 302-4741,,,,"88-07 Rockaway Beach Blvd #44, Rockaway Beach, NY 11693",Rockaway Beach,New York,40.58664,-73.813118,gmaps_apify,new,2026-08-01T15:45:32.435+00:00
gmap:ChIJuS4Rp5VmwokRoPj71NA-Q2E,Appliance Repair Springfield Gardens,appliance repair,(718) 705-4643,,https://www.springfieldgardenny-homeappliancerepair.com/,,"1451-07 Guy R Brewer Blvd #44, Jamaica, NY 11434",Jamaica,New York,40.6634552,-73.7682536,gmaps_apify,new,2026-08-01T15:45:32.435+00:00
gmap:ChIJG1Rs1hplwokRhgH7jIvENsQ,Sears Appliance Repair,appliance repair,(516) 400-2049,,https://www.searshomeservices.com/locations/ny/rosedale/sears-appliance-repair/253-01-rockaway-blvd?utm_source=GMBlisting&utm_medium=organic&utm_campaign=GMBinhomerepair&SID=5297&phone=5164002049,,"25301 Rockaway Blvd, Rosedale, NY 11422",Rosedale,New York,40.6373623,-73.7401089,gmaps_apify,new,2026-08-01T15:45:32.435+00:00
gmap:ChIJo1lQabVmwokR4Hf3lVchliM,Rochdale Village Appliance Repair,appliance repair,(718) 715-1796,,https://rochdalevillageappliancerepair.com/,,"120-20 Merrick Blvd, Jamaica, NY 11434",Jamaica,New York,40.6836467,-73.7702524,gmaps_apify,new,2026-08-01T15:45:32.435+00:00
gmap:ChIJlZ5pgJl7wokROdE6IA9JNaQ,Repair Master,appliance repair,(718) 886-1132,,https://www.repairmasterinc.com/,,,New York,NY,40.6971415,-73.979506,gmaps_apify,new,2026-08-01T15:45:32.435+00:00
gmap:ChIJo7qBKN1pwokRK_FUm6vkhHc,Far Rockaway Appliance Repair,appliance repair,(516) 302-4831,,,,"59-14 Beach Channel Dr #45, Arverne, NY 11692",Arverne,New York,40.5941144,-73.789422,gmaps_apify,new,2026-08-01T15:45:32.435+00:00
gmap:ChIJA9e144lZwokRGnHYeKtbAcE,Upper East Side Locksmith & Key Copy,locksmith,(212) 540-1202,,https://uppereastsidelocksmithkeycopy.com/,,"1156 Lexington Ave, New York, NY 10075",New York,New York,40.7755354,-73.9586789,gmaps_apify,new,2026-08-01T15:37:29.436+00:00
gmap:ChIJlY2MTsdhwokRQRqS0QXZCEY,KeyMe Locksmiths,locksmith,(973) 339-0994,,https://key.me/kiosks/new-york/flushing/murray-hill/key-copy-murray-hill-new-york,,"146-26 Northern Blvd, Flushing, NY 11354",Flushing,New York,40.7649254,-73.8196665,gmaps_apify,new,2026-08-01T15:37:29.436+00:00
gmap:ChIJxa4MOlv3wokRDeEAp_hBYPM,KeyMe Locksmiths,locksmith,(201) 581-8212,,https://key.me/kiosks/new-york/new-york/new-york/locksmith-key-copy-new-york-7-eleven-10029-new-york,,"2256 2nd Ave, New York, NY 10029",New York,New York,40.7967296,-73.9376124,gmaps_apify,new,2026-08-01T15:37:29.436+00:00
gmap:ChIJQURMJQT2wokRJNUUoPbTjhU,"Global Locksmiths & Alarm CO., INC.",locksmith,(646) 206-9036,,http://globallocksmiths.com/,,"172 E 112th St, New York, NY 10029",New York,New York,40.7954503,-73.9427099,gmaps_apify,new,2026-08-01T15:37:29.436+00:00
gmap:ChIJy7M6AjL3wokR8AStz5Dkb5s,Harlem Locksmith Service,locksmith,(212) 423-4044,,https://www.harlemlocksmithservice.com/,,"2313 2nd Ave, New York, NY 10035",New York,New York,40.7988391,-73.9367916,gmaps_apify,new,2026-08-01T15:37:29.436+00:00
gmap:ChIJ71n6mofNcCEROVfafwucj6E,Astoria Lock & Safe,locksmith,(718) 278-0056,,https://astorialockandsafe.com/,,,New York,NY,40.7320859,-73.8188753,gmaps_apify,new,2026-08-01T15:37:29.436+00:00
gmap:ChIJe1a6c7NfwokRITnmJ7hjrrg,KeyMe Locksmiths,locksmith,(201) 380-7541,,https://key.me/kiosks/new-york/astoria/astoria/locksmith-key-copy-astoria-7-eleven-11105-new-york,,"22-29 31st St, Astoria, NY 11105",Astoria,New York,40.7753569,-73.911316,gmaps_apify,new,2026-08-01T15:37:29.436+00:00
gmap:ChIJFb6lChP0wokR5jQyVNrrumc,NEW GENERATION HARDWARE STORE,locksmith,(718) 583-7211,,https://www.pointy.com/shops/usa/new-york/bronx/new-generation-hardware-store?page=5,,"1800 Dr Martin L King Jr Blvd, Bronx, NY 10453",Bronx,New York,40.8504687,-73.9151292,gmaps_apify,new,2026-08-01T15:37:29.436+00:00
gmap:ChIJo9yeQXv3wokR0BPcu4jJ0W8,Lenny Locksmith,locksmith,(347) 929-9770,,https://lennylocksmithny.com/,,"210 E 121st St, New York, NY 10035",New York,New York,40.8008232,-73.9372399,gmaps_apify,new,2026-08-01T15:37:29.436+00:00
gmap:ChIJPR6oDLlYwokRog6VFdrc7E8,Sky Locksmith & Safes,locksmith,(212) 288-7773,,http://www.skylocksmith.com/,,"1574 1st Ave, New York, NY 10028",New York,New York,40.7740204,-73.9511474,gmaps_apify,new,2026-08-01T15:37:29.436+00:00
gmap:ChIJp3lILkaLwokRzoy_yp4hdfs,KeyMe Locksmiths,locksmith,(612) 888-8745,,https://key.me/kiosks/new-york/bronx/bronx/locksmith-key-copy-bronx-speedway-10461-new-york,,"3355 E Tremont Ave, Bronx, NY 10461",Bronx,New York,40.834949,-73.8291811,gmaps_apify,new,2026-08-01T15:37:29.436+00:00
gmap:ChIJDwlPIxVfwokRkJmo10v_3vM,Locksmith Plus,locksmith,(917) 444-5474,,https://www.locksmithplus.nyc/,,"18-17 Astoria Blvd, Astoria, NY 11102",Astoria,New York,40.7723688,-73.926767,gmaps_apify,new,2026-08-01T15:37:29.436+00:00
gmap:ChIJxyJLjRpfwokRWNlsWPKBHQY,Astoria Locksmith and Door Inc.,locksmith,(718) 440-9204,,https://rightawaylocksmiths.com/,,"31-08 21st St, Astoria, NY 11106",Astoria,New York,40.7671626,-73.9303488,gmaps_apify,new,2026-08-01T15:37:29.436+00:00
gmap:ChIJA6_KYN71wokRfTD8TQOUmJQ,KeyMe Locksmiths,locksmith,(551) 296-7476,,https://key.me/kiosks/new-york/bronx/bronx/locksmith-key-maker-bronx-foodtown-10462-new-york,,"1489 West Ave, Bronx, NY 10462",Bronx,New York,40.8373177,-73.8614905,gmaps_apify,new,2026-08-01T15:37:29.436+00:00
gmap:ChIJ94HgAepYwokRYLVwldJ15sM,Umbrella Locksmith Service,locksmith,(212) 744-4499,,https://umbrellalocksmith.com/,,"1306 2nd Ave, New York, NY 10065",New York,New York,40.766544,-73.959689,gmaps_apify,new,2026-08-01T15:37:29.436+00:00
gmap:ChIJB4LCeEhfwokRJ1VXRwNooMM,DV Locksmith & Hardware Inc.,locksmith,(718) 728-8912,,http://www.dvlocksmithhardware.com/,,"25-19 30th Ave., Astoria, NY 11102",Astoria,New York,40.768504,-73.924276,gmaps_apify,new,2026-08-01T15:37:29.436+00:00
gmap:ChIJISCtgYNZwokR_Nag80tUsNk,All Star Lock N Door Locksmith Incorporated,locksmith,(212) 597-2651,,https://starlockndoor.com/,,"450 E 81st St, New York, NY 10028",New York,New York,40.7727798,-73.9499974,gmaps_apify,new,2026-08-01T15:37:29.436+00:00
gmap:ChIJv4joZb5YwokRwEzhOPoPA4w,Charles Locksmith & Hardware,locksmith,(212) 879-2740,,https://charleslocksmith.com/,,"185 E 80th St, New York, NY 10075",New York,New York,40.775304,-73.9571212,gmaps_apify,new,2026-08-01T15:37:29.436+00:00
gmap:ChIJpZST_0pZwokRhnZB0bISUIM,Safety Locksmith & Hardware Store,locksmith,(917) 338-1950,,https://safetylockhardware.com/,,"1713 2nd Ave, New York, NY 10128",New York,New York,40.779727,-73.9506544,gmaps_apify,new,2026-08-01T15:37:29.436+00:00
gmap:ChIJm8-0gr9YwokR5O1gBkk_Axs,USA Locksmith Service,locksmith,(212) 744-3915,,https://usalocksmithinc.com/,,"1463 2nd Ave, New York, NY 10075",New York,New York,40.7716054,-73.9566006,gmaps_apify,new,2026-08-01T15:37:29.436+00:00
gmap:ChIJbbKSpTxfwokRfajo-2RcEGg,Astoria Locksmith and Security Systems,locksmith,(718) 844-4706,,,,"31-19 Newtown Ave, Astoria, NY 11102",Astoria,New York,40.7671267,-73.9202598,gmaps_apify,new,2026-08-01T15:37:29.436+00:00
gmap:ChIJ99p5BSxZwokRQ8eBigNS-3A,Artie's Locksmith Carnegie Hill,locksmith,(917) 920-5469,,,,"1740 2nd Ave, New York, NY 10128",New York,New York,40.7807242,-73.9494413,gmaps_apify,new,2026-08-01T15:37:29.436+00:00
gmap:ChIJxc2mYZt7_24RSBVfP-sRQBo,Mobile Locksmith USA,locksmith,(646) 657-9908,,http://mobilelocksmithusa.com/,,,New York,NY,40.7036855,-73.846166,gmaps_apify,new,2026-08-01T15:37:29.436+00:00
gmap:ChIJ4Z2MUMShkgARZESYbAfRft8,Yellow Diamond Locksmith & Garage Door INC.,locksmith,(929) 302-4304,,http://yellowdiamondlocksmith.com/,,,New York,NY,40.7394014,-73.7399525,gmaps_apify,new,2026-08-01T15:37:29.436+00:00
gmap:ChIJ0YHJQLNZwokRdub-oRJGlhg,THE NYC LOCKSMITH,locksmith,(914) 344-2929,,,,"318 E 104th St, New York, NY 10029",New York,New York,40.7888732,-73.9427386,gmaps_apify,new,2026-08-01T15:37:29.436+00:00
gmap:ChIJ5UsOQbP3wokRmRyr1-b3CNE,East west Locksmith Key & Door,locksmith,(917) 384-5777,,https://www.eastwestlocksmithkeyanddoor.com/,,"111 W 124th St, New York, NY 10027",New York,New York,40.807573,-73.946504,gmaps_apify,new,2026-08-01T15:37:29.436+00:00
gmap:ChIJhd558Hv2wokRHiIwOM0rD3Y,KeyMe Locksmiths,locksmith,(646) 791-2539,,https://key.me/kiosks/new-york/new-york/hamilton-heights/hamilton-heights-locksmith,,"300 W 145th St, New York, NY 10039",New York,New York,40.8229509,-73.9425615,gmaps_apify,new,2026-08-01T15:37:29.436+00:00
gmap:ChIJY20KH4f1wokRIDj-3p2E7cc,Alexander's Auto Parts - Locksmith Services,locksmith,(646) 274-2764,,https://www.bronxlocksmith.com/central-bronx-locksmith-services.asp,,"1441 Edward L Grant Hwy, Bronx, NY 10452",Bronx,New York,40.8429382,-73.9232377,gmaps_apify,new,2026-08-01T15:37:29.436+00:00
gmap:ChIJeYArYzv3wokRYDLPgG08sYg,Morris Park Locksmith & Hardware,locksmith,(347) 717-7168,,http://morrispark-locksmith.com/,,"118 E 116th St, New York, NY 10029",New York,New York,40.7986902,-73.9424333,gmaps_apify,new,2026-08-01T15:37:29.436+00:00
gmap:ChIJneQlA5H3wokRO1rrJDAtdDY,Instalock Locksmith,locksmith,(917) 456-8153,,,,"2701 Frederick Douglass Blvd, New York, NY 10030",New York,New York,40.8219175,-73.942933,gmaps_apify,new,2026-08-01T15:37:29.436+00:00
gmap:ChIJr98sPbX1wokRZKPFrjM2Z8A,New Legacy Automotive/ locksmith,locksmith,(347) 403-6407,,,,"2276 Arthur Ave Ste B, Bronx, NY 10457",Bronx,New York,40.8524162,-73.8897028,gmaps_apify,new,2026-08-01T15:37:29.435+00:00
gmap:ChIJeewXt2j0wokRqkq924U_peo,KeyMe Locksmiths,locksmith,(917) 789-1438,,https://key.me/kiosks/new-york/bronx/west-bronx/copy-keys-west-bronx-ny,,"1845 Webster Ave, Bronx, NY 10457",Bronx,New York,40.8467229,-73.9019722,gmaps_apify,new,2026-08-01T15:37:29.435+00:00
gmap:ChIJz1rLvztfwokRbI6Je3Erl3w,Admiral Lock & Key Company,locksmith,(718) 274-2491,,,,"37-17 Broadway, Astoria, NY 11103",Astoria,New York,40.759583,-73.919872,gmaps_apify,new,2026-08-01T15:37:29.435+00:00
gmap:ChIJk0YI-oT1wokR2CWO3BC-5tc,Hugo Auto Locksmith,locksmith,(929) 297-8545,,https://www.locksmithbronxny.com/,,,New York,NY,40.85166,-73.840934,gmaps_apify,new,2026-08-01T15:37:29.435+00:00
gmap:ChIJr0sdvnv1wokRcCdIY7pHY3I,Instalock Locksmith,locksmith,(914) 350-3952,,,,"741 Lydig Ave, Bronx, NY 10462",Bronx,New York,40.8546236,-73.8660983,gmaps_apify,new,2026-08-01T15:37:29.435+00:00
gmap:ChIJBy6UyrL1wokRCzW2q_o67c0,KeyMe Locksmiths,locksmith,(551) 234-0293,,https://key.me/kiosks/new-york/bronx/bronx/locksmith-copy-keys-bronx-foodtown-10451-new-york,,"3100 3rd Ave, Bronx, NY 10451",Bronx,New York,40.8215509,-73.9116483,gmaps_apify,new,2026-08-01T15:37:29.435+00:00
gmap:ChIJiXtbojZfwokRmX8lpjfGM1k,A Local Locksmith Queens Inc.,locksmith,(718) 651-9071,,https://alocallocksmithqueens.com/,,"35-09 64th St, Woodside, NY 11377",Woodside,New York,40.7499489,-73.8984749,gmaps_apify,new,2026-08-01T15:37:29.435+00:00
gmap:ChIJvw2L_pD1wokRZHrWw2DfvPE,KeyMe Locksmiths,locksmith,(551) 296-7391,,https://key.me/kiosks/new-york/bronx/bronx/locksmith-key-copy-bronx-stop-shop-10460-new-york,,"961 E 174th St, Bronx, NY 10460",Bronx,New York,40.8381893,-73.8836595,gmaps_apify,new,2026-08-01T15:37:29.435+00:00
gmap:ChIJk93I0CBnwokRaUKPR8-rZPc,Rockaway Hardware,locksmith,(718) 327-7770,,,,"1-25 Smith Pl, Far Rockaway, NY 11691",Far Rockaway,New York,40.604351,-73.7521008,gmaps_apify,new,2026-08-01T15:37:29.435+00:00
gmap:ChIJhYdl_sz1wokR4IgThg6PzD4,Morris Park Lock & Key,locksmith,(929) 909-1305,,https://morrispark-locksmith.com/,,"2335 1st Ave, New York, NY 10035",New York,New York,40.7983899,-73.9338956,gmaps_apify,new,2026-08-01T15:37:29.435+00:00
gmap:ChIJL7cDViz1wokRgDSpgUxefL8,Instalock Locksmit,locksmith,(347) 712-3806,,,,"304 Willis Ave, Bronx, NY 10454",Bronx,New York,40.810457,-73.9215535,gmaps_apify,new,2026-08-01T15:37:29.435+00:00
gmap:ChIJGWMwGsxZwokRWgjqRc8woEE,Super Security Locksmith Services | New York,locksmith,(212) 288-5840,,https://supersecuritylocksmith.com/?utm_source=omg-gbp&utm_medium=webclick+,,"1437 1st Ave, New York, NY 10021",New York,New York,40.7695301,-73.9550398,gmaps_apify,new,2026-08-01T15:37:29.435+00:00
gmap:ChIJTS303xr3wokRvjQ524cey9c,Artie's Locksmith NYC,locksmith,(212) 328-9316,,https://www.locksmithnyc.com/,,"100 W 139th St, New York, NY 10030",New York,New York,40.816702,-73.9395535,gmaps_apify,new,2026-08-01T15:37:29.435+00:00
gmap:ChIJt3svEir3wokR5hqSjZFQH2E,Popeye's locksmith,locksmith,(917) 370-9792,,http://www.popeyeslocksmithnyc.com/,,"723A W 181st St, New York, NY 10033",New York,New York,40.8506732,-73.9368656,gmaps_apify,new,2026-08-01T15:37:29.435+00:00
gmap:ChIJFxNaVXf2wokRHUKeDfqrHZU,Pro-Tech Locksmith and Hardware LLC,locksmith,(212) 368-6346,,,,"2394 Adam Clayton Powell Jr Blvd, New York, NY 10030",New York,New York,40.8184873,-73.9417277,gmaps_apify,new,2026-08-01T15:37:29.435+00:00
gmap:ChIJh1mUuqRYwokRKHHd8T9Xo9w,CBS Locksmith,locksmith,(212) 410-0090,,,,"1636 3rd Ave, New York, NY 10128",New York,New York,40.7825716,-73.9515836,gmaps_apify,new,2026-08-01T15:37:29.435+00:00
gmap:ChIJXWy964CLwokR1WE74JwYbXY,KeyMe Locksmiths,locksmith,(551) 210-4761,,https://key.me/kiosks/new-york/bronx/bronx/locksmith-copy-keys-bronx-throggs-neck-deli-grill-10465-new-york,,"3742 E Tremont Ave, Bronx, NY 10465",Bronx,New York,40.8262726,-73.8221116,gmaps_apify,new,2026-08-01T15:37:29.434+00:00
gmap:ChIJhVlKCAWLwokRwxeaapo1ayI,KeyMe Locksmiths,locksmith,(973) 737-9970,,https://key.me/kiosks/new-york/bronx/middletown-pelham-bay/key-copy-middletown-pelham-bay-new-york,,"1590 Hutchinson Riv Pkwy, Bronx, NY 10462",Bronx,New York,40.8429766,-73.8366224,gmaps_apify,new,2026-08-01T15:37:29.434+00:00
gmap:ChIJAWhEzeNhwokR6M0RJbHcFI0,"纽约恒峰开锁, 开锁, 配钥匙, 汽车钥匙, 换锁, 指纹锁, H&F Locksmith",locksmith,(646) 427-4978,,https://hf-auto-locksmith-wkkx.b12sites.com/,,"42-35 Main St #1B, Flushing, NY 11355",Flushing,New York,40.7548318,-73.8276928,gmaps_apify,new,2026-08-01T15:37:29.434+00:00
gmap:ChIJ5Ua4DXRfwokRw3f6JrzIPOQ,Astoria Key Copy & Locksmith Service,locksmith,(718) 607-2753,,,,"42-20 Broadway, Long Island City, NY 11103",Long Island City,New York,40.7577235,-73.9168824,gmaps_apify,new,2026-08-01T15:37:29.434+00:00
gmap:ChIJsSkRB62KwokR6Rp2oX5txnI,Spectrum Locks - Locksmith & Car Key Replacement,locksmith,(718) 961-5110,,http://www.spectrumlocks.com/,,"129-13 20th Ave, College Point, NY 11356",College Point,New York,40.7818844,-73.8390992,gmaps_apify,new,2026-08-01T15:37:29.434+00:00
gmap:ChIJy2Zp8Kz1wokRjiKacFOcCho,"Star Gate & Empire Locksmith, Inc.",locksmith,(718) 409-0909,,https://www.stargateempire.com/,,"2094 White Plains Rd, Bronx, NY 10462",Bronx,New York,40.8531979,-73.8675421,gmaps_apify,new,2026-08-01T15:37:29.434+00:00
gmap:ChIJZVRpwSFfwokRk5uY_67AUPo,K&D Locksmith NYC,locksmith,(646) 663-3579,,,,"42-16 28th Ave Fl 1, Long Island City, NY 11103",Long Island City,New York,40.764268,-73.9115947,gmaps_apify,new,2026-08-01T15:37:29.434+00:00
gmap:ChIJPc9bfGpfwokR_-5CYz1BHnE,Elmhurst Locksmith Service,locksmith,(718) 314-2922,,http://www.elmhurstlocksmithservice.com/,,"98-02 Astoria Blvd, Flushing, NY 11369",Flushing,New York,40.7620212,-73.8711491,gmaps_apify,new,2026-08-01T15:37:29.434+00:00
gmap:ChIJJ4X-WjdgwokR3_2YJhBR6ZI,OK LOCK,locksmith,(718) 961-4660,,,,"160-20 46th Ave, Flushing, NY 11358",Flushing,New York,40.7537528,-73.8060455,gmaps_apify,new,2026-08-01T15:37:29.434+00:00
gmap:ChIJdXuc1j6LwokRAhgv7QJ9Oas,Galaxy Lock & Alarm Co Inc,locksmith,(718) 863-1365,,http://galaxylock.com/,,"3633 E Tremont Ave, Bronx, NY 10465",Bronx,New York,40.8284386,-73.8237939,gmaps_apify,new,2026-08-01T15:37:29.434+00:00
gmap:ChIJGXWXF_FfwokRfJlNG5IvNS0,Straus Emergency Locksmith,locksmith,(917) 962-0024,,https://www.top-locksmith.com/astoria-ny-11103.asp,,"28-09 Steinway St, Long Island City, NY 11103",Long Island City,New York,40.7650632,-73.9136836,gmaps_apify,new,2026-08-01T15:37:29.434+00:00
gmap:ChIJ09zTNl1fwokRjGxuwom7cqM,Bartunek Hardware Inc,locksmith,(718) 278-1723,,http://www.bartunekhardware.com/,,"28-07 23rd Ave, Astoria, NY 11105",Astoria,New York,40.775496,-73.914092,gmaps_apify,new,2026-08-01T15:37:29.434+00:00
gmap:ChIJDw9NvrLrQg0RgFf4ITxe1iw,Jimmy's Landscaping & masonry Inc,landscaping,(646) 940-3017,,,,"1181 Forest Ave, Staten Island, NY 10310, United States",Staten Island,New York,40.6269201,-74.1292757,gmaps_apify,new,2026-08-01T15:37:03.276+00:00
gmap:ChIJFUBMd6BMwokRnFAmc4KU1us,New Twins Landscaping and Construction Corp,landscaping,(646) 704-6249,,http://newtwins.info/,,"485 Wild Ave, Staten Island, NY 10314, United States",Staten Island,New York,40.5860599,-74.1968606,gmaps_apify,new,2026-08-01T15:37:03.276+00:00
gmap:ChIJYzRCIuNYwokR7BSfg1opc_M,Metropolitan Garden Design,landscaping,(347) 325-1720,,http://www.metropolitangardendesign.com/,,"22 E 88th St, New York, NY 10128",New York,New York,40.7819881,-73.9584149,gmaps_apify,new,2026-08-01T15:37:03.276+00:00
gmap:ChIJj2TwszFgwokRYhodjP3QyYU,David Landscaping Services,landscaping,(786) 857-2738,,http://davidlandscapingservices.com/,,"162-06 65th Ave apartment#3, Flushing, NY 11365",Flushing,New York,40.7366415,-73.8063751,gmaps_apify,new,2026-08-01T15:37:03.276+00:00
gmap:ChIJue9DlJyKwokRVwi9WBg7aiY,naimoli landscaping,landscaping,(718) 939-5328,,,,"154-38 26th Ave, Flushing, NY 11354",Flushing,New York,40.773574,-73.8083429,gmaps_apify,new,2026-08-01T15:37:03.276+00:00
gmap:ChIJAzsjzISKwokRUlGvteZ_eso,Benny and Son Creative Landscaping,landscaping,(347) 915-6225,,http://www.bennyandsonlandscaping.com/,,"24-17 157th St, Whitestone, NY 11357",Whitestone,New York,40.775936,-73.806291,gmaps_apify,new,2026-08-01T15:37:03.276+00:00
gmap:ChIJg8mv66xhwokRp99XdV_6K6o,Valdez lawns care/landscaping services,landscaping,(347) 681-3348,,http://www.valdezlawnscare.com/,,"161-13 Horace Harding Expy, Flushing, NY 11365",Flushing,New York,40.7390436,-73.8069202,gmaps_apify,new,2026-08-01T15:37:03.276+00:00
gmap:ChIJhUhxj9FfwokR8KvZ2njUpeM,Gardening|Js Landscaping Pro Corp.,landscaping,(347) 271-0696,,http://www.jslandscapingprocorp.com/,,"110-36 55th Ave apt.1a, Corona, NY 11368",Corona,New York,40.7417553,-73.8515179,gmaps_apify,new,2026-08-01T15:37:03.276+00:00
gmap:ChIJT6ON7xGLwokRaou8eeusblQ,JB Landscaping Company,landscaping,(347) 545-2667,,http://jblandscapingcompany.com/,,"212-71 26th Ave #604550, Bayside, NY 11360",Bayside,New York,40.7787477,-73.7776628,gmaps_apify,new,2026-08-01T15:37:03.276+00:00
gmap:ChIJqYWXi24iX2wRDHdYfLr8vO8,CALISI LANDSCAPING CORP,landscaping,(718) 746-5146,,http://hopebridgenetwor.org/,,,New York,NY,40.7394014,-73.7326934,gmaps_apify,new,2026-08-01T15:37:03.276+00:00
gmap:ChIJh0BTCsVhwokRxaSI2iXs-dI,Garden World,landscaping,(718) 224-6789,,http://www.nygardenworld.com/,,"46-20 Francis Lewis Blvd, Flushing, NY 11358",Flushing,New York,40.753731,-73.7822787,gmaps_apify,new,2026-08-01T15:37:03.276+00:00
gmap:ChIJu77L0Xz1wokRkqJrn1cm34w,East landscaping,landscaping,(267) 726-1232,,,,"309 E Tremont Ave, Bronx, NY 10457",Bronx,New York,40.8487452,-73.9028712,gmaps_apify,new,2026-08-01T15:37:03.276+00:00
gmap:ChIJm_o2ttJPwokRg3YuggXIe5s,Grassroot Landscaping,landscaping,(929) 370-2054,,https://grassrootlandscaping.com/,,"33 Central Ave, Staten Island, NY 10301",Staten Island,New York,40.640911,-74.076491,gmaps_apify,new,2026-08-01T15:37:03.276+00:00
gmap:ChIJEWJCe_BMwokRoPowj-y7cDc,Bianco’s Landscaping & Masonry,landscaping,(718) 420-0901,,http://landscapingsi.com/,,"239 South Ave, Staten Island, NY 10303",Staten Island,New York,40.633941,-74.1659706,gmaps_apify,new,2026-08-01T15:37:03.276+00:00
gmap:ChIJN2uqgzEczw0RcEuXRC2LRJ8,25 A Cut Landscaping INC,landscaping,(347) 323-0434,,,,"Staten Island, NY 10306",Staten Island,New York,40.5750854,-74.1218857,gmaps_apify,new,2026-08-01T15:37:03.276+00:00
gmap:ChIJH5cZhbhNwokRJK0N4ChpIWI,Loffreno Landscaping,landscaping,(718) 448-7568,,,,"195 Granite Ave, Staten Island, NY 10303",Staten Island,New York,40.6330052,-74.1482221,gmaps_apify,new,2026-08-01T15:37:03.276+00:00
gmap:ChIJlcpXrMNNwokRwdJGNkbJ_9Q,K & J Landscaping Corp,landscaping,(347) 948-0152,,http://www.kandjtree.com/,,"1662 Castleton Ave, Staten Island, NY 10302",Staten Island,New York,40.636023,-74.139192,gmaps_apify,new,2026-08-01T15:37:03.276+00:00
gmap:ChIJz1g164pewokRAdQbeiE8x9E,"JC Landscaping & Design, Inc.",landscaping,(718) 672-7323,,https://jcdesignscapes.com/,,"66-70 69th St, Middle Village, NY 11379",Middle Village,New York,40.712717,-73.886723,gmaps_apify,new,2026-08-01T15:37:03.276+00:00
gmap:ChIJVbdxbW61w4kRpxF2-_Rg5-U,Alliance Landscaping and Masonry,landscaping,(718) 434-0951,,http://alliancelsm.com/,,"Arthur Kill Rd, Staten Island, NY 10309, United States",Staten Island,New York,40.5492916,-74.2323329,gmaps_apify,new,2026-08-01T15:37:03.276+00:00
gmap:ChIJ8S4x1_5LwokRToJm5CAob78,J&J Landscaping & Construction,landscaping,(646) 248-9608,,https://jnjlandscapeconstruction.com/,,"73A Stack Dr, Staten Island, NY 10312",Staten Island,New York,40.5479351,-74.197125,gmaps_apify,new,2026-08-01T15:37:03.276+00:00
gmap:ChIJ4U6XmcVNwokRBEBnFdnJ_9Y,Mario's Landscaping Inc. of Staten Island,landscaping,(718) 727-0491,,,,"12 Lagrange Pl, Staten Island, NY 10302",Staten Island,New York,40.6296888,-74.1391735,gmaps_apify,new,2026-08-01T15:37:03.276+00:00
gmap:ChIJD_CFc8RNwokRfiNt7tloHxs,Blue Jay Landscaping and Cleaning Inc.,landscaping,(718) 273-9013,,https://bluejaylandscaping.lovable.app/,,"149 Clinton Pl, Staten Island, NY 10302",Staten Island,New York,40.6334814,-74.1399383,gmaps_apify,new,2026-08-01T15:37:03.276+00:00
gmap:ChIJO-yrgTdMwokRFhNThv5_Ve0,Gary's Landscaping,landscaping,(718) 761-2475,,http://www.garyslandscapingsi.com/,,"445 Decatur Ave, Staten Island, NY 10314, United States",Staten Island,New York,40.609903,-74.1448068,gmaps_apify,new,2026-08-01T15:37:03.276+00:00
gmap:ChIJVVWpiKtNwokR4oS7fvz-BA0,Calixto Landscaping Inc,landscaping,(718) 702-6137,,,,"100 Spartan Ave, Staten Island, NY 10303, United States",Staten Island,New York,40.6256435,-74.1654431,gmaps_apify,new,2026-08-01T15:37:03.276+00:00
gmap:ChIJByR-uZ1EwokRiM3NvMmkoIE,Brooklyn Landscaping,landscaping,(718) 339-3837,,,,"1978 Coyle St, Brooklyn, NY 11229",Brooklyn,New York,40.6037341,-73.9379892,gmaps_apify,new,2026-08-01T15:37:03.276+00:00
gmap:ChIJf0LwKVpDwokRzrSQzMkrpe0,Anthony Gallo Landscaping & Nursery,landscaping,(718) 377-1046,,http://gallogardens.com/,,"1909 Flatbush Ave, Brooklyn, NY 11210",Brooklyn,New York,40.6232864,-73.9372507,gmaps_apify,new,2026-08-01T15:37:03.276+00:00
gmap:ChIJtSJZ5vddwokRQFp1cWHVBcQ,Lisena Landscaping,landscaping,(718) 845-5185,,http://www.lisenaland.com/,,"101-20 99th St, Ozone Park, NY 11416",Ozone Park,New York,40.6846138,-73.8424427,gmaps_apify,new,2026-08-01T15:37:03.276+00:00
gmap:ChIJUcdzyqBEwokRWceAoc0cyF8,Casanova Gardening & Landscaping,landscaping,(718) 998-4643,,,,"1666 E 36th St, Brooklyn, NY 11234",Brooklyn,New York,40.614881,-73.937482,gmaps_apify,new,2026-08-01T15:37:03.276+00:00
gmap:ChIJrzid4UMBQEIRV6cBl_814ck,Grass-Hoppers Landscaping,landscaping,(917) 450-1123,,http://www.grass-hopperslandscaping.com/,,,New York,NY,40.7558144,-73.802276,gmaps_apify,new,2026-08-01T15:37:03.276+00:00
gmap:ChIJCVQ1KotMwokRryw-TtMOSxg,Victory Nursery & Landscaping Inc,landscaping,(347) 201-4124,,https://www.victorynursery2016.com/,,"3441 Victory Blvd, Staten Island, NY 10314",Staten Island,New York,40.6035521,-74.1739406,gmaps_apify,new,2026-08-01T15:37:03.276+00:00
gmap:ChIJq6qmA0xMwokRM_9rNRdAiYU,Four Seasons Landscaping,landscaping,(718) 494-1828,,,,"517 W Caswell Ave, Staten Island, NY 10314",Staten Island,New York,40.6161658,-74.1538838,gmaps_apify,new,2026-08-01T15:37:03.276+00:00
gmap:ChIJkbRRZsBLwokRtT5X0Vt6DgA,Kings County Landscaping Inc,landscaping,(718) 317-7048,,,,"25 Tudor St, Staten Island, NY 10308",Staten Island,New York,40.5583733,-74.1462624,gmaps_apify,new,2026-08-01T15:37:03.276+00:00
gmap:ChIJx48pTemKwokRAefmhFoobgs,Anthony & Sons Landscapers,landscaping,(917) 559-2090,,http://aslandscapedesign.com/,,"151-08 6th Rd, Whitestone, NY 11357",Whitestone,New York,40.7958128,-73.812788,gmaps_apify,new,2026-08-01T15:37:03.276+00:00
gmap:ChIJ63PSUbZB6IkReN0PcfKiCOU,Amber Freda NYC Landscape Design,landscaping,(646) 546-1592,,https://amberfreda.com/,,"69-04 Ditmars Blvd, East Elmhurst, NY 11370",East Elmhurst,New York,40.767985,-73.8996289,gmaps_apify,new,2026-08-01T15:37:03.276+00:00
gmap:ChIJB6BQsiZPwokRcbwfosud468,"Empire, Landscaping & Garden",landscaping,(347) 867-5346,,,,"74 Holly St, Staten Island, NY 10304",Staten Island,New York,40.5993661,-74.0954104,gmaps_apify,new,2026-08-01T15:37:03.276+00:00
gmap:ChIJA9ID-G5MwokRKRRTBNQbpE4,Carmelo's landscaping corp,landscaping,(347) 345-7079,,http://www.carmeloslandscapingcorp.com/,,"3188 Victory Blvd, Staten Island, NY 10314",Staten Island,New York,40.6066494,-74.1651794,gmaps_apify,new,2026-08-01T15:37:03.276+00:00
gmap:ChIJ5Xzqy9AyrY0RLNHTfLT-Or4,Manuel A. Romero landscaping,landscaping,(516) 263-7252,,,,,New York,NY,40.6559628,-73.7399839,gmaps_apify,new,2026-08-01T15:37:03.276+00:00
gmap:ChIJhZXPAg1vwokRwuZciNvu24o,Valley Tree & Landscape Service Inc.,landscaping,(516) 889-7534,,https://www.valleytreeny.com/,,,New York,NY,40.733204,-73.8411824,gmaps_apify,new,2026-08-01T15:37:03.276+00:00
gmap:ChIJtXuuq5xpwokRvYu3w0UM2YU,Eden Landscaping and Snow Removal,landscaping,(866) 776-3336,,http://www.edenapp.com/,,"16-10 Caffrey Ave Apt 4A, Far Rockaway, NY 11691",Far Rockaway,New York,40.5993939,-73.7507736,gmaps_apify,new,2026-08-01T15:37:03.276+00:00
gmap:ChIJAYr8sbxNwokRMk9xREQ_CNk,Acevedo Landscaping,landscaping,(646) 533-8287,,https://acevedolandscapingny.com/,,"111 Spartan Ave, Staten Island, NY 10303",Staten Island,New York,40.6261401,-74.1656724,gmaps_apify,new,2026-08-01T15:37:03.276+00:00
gmap:ChIJvRzxYcdNwokRJHPDKYDAIWU,Green Acre Landscaping Inc,landscaping,(718) 556-3456,,,,"188 Pulaski Ave, Staten Island, NY 10303, United States",Staten Island,New York,40.6334475,-74.1474158,gmaps_apify,new,2026-08-01T15:37:03.276+00:00
gmap:ChIJuaPOqatLwokR9KabL56MTbc,Tambasco Landscaping,landscaping,(718) 984-1520,,https://tambascolandscaping.com/,,"33 Chesebrough St, Staten Island, NY 10312",Staten Island,New York,40.5460364,-74.1675388,gmaps_apify,new,2026-08-01T15:37:03.276+00:00
gmap:ChIJ57rZsIPGlwQRdEo7BhU-Hdc,Serranos Landscaping&Services LLC,landscaping,(917) 573-9076,,https://serranosconstructionandconcrete.com/,,"1597 Castleton Ave, Staten Island, NY 10302",Staten Island,New York,40.6362475,-74.1363683,gmaps_apify,new,2026-08-01T15:37:03.276+00:00
gmap:ChIJTzYiwNpNwokRsa0FQWtjo6Q,Estudillo Landscaping Corp.,landscaping,(917) 250-1503,,,,"84 Lexington Ave, Staten Island, NY 10302",Staten Island,New York,40.6295235,-74.1344248,gmaps_apify,new,2026-08-01T15:37:03.276+00:00
gmap:ChIJ5ehePchcwokR598fxy1OiVM,Admire Landscaping & Lawn Care,landscaping,(718) 684-9886,,http://admirelandscaping.com/,,,New York,NY,40.6971415,-73.979506,gmaps_apify,new,2026-08-01T15:37:03.276+00:00
gmap:ChIJsdj-xBVNwokR5qY4URL8wUo,EJ Landscaping Inc,landscaping,(347) 500-3879,,http://ejlandscapingservices.com/,,"249 Heberton Ave, Staten Island, NY 10302, United States",Staten Island,New York,40.6343722,-74.1327816,gmaps_apify,new,2026-08-01T15:37:03.276+00:00
gmap:ChIJT4s6aya1w4kR6mNFcbiHEa8,"Rock Solid Landscaping and Masonry Design, Inc",landscaping,(718) 967-2222,,http://www.rocksolidyards.com/,,"516 Industrial Loop W, Staten Island, NY 10309, United States",Staten Island,New York,40.548477,-74.23119,gmaps_apify,new,2026-08-01T15:37:03.276+00:00
gmap:ChIJryER5oesRGoRokpncLCNJDI,Vincent Marando Landscaping,landscaping,(718) 790-2110,,https://vincentmarandolandscaping.com/,,"8 Turf Rd, Staten Island, NY 10314",Staten Island,New York,40.5841916,-74.1547554,gmaps_apify,new,2026-08-01T15:37:03.276+00:00
gmap:ChIJlfPebi9MwokRVhgeQ9kZT84,Steve's Landscaping & Lawncare Inc.,landscaping,(718) 698-7190,,http://www.steveslandscapingny.com/,,"133 Bradley Ave, Staten Island, NY 10314",Staten Island,New York,40.6087026,-74.1318711,gmaps_apify,new,2026-08-01T15:37:03.276+00:00
gmap:ChIJOYt9f8Pvu20RQ8rR7-qXuLE,Turf & Garden Landscaping Inc,landscaping,(718) 791-7070,,,,"28-17 160th St, Flushing, NY 11358",Flushing,New York,40.7714973,-73.8040658,gmaps_apify,new,2026-08-01T15:37:03.276+00:00
gmap:ChIJjQRuGEFhwokRMqk83oWoC4o,Oscar Abarca Landscaping,landscaping,(347) 785-2646,,https://abarcalandscapingny.com/,,"147-10 41st Ave Apt 6r, Flushing, NY 11355",Flushing,New York,40.761327,-73.817502,gmaps_apify,new,2026-08-01T15:37:03.276+00:00
gmap:ChIJ8azRvZWKwokRwIzzCIKZY9E,Zelaya Landscaping,landscaping,(718) 357-5134,,,,"148-13 15th Ave, Flushing, NY 11357",Flushing,New York,40.78725,-73.81676,gmaps_apify,new,2026-08-01T15:37:03.276+00:00
gmap:ChIJZR-dnr0IVSkRolJeiB_KpXA,Landscaping Partners NYC,landscaping,(929) 606-0002,,https://crownscapepropertyservices.com/,,"2805 E 28th St, Brooklyn, NY 11235",Brooklyn,New York,40.5846513,-73.9406832,gmaps_apify,new,2026-08-01T15:37:03.276+00:00
gmap:ChIJUxwhdOVEwokRwwvnK-RfNSY,Priority Landscaping & Nursery,landscaping,(718) 376-3344,,,,"1861 McDonald Ave, Brooklyn, NY 11223",Brooklyn,New York,40.6074569,-73.972363,gmaps_apify,new,2026-08-01T15:37:03.276+00:00
gmap:ChIJDU-a6rBbwokRDudSthJQmJ4,Modern Urban Design Landscaping,landscaping,(917) 692-2054,,http://www.mudlandscaping.com/,,"260 Cumberland St, Brooklyn, NY 11205",Brooklyn,New York,40.6881692,-73.9730166,gmaps_apify,new,2026-08-01T15:37:03.276+00:00
gmap:ChIJb-pPJkdFwokRWsIChq-THo8,Picazo landscaping INC,landscaping,(347) 695-6914,,https://picazolandscapinginc.jobbersites.com/,,"2103 Batchelder St, Brooklyn, NY 11229",Brooklyn,New York,40.6005839,-73.9387751,gmaps_apify,new,2026-08-01T15:37:03.276+00:00
gmap:ChIJccQJ8-GAB4QR-rOtmkviKJw,Premier Landscaping and Beyond LLC,landscaping,(929) 341-2248,,https://premierlbnyc.com/,,"150-43 12th Rd, Flushing, NY 11357",Flushing,New York,40.7903162,-73.8128201,gmaps_apify,new,2026-08-01T15:37:03.276+00:00
gmap:ChIJpZ4cWw9pwokR_3KsHEUg7sU,Ark & Angel's Construction & Landscaping,landscaping,(704) 674-0611,,,,"1-77 B 26th St, Far Rockaway, NY 11691",Far Rockaway,New York,40.5944053,-73.7593575,gmaps_apify,new,2026-08-01T15:37:03.275+00:00
gmap:ChIJ75GQMuBnwokR4vpawxUDyjc,Lisena Garden Center,landscaping,(718) 474-5413,,https://shoplisenaland.com/,,"1-25 Cross Bay Blvd, Broad Channel, NY 11693",Broad Channel,New York,40.6137488,-73.8215992,gmaps_apify,new,2026-08-01T15:37:03.275+00:00
gmap:ChIJdVPj1GVMwokRreCIoWoKMMQ,Fanelli Landscape Supply,landscaping,(718) 761-5698,,http://www.flssupply.com/,,"3599 Victory Blvd, Staten Island, NY 10314",Staten Island,New York,40.6006942,-74.1774604,gmaps_apify,new,2026-08-01T15:36:51.748+00:00
gmap:ChIJ8WKiNktSxWkRLvdBY36R34Q,Jorge&Son Landscaping,landscaping,(347) 613-0044,,,,,New York,NY,40.7451625,-73.7823873,gmaps_apify,new,2026-08-01T15:36:51.747+00:00
gmap:ChIJr150WHNfwokRZLYzfBmD4s4,Garden Center at The Home Depot,landscaping,(718) 507-9007,,https://www.homedepot.com/l/Bulova-Queens/NY/East-Elmhurst/11370/6844/garden-center?emt=GCGoogleMaps,,"73-01 25th Ave, East Elmhurst, NY 11370",East Elmhurst,New York,40.7631441,-73.8952185,gmaps_apify,new,2026-08-01T15:36:51.747+00:00
gmap:ChIJk0kdYDxiwokRWZieIIP8kf4,Gum Tree Landscaping,landscaping,(347) 924-5353,,,,,New York,NY,40.805146,-73.9003419,gmaps_apify,new,2026-08-01T15:36:51.747+00:00
gmap:ChIJM5g2IerlmmgRXo_tAgqfALg,Walter landscaping corp.,landscaping,(347) 757-7785,,,,,New York,NY,40.6971415,-73.979506,gmaps_apify,new,2026-08-01T15:36:51.747+00:00
gmap:ChIJpyFsR11hwokRhLvrqNzZMbY,J.A.M LANDSCAPING & CONSTRUCTION,landscaping,(347) 612-3342,,,,,New York,NY,40.7451625,-73.7865177,gmaps_apify,new,2026-08-01T15:36:51.747+00:00
gmap:ChIJl8aJrGX2wokRYJDmiCQc-98,Manhattan Landscape Company,landscaping,(212) 470-8262,,,,"511 W 139th St, New York, NY 10031",New York,New York,40.821976,-73.9511136,gmaps_apify,new,2026-08-01T15:36:51.747+00:00
gmap:ChIJ_14JXNAR4oYR1u-RxJSNqJs,D&C landscape,landscaping,(646) 994-0326,,http://www.landscape-dc.com/,,,New York,NY,40.6971415,-73.979506,gmaps_apify,new,2026-08-01T15:36:51.747+00:00
gmap:ChIJfdHe5NK-n6EReNrMeM-wCT8,Walter landscaping corp,landscaping,(347) 757-7785,,,,,New York,NY,40.6971415,-73.979506,gmaps_apify,new,2026-08-01T15:36:51.747+00:00
gmap:ChIJg2T7AVoCbCQRp__31Yav92U,Moreno Landscaping,landscaping,(917) 592-9855,,https://morenolawnservices.com/,,,New York,NY,40.7447568,-73.7008044,gmaps_apify,new,2026-08-01T15:36:51.747+00:00
gmap:ChIJ0xsEbuJhwokREzW88ehwU78,Clover's Landscaping Services Inc.,landscaping,(347) 965-9364,,,,"230-39 53rd Ave, Oakland Gardens, NY 11364",Oakland Gardens,New York,40.757084,-73.7507966,gmaps_apify,new,2026-08-01T15:36:51.747+00:00
gmap:ChIJ8UrBIODzwokR2nWWQkUU_Z0,Metro Green Gardening Corp.,landscaping,(917) 774-4249,,https://metrogreengardeningcorp.onepage.me/page-tyltp9pej4,,"1878 3rd Ave #2L, New York, NY 10029",New York,New York,40.7901364,-73.9460163,gmaps_apify,new,2026-08-01T15:36:51.747+00:00
gmap:ChIJDTVRaA_2wokRu88a-Nt1YjM,Urban Garden Center,landscaping,(646) 389-4299,,http://www.urbangardencenter.com/,,"1560 Park Ave, New York, NY 10029",New York,New York,40.7961749,-73.9455108,gmaps_apify,new,2026-08-01T15:36:51.747+00:00
gmap:ChIJYziYjtNYwokRDQomm4eQtiw,Cambridge,landscaping,(718) 472-1208,,https://cambridgeny.com/,,"22-12 40th Ave, Long Island City, NY 11101",Long Island City,New York,40.754314,-73.939983,gmaps_apify,new,2026-08-01T15:36:51.747+00:00
gmap:ChIJCx_vNxJZwokRxT3gOjMmLjM,Garden Design NYC - Best Rooftop and Terrace Landscape Designer in NYC,landscaping,(917) 940-7885,,https://gardendesign.nyc/,,"400 W 63rd St Apt 1006, New York, NY 10069",New York,New York,40.7745806,-73.9901338,gmaps_apify,new,2026-08-01T15:36:51.747+00:00
gmap:ChIJAQBHfLZKwokRbIeK7CYS6gU,Sagona Landscape Contractors,landscaping,(718) 948-5734,,https://sagonalandscaping.com/,,"30 Sagona Ct, Staten Island, NY 10309",Staten Island,New York,40.527458,-74.2115618,gmaps_apify,new,2026-08-01T15:36:42.692+00:00
gmap:ChIJg98Zj25bwokRloTuJfuho4w,Diyarza Landscaping – Garden Center,landscaping,(718) 438-3199,,https://www.diyarzalandscaping.org/,,"702 Caton Ave, Brooklyn, NY 11218",Brooklyn,New York,40.6473551,-73.9732921,gmaps_apify,new,2026-08-01T15:36:41.384+00:00
gmap:ChIJzdB0DGNEwokR0bKYHz2rdss,Bayview Landscaping Corporation,landscaping,(718) 332-2282,,,,"2577 E 19th St, Brooklyn, NY 11235",Brooklyn,New York,40.5886861,-73.9504005,gmaps_apify,new,2026-08-01T15:36:41.384+00:00
gmap:ChIJM4mS019EwokR6fjVuOoxfSI,Ianni Landscaping,landscaping,(718) 209-3238,,,,"2414 E 11th St, Brooklyn, NY 11235",Brooklyn,New York,40.591273,-73.959911,gmaps_apify,new,2026-08-01T15:36:41.384+00:00
gmap:ChIJn8VAOBlFwokROTqIzhWJt0k,"DeSanto Landscaping and Irrigation, LLC",landscaping,(718) 880-7396,,,,"2926 Coney Island Ave, Brooklyn, NY 11235",Brooklyn,New York,40.5851319,-73.960619,gmaps_apify,new,2026-08-01T15:36:41.384+00:00
gmap:ChIJ58f7ollcwokRaJbXCO0xZ8Q,C & C Landscape Contractors,landscaping,(718) 922-2900,,,,"435 Sutter Ave, Brooklyn, NY 11212",Brooklyn,New York,40.6686092,-73.90291,gmaps_apify,new,2026-08-01T15:36:41.384+00:00
gmap:ChIJk0MAHLtA7AwRG6HxDGWgPxM,Ivy League Landscaping,landscaping,(332) 262-7945,,https://www.ivyleagueny.com/,,"288 Prospect Park W #2, Brooklyn, NY 11215",Brooklyn,New York,40.6579685,-73.9829326,gmaps_apify,new,2026-08-01T15:36:41.384+00:00
gmap:ChIJISgLbXh_L0YR20pZp8PM7uI,JP Lawn Care,landscaping,(347) 227-5065,,,,,New York,NY,40.887043,-73.8372025,gmaps_apify,new,2026-08-01T15:36:30.703+00:00
gmap:ChIJMfj8XdxFwokRG-S529IMrtg,Brooklyn Cleaning Services,house cleaning,(929) 656-6456,,https://bklnclean.com/,,"1620 Bay Ridge Ave, Brooklyn, NY 11204",Brooklyn,New York,40.6192873,-73.9969966,gmaps_apify,new,2026-08-01T15:36:19.147+00:00
gmap:ChIJ71SDO-asVo8RGJ92krehQoA,NEW CLEAN LLC,house cleaning,(347) 516-7851,,https://newcleancompany.com/,,"8754 17th Ave, Brooklyn, NY 11214",Brooklyn,New York,40.6057205,-74.0083519,gmaps_apify,new,2026-08-01T15:36:19.147+00:00
gmap:ChIJswiIHSozWwERr2gB-Oq1BPs,Amazing Glow Cleaning Corp,house cleaning,(929) 320-9389,,,,"221 Mallory Ave, Staten Island, NY 10305",Staten Island,New York,40.5932501,-74.0770788,gmaps_apify,new,2026-08-01T15:36:19.147+00:00
gmap:ChIJnxTbppBJwokRQgRuH_RDKlY,L&S Group Cleaning,house cleaning,(718) 673-0031,,,,"51 Beacon Pl, Staten Island, NY 10306",Staten Island,New York,40.5648028,-74.1014681,gmaps_apify,new,2026-08-01T15:36:19.147+00:00
gmap:ChIJr4oBJcdFwokRMP25MDhxCsU,Veronica's Cleaning Service LLC,house cleaning,(929) 275-5354,,,,"9225 Fort Hamilton Pkwy, Brooklyn, NY 11209",Brooklyn,New York,40.6154804,-74.0279494,gmaps_apify,new,2026-08-01T15:36:19.147+00:00
gmap:ChIJ3cmkN81FwokRRO3Qwa9gya4,Elite Office Cleaning,house cleaning,(347) 533-0233,,https://eliteofficecleaningnyc.com/,,"9201 4th Ave, Brooklyn, NY 11209",Brooklyn,New York,40.6178927,-74.0298657,gmaps_apify,new,2026-08-01T15:36:19.147+00:00
gmap:ChIJzSSq-dZKwokR7uYzRQDBHiA,sicleaning ny,house cleaning,(347) 330-0242,,http://sicleaningny.com/,,"827 Rossville Ave, Staten Island, NY 10309",Staten Island,New York,40.546757,-74.2097127,gmaps_apify,new,2026-08-01T15:36:19.147+00:00
gmap:ChIJu4f_gLRawokR0BUqB6nOYe8,City Maid Service Sunset Park,house cleaning,(347) 635-6243,,http://www.nycmaidservice.net/,,"5323 5th Ave, Brooklyn, NY 11220",Brooklyn,New York,40.642882,-74.012081,gmaps_apify,new,2026-08-01T15:36:19.147+00:00
gmap:ChIJWfe9JG1PwokRHRM0SPZLSnA,Empire Cleaning,house cleaning,(212) 470-2087,,http://empirecleaning.org/,,"125 96th St Suite 6H, Brooklyn, NY 11209",Brooklyn,New York,40.6163401,-74.0371702,gmaps_apify,new,2026-08-01T15:36:19.147+00:00
gmap:ChIJEXq3qOlZwokR2EBGAwSiyUo,Post-Renovation Cleaning Brooklyn NY,house cleaning,(347) 609-7686,,,,"8409 13th Ave, Brooklyn, NY 11228",Brooklyn,New York,40.614812,-74.0126949,gmaps_apify,new,2026-08-01T15:36:19.147+00:00
gmap:ChIJA4nav-1FwokRssuOW62bTi4,Prof Tidy,house cleaning,(914) 454-7797,,https://proftidy.com/,,"252 74th St, Brooklyn, NY 11209",Brooklyn,New York,40.6321577,-74.0283828,gmaps_apify,new,2026-08-01T15:36:19.147+00:00
gmap:ChIJSW38dgNFwokRsmSKuhqh0xY,Chrissy Clean Services LLC,house cleaning,(347) 869-8309,,http://www.chrissycleanservice.com/,,"7014 13th Ave #202, Brooklyn, NY 11228",Brooklyn,New York,40.6229977,-74.0051023,gmaps_apify,new,2026-08-01T15:36:19.147+00:00
gmap:ChIJVb2-Fs9Mk40Rk0yOkWDdciQ,Royal Cleanse,house cleaning,(646) 859-1746,,https://www.royalcleanse.co/,,"8501 Fort Hamilton Pkwy, Brooklyn, NY 11209",Brooklyn,New York,40.6205896,-74.023549,gmaps_apify,new,2026-08-01T15:36:19.147+00:00
gmap:ChIJHSWM5PolFKIRKY3v5B2aLKg,Dream Cleaning NYC,house cleaning,(929) 930-1525,,https://dreamcleaningnyc.com/,,"8800 20th Ave, Brooklyn, NY 11214",Brooklyn,New York,40.6005042,-74.0028314,gmaps_apify,new,2026-08-01T15:36:19.147+00:00
gmap:ChIJJTdvZz5FwokRrvGpN5a__SY,Diamond Maids Inc.,house cleaning,(347) 449-4470,,https://www.cleaning-brooklyn.com/,,"1414 70th St, Brooklyn, NY 11228",Brooklyn,New York,40.6213819,-74.002049,gmaps_apify,new,2026-08-01T15:36:19.147+00:00
gmap:ChIJuWOF1_dEwokRDQQ9TfRJ0kA,"Morris eco-friendly cleaning services, llc",house cleaning,(347) 453-8900,,https://morrisecofriendlycleaningservices.com/,,"201 Gravesend Neck Rd, Brooklyn, NY 11223",Brooklyn,New York,40.5949427,-73.9690167,gmaps_apify,new,2026-08-01T15:36:19.147+00:00
gmap:ChIJ58LpjF2mIWERUVZHk3Azi-o,Sparkly Maid NYC Cleaning Services,house cleaning,(646) 585-3515,,https://www.sparklymaidnyc.com/,,"447 Broadway 2nd floor #523, New York, NY 10013",New York,New York,40.7206058,-74.0014893,gmaps_apify,new,2026-08-01T15:36:19.147+00:00
gmap:ChIJCcqYZBdFwokRT3Ov8huC-3I,Russian Cleaning Company,house cleaning,(929) 294-0295,,http://russiancleaningcompany.com/?utm_source=google&utm_medium=wix_google_business_profile&utm_campaign=15369011646840892397,,"3049 Brighton 6th St, Brooklyn, NY 11235",Brooklyn,New York,40.5784114,-73.9615373,gmaps_apify,new,2026-08-01T15:36:19.147+00:00
gmap:ChIJl3xU99hfwokR1w7MFd4VCZQ,Eco Green Cleaning Services | House Cleaning Service in NYC,house cleaning,(347) 332-5252,,https://ecogreencleaning.nyc/,,"175-07 Peck Ave Ste 2F, Fresh Meadows, NY 11365",Fresh Meadows,New York,40.7460722,-73.7942321,gmaps_apify,new,2026-08-01T15:36:19.147+00:00
gmap:ChIJn_opcJlZwokRYoNHCZof-uY,Zen Home Cleaning of Manhattan NYC,house cleaning,(212) 462-2566,,https://zenhomecleaning.com/,,"146 W 29th St Suite 5E, New York, NY 10001",New York,New York,40.7473403,-73.9921481,gmaps_apify,new,2026-08-01T15:36:19.147+00:00
gmap:ChIJmWSLa2xcwokRplphrgP_wlg,Lazy Susans Cleaning Service,house cleaning,(347) 984-9068,,https://www.lazysusanscleaning.com/,,"396 Washington Ave, Brooklyn, NY 11238",Brooklyn,New York,40.6870585,-73.965893,gmaps_apify,new,2026-08-01T15:36:19.147+00:00
gmap:ChIJZQydQ0BEwokR2cjQx8dzFVs,TopClean NYC,house cleaning,(929) 316-0005,,https://www.topclean.nyc/,,"2425 Haring St Apt 2b, Brooklyn, NY 11235",Brooklyn,New York,40.5928112,-73.9396534,gmaps_apify,new,2026-08-01T15:36:19.147+00:00
gmap:ChIJhfZq1kRoB4QRJK_0k22izoI,Cleaning Expert NY,house cleaning,(347) 804-0009,,https://cleaning-expert.org/,,"2225 E 29th St, Brooklyn, NY 11229",Brooklyn,New York,40.5975525,-73.9421216,gmaps_apify,new,2026-08-01T15:36:19.147+00:00
gmap:ChIJjzslNv5bwokRyjM7aUxTXVU,HomeClean Cleaning Services Brooklyn,house cleaning,(212) 203-6095,,https://homecleaningservice.nyc/our-services/cleaning-services-brooklyn/,,"33 Caton Pl Apt 1E, Brooklyn, NY 11218",Brooklyn,New York,40.6494913,-73.9738566,gmaps_apify,new,2026-08-01T15:36:19.147+00:00
gmap:ChIJ08KKgV8FqmERwvN_5xQNPEY,Cleaning Laboratory,house cleaning,(929) 998-9112,,https://cleaninglaboratory.com/?utm_source=google-maps&utm_medium=referal,,"715 Dunne Ct, Brooklyn, NY 11235",Brooklyn,New York,40.5902122,-73.9620505,gmaps_apify,new,2026-08-01T15:36:19.147+00:00
gmap:ChIJ1aPHSr9EwokRF2ERkpsnFO0,Home Clean Home,house cleaning,(718) 627-5781,,https://hchinc.net/,,"1215 Avenue M, Brooklyn, NY 11230",Brooklyn,New York,40.6180011,-73.9622789,gmaps_apify,new,2026-08-01T15:36:19.147+00:00
gmap:ChIJc8qoKZREwokRTf_WRaKfM6w,Quicklyn Brooklyn House Cleaning,house cleaning,(800) 852-7101,,https://quicklyn.com/brooklyn-house-cleaning-service/?utm_source=google_maps&utm_medium=organic,,"2140 Ocean Ave, Brooklyn, NY 11229",Brooklyn,New York,40.6095559,-73.9537616,gmaps_apify,new,2026-08-01T15:36:19.147+00:00
gmap:ChIJ7WuGOe5DwokRX-PTHjx88h4,"LUV Cleaning, LLC",house cleaning,(352) 444-9698,,http://luvcleaning4u.com/,,"5-67 B 131 St, Belle Harbor, NY 11694",Belle Harbor,New York,40.5808943,-73.8529918,gmaps_apify,new,2026-08-01T15:36:19.147+00:00
gmap:ChIJA9tysJBQGg0R8SHm5eUMdXk,Dimex Cleaning,house cleaning,(718) 799-4909,,https://www.dimexcleaning.com/,,"2566 E 19th St, Brooklyn, NY 11235",Brooklyn,New York,40.5888959,-73.9508795,gmaps_apify,new,2026-08-01T15:36:19.147+00:00
gmap:ChIJldu0xIepimoRhdp6k4qptUI,M&MSERVICES LLC,house cleaning,(917) 929-2190,,https://nycmmservices.com/,,"90 Hewitt Ave, Staten Island, NY 10301",Staten Island,New York,40.6077899,-74.0995955,gmaps_apify,new,2026-08-01T15:36:19.147+00:00
gmap:ChIJOSqDaMhLwokRVRNAVKMhJjQ,Skyline Building Services,house cleaning,(718) 356-9500,,http://www.skylinebuildingsvcs.com/,,"337 Dongan Hills Ave, Staten Island, NY 10305",Staten Island,New York,40.5836505,-74.0914898,gmaps_apify,new,2026-08-01T15:36:19.147+00:00
gmap:ChIJHxjs6npLwokRLUgEkLbeItU,Maid Service Staten Island,house cleaning,(332) 777-7972,,http://maidservicestatenisland.com/,,"901 Huguenot Ave, Staten Island, NY 10312",Staten Island,New York,40.5325267,-74.1916884,gmaps_apify,new,2026-08-01T15:36:19.146+00:00
gmap:ChIJd5eGkDlPwokR1FxKV1nXQNM,Bora Cleaning Services,house cleaning,(347) 344-1940,,https://boracleaningservices.com/,,"34 Hempstead Ave, Staten Island, NY 10306",Staten Island,New York,40.572692,-74.092417,gmaps_apify,new,2026-08-01T15:36:19.146+00:00
gmap:ChIJ9-uuwOtLwokRlCOs5ZdGyz0,Deep Cleaning Services Staten Island,house cleaning,(929) 395-0941,,http://deepcleaningservicesstatenisland.com/,,"24 Giffords Ln, Staten Island, NY 10308",Staten Island,New York,40.5513469,-74.1506141,gmaps_apify,new,2026-08-01T15:36:19.146+00:00
gmap:ChIJ8a08vdIRjWIRoJUy-luRFII,Pristine Kosher,house cleaning,(845) 756-7437,,http://pristinekosher.com/,,"9-07 Plainview Ave, Far Rockaway, NY 11691",Far Rockaway,New York,40.597298,-73.7448217,gmaps_apify,new,2026-08-01T15:36:19.146+00:00
gmap:ChIJKVFzTBbeI4gRFOyZvRBPfZk,Glorious Clean One Inc,house cleaning,(929) 816-1223,,http://gloriousclean.us/,,"15-02 Mott Ave, Far Rockaway, NY 11691",Far Rockaway,New York,40.6024826,-73.748728,gmaps_apify,new,2026-08-01T15:36:19.146+00:00
gmap:ChIJ467WlA5pwokR01YeXc-1_8E,Gaby's cleaning service,house cleaning,(347) 290-0750,,,,"57-31 Arverne Blvd, Far Rockaway, NY 11692",Far Rockaway,New York,40.592647,-73.7882528,gmaps_apify,new,2026-08-01T15:36:19.146+00:00
gmap:ChIJcV-azMCh0w4RgZCjBgVPrWA,Queen Brown Cleaning Service Inc.,house cleaning,(347) 212-2607,,,,,New York,NY,40.5945003,-73.7969829,gmaps_apify,new,2026-08-01T15:36:19.146+00:00
gmap:ChIJ66EnJ65PwokR45rm1n2q_Ew,Crazy Clean Cleaning Services,house cleaning,(929) 575-4746,,https://www.crazycleanhomes.com/,,"981 Bay St Ste 102, Staten Island, NY 10305",Staten Island,New York,40.6187245,-74.0692942,gmaps_apify,new,2026-08-01T15:36:19.146+00:00
gmap:ChIJKyUIU-pNwokR3I2HSe-m5TI,Crystal view cleaning,house cleaning,(917) 302-8651,,https://crystalviewcleaning.net/,,"31 Montana Ct, Staten Island, NY 10303",Staten Island,New York,40.6306574,-74.1545228,gmaps_apify,new,2026-08-01T15:36:19.146+00:00
gmap:ChIJkZPcbuBpwokRNdN8h9YItHs,KET Cleaning Services,house cleaning,(718) 954-4188,,,,"Beach 69th St, Arverne, NY 11692",Arverne,New York,40.5910788,-73.7987657,gmaps_apify,new,2026-08-01T15:36:19.146+00:00
gmap:ChIJ10V2Q9ZNwokRDnkRlapSoLU,Shining cleaning services,house cleaning,(718) 902-1795,,,,"73 Post Ln, Staten Island, NY 10303",Staten Island,New York,40.6374806,-74.1643419,gmaps_apify,new,2026-08-01T15:36:19.146+00:00
gmap:ChIJiYYDRoxLwokR4Dj6hcTlPp4,Velora Cleaning Services Staten Island,house cleaning,(718) 887-1649,,https://veloracleaningstatenisland.com/,,"3891 Amboy Rd, Staten Island, NY 10308",Staten Island,New York,40.5518536,-74.1483501,gmaps_apify,new,2026-08-01T15:36:19.146+00:00
gmap:ChIJLb1hwmRLwokR_hhVLyD05v4,HomeClean House Cleaning Services Staten Island,house cleaning,(929) 521-6748,,https://homecleaningservice.nyc/staten-island,,"770 Huguenot Ave, Staten Island, NY 10312",Staten Island,New York,40.5356095,-74.1939484,gmaps_apify,new,2026-08-01T15:36:19.146+00:00
gmap:ChIJMaG9mJMr3K4RMpedOHNSqe8,NYC Cleaning & Laundry Services | T&T Services,house cleaning,(929) 669-5435,,https://tntservice.net/,,,New York,NY,40.7327934,-73.8411824,gmaps_apify,new,2026-08-01T15:36:19.146+00:00
gmap:ChIJHzqvG0tOwokRcdF6NwSzeTs,Good Impressions Cleaning LLC,house cleaning,(718) 841-7436,,https://statenislandcleaning.com/,,"72 Boyd St, Staten Island, NY 10304",Staten Island,New York,40.6273014,-74.0789603,gmaps_apify,new,2026-08-01T15:36:19.146+00:00
gmap:ChIJt_5WMNtNwokRUd1U4TB7w9o,Cleaning Service Vision Divina RM,house cleaning,(917) 889-5969,,https://www.cleaningservicevisiondivinarm.com/,,"5 Washington Pl apt 1 pi 1, Staten Island, NY 10302",Staten Island,New York,40.6332154,-74.1315923,gmaps_apify,new,2026-08-01T15:36:19.146+00:00
gmap:ChIJVbsOiaFtHWERWDQIroXQExA,Spotless Shine Services,house cleaning,(423) 277-8002,,https://www.spotlessshineservices.com/,,"971 Nugent Ave, Staten Island, NY 10306",Staten Island,New York,40.5710692,-74.0982907,gmaps_apify,new,2026-08-01T15:36:19.146+00:00
gmap:ChIJS5e-FB5mwokRw7xWNdctVTU,Phase One Cleaning Services,house cleaning,(516) 477-0973,,http://www.phaseoneclean.com/,,"21-46 Mott Ave, Far Rockaway, NY 11691",Far Rockaway,New York,40.6053747,-73.7548318,gmaps_apify,new,2026-08-01T15:36:19.146+00:00
gmap:ChIJ1bvAqrhNwokR7-LBoTcfOn0,We Clean It Now,house cleaning,(646) 919-3438,,https://wecleanitnow.com/,,"3 Birch Rd, Staten Island, NY 10303",Staten Island,New York,40.6242129,-74.1624157,gmaps_apify,new,2026-08-01T15:36:19.146+00:00
gmap:ChIJO2JmhndLwokR_sSmWeYwnGQ,Jimena's Cleaning Center,house cleaning,(347) 782-6562,,https://jimenascleaningcenter.net/,,"114 Pemberton Ave, Staten Island, NY 10308",Staten Island,New York,40.5622989,-74.1566212,gmaps_apify,new,2026-08-01T15:36:19.146+00:00
gmap:ChIJlRRiYNVNwokRlDkeeI6oXq0,Clean Swift Maintenance Inc.,house cleaning,(718) 442-8600,,http://www.cleanswiftnyc.com/,,"398 Manor Rd, Staten Island, NY 10314",Staten Island,New York,40.6180364,-74.1239272,gmaps_apify,new,2026-08-01T15:36:19.146+00:00
gmap:ChIJt20nEs9PwokRBVWCfF6k_5w,Staten Island Bio & Scene Cleaning Service,house cleaning,(929) 428-9824,,https://cherryishcleaningsvs.com/,,"78 Hart Blvd Ste 136, Staten Island, NY 10301",Staten Island,New York,40.6336726,-74.1011977,gmaps_apify,new,2026-08-01T15:36:19.146+00:00
gmap:ChIJJe1y-w5PwokRW3gMo2YsmV4,Latina power NY,house cleaning,(347) 845-9285,,http://www.latinapowerny.com/,,"88 Starbuck St, Staten Island, NY 10304",Staten Island,New York,40.610226,-74.0909143,gmaps_apify,new,2026-08-01T15:36:19.146+00:00
gmap:ChIJ8dIQLzhLwokR6ZJkA8kkMS0,Move out Cleaning Service Staten Island,house cleaning,(929) 209-5055,,http://moveoutcleaningservicestatenisland.com/,,"833 Annadale Rd, Staten Island, NY 10312",Staten Island,New York,40.5414559,-74.1771393,gmaps_apify,new,2026-08-01T15:36:19.146+00:00
gmap:ChIJUZ6qsreA8EARrR1rVvk01Q8,Busytown Cleaning Services NY,house cleaning,(347) 674-5080,,,,,New York,NY,40.7394014,-73.7399525,gmaps_apify,new,2026-08-01T15:35:36.956+00:00
gmap:ChIJQzhlGBdaKmgRC_wJ50CYFWo,Great Job Cleaning Services,house cleaning,(646) 653-2008,,https://greatjobcleaningservices.com/,,,New York,NY,40.6971415,-73.9796294,gmaps_apify,new,2026-08-01T15:35:36.956+00:00
gmap:ChIJOxg6tksxjCcRUcjy6EdMFaE,Beutifully Kept Cleaning Solutions,house cleaning,(646) 573-9664,,,,,New York,NY,40.6495624,-73.8743,gmaps_apify,new,2026-08-01T15:35:36.956+00:00
gmap:ChIJ0dNij7nf_y0RAj4ssSwy9B8,Rocio's Cleaning Services New York,house cleaning,(929) 366-7262,,https://rociocleaningcorpny.com/,,"34-17 103rd St, Corona, NY 11368",Corona,New York,40.7552447,-73.8648052,gmaps_apify,new,2026-08-01T15:35:33.657+00:00
gmap:ChIJOQZ4d9P1wokRK54vLEU-KmM,"Jack's Custom Cleaning Services NYC - Restaurant, Office, Daily Cleaning Service, Floor Cleaner",house cleaning,(347) 378-4006,,https://www.jackscustomcleaning.com/,,"2079 Wallace Ave, Bronx, NY 10462",Bronx,New York,40.8528897,-73.8649877,gmaps_apify,new,2026-08-01T15:35:32.946+00:00
gmap:ChIJv8JSATqLwokRvYMYM0Jm8Go,Well Done Cleaning,house cleaning,(718) 229-1726,,https://welldoneclean.com/,,"65-03 242nd St, Little Neck, NY 11362, United States",Little Neck,New York,40.7532382,-73.7369173,gmaps_apify,new,2026-08-01T15:35:32.946+00:00
gmap:ChIJn5CpDSRpwokRObjmHDr4F64,Krystal Cleaning And Disinfecting Solutions,house cleaning,(646) 474-2531,,,,,New York,NY,40.7327934,-73.841059,gmaps_apify,new,2026-08-01T15:35:30.694+00:00
gmap:ChIJk3VJQB5pwokRZe4yLySZQOE,knox cabinet and housekeeping,house cleaning,(917) 579-8434,,,,,New York,NY,40.6971415,-73.979506,gmaps_apify,new,2026-08-01T15:35:30.694+00:00
gmap:ChIJo-_Whk9v6E0REJ3yoD7NQmA,Refreshed by Flowers LLC,house cleaning,(929) 469-3051,,https://www.refreshedbyflowers.org/,,,New York,NY,40.6927387,-73.9064895,gmaps_apify,new,2026-08-01T15:35:30.694+00:00
gmap:ChIJgW0MPtdpwokRQEgpDgRZBGo,KET Cleaning Services,house cleaning,(718) 954-4188,,https://k-e-t-cleaning-services-llc.ueniweb.com/?utm_campaign=gmb,,,New York,NY,40.6971415,-73.979506,gmaps_apify,new,2026-08-01T15:35:30.694+00:00
gmap:ChIJ___KrbpYwokRAgJqj6a67Jw,Orion Moving,mover,(718) 374-4510,,http://orionmovingnyc.com/,,"332 E 90th St, New York, NY 10128",New York,New York,40.7795561,-73.9483009,gmaps_apify,new,2026-08-01T15:32:47.591+00:00
gmap:ChIJEWz_ieHTMIgRL_bbuHtHMaU,Kevin's Moving Service,mover,(646) 266-3885,,,,"24-41 31st St, Astoria, NY 11102",Astoria,New York,40.7711916,-73.9162794,gmaps_apify,new,2026-08-01T15:32:47.591+00:00
gmap:ChIJVWBhAtv1wokRFMPuSSLsD9s,Brownstone Brothers Moving & Storage,mover,(718) 665-5000,,http://www.brownstonebros.com/,,"321 Rider Ave, Bronx, NY 10451",Bronx,New York,40.8135457,-73.9268969,gmaps_apify,new,2026-08-01T15:32:47.591+00:00
gmap:ChIJNSLbLdhfwokRH4PGQBg59PM,Ace Mover's,mover,(315) 872-2150,,https://sites.google.com/view/ace-movers/home,,"35-34 42nd St, Long Island City, NY 11101",Long Island City,New York,40.7536405,-73.9214511,gmaps_apify,new,2026-08-01T15:32:47.591+00:00
gmap:ChIJs1-UCwhYSkgRpw5AMG-miZA,Speed Of Light Moving LLC,mover,(929) 799-2130,,https://www.speedoflightmoving.com/,,"College Point, Flushing, NY 11355",Flushing,NY,40.7561892,-73.8285897,gmaps_apify,new,2026-08-01T15:32:47.591+00:00
gmap:ChIJaefBtOBgwokRoJgDEAeF-Og,CCS MOVING,mover,(212) 470-6919,,http://www.ccsmoving.com/,,"34-18 Northern Blvd 3rd floor, Long Island City, NY 11101",Long Island City,New York,40.7517984,-73.9291393,gmaps_apify,new,2026-08-01T15:32:47.591+00:00
gmap:ChIJ7ZeKHJZZwokRZGqTlfx3Oh8,FOXinGREEN,mover,(212) 495-9895,,https://foxingreen.com/,,"1955 1st Ave Ste 633, New York, NY 10029",New York,New York,40.7861979,-73.9427871,gmaps_apify,new,2026-08-01T15:32:47.591+00:00
gmap:ChIJqSiGWWBfwokR-gmE9Y20lFI,One Movers Network,mover,(888) 267-1097,,,,"20-12 Crescent St, Astoria, NY 11105",Astoria,New York,40.7821314,-73.9105856,gmaps_apify,new,2026-08-01T15:32:47.59+00:00
gmap:ChIJ79bwVQBpwokRVYZg6E1-g98,Francis barber shop,barber,(347) 336-3745,,,,"10-36 20 St, Far Rockaway, NY 11691",Far Rockaway,New York,40.6033077,-73.7529898,gmaps_apify,new,2026-08-01T15:32:34.354+00:00
gmap:ChIJ_WvgaQJmwokRo_ttQEFpfCM,WALE THRILLING BARBER SERVICE,barber,(516) 589-6838,,,,"11-59 Beach Channel Dr, Far Rockaway, NY 11691",Far Rockaway,New York,40.6051475,-73.7555957,gmaps_apify,new,2026-08-01T15:32:34.354+00:00
gmap:ChIJ8Ra87wlZwokRmhgYw1GxCWk,Holy Ghost Barber Shop,barber,(646) 705-7620,,https://holyghostbarbershopnyc.com/,,"446 W 50th St Store East, New York, NY 10019",New York,New York,40.7642006,-73.9911001,gmaps_apify,new,2026-08-01T15:32:34.354+00:00
gmap:ChIJ2dd4q1FYwokRu0MK4smiRIo,BEST BARBER,barber,(929) 333-1016,,https://bestbarber.nyc/,,"694 10th Ave, New York, NY 10019",New York,New York,40.7636672,-73.9921782,gmaps_apify,new,2026-08-01T15:32:34.354+00:00
gmap:ChIJgXz225RZwokRGgx7RyWEI9M,Elegant Barbershop,barber,(646) 454-0554,,http://www.elegantbarbershop.com/,,"118 W 72nd St, New York, NY 10023",New York,New York,40.7776542,-73.979531,gmaps_apify,new,2026-08-01T15:32:34.354+00:00
gmap:ChIJ3183dbpZwokR3NGuUkxyPkU,Excellence Barber Shop,barber,(212) 597-2743,,http://excellencenyc.com/,,"2265 Broadway, New York, NY 10024",New York,New York,40.785532,-73.9791575,gmaps_apify,new,2026-08-01T15:32:34.354+00:00
gmap:ChIJDb0XN6VYwokRV89lEEFQMQY,Great Style Barber Shop,barber,(917) 938-4941,,http://www.greatstylebarbershopnyc.com/,,"1734 2nd Ave, New York, NY 10128",New York,New York,40.7804894,-73.9495064,gmaps_apify,new,2026-08-01T15:32:34.354+00:00
gmap:ChIJkebr65RZwokRI_QVOKhVN-k,ELITE BARBERS NYC,barber,(212) 308-6660,,https://elitebarbersnyc.com/,,"782 Lexington Ave, New York, NY 10065",New York,New York,40.7633975,-73.9675468,gmaps_apify,new,2026-08-01T15:32:34.354+00:00
gmap:ChIJ2QIZhSBZwokRkcWR8i4Ydr0,Gotham City Barber Shop,barber,(646) 767-2227,,http://gothamcitybarbershop.com/,,"1363 6th Ave, New York, NY 10019",New York,New York,40.7632491,-73.9782022,gmaps_apify,new,2026-08-01T15:32:34.354+00:00
gmap:ChIJORNQU-9YwokRGbnDqX0wAiE,Elegant Barber Shop,barber,(212) 321-0946,,https://elegantbarbershop.com/,,"201 E 61st St, New York, NY 10065",New York,New York,40.7628207,-73.9654135,gmaps_apify,new,2026-08-01T15:32:34.354+00:00
gmap:ChIJIRthz71YwokRHc1jyrWt5mg,Shantl & Co - Barber Shop,barber,(212) 837-2410,,http://barbershopny.com/,,"133 E 84th St, New York, NY 10028",New York,New York,40.7783874,-73.9566703,gmaps_apify,new,2026-08-01T15:32:34.354+00:00
gmap:ChIJW41Pbv1YwokRplW_u04X5i0,First Class Barber Shop,barber,(646) 928-0090,,http://www.1stclassbarbershop.com/,,"475 Lexington Ave, New York, NY 10017",New York,New York,40.7537583,-73.9740911,gmaps_apify,new,2026-08-01T15:32:34.354+00:00
gmap:ChIJmdxZUKpZwokRayW_cqMvT3Q,Epic Barber Shop NYC,barber,(212) 354-0083,,https://epicbarbershopnyc.com/,,"1026 6th Ave suite#202. 2nd floor, New York, NY 10018",New York,New York,40.7524712,-73.9854363,gmaps_apify,new,2026-08-01T15:32:34.354+00:00
gmap:ChIJZV-KHm1ZwokRIn3K0M-ocUc,Gotham City Barber Shop,barber,(646) 964-4411,,http://www.gothamcitybarbershop.com/,,"336 W 57th St, New York, NY 10019",New York,New York,40.7672027,-73.984472,gmaps_apify,new,2026-08-01T15:32:34.354+00:00
gmap:ChIJ0TMZe1lYwokRW2YZjDLjFNs,Gotham City Barber Shop,barber,(646) 998-5859,,http://www.gothamcitybarbershop.com/,,"456 W 57th St, New York, NY 10019",New York,New York,40.7687615,-73.988364,gmaps_apify,new,2026-08-01T15:32:34.354+00:00
gmap:ChIJh-dBT4tZwokR9BbEBrYcF0Y,Barber Shop NYC,barber,(212) 315-4200,,https://www.barbershop.nyc/,,"302 W 50th St, New York, NY 10019",New York,New York,40.7623934,-73.986542,gmaps_apify,new,2026-08-01T15:32:34.354+00:00
gmap:ChIJC-N8KQZZwokRwsW61RzywkM,Made Man Barbershop NYC Garment District Barbers,barber,(646) 849-7462,,https://mademanbarber.com/pages/barbershop-garment-district-barber-nyc-haircut-near-you?utm_source=google&utm_medium=organic&utm_campaign=gbp-garment-district,,"1400 Broadway, New York, NY 10018",New York,New York,40.7528351,-73.9868881,gmaps_apify,new,2026-08-01T15:32:34.354+00:00
gmap:ChIJZ-4XPXMqJgQR-6CzmkeRjZA,BHC Mobile Barbers & Staffing Solution,barber,(646) 463-3927,,https://www.bhcstaffingsolution.com/mobilebarber,,,New York,NY,40.6860039,-73.7641529,gmaps_apify,new,2026-08-01T15:32:34.354+00:00
gmap:ChIJr1qT37pYwokRLy8R4ceTuVA,Cutting Edge Barber Shop,barber,(347) 575-2001,,http://cuttingedgebarbershopnyc.com/,,"1728 2nd Ave, New York, NY 10128",New York,New York,40.7801699,-73.949747,gmaps_apify,new,2026-08-01T15:32:34.354+00:00
gmap:ChIJM0eErLxYwokRzifZ4G5VjiM,Quality Barbers Barber Shop,barber,(646) 450-7030,,https://qualitybarbers.com/,,"164 E 88th St, New York, NY 10128",New York,New York,40.7804485,-73.9540999,gmaps_apify,new,2026-08-01T15:32:34.354+00:00
gmap:ChIJcXxBrL5YwokRxeHOmA5m29U,Jean Romano Barber Shop,barber,(212) 439-8362,,https://m.facebook.com/pages/category/Barber-Shop/Jean-Romano-Barber-Shop-176787539038561/,,"301 E 82nd St, New York, NY 10028",New York,New York,40.7752296,-73.953095,gmaps_apify,new,2026-08-01T15:32:34.354+00:00
gmap:ChIJd0vhqL9YwokRjT_0e_UgvBs,Level 78 Barber Shop,barber,(212) 535-4936,,https://level78barber.com/?utm_source=gbp&utm_medium=webclick,,"232 E 78th St, New York, NY 10075",New York,New York,40.7730762,-73.9568141,gmaps_apify,new,2026-08-01T15:32:34.354+00:00
gmap:ChIJL6q3jWn2wokR_i5BA4wXxSE,B'Way Barber Shop,barber,(212) 222-0354,,,,"550 W 126th St, New York, NY 10027",New York,New York,40.8157028,-73.9572569,gmaps_apify,new,2026-08-01T15:32:34.354+00:00
gmap:ChIJ5T1qTwT2wokRtV2Wz3gSSGA,NY Best barber,barber,(347) 601-7828,,https://linktr.ee/nybestbarber,,"1798 Lexington Ave, New York, NY 10029",New York,New York,40.7959603,-73.9437881,gmaps_apify,new,2026-08-01T15:32:34.354+00:00
gmap:ChIJeYLRIdhZwokR3c8hTbay4sc,Premium Barbershop Midtown NYC,barber,(646) 861-0110,,https://premiumbarbershop.com/1012-2nd-ave/?traffic=local,,"1012 2nd Ave, New York, NY 10022",New York,New York,40.7569255,-73.9666868,gmaps_apify,new,2026-08-01T15:32:34.354+00:00
gmap:ChIJKzn6qIz3wokRLIu0Zqos7UY,155 Barber Shop,barber,(646) 422-7200,,,,"155 Manhattan Ave, New York, NY 10025",New York,New York,40.7995485,-73.9610114,gmaps_apify,new,2026-08-01T15:32:34.354+00:00
gmap:ChIJc_5ZoCVZwokRcGgQ_O7At60,Pall Mall Barbers Midtown NYC,barber,(212) 586-2220,,https://www.pallmallbarbers.nyc/?utm_source=google&utm_medium=organic&utm_campaign=google_business_profile,,"10 Rockefeller Plaza Lower Concourse, New York, NY 10020",New York,NY,40.7581063,-73.9794797,gmaps_apify,new,2026-08-01T15:32:34.354+00:00
gmap:ChIJ8SfJnehYwokR2CVkeSKH-KQ,Master Barbers Barber Shop,barber,(646) 998-5319,,https://www.masterbarbersnyc.com/,,"1169 2nd Ave, New York, NY 10065",New York,New York,40.7623263,-73.9634628,gmaps_apify,new,2026-08-01T15:32:34.354+00:00
gmap:ChIJNRoN8ixZwokRv849TqHYMuk,Long & Short Barber Co. (Columbus Circle),barber,(212) 784-8893,,https://longshortbarber.com/,,"10 Columbus Cir 4th Floor, New York, NY 10019",New York,New York,40.7685526,-73.9831866,gmaps_apify,new,2026-08-01T15:32:34.354+00:00
gmap:ChIJX3VLGDhZwokR0Y2CJwsMjq8,AT's Barbershop,barber,(212) 938-7020,,http://www.atsbarbershop.com/,,"1467 2nd Ave, New York, NY 10021",New York,New York,40.7716922,-73.956493,gmaps_apify,new,2026-08-01T15:32:34.354+00:00
gmap:ChIJWVDQ0FBYwokRJ01asEEszyQ,West 50th Barber Shop,barber,(212) 757-1107,,https://booksy.com/en-us/1612391_west-50th-barbershop_barber-shop_30067_new-york-city?do=invite#ba_s=dl_1,,"400 W 50th St, New York, NY 10019",New York,New York,40.7635028,-73.989323,gmaps_apify,new,2026-08-01T15:32:34.354+00:00
gmap:ChIJVQDOdUD2wokRVuDntqFY7Dg,Columbia Barber Shop,barber,(212) 222-9060,,http://columbiabarbershop16.booksy.com/a/,,"3066 Broadway, New York, NY 10027",New York,New York,40.8113164,-73.9611796,gmaps_apify,new,2026-08-01T15:32:34.354+00:00
gmap:ChIJRcnRAOtYwokR_n0UFhS5Ezk,York Barber Shop,barber,(212) 988-6136,,https://www.yorkbarbershop.com/,,"981 Lexington Ave, New York, NY 10021",New York,New York,40.769565,-73.9626242,gmaps_apify,new,2026-08-01T15:32:34.354+00:00
gmap:ChIJ22NqVP5YwokRCm_ds9RWINA,Jacob’s Exclusive Barber Shop,barber,(646) 838-6101,,https://jacobsexclusivebarbershop.com/,,"20 W 47th St freight #1, New York, NY 10036",New York,New York,40.7569605,-73.9797382,gmaps_apify,new,2026-08-01T15:32:34.354+00:00
gmap:ChIJ24Q6tcb3wokR0Kva-RgGBs4,101 Barber Shop,barber,(646) 360-2562,,,,"2642 Broadway, New York, NY 10025",New York,New York,40.7973819,-73.9694181,gmaps_apify,new,2026-08-01T15:32:34.354+00:00
gmap:ChIJcTuicc9ZwokRSQZKn36ylI8,The Cutting District Barber Shop,barber,(646) 386-7320,,https://www.tcdbarbershop.com/,,"265 Columbus Ave, New York, NY 10023",New York,New York,40.7775517,-73.9784014,gmaps_apify,new,2026-08-01T15:32:34.354+00:00
gmap:ChIJQR6W-1hYwokRWLWxmIeBt28,Majestic Cut Barber Shop,barber,(212) 245-8575,,https://www.majesticcutbarbershop.com/,,"882 9th Ave, New York, NY 10019",New York,New York,40.7681247,-73.9853397,gmaps_apify,new,2026-08-01T15:32:34.354+00:00
gmap:ChIJO_JllDVZwokRETUEe64-FWQ,Columbus Avenue Barber Shop,barber,(516) 777-0185,,http://columbusavebarbershop.com/,,"451 Columbus Ave, New York, NY 10024",New York,New York,40.7835695,-73.9740813,gmaps_apify,new,2026-08-01T15:32:34.354+00:00
gmap:ChIJ6cJPLldYwokRVqcHFJtWTUY,Rafik's Barber Shop,barber,(646) 870-6294,,,,"752 9th Ave #50th, New York, NY 10019",New York,New York,40.7638318,-73.9884978,gmaps_apify,new,2026-08-01T15:32:34.354+00:00
gmap:ChIJ8cCCQVdYwokRUdPGpkYlO74,Arkadiy’s Barber Shop,barber,(212) 262-4950,,http://arkadiybarbershop.com/,,"774 9th Ave, New York, NY 10019",New York,New York,40.7643841,-73.9878997,gmaps_apify,new,2026-08-01T15:32:34.354+00:00
gmap:ChIJZYyFIIZYwokR9Ezk1MlAWMw,Barber Shop On 80th,barber,(646) 379-3620,,http://barbershopon80th.com/,,"212 W 80th St, New York, NY 10024",New York,New York,40.7840383,-73.9788612,gmaps_apify,new,2026-08-01T15:32:34.354+00:00
gmap:ChIJTzyHm1VYwokRSqyst07dxBc,Cohen Barber Shop,barber,(212) 354-1919,,http://www.cohenbarbershop.com/,,"138 W 46th St 2 floor, New York, NY 10036",New York,New York,40.757877,-73.984025,gmaps_apify,new,2026-08-01T15:32:34.354+00:00
gmap:ChIJQbTRueVYwokR1em2sFePomM,Midtown NYC Barbershop,barber,(646) 858-0185,,https://midtownnycbarbers.com/?traffic=local,,"302 E 52nd St, New York, NY 10022",New York,New York,40.7558611,-73.9672819,gmaps_apify,new,2026-08-01T15:32:34.354+00:00
gmap:ChIJ2chRECD1wokRuK8E2vR7BiA,Kee Hong,barber,(917) 916-2280,,,,"552 Commonwealth Ave, Bronx, NY 10473",Bronx,New York,40.8165203,-73.8645025,gmaps_apify,new,2026-08-01T15:32:24.507+00:00
gmap:ChIJv6z0IgT2wokRB-UDtxbUNEw,Are The Barber,barber,(646) 476-7110,,http://arethebarber.com/,,"1796 3rd Ave, New York, NY 10029",New York,New York,40.7876587,-73.9479186,gmaps_apify,new,2026-08-01T15:32:24.507+00:00
gmap:ChIJH1buYqNYwokRbZZ7OyFitaE,Carnegie Barber Shop,barber,(646) 692-8083,,,,"1364 Lexington Ave, New York, NY 10128",New York,New York,40.7823165,-73.9537408,gmaps_apify,new,2026-08-01T15:32:24.507+00:00
gmap:ChIJg6b5SjtfwokRrV-XktKLq9Q,LIC Tonsorial Barber Shop & Shaving Parlor,barber,(347) 654-6386,,http://lictonsorial.com/,,"32-86 Steinway St, Astoria, NY 11103",Astoria,New York,40.7570504,-73.9207974,gmaps_apify,new,2026-08-01T15:32:24.507+00:00
gmap:ChIJbZzQJPv0wokRXHPvMyYf4sc,Mambo Barbershop,barber,(347) 261-9689,,,,"1528 Watson Ave, Bronx, NY 10472",Bronx,New York,40.8259596,-73.8781394,gmaps_apify,new,2026-08-01T15:32:24.507+00:00
gmap:ChIJ6fsmwcb0wokRasw8AdoluyU,CROSS BRONX BARBERSHOP,barber,(347) 293-8149,,http://crossbronxgear.com/,,"1954 Cross Bronx Expy, Bronx, NY 10472",Bronx,New York,40.8322151,-73.8584114,gmaps_apify,new,2026-08-01T15:32:24.507+00:00
gmap:ChIJQVwqMYeKwokR4V7epuT8-bg,Exclusive Barber Shop,barber,(718) 321-0242,,,,"25-50 Francis Lewis Blvd, Flushing, NY 11358",Flushing,New York,40.7733553,-73.7967358,gmaps_apify,new,2026-08-01T15:31:51.511+00:00
gmap:ChIJKTk7l7f0wokR2GnZfexAdOE,Montalvo Barber Shop,barber,(646) 938-5148,,,,"1515 Castle Hill Ave, Bronx, NY 10462",Bronx,New York,40.8369356,-73.8525047,gmaps_apify,new,2026-08-01T15:31:51.511+00:00
gmap:ChIJqfkXMlj0wokRSuMJqILF6ws,Junco Barber Shop,barber,(718) 893-8285,,,,"1327 Southern Blvd #3, Bronx, NY 10459",Bronx,New York,40.8314248,-73.8915002,gmaps_apify,new,2026-08-01T15:31:51.511+00:00
gmap:ChIJ9by36Ln1wokR8Mfh2__h4Fs,Los Boletry Barber Shop,barber,(646) 944-1592,,,,"760 E 149th St, Bronx, NY 10455",Bronx,New York,40.8127986,-73.90789,gmaps_apify,new,2026-08-01T15:31:51.511+00:00
gmap:ChIJ_ZiyDL5YwokRgieEQtJ5rIg,Gents Barber Shop,barber,(212) 249-2951,,,,"1187 Lexington Ave, New York, NY 10028",New York,New York,40.7759635,-73.9579996,gmaps_apify,new,2026-08-01T15:31:51.511+00:00
gmap:ChIJrayqQ0iLwokRWC38hp5hVTM,Etrendz Barber studio,barber,(347) 398-8900,,https://booksy.com/en-us/204429_etrendz-barber-studio_barber-shop_29398_bronx,,"3027 Middletown Rd, Bronx, NY 10461",Bronx,New York,40.8442994,-73.8296362,gmaps_apify,new,2026-08-01T15:31:51.511+00:00
gmap:ChIJ_wCjfwP2wokRp3n3cxcRFkU,Boly Barber Shop,barber,(646) 399-7249,,,,"151 E 108th St, New York, NY 10029",New York,New York,40.7935163,-73.9449691,gmaps_apify,new,2026-08-01T15:31:51.511+00:00
gmap:ChIJlZueUk31wokRDai4qkjhUqM,Shears & Beards Barber Shop,barber,(718) 445-2438,,https://getsqr.co/izzy-nunez,,"18-13 College Point Blvd, College Point, NY 11356",College Point,New York,40.7828171,-73.8457698,gmaps_apify,new,2026-08-01T15:31:51.511+00:00
gmap:ChIJobNdBMP1wokR26sGO9zPp2g,De Extremo A Extremo Barber Shop & Salon,barber,(917) 346-9091,,,,"430E E 138th St, Bronx, NY 10454",Bronx,New York,40.8084811,-73.9218226,gmaps_apify,new,2026-08-01T15:31:51.511+00:00
gmap:ChIJS4AGywL2wokRwDcqzHPFNks,Reyes's Barber Shop,barber,(212) 860-9632,,,,"136 E 104th St, New York, NY 10029",New York,New York,40.7904007,-73.946181,gmaps_apify,new,2026-08-01T15:31:51.511+00:00
gmap:ChIJ1W_CNgT2wokRKBXw21-Hp40,Jorges Barber Shop,barber,(646) 500-3925,,,,"150 E 112th St, New York, NY 10029",New York,New York,40.7958419,-73.9432265,gmaps_apify,new,2026-08-01T15:31:51.511+00:00
gmap:ChIJI-waSERfwokR-cTC34Dad08,Sculptures Barber shop,barber,(917) 399-8481,,http://www.sculpturesbarbershop.com/,,"26-10 Hoyt Ave S, Astoria, NY 11102",Astoria,New York,40.7721819,-73.9206044,gmaps_apify,new,2026-08-01T15:31:51.511+00:00
gmap:ChIJC15WUKv1wokRlQitW59LKgI,Elite Barber & Beauty Salón Express,barber,(347) 963-1853,,,,"986 E 163rd St, Bronx, NY 10459",Bronx,New York,40.8208103,-73.8943219,gmaps_apify,new,2026-08-01T15:31:51.511+00:00
gmap:ChIJ9zbX2LL1wokRDMFvEg1hE74,The Ghost Barber Shop,barber,(718) 676-4688,,https://www.instagram.com/theghost_barbershop/?hl=en,,"854 E 163rd St, Bronx, NY 10459",Bronx,New York,40.821664,-73.8994459,gmaps_apify,new,2026-08-01T15:31:51.511+00:00
gmap:ChIJk6-P8bf0wokRUewUuTEa36s,SHERIFF'S CUTS & FADES,barber,(718) 810-9168,,,,"2170 Starling Ave, Bronx, NY 10462",Bronx,New York,40.8361238,-73.8529102,gmaps_apify,new,2026-08-01T15:31:36.92+00:00
gmap:ChIJD9KV0pf0wokRYIhdfdcWA0o,4a's Barbershop,barber,(347) 810-7747,,,,"1733 White Plains Rd, Bronx, NY 10462",Bronx,New York,40.8446265,-73.8661084,gmaps_apify,new,2026-08-01T15:31:36.92+00:00
gmap:ChIJ__-i3M70wokRa1JqdEkC8OM,Styletech Barbers Corp,barber,(917) 634-9148,,https://usbarber.top/styletech-barbers-corp-qdEkC8OM,,"1048 Castle Hill Ave, Bronx, NY 10472",Bronx,New York,40.8289655,-73.8501178,gmaps_apify,new,2026-08-01T15:31:36.92+00:00
gmap:ChIJqTchVKFfwokR5hZLWBj-aa0,Supreme Clientele #2 Barber Shop / Unisex Hair Salon,barber,(718) 255-6470,,,,"84-03 Northern Blvd, Jackson Heights, NY 11372",Jackson Heights,New York,40.7559321,-73.8833332,gmaps_apify,new,2026-08-01T15:31:30.08+00:00
gmap:ChIJc0jkcGpfwokRAQLpZedvoqU,Steinway Barber Shop,barber,(718) 728-5727,,,,"2502 Steinway street barbershop, 25-02 Steinway St, Astoria, NY 11103",Astoria,NY,40.7680084,-73.9120029,gmaps_apify,new,2026-08-01T15:31:30.08+00:00
gmap:ChIJVe_7I4-KwokRNrHYxTo7kHc,WOW BRO Barber Shop,barber,(718) 352-3346,,https://wowbro.setmore.com/,,"160-30 Willets Point Blvd, Whitestone, NY 11357",Whitestone,New York,40.7806855,-73.8017474,gmaps_apify,new,2026-08-01T15:31:30.08+00:00
gmap:ChIJ6xdUOjH1wokRK3Tf4Jp_9eI,Ronny’s Fade,barber,(929) 413-1214,,,,"473 White Plains Rd, Bronx, NY 10473",Bronx,New York,40.8153975,-73.8569502,gmaps_apify,new,2026-08-01T15:31:14.624+00:00
gmap:ChIJ2VKPdDKLwokReqOD9MGGGQo,Target,home organizer,(718) 536-2689,,https://www.target.com/sl/bronx-throggs-neck/2811,,"815 Hutchinson Riv Pkwy, Bronx, NY 10465",Bronx,New York,40.8242615,-73.837519,gmaps_apify,new,2026-08-01T15:31:12.6+00:00
gmap:ChIJGQOlzt1hwokRM-zPZFOM4mA,Staples,home organizer,(718) 229-0138,,https://stores.staples.com/ny/bayside/209-34-northern-blvd?cmpid=st_ll_goo&cid=LS:RETAIL:G&utm_source=google&utm_medium=organic&utm_campaign=Google_Business_Listing,,"209-34 Northern Blvd, Bayside, NY 11361",Bayside,New York,40.7590955,-73.7729352,gmaps_apify,new,2026-08-01T15:31:12.6+00:00
gmap:ChIJ3yj6ThVZwokRS_Ffz0jyvHA,NY Organized,home organizer,(917) 415-1598,,http://www.ny-organized.com/,,"462 W 58th St APT 7E, New York, NY 10019",New York,New York,40.7693647,-73.9875483,gmaps_apify,new,2026-08-01T15:31:12.6+00:00
gmap:ChIJbz1ViWuKwokRX4_54qn7JuA,HomeGoods,home organizer,(718) 281-3105,,http://www.homegoods.com/,,"23-80 Bell Blvd, Bayside, NY 11360",Bayside,New York,40.7805579,-73.7766212,gmaps_apify,new,2026-08-01T15:31:12.6+00:00
gmap:ChIJqfEP8p2LwokRMcJESfhAqUQ,theCoderSchool,home organizer,(917) 905-0195,,https://www.thecoderschool.com/locations/bayside/?utm_source=gmb,,"36-35 Bell Blvd Ste 104, Bayside, NY 11361",Bayside,New York,40.7671776,-73.7724992,gmaps_apify,new,2026-08-01T15:31:12.6+00:00
gmap:ChIJ83FWkHFgwokRjpQ7gMGN508,GreenEx Cleanouts®,home organizer,(718) 888-2135,,https://greenexcleanouts.com/,,"132-37 57th Ave, Flushing, NY 11355",Flushing,New York,40.747508,-73.831558,gmaps_apify,new,2026-08-01T15:31:12.599+00:00
gmap:ChIJCYzerd9hwokRqYlb42-bRIQ,ELI & SONS ESTATE SALES,home organizer,(347) 724-3892,,https://instacard.co/Eli-Khaimov,,"36-29 Bell Blvd 3rd floor, Bayside, NY 11361",Bayside,New York,40.767259,-73.772555,gmaps_apify,new,2026-08-01T15:31:12.599+00:00
gmap:ChIJ3yvVLrlLwokROoQzMJ5mi8U,Our Journey Moments LLC,home organizer,(917) 882-2827,,https://www.ourjourneymoments.com/,,,New York,NY,40.5646056,-74.1468185,gmaps_apify,new,2026-08-01T15:30:57.254+00:00
gmap:ChIJJ7c3DJZZwokRV4MOEUZ7yV8,Faye Interior Painters + Organizing NYC,home organizer,(646) 583-6422,,,,,New York,NY,40.716628,-73.9448356,gmaps_apify,new,2026-08-01T15:30:57.254+00:00
gmap:ChIJXcyqL3_3wokRUJA45HHxZgk,Shelfie,home organizer,(917) 676-6062,,https://www.shelfienyc.com/book-services-nyc-organizing-service,,"15 William St, New York, NY 10005",New York,New York,40.7052538,-74.0103402,gmaps_apify,new,2026-08-01T15:30:57.254+00:00
gmap:ChIJQfr3wYhPwokRXVHUzvC-xmA,Closets4You,home organizer,(718) 938-0003,,http://www.closets4you.com/,,"9714 3rd Ave, Brooklyn, NY 11209",Brooklyn,New York,40.6155433,-74.0344665,gmaps_apify,new,2026-08-01T15:30:57.254+00:00
gmap:ChIJW17fai5ZwokR6o-8hVItgP4,Rise By Rena,home organizer,(917) 991-6077,,https://www.risebyrena.com/,,,New York,NY,40.8282535,-73.8770735,gmaps_apify,new,2026-08-01T15:30:57.254+00:00
gmap:ChIJFYHBPa1ZwokRv-17w-mv0ck,"Ann Sullivan, Inc.",home organizer,(212) 488-2600,,http://www.annsullivan.com/,,"3 Columbus Cir STUDIO 1562, New York, NY 10019, United States",New York,New York,40.7667809,-73.981974,gmaps_apify,new,2026-08-01T15:30:57.254+00:00
gmap:ChIJcVeGFHRhwokRAg7eTooCu88,The Bees LLC/Home Organizer,home organizer,(347) 969-4498,,,,"87-20 Marengo St, Hollis, NY 11423",Hollis,New York,40.7201968,-73.7667378,gmaps_apify,new,2026-08-01T15:30:57.254+00:00
gmap:ChIJ_x7gLilZwokRjfjcn_jN6Rc,Organizing by MYK,home organizer,(646) 621-3864,,https://organizingbymyk.com/,,"300 E 54th St, New York, NY 10022, United States",New York,New York,40.7571664,-73.9665203,gmaps_apify,new,2026-08-01T15:30:57.254+00:00
gmap:ChIJ85RA1UVJwokRLUTg7GS8aI8,PMT Party Services Group,home organizer,(347) 777-6092,,https://www.pmtparty.com/,,"122 Ebbitts St, Staten Island, NY 10306",Staten Island,New York,40.5622679,-74.106467,gmaps_apify,new,2026-08-01T15:30:57.254+00:00
gmap:ChIJu6ia5ALPdKIR0nckxJvZn94,Simply Sorted with Joanna,home organizer,(347) 893-6696,,,,,New York,NY,40.6971415,-73.979506,gmaps_apify,new,2026-08-01T15:30:57.254+00:00
gmap:ChIJiyqB8KO76IkRBBUot8SnYh0,Your Professional Organizer,home organizer,(917) 345-2107,,http://www.yourprofessionalorganizer.com/,,"210 E 68th St, New York, NY 10065, United States",New York,New York,40.7668472,-73.9621289,gmaps_apify,new,2026-08-01T15:30:57.254+00:00
gmap:ChIJuz8u4l9YwokRoG88jzlrDLg,The Serene Home,home organizer,(646) 872-1345,,http://theserenehome.com/,,"165 W 66th St, New York, NY 10023",New York,New York,40.774875,-73.984064,gmaps_apify,new,2026-08-01T15:30:57.254+00:00
gmap:ChIJ7ZqAhYxYwokRDczffzpwit8,Seriatim Inc,home organizer,(212) 877-3267,,https://www.seriatim.net/,,"60 E 42nd St, New York, NY 10165",New York,New York,40.7521673,-73.9787184,gmaps_apify,new,2026-08-01T15:30:57.254+00:00
gmap:ChIJnTnxYspZwokR9JJuL_fD70o,Neat Space Neat Mind,home organizer,(518) 222-9422,,,,"500 W 56th St, New York, NY 10019, United States",New York,New York,40.7683146,-73.9895873,gmaps_apify,new,2026-08-01T15:30:57.254+00:00
gmap:ChIJrbY2Ylaks6sR9SYprDtVy-k,A Blank Staging,home organizer,(917) 946-2914,,,,,New York,NY,40.5646056,-74.1468185,gmaps_apify,new,2026-08-01T15:30:57.254+00:00
gmap:ChIJXWTpXS5PwokRAqXMEkQAwi8,HomeRenovation4U,home organizer,(212) 235-7377,,https://homerenovation4u.com/,,"274 Colony Ave STE#3, Staten Island, NY 10306",Staten Island,New York,40.5722014,-74.0923548,gmaps_apify,new,2026-08-01T15:30:57.254+00:00
gmap:ChIJLXXFEAtFwokR7n53g_cQI4U,Home Sweet Home Tutoring,home organizer,(917) 803-8871,,http://hshtutoring.com/,,"1846 Bath Ave, Brooklyn, NY 11214",Brooklyn,New York,40.603025,-74.004904,gmaps_apify,new,2026-08-01T15:30:57.254+00:00
gmap:ChIJfxkWIEPpziERxX4j8VVjQCo,ClosetNow,home organizer,(646) 502-6077,,https://closetnow.com/?utm_campaign=gmb,,"5 Pennsylvania Plaza, New York, NY 10001, United States",New York,New York,40.7516841,-73.9939465,gmaps_apify,new,2026-08-01T15:30:57.254+00:00
gmap:ChIJ-9P1I4NLwokRkfPhwYFwElo,HomeGoods,home organizer,(718) 698-1808,,http://www.homegoods.com/,,"2875 Richmond Ave, Staten Island, NY 10314",Staten Island,New York,40.5743605,-74.1675978,gmaps_apify,new,2026-08-01T15:30:57.254+00:00
gmap:ChIJoTfxDq8msKYREf8ZDMHcnf8,The White Label NYC,home organizer,(201) 491-1136,,https://www.thewhitelabelnyc.com/,,,New York,NY,40.716628,-73.9448356,gmaps_apify,new,2026-08-01T15:30:57.254+00:00
gmap:ChIJN9ADdFBJwokRiYHWLn1VAVI,HomeGoods,home organizer,(718) 980-6952,,http://www.homegoods.com/,,"2718 Hylan Blvd, Staten Island, NY 10306",Staten Island,New York,40.565139,-74.11303,gmaps_apify,new,2026-08-01T15:30:57.254+00:00
gmap:ChIJXWlQ4FJYwokRWmpwO0FX1gw,Spaces Transformed,home organizer,(917) 742-3200,,https://www.spacestransformed.com/contact,,"340 W 42nd St, New York, NY 10036, United States",New York,New York,40.7577238,-73.9919631,gmaps_apify,new,2026-08-01T15:30:57.254+00:00
gmap:ChIJtzdNMyL1wokR175-NVDnt-M,Target,home organizer,(646) 346-7725,,https://www.target.com/sl/manhattan-washington-heights/3329,,"602 W 181st St, New York, NY 10033",New York,New York,40.8493569,-73.9342023,gmaps_apify,new,2026-08-01T15:30:55.156+00:00
gmap:ChIJmXev42uKmGkR3qBd9wwfK3U,PriOrganized,home organizer,(858) 692-2515,,http://priorganized.com/,,,New York,NY,40.6971415,-73.979506,gmaps_apify,new,2026-08-01T15:30:54.24+00:00
gmap:ChIJY2Gxi6pZwokRSkOTj0dCOyc,BOXIE24 New York | Self Storage,home organizer,(332) 240-4830,,https://www.boxie24.com/en-us/self-storage-new-york/?utm_source=google-my-business&utm_medium=organic&utm_campaign=gmb-new-york,,"530 7th Ave Suite 2208, New York, NY 10018",New York,New York,40.7540631,-73.9886954,gmaps_apify,new,2026-08-01T15:30:54.24+00:00
gmap:ChIJiS0-m_1YwokRExaI9ADmQEQ,Vedic Consolidated,home organizer,(332) 323-4092,,,,"245 Park Ave 39th Floor, New York, NY 10167",New York,New York,40.754919,-73.975106,gmaps_apify,new,2026-08-01T15:30:54.24+00:00
gmap:ChIJsYuLseVbwokR3V05XwzaZ-k,Strictly the Best Cleaning Services,home organizer,(212) 913-9925,,https://strictlythebestcleaning.biz/,,"515 Madison Ave, New York, NY 10022",New York,New York,40.7597893,-73.9737557,gmaps_apify,new,2026-08-01T15:30:54.24+00:00
gmap:ChIJj5QM6LZZwokRrP_zdnPXOxs,Sorted by Sue,home organizer,(646) 600-9559,,http://www.sortedbysue.com/,,,New York,NY,40.6971415,-73.979506,gmaps_apify,new,2026-08-01T15:30:54.24+00:00
gmap:ChIJIY5NzutYwokRCQ0wfOjIS1s,Rotating Closets,home organizer,(800) 896-0902,,http://rotatingclosets.com/,,"150 E 69th St Apt 22g, New York, NY 10021",New York,New York,40.7678001,-73.9629684,gmaps_apify,new,2026-08-01T15:30:54.24+00:00
gmap:ChIJF9Z5NwBZwokR7JWN4hNCZHQ,ELcleaning: Elite Home Cleaning NYC,home organizer,(929) 577-2789,,https://elcleaning.com/,,"554 W 50th St, New York, NY 10019",New York,New York,40.7655021,-73.9942421,gmaps_apify,new,2026-08-01T15:30:54.24+00:00
gmap:ChIJ458G7YNYwokRywH8Du6G8Ac,BERGFELD's Clearance Services LLC,home organizer,(212) 666-6649,,http://hoardingcleanouts.com/,,"2424 Broadway Ste 250, New York, NY 10024",New York,New York,40.790309,-73.974614,gmaps_apify,new,2026-08-01T15:30:54.239+00:00
gmap:ChIJaSkvBSf2wokRdZ2j3iAn-pg,New Closet,home organizer,(801) 899-9911,,http://new-closet.com/,,"784 Columbus Ave #10t, New York, NY 10025",New York,New York,40.7941708,-73.9676068,gmaps_apify,new,2026-08-01T15:30:54.239+00:00
gmap:ChIJ3ebRwBdnwokRo49dD4eVLfE,Love and Light Life Coaching,life coach,(347) 454-6935,,,,"117-42 134th St, Jamaica, NY 11420",Jamaica,New York,40.6757712,-73.8050883,gmaps_apify,new,2026-08-01T15:23:57.22+00:00
gmap:ChIJN0kq1-aLwokREPhJRAmTU48,"Christopher Kempski Psychotherapy, PLLC",life coach,(917) 710-6718,,,,"Virtual Services, 150-03, 150-03 14th Ave, Whitestone, NY 11357",Whitestone,New York,40.7890647,-73.8135959,gmaps_apify,new,2026-08-01T15:23:57.22+00:00
gmap:ChIJP0WKjEVhwokRfZsAKP3UTy4,Lou Cattaruzza,life coach,(917) 597-3363,,https://loucattaruzza.com/,,"215-10 43rd Ave, Bayside, NY 11361",Bayside,New York,40.7615888,-73.7673442,gmaps_apify,new,2026-08-01T15:23:57.22+00:00
gmap:ChIJUUdFlvb1wokRGo6-7HuePnk,Dr. Joyce Louther Ministries,life coach,(347) 827-0283,,https://www.drjoycealouther.com/,,"1545 Archer Rd Apt, Bronx, NY 10462",Bronx,New York,40.838978,-73.862705,gmaps_apify,new,2026-08-01T15:23:57.22+00:00
gmap:ChIJo4iNxFBfwokRoNOy1gI2gpE,Psychic Astrologer,life coach,(929) 334-8971,,,,"103-142 Roosevelt Ave, Corona, NY 11368",Corona,New York,40.7500641,-73.8622996,gmaps_apify,new,2026-08-01T15:23:57.22+00:00
gmap:ChIJCexAWWT1wokRiXKEsnrGnjQ,House Of Obatala,life coach,(347) 398-5900,,https://www.houseofobatalanyc.com/,,"1803 Williamsbridge Rd, Bronx, NY 10461",Bronx,New York,40.8503839,-73.8517105,gmaps_apify,new,2026-08-01T15:23:57.22+00:00
gmap:ChIJgTX6saNZwokRU0b_57R2O8o,Speak Your Power Now,life coach,(888) 308-9034,,https://speakyourpowernow.com/contact/,,"123 5th Ave, Bronx, NY 10465",Bronx,New York,40.8231622,-73.8121178,gmaps_apify,new,2026-08-01T15:23:57.22+00:00
gmap:ChIJUxs4ABlawokRNM0Z4QtJlpI,Celebrities Concierge & Staffing Services,personal assistant,(212) 227-3877,,http://www.celebrities-staffing.com/,,"20 Vesey St #510, New York, NY 10007",New York,New York,40.712021,-74.009493,gmaps_apify,new,2026-08-01T15:23:24.633+00:00
gmap:ChIJRTCXmK1ZwokRS8387UcVgy8,Ace Institute of Technology,personal assistant,(212) 695-9700,,https://acecareer.edu/,,"312 W 36th St., New York, NY 10018",New York,New York,40.7535428,-73.9932754,gmaps_apify,new,2026-08-01T15:23:24.633+00:00
gmap:ChIJqVF4ResBZkIR_htHeMpUkFU,At your service -365,personal assistant,(347) 216-1461,,,,,New York,NY,40.5726984,-74.1536554,gmaps_apify,new,2026-08-01T15:23:24.633+00:00
gmap:ChIJVzNSL978ZUARhg6VTkKfjlE,Diamond Personnel,personal assistant,(212) 631-7520,,http://www.diamondjob.com/,,"225 W 34th St. Ste 403, New York, NY 10122",New York,New York,40.7518203,-73.9916859,gmaps_apify,new,2026-08-01T15:23:24.633+00:00
gmap:ChIJgcpYHpJZwokRc3yuNdufQSU,Serafina Staffing - NYC High Profile Domestic Staffing Agency,personal assistant,(646) 818-0829,,http://serafinastaffing.com/,,"228 Park Ave S #104608, New York, NY 10003",New York,New York,40.7376675,-73.9885894,gmaps_apify,new,2026-08-01T15:23:24.633+00:00
gmap:ChIJn-HL3oFOwokRbpaCXFzqGjo,Person Centered Care Services,personal assistant,(718) 370-1088,,http://www.pccsny.org/,,"150 Granite Ave, Staten Island, NY 10303",Staten Island,New York,40.6336361,-74.1486811,gmaps_apify,new,2026-08-01T15:23:24.633+00:00
gmap:ChIJjRCFlRZawokRZF_iFlAQRRE,Tri State Domestic,personal assistant,(646) 290-8891,,http://tristatestaff.net/,,"11 Wall St, New York, NY 10004",New York,New York,40.7070001,-74.0110976,gmaps_apify,new,2026-08-01T15:23:23.749+00:00
gmap:ChIJ-QefA0tbwokR-k00Mqm9YJU,OnCalla BPO Call Centers & Virtual Assistant,personal assistant,(929) 207-7500,,https://www.oncalla.com/,,"200 Broadway 3rd floor, New York, NY 10038",New York,New York,40.7105827,-74.0091309,gmaps_apify,new,2026-08-01T15:23:23.749+00:00
gmap:ChIJWQ1t3x9fwokRHVtR28u2_XU,Direct Hire Employment Agency,personal assistant,(347) 688-4808,,https://www.directhireagency.com/,,"69-11D Roosevelt Ave, Woodside, NY 11377",Woodside,New York,40.7466438,-73.8955698,gmaps_apify,new,2026-08-01T15:23:23.748+00:00
gmap:ChIJ__-49T3zwokRh10zk7VF1Ao,"Caring Hands Agency, Inc.",personal assistant,(646) 543-7505,,,,"3721 Willett Ave, Bronx, NY 10467",Bronx,New York,40.882405,-73.8653032,gmaps_apify,new,2026-08-01T15:23:23.748+00:00
gmap:ChIJTUkJt_9YwokR4Zys6CXtLYU,Northbound Executive Search,personal assistant,(212) 600-2540,,http://www.northboundsearch.com/,,"45 W 45th St, New York, NY 10036, United States",New York,New York,40.756359,-73.9811027,gmaps_apify,new,2026-08-01T15:23:23.748+00:00
gmap:ChIJI62HvARFwokRBvKuSjdxLzs,JCH Job Placement Center,personal assistant,(718) 331-6800,,http://www.jchb.org/,,"2164 78th St, Brooklyn, NY 11214",Brooklyn,New York,40.606695,-73.989906,gmaps_apify,new,2026-08-01T15:23:16.291+00:00
gmap:ChIJi8-RHElawokRhxw0Y8LgYw4,"Allen School of Health Sciences - Brooklyn, NY",personal assistant,(718) 243-1700,,https://www.allenschool.edu/brooklyn-campus,,"188 Montague St, Brooklyn, NY 11201",Brooklyn,New York,40.6938773,-73.9915,gmaps_apify,new,2026-08-01T15:23:16.291+00:00
gmap:ChIJ-ZawnahZwokRO4StuRSdHPI,Household Staffing,personal assistant,(212) 600-2085,,https://householdstaffing.com/,,"276 5th Ave Ste 704-348, New York, NY 10001",New York,New York,40.745892,-73.986922,gmaps_apify,new,2026-08-01T15:23:16.291+00:00
gmap:ChIJCY_xkBJcwokRhfQZXqkZkDo,Ultimate Care NY,personal assistant,(516) 708-0118,,https://www.ultimatecareny.com/,,"1000 Gates Ave 4th Floor, Brooklyn, NY 11221",Brooklyn,New York,40.6892089,-73.9233856,gmaps_apify,new,2026-08-01T15:23:16.291+00:00
gmap:ChIJjR5U7PJEwokReHTbWlH_NMs,Special Touch Home Care,personal assistant,(718) 627-1122,,https://www.specialtouch.com/locations/brooklyn-ny-coney-island-avenue/,,"2091 Coney Island Ave, Brooklyn, NY 11223",Brooklyn,New York,40.606144,-73.961419,gmaps_apify,new,2026-08-01T15:23:16.291+00:00
gmap:ChIJZwA0Ra9cwokRUgBisz8hx78,Allborogh Personal Care Inc,personal assistant,(347) 247-7696,,http://allboroghpersonalcare.com/,,"300 Cadman Plz W, Brooklyn, NY 11201",Brooklyn,New York,40.6953702,-73.9911471,gmaps_apify,new,2026-08-01T15:23:16.291+00:00
gmap:ChIJIUmN4X9FwokRoG-i78RsAGg,Remofy Virtual Experts,personal assistant,(646) 330-1582,,https://remofyve.com/,,"1034 E 7th St, Brooklyn, NY 11230",Brooklyn,New York,40.6258354,-73.9696188,gmaps_apify,new,2026-08-01T15:23:16.291+00:00
gmap:ChIJJYI6UZREwokRqKnKVbfHFbA,Paramount Home Care Agency,personal assistant,(929) 205-4295,,https://www.paramountathomeinc.com/,,"161 Kings Hwy #2, Brooklyn, NY 11223",Brooklyn,New York,40.606069,-73.985572,gmaps_apify,new,2026-08-01T15:23:16.291+00:00
gmap:ChIJBZozrTFFwokRBWXVlehQW84,Preferred Home Care of New York - Brooklyn,personal assistant,(718) 841-8000,,https://preferredhcny.com/,,"2357 60th St, Brooklyn, NY 11204",Brooklyn,New York,40.614582,-73.97452,gmaps_apify,new,2026-08-01T15:23:16.291+00:00
gmap:ChIJj67c4Z5FwokRRFX5ZjmnyGk,Galaxy Home Care of New York City,personal assistant,(718) 247-8300,,https://galaxyhomecareny.com/nyc/?utm_source=google&utm_medium=organic&utm_campaign=google-maps,,"224 Kings Hwy, Brooklyn, NY 11223",Brooklyn,New York,40.6052582,-73.9824483,gmaps_apify,new,2026-08-01T15:23:16.291+00:00
gmap:ChIJ7z4jCB5FwokRS_Jr3U0JweU,NYU Langone Brooklyn Medical Associates—Bensonhurst,personal assistant,(718) 998-0100,,https://nyulangone.org/locations/nyu-langone-brooklyn-medical-associates-bensonhurst?cid=syn_yext&y_source=1_MTUzMDE0ODAtNzE1LWxvY2F0aW9uLndlYnNpdGU%3D,,"2310 65th St Ste 2, Brooklyn, NY 11204",Brooklyn,New York,40.6122774,-73.9792938,gmaps_apify,new,2026-08-01T15:23:16.291+00:00
gmap:ChIJyeAZVetEwokR-HnbhA4v2GI,IP Training School,personal assistant,(718) 975-8180,,https://www.ip-trainingschool.com/,,"1311 Kings Hwy f3, Brooklyn, NY 11229",Brooklyn,New York,40.608334,-73.9596484,gmaps_apify,new,2026-08-01T15:23:16.291+00:00
gmap:ChIJK4RioexEwokRngA0KVERII8,DIALEXTON SCHOOL OF ALLIED HEALTH PROFESSIONS,personal assistant,(718) 775-3803,,http://www.dialextonschool.com/,,"1201 Quentin Rd 2nd Floor, Brooklyn, NY 11229",Brooklyn,New York,40.6081745,-73.9608065,gmaps_apify,new,2026-08-01T15:23:16.291+00:00
gmap:ChIJJxdAJyBFwokRlLBGQLugH20,"Amelia Homecare, Inc",personal assistant,(929) 333-3955,,https://www.ameliahomecareny.com/,,"3007 Ocean Pkwy 1ST FLOOR, Brooklyn, NY 11235",Brooklyn,New York,40.577684,-73.967588,gmaps_apify,new,2026-08-01T15:23:16.291+00:00
gmap:ChIJ97c6ACldwokR9b2OdBJoDMc,ANS Staffing Agency,personal assistant,(347) 244-7857,,https://www.ansstaffingagency.com/,,"8316 Avenue J Unit 82, Brooklyn, NY 11236",Brooklyn,New York,40.6354325,-73.9086038,gmaps_apify,new,2026-08-01T15:23:10.593+00:00
gmap:ChIJ87-XAhdawokR3kAy3QRJh50,ResultsResourcing,personal assistant,(212) 709-8063,,https://www.resultsresourcing.net/,,"30 Wall St 8th floor, New York, NY 10005",New York,New York,40.7070885,-74.0100839,gmaps_apify,new,2026-08-01T15:23:10.593+00:00
gmap:ChIJf7QTOaNZwokRn6dBr6-3_5I,Hello Alfred,personal assistant,(646) 756-4877,,http://www.helloalfred.com/,,"24 Mercer St, New York, NY 10013",New York,New York,40.7207302,-74.0017699,gmaps_apify,new,2026-08-01T15:23:06.648+00:00
gmap:ChIJi2-qSYr0wokR1VAbUKzKD1I,Sky Auto Driving School,driver,(718) 716-2178,,https://skyautodrivingschool.com/,,"1967 Southern Blvd, Bronx, NY 10460, United States",Bronx,New York,40.8433297,-73.8858377,gmaps_apify,new,2026-08-01T15:22:03.244+00:00
gmap:ChIJc_XUq1JewokR60x9WIgrCFw,"J&S Reliance Driving School - jscdl.org - Tractor Trailer, Truck, Bus, School Bus, Motorcycle, Car.",driver,(718) 205-6789,,https://www.jsdrivingschool.com/,,"98-07 Astoria Blvd, East Elmhurst, NY 11369, United States",East Elmhurst,New York,40.762556,-73.8710798,gmaps_apify,new,2026-08-01T15:22:03.244+00:00
gmap:ChIJVSA-5zv0wokRLBIonmW1Z7I,Jerome Auto Driving School,driver,(718) 588-2121,,http://jeromeautodrivingschool.com/,,"1322 Jerome Ave, Bronx, NY 10452, United States",Bronx,New York,40.8385249,-73.9185645,gmaps_apify,new,2026-08-01T15:22:03.244+00:00
gmap:ChIJ5VDRY3z2wokRGRrFtg0ZvAg,Harlem Driving School,driver,(212) 510-7940,,http://www.harlemdrivingschool.com/,,"717 St Nicholas Ave, New York, NY 10031, United States",New York,New York,40.8245916,-73.9445908,gmaps_apify,new,2026-08-01T15:22:03.244+00:00
gmap:ChIJ3e1dN7n1wokR2GgpvRuub3I,Curve Driving School,driver,(718) 502-0927,,https://curvedriving.com/,,"1679 Southern Blvd, Bronx, NY 10460, United States",Bronx,New York,40.8363196,-73.8886547,gmaps_apify,new,2026-08-01T15:22:03.244+00:00
gmap:ChIJ2d08CztfwokRYT-dqWQVA4c,Ferrari Driving School,driver,(718) 278-6679,,https://www.ferraridrivingschool.com/contact/queens-driving-school/#utm_source=google&utm_medium=organic&utm_campaign=gmb-astoria,,"32-32 Steinway St, Astoria, NY 11103, United States",Astoria,New York,40.758271,-73.919895,gmaps_apify,new,2026-08-01T15:22:03.244+00:00
gmap:ChIJkwtCom_1wokRQkaHnri_bTE,MG Driving School Multiservice,driver,(716) 799-1790,,https://mg.areacar.eu/,,"912 Soundview Ave Unit 4, Bronx, NY 10473, United States",Bronx,New York,40.823441,-73.8679333,gmaps_apify,new,2026-08-01T15:22:03.244+00:00
gmap:ChIJUdrLDRP0wokR_cW7sn-JgOs,Punta Cana Driving School/ Punta Cana Multiservice,driver,(347) 994-5815,,http://www.puntacanadrivingschool.com/,,"1959 Webster Ave, Bronx, NY 10457, United States",Bronx,New York,40.8492072,-73.9003787,gmaps_apify,new,2026-08-01T15:22:03.244+00:00
gmap:ChIJ6xUillP1wokR7HmorNBkQK0,Point Driving School,driver,(718) 353-3999,,https://www.pointdrivingschools.com/,,"20-17 College Point Blvd, College Point, NY 11356, United States",College Point,New York,40.7811392,-73.8457428,gmaps_apify,new,2026-08-01T15:22:03.244+00:00
gmap:ChIJtfJCRlCLwokRi99RuAvNHU4,Middletown Road Driving School,driver,(347) 810-5465,,http://motivationdriving.com/,,"2915 Middletown Rd, Bronx, NY 10461, United States",Bronx,New York,40.8437274,-73.8322,gmaps_apify,new,2026-08-01T15:22:03.244+00:00
gmap:ChIJ6e0hdhb0wokRJ4c0iVcKEkM,Professional Driving Center,driver,(718) 716-6152,,http://www.professionaldrivingcenter.com/,,"81C Featherbed Ln, Bronx, NY 10452, United States",Bronx,New York,40.8465579,-73.9177648,gmaps_apify,new,2026-08-01T15:22:03.244+00:00
gmap:ChIJPVp4bbj0wokRpZLcFB9iLxk,"Asian Driving School, Bronx",driver,(718) 828-2742,,http://asiandrivingschools.com/,,"2099 Starling Ave, Bronx, NY 10462, United States",Bronx,New York,40.836248,-73.855314,gmaps_apify,new,2026-08-01T15:22:03.244+00:00
gmap:ChIJ3_fMHBJgwokRg_djAkiMHkI,大軍駕校 No.1 Driving School Inc,driver,(718) 886-8002,,,,"Main St #2FL, Flushing, NY 11355, United States",Flushing,New York,40.7578543,-73.8296406,gmaps_apify,new,2026-08-01T15:22:03.243+00:00
gmap:ChIJe5_Oofr0wokRSD8lF4aGN4I,Speed Bunny Driving School,driver,(718) 328-8641,,http://speedbunnydrivingschool.com/,,"1535 Westchester Ave #1, Bronx, NY 10472",Bronx,New York,40.8287983,-73.8785692,gmaps_apify,new,2026-08-01T15:22:03.243+00:00
gmap:ChIJK26bVK31wokRIedLgd8Iebo,ELEGANT DRIVING SCHOOL,driver,(718) 466-7717,,http://www.elegantdrivingschool.com/,,"850 Longwood Ave, Bronx, NY 10459",Bronx,New York,40.81919,-73.9013745,gmaps_apify,new,2026-08-01T15:22:03.243+00:00
gmap:ChIJGdgVGz_1wokRgjYjjEy4iOo,Best Way Driving School Lydig,driver,(718) 918-0035,,http://bestwaynyc.com/,,"708 Lydig Ave #202, Bronx, NY 10462",Bronx,New York,40.8543285,-73.8672218,gmaps_apify,new,2026-08-01T15:22:03.243+00:00
gmap:ChIJicCNHIj2wokRY5Iz-LqZAB4,New York Commercial Driving School Corp.,driver,(212) 927-0007,,https://www.nydscorp.com/,,"4243 Broadway, New York, NY 10033, United States",New York,New York,40.8497658,-73.9364669,gmaps_apify,new,2026-08-01T15:22:03.243+00:00
gmap:ChIJ69tJKp32wokR5ZpOrv8S2z0,Easy To Learn Driving School,driver,(212) 568-6868,,,,"2112A Amsterdam Ave, New York, NY 10032, United States",New York,New York,40.8378919,-73.9387563,gmaps_apify,new,2026-08-01T15:22:03.243+00:00
gmap:ChIJB2xANtNewokR3YIChrQSlsc,"NYC Driver Institute, Inc",driver,(718) 255-9500,,,,"The Falchi Building, 31-00 47th Ave Ste 1155, Long Island City, NY 11101",Long Island City,New York,40.7420113,-73.9354373,gmaps_apify,new,2026-08-01T15:22:02.677+00:00
gmap:ChIJ38tglF5YwokRgNoJx1goqC8,Empire State Driving School,driver,(212) 706-1078,,,,"226 W 61st St, New York, NY 10023",New York,New York,40.7722488,-73.9883046,gmaps_apify,new,2026-08-01T15:22:02.677+00:00
gmap:ChIJya-DOwJZwokRuyaGKO3MhTs,IMPROV,driver,(917) 633-8766,,https://www.myimprov.com/defensive-driving/new-york?utm_source=google&utm_medium=organic&utm_campaign=gmb-listing,,"575 Lexington Ave 4th floor, New York, NY 10022, United States",New York,New York,40.7566746,-73.9698306,gmaps_apify,new,2026-08-01T15:22:02.677+00:00
gmap:ChIJWWaYna1ZwokRYfEU7tvP4mw,Barnes Driving school Car Bus Truck Trailer Corporation,driver,(212) 244-2332,,http://www.nycbarnestruckdrivingschool.com/,,"265 W 37th St Ste 1404, New York, NY 10018, United States",New York,New York,40.7540987,-73.9917082,gmaps_apify,new,2026-08-01T15:22:02.677+00:00
gmap:ChIJyc5eTTFZwokRbsh51-HyjcA,CONFIDENT DRIVER driving school,driver,(917) 265-8311,,http://confidentdriverschool.com/,,"38 W 32nd St, New York, NY 10001",New York,New York,40.7477815,-73.987404,gmaps_apify,new,2026-08-01T15:22:02.677+00:00
gmap:ChIJG_GxOW_2wokRR-SXE74hark,ACROPOLIS DRIVING SCHOOL,driver,(212) 368-5141,,https://acropolis.areacar.eu/,,"1504 Amsterdam Ave, New York, NY 10031, United States",New York,New York,40.818548,-73.952805,gmaps_apify,new,2026-08-01T15:22:02.677+00:00
gmap:ChIJ2URKrAX3wokRHB4OAtpSsMY,Lexington Driving School,driver,(718) 535-7666,,http://lexidriving.com/,,"1721 Lexington Ave, New York, NY 10029, United States",New York,New York,40.7931476,-73.945387,gmaps_apify,new,2026-08-01T15:22:02.677+00:00
gmap:ChIJ-RkX0Ff1wokRlw4QKCX2Nd0,Madera Driving School,driver,(646) 702-5510,,http://maderadrivingschool.com/,,"691 E Tremont Ave, Bronx, NY 10457, United States",Bronx,New York,40.8457255,-73.8912811,gmaps_apify,new,2026-08-01T15:22:02.677+00:00
gmap:ChIJT7YL4gJZwokRYvhio9SQ--s,"Fuji Driving School, Inc.",driver,(212) 661-0434,,,,"36 W 44th St Ste 1011, New York, NY 10036, United States",New York,New York,40.7553227,-73.9819255,gmaps_apify,new,2026-08-01T15:22:02.677+00:00
gmap:ChIJn-MOQO9YwokRtztHdSdMKv0,Grand Prix Driving School,driver,(212) 752-0100,,https://grandprixdrivingschool.com/,,"806 Lexington Ave, New York, NY 10065, United States",New York,New York,40.7643275,-73.9668758,gmaps_apify,new,2026-08-01T15:22:02.677+00:00
gmap:ChIJceZf3ahZwokRmfbDd0qQ0s4,Drive Rite Academy,driver,(718) 928-7048,,https://driveriteny.com/Driving-Lessons-Manhattan,,"38 W 32nd St #1306, New York, NY 10001",New York,New York,40.747771,-73.987415,gmaps_apify,new,2026-08-01T15:22:02.677+00:00
gmap:ChIJ_____4pYwokRAoe9AaKN2Vg,Long Island Driver - WE DRIVE YOUR CAR!,driver,(516) 983-0498,,,,"New York, NY 10023",New York,New York,40.7768433,-73.9800989,gmaps_apify,new,2026-08-01T15:22:02.677+00:00
gmap:ChIJTzQFqTxZwokR8uk97-z_pqw,Decision Drivers NYC,driver,(212) 575-0210,,http://www.decisiondrivers.com/,,"16 W 46th St Second Floor, New York, NY 10036",New York,New York,40.756312,-73.9802321,gmaps_apify,new,2026-08-01T15:22:02.677+00:00
gmap:ChIJ8dszqVVYwokRWLyPrdiR62Y,NYC Drivers,driver,(212) 518-3678,,https://www.nycdrivers.net/,,"168 E 44th St, New York, NY 10017",New York,New York,40.7520826,-73.9738042,gmaps_apify,new,2026-08-01T15:22:02.677+00:00
gmap:ChIJSyPBhgRKHQMRzuuj09pkIMQ,My Driver NYC,driver,(347) 510-4027,,https://mydrivernyc.com/,,"1409 6th Ave, New York, NY 10019",New York,New York,40.7647913,-73.977275,gmaps_apify,new,2026-08-01T15:22:02.677+00:00
gmap:ChIJP6Nuza73wokRN7WosIzrm9M,Ultimate Black Car,driver,(212) 809-5050,,http://ultimateblackcar.com/,,"1 W 125th St Ste 211, New York, NY 10027",New York,New York,40.8067696,-73.9424573,gmaps_apify,new,2026-08-01T15:21:59.026+00:00
gmap:ChIJu7eL_tb3wokRaXb0Adx9U6Q,RC Audubon Car Service,driver,(212) 923-8787,,http://auduboncarservice.com/,,"2224 Amsterdam Ave, New York, NY 10032",New York,New York,40.8414451,-73.9361081,gmaps_apify,new,2026-08-01T15:21:59.026+00:00
gmap:ChIJ-1aRwO2LwokREVBmEhmHXpg,Ferrari Driving School,driver,(718) 278-6679,,https://www.ferraridrivingschool.com/contact/bronx-driving-school/,,,New York,NY,40.6971415,-73.979506,gmaps_apify,new,2026-08-01T15:21:59.026+00:00
gmap:ChIJeX9m6Ur0wokR_LhGVZSSVFc,Original Uptown Car Services,driver,(718) 993-2800,,,,"961 Washington Ave, Bronx, NY 10456",Bronx,New York,40.8252282,-73.9104043,gmaps_apify,new,2026-08-01T15:21:59.026+00:00
gmap:ChIJbe40pFhewokRl3ej_zfWaAc,Dav El | BostonCoach - New York,driver,(800) 672-7676,,https://davelbostoncoach.com/,,"19-11 43rd St, Astoria, NY 11105",Astoria,New York,40.7761507,-73.8978436,gmaps_apify,new,2026-08-01T15:21:59.026+00:00
gmap:ChIJ30BWqkJfwokRC888xFAwvZs,Zapiti Auto School,driver,(718) 274-5100,,http://zapitiautoschool.com/index.html,,"22-74 31st St STE 1, Astoria, NY 11105",Astoria,New York,40.7747316,-73.9127816,gmaps_apify,new,2026-08-01T15:21:59.026+00:00
gmap:ChIJZanh-0VfwokRjLg_MhyxGWs,Friendly Ride Inc.,driver,(718) 545-5466,,http://www.friendlyrideinc.com/,,"36-01 37th Ave, Long Island City, NY 11101",Long Island City,New York,40.7528132,-73.9269491,gmaps_apify,new,2026-08-01T15:21:59.026+00:00
gmap:ChIJDe35KaD2wokRa60beKab59Q,Pagan Driving School,driver,(212) 568-4365,,,,"85 Audubon Ave, New York, NY 10032",New York,New York,40.8413348,-73.9375589,gmaps_apify,new,2026-08-01T15:21:59.026+00:00
gmap:ChIJq0TWMwb2wokREgZAcprhXMY,El Barrio’s Car Service,driver,(212) 722-5555,,http://www.elbarrioscarservice.com/,,"220 E 116th St, New York, NY 10029",New York,New York,40.7973925,-73.9392418,gmaps_apify,new,2026-08-01T15:21:59.026+00:00
gmap:ChIJVVVE5qP0wokR8dTg1FJJypQ,LLC Geluxy Transportation,driver,(914) 222-1090,,http://www.geluxy.com/,,"1957 Bogart Ave, Bronx, NY 10462",Bronx,New York,40.8506648,-73.8607779,gmaps_apify,new,2026-08-01T15:21:59.026+00:00
gmap:ChIJby39EGpfwokROFQgZtI3NBM,"Classic Ryde – NYC NEMT Medical Transportation | Taxi & Airport Rides (JFK, LGA, EWR)",driver,(718) 777-7800,,https://www.classicryde.com/,,"38-12 Astoria Blvd S, Astoria, NY 11103",Astoria,New York,40.7688177,-73.9115548,gmaps_apify,new,2026-08-01T15:21:59.026+00:00
gmap:ChIJ__8_FEuLwokRwfUvL2LQOec,Driver's License reservation,driver,(917) 310-2719,,https://drivernvehiclelicensing.com/contact/,,"1350 Commerce Ave, Bronx, NY 10461",Bronx,New York,40.8368971,-73.8401604,gmaps_apify,new,2026-08-01T15:21:59.026+00:00
gmap:ChIJn6RLmxP2wokRKKApwBiWTqU,Harlem Car Services Inc,driver,(212) 663-8080,,,,"210 St Nicholas Ave, New York, NY 10027",New York,New York,40.8071063,-73.9527506,gmaps_apify,new,2026-08-01T15:21:59.026+00:00
gmap:ChIJpcwqdO_0wokRYYdVl7EAqyU,High Step School of Driving,driver,(718) 842-7440,,http://highstepdrivingschool.com/,,"1630 Westchester Ave, Bronx, NY 10472",Bronx,New York,40.829513,-73.874065,gmaps_apify,new,2026-08-01T15:21:59.026+00:00
gmap:ChIJf5v4aG9gwokRwmNXWHhRn2A,New York State DMV - College Point,driver,(518) 486-9786,,https://dmv.ny.gov/location/college-point,,"30-56 Whitestone Expy, Flushing, NY 11354",Flushing,New York,40.770053,-73.8370061,gmaps_apify,new,2026-08-01T15:21:59.025+00:00
gmap:ChIJvdhez6j0wokRJpBuCZG60ag,Seagull Driving School,driver,(718) 518-8142,,http://www.seagulldriving.com/,,"1819 Williamsbridge Rd, Bronx, NY 10461",Bronx,New York,40.8508106,-73.8520802,gmaps_apify,new,2026-08-01T15:21:59.025+00:00
gmap:ChIJj_fi8hoILE0R1o-ZsW2eydQ,"RIDE A WAV - Wheelchair Transportation in NYC, Westchester, Long Island & CT",driver,(914) 339-6005,,https://www.rideawav.com/,,"147-39 175th St Ste 206, Jamaica, NY 11434",Jamaica,New York,40.6599353,-73.7704927,gmaps_apify,new,2026-08-01T15:21:57.146+00:00