id,name,service_type,phone,owner_email,website_url,instagram,address,city,state,lat,lon,data_source,outreach_status,fetched_at
gmap:ChIJRYuO_tux2YgR0Yot9D75yjg,"Hijama Miami - Dry Cupping, Deep Stretching, and Wet Cupping Therapy.",stretch therapist,(305) 645-0657,,,,"2915 Biscayne Blvd, Miami, FL 33137",Miami,Florida,25.8044981,-80.1892029,google_lsa,new,2026-08-08T00:16:47.161+00:00
gmap:ChIJHdQizaK32YgReLfg32TvYiU,ASR Sports Medicine Brickell,stretch therapist,(305) 984-1155,,https://asrsportsmedicine.com/,,"1106 S Miami Ave #201, Miami, FL 33130",Miami,Florida,25.7632277,-80.1933283,google_lsa,new,2026-08-08T00:16:47.161+00:00
gmap:ChIJ6_QlqGa32YgR0q0rbuBL5Hg,Stretch Zone,stretch therapist,(305) 235-1999,,https://www.stretchzone.com/locations/brickell/,,"1390 Brickell Ave Ste 102, Miami, FL 33131",Miami,Florida,25.7606523,-80.1926555,google_lsa,new,2026-08-08T00:16:47.161+00:00
gmap:ChIJHbaiBIi22YgRi9ehwr04XYY,Skanda Yoga Studio,stretch therapist,(786) 567-8124,,http://www.skandayogastudio.com/,,"1800 SW 1st Ave #102, Miami, FL 33129",Miami,Florida,25.7580426,-80.1991177,google_lsa,new,2026-08-08T00:16:47.161+00:00
gmap:ChIJHcaRoau22YgRHwCY_rlO6ls,Fox Physical Therapy,stretch therapist,(305) 735-8901,,https://foxpt.com/,,"162 NE 25th St #103, Miami, FL 33137",Miami,Florida,25.8006645,-80.1911604,google_lsa,new,2026-08-08T00:16:47.161+00:00
gmap:ChIJDZd4dqi22YgRqBYblX38cxs,DeNatura Wellness,stretch therapist,(305) 814-9818,,https://www.denatura.com/,,"2831 S Bayshore Dr, Miami, FL 33133",Miami,Florida,25.7293556,-80.2385542,google_lsa,new,2026-08-08T00:16:47.161+00:00
gmap:ChIJH0_XQG232YgRqU2z0N9rxDk,Helix Performance Recovery,stretch therapist,(305) 539-0222,,https://helixperformancerecovery.com/,,"77 NE 24th St, Miami, FL 33137",Miami,Florida,25.800114,-80.1931295,google_lsa,new,2026-08-08T00:16:47.161+00:00
gmap:ChIJaaye6q212YgRYR7CL0STwKA,One&Fit Outdoor Stretch,stretch therapist,(786) 227-7252,,http://www.oneandfit.com/,,"1745 N Bayshore Dr, Miami, FL 33132",Miami,Florida,25.7935309,-80.1857629,google_lsa,new,2026-08-08T00:16:47.161+00:00
gmap:ChIJk_AMtBW32YgRFhLp1a1yHnM,WynWellness,stretch therapist,(786) 899-0595,,https://wynwellness.com/,,"4770 Biscayne Blvd #610, Miami, FL 33137",Miami,Florida,25.8187665,-80.1883019,google_lsa,new,2026-08-08T00:16:47.161+00:00
gmap:ChIJJeQrnoSx2YgRbJn-rf8hsxM,Sila Miami,stretch therapist,(305) 224-6399,,https://silamiami.com/?utm_source=google&utm_medium=organic&utm_campaign=gbp&utm_content=main_button,,"5030 NE 2nd Ave Unit 405, Miami, FL 33137",Miami,Florida,25.8217694,-80.1919418,google_lsa,new,2026-08-08T00:16:47.161+00:00
gmap:ChIJqQdykcC30YgRK5xABBgRqMc,Temple Lioness,stretch therapist,(941) 993-4433,,https://templelioness.com/temple-home-1,,"7630 NE 1st Ave, Miami, FL 33138",Miami,Florida,25.8453196,-80.1954544,google_lsa,new,2026-08-08T00:16:47.161+00:00
gmap:ChIJS0EzTY-x2YgR6MFZvNGKjT0,Primal Fit Miami,stretch therapist,(305) 951-6648,,https://primalfitmiami.com/,,"8200 NE 2nd Ave, Miami Shores, FL 33138",Miami Shores,Florida,25.8499579,-80.1930793,google_lsa,new,2026-08-08T00:16:47.161+00:00
gmap:ChIJ-aVScC232YgRakSwJ3ZvaXc,Infinity Delta,stretch therapist,(786) 591-7586,,http://infinitydelta.io/,,"310 NE 61st St, Miami, FL 33137",Miami,Florida,25.832267,-80.1898853,google_lsa,new,2026-08-08T00:16:47.161+00:00
gmap:ChIJ5aiat8C32YgR_DOtZIz43b4,The Miami Chiropractor,stretch therapist,(305) 791-4609,,https://themiamichiropractor.com/,,"2140 S Dixie Hwy Ste 205E, Miami, FL 33133",Miami,Florida,25.7430541,-80.2282102,google_lsa,new,2026-08-08T00:16:47.161+00:00
gmap:ChIJFY9dJpS32YgRse8Kyxp2jDo,PARC- Premier Athletic Rehab Center,stretch therapist,(305) 680-1570,,https://parcpt.com/physical-therapy-clinic/miami-fl/,,"2631 SW 27th St, Miami, FL 33133",Miami,Florida,25.7420138,-80.2372228,google_lsa,new,2026-08-08T00:16:47.161+00:00
gmap:ChIJVXjzEc-32YgRmqPDA2_ftMs,Pilates in the Grove- Coconut Grove,stretch therapist,(305) 446-6899,,https://www.pilatesinthegrove.com/,,"3316 Virginia St, Coconut Grove, FL 33133",Coconut Grove,Florida,25.729465,-80.241984,google_lsa,new,2026-08-08T00:16:47.161+00:00
gmap:ChIJSdDpPbS32YgRNJBdqLMOiqU,Pure Physical Therapy,stretch therapist,(305) 771-0565,,http://www.pureptmiami.com/,,"3850 Bird Rd #106, Miami, FL 33146",Miami,Florida,25.7342533,-80.2567915,google_lsa,new,2026-08-08T00:16:47.161+00:00
gmap:ChIJoUP0pJ632YgRHNtwe0KuRXo,"Lux Lifestyle Chiropractic || Dr. Brittany Holliday, DC",stretch therapist,(786) 919-6316,,https://www.luxlifestylechiropractic.com/,,"23 Almeria Ave, Coral Gables, FL 33134",Coral Gables,Florida,25.7474053,-80.2551823,google_lsa,new,2026-08-08T00:16:47.161+00:00
gmap:ChIJ0WYjVuXH2YgRIPGhCbY-0xo,Clinic Libessart,stretch therapist,(305) 663-4499,,https://cliniclibessart.com/,,"3850 Bird Rd Ste 502, Coral Gables, FL 33146",Coral Gables,Florida,25.734454,-80.256728,google_lsa,new,2026-08-08T00:16:47.161+00:00
gmap:ChIJOfuer8-32YgRc9P87TZHNTo,OM Movement,stretch therapist,(786) 452-8428,,http://ommovementstudio.com/,,"2895 McFarlane Rd 2nd floor, Coconut Grove, FL 33133",Coconut Grove,Florida,25.7275273,-80.2411184,google_lsa,new,2026-08-08T00:16:47.161+00:00
gmap:ChIJr5YnzIC72YgRzdzRQNMalxI,PhysioLogix Concierge Physical Therapy and Wellness,stretch therapist,(305) 902-6090,,http://physiologixpt.com/,,,Brickell,FL,25.782414,-80.2253934,google_lsa,new,2026-08-08T00:16:47.161+00:00
gmap:ChIJMb4Ew9a52YgRni9zVsS-LrM,"iCare Chiropractic, P.A.",stretch therapist,(786) 391-3868,,https://www.icarechiro.com/,,"5226 W Flagler St, Miami, FL 33134",Miami,Florida,25.7707387,-80.2810296,google_lsa,new,2026-08-08T00:16:47.161+00:00
gmap:ChIJRy9pVZq22YgRe_FGZhi10ZU,Monster Cast Fitness,stretch therapist,(786) 479-9793,,http://www.monstercast.net/,,"111 SW 3rd St 7 floor, Miami, FL 33130",Miami,Florida,25.7719573,-80.195982,google_lsa,new,2026-08-08T00:16:47.161+00:00
gmap:ChIJLzKKwKm22YgRlGtbbxjjJSM,Bagley Physical Therapy,stretch therapist,(856) 816-0695,,https://bagleyphysicaltherapy.com/contact-us/,,"CU 8, 2045 Biscayne Blvd, Miami, FL 33137",Miami,Florida,25.7961075,-80.1888327,google_lsa,new,2026-08-08T00:16:47.161+00:00
gmap:ChIJIzF3LPq22YgRed_ipc-YF-I,Liz Skincare,stretch therapist,(305) 541-1630,,http://lizskincare.com/,,"2200 SW 16th St #224, Miami, FL 33145",Miami,Florida,25.7578682,-80.2310878,google_lsa,new,2026-08-08T00:16:47.161+00:00
gmap:ChIJSQLyPYW22YgRv4MHD3FvPrg,Dermaclinic Miami LLC,stretch therapist,(786) 539-4905,,https://www.dermaclinicenter.com/,,"175 SW 7th St Apt 2009, Miami, FL 33130",Miami,Florida,25.7679767,-80.1967082,google_lsa,new,2026-08-08T00:16:47.161+00:00
gmap:ChIJ26mPdqy22YgR--0qgh6pn6o,LEGACY,stretch therapist,(305) 799-0850,,https://www.legacyfit.com/,,"2243 N Miami Ave #110, Miami, FL 33127",Miami,Florida,25.7982131,-80.1947252,google_lsa,new,2026-08-08T00:16:47.161+00:00
gmap:ChIJH_GrAY-22YgRSwv_xdPczeY,Icon Medical Centers,stretch therapist,(305) 928-2216,,https://iconmedicalcenters.com/miami/?utm_campaign=gmb,,"232 SW 8th St, Miami, FL 33130",Miami,Florida,25.7660921,-80.1981902,google_lsa,new,2026-08-08T00:16:47.161+00:00
gmap:ChIJ02N6Tom32YgRGOY66skXehE,"Rehab Concierge Services, LLC",stretch therapist,(305) 904-6527,,http://www.rehabconciergemiami.com/,,"1420 NE Miami Pl, Miami, FL 33132",Miami,Florida,25.7885381,-80.1934529,google_lsa,new,2026-08-08T00:16:47.161+00:00
gmap:ChIJVbzFLcG22YgRaaMhritVvk8,UHealth Fitness and Wellness Center,stretch therapist,(305) 243-7662,,https://umiamihealth.org/locations/uhealth-fitness-and-wellness-center,,"1120 NW 14th St 9th Floor, Miami, FL 33136",Miami,Florida,25.7868404,-80.2132263,google_lsa,new,2026-08-08T00:16:47.161+00:00
gmap:ChIJqwdw0K6x2YgR14-X1wlsogk,Stretch Ethos,stretch therapist,(786) 577-9332,,http://www.stretchethos.com/,,"my suite!, @beauty square, 3201 N Miami Ave Ste 109-38, Miami, FL 33127",Miami,Florida,25.8080579,-80.1950449,google_lsa,new,2026-08-08T00:16:47.161+00:00
gmap:ChIJK8cFg0i32YgRvx4RJ58Jd_0,RECVR • IV Therapy • Sports Therapy,stretch therapist,(786) 447-8115,,https://www.recvrbrand.com/,,"3301 NE 1st Ave Ste 114, Miami, FL 33137",Miami,Florida,25.8077848,-80.192272,google_lsa,new,2026-08-08T00:16:47.161+00:00
gmap:ChIJmVpBZia32YgRs7wdy4sBkD0,Stretch Zone,stretch therapist,(786) 636-1306,,https://www.stretchzone.com/locations/coconut-grove,,"2829 Bird Ave, Miami, FL 33133",Miami,Florida,25.7358782,-80.2391568,google_lsa,new,2026-08-08T00:16:47.161+00:00
gmap:ChIJ6z_dJcmx2YgREPL0yEQJ8e4,Fresh & Nice Jamaican Cuisine,meal prep,(305) 456-8667,,,,"3637 NW 17th Ave, Miami, FL 33142, United States",Miami,Florida,25.8100503,-80.2237463,google_lsa,new,2026-08-08T00:16:38.215+00:00
gmap:ChIJdzGrY0O32YgReavdoMySwAI,Dumplings Mi Amor,meal prep,(305) 733-1583,,http://dumplingsmiamor.com/,,"119 SE 2nd Ave, Miami, FL 33131, United States",Miami,Florida,25.7730048,-80.1901245,google_lsa,new,2026-08-08T00:16:38.215+00:00
gmap:ChIJFyPA6ZW32YgRB4SOjuAWlZo,LOVE ‘N GYROS,meal prep,(305) 549-8802,,http://www.lovengyros.com/,,"2814 N Miami Ave, Miami, FL 33127, United States",Miami,Florida,25.803383,-80.1952268,google_lsa,new,2026-08-08T00:16:38.215+00:00
gmap:ChIJnx88KgC32YgRLiiIJh1LTbo,Vegan Corner Plant-Based Market (Benny's Corner),meal prep,(786) 316-1665,,http://www.bennyscorner.com/,,"45 NW 28th St, Miami, FL 33127, United States",Miami,Florida,25.8032588,-80.196,google_lsa,new,2026-08-08T00:16:38.215+00:00
gmap:ChIJD4z8iaar2YgRSCBB3a_n52E,Austin Morell Training,meal prep,(786) 226-7643,,https://austinmorelltraining.com/,,"488 NE 18th St, Miami, FL 33132, United States",Miami,Florida,25.7934974,-80.1866012,google_lsa,new,2026-08-08T00:16:38.215+00:00
gmap:ChIJUVKdHVy32YgRqvoNKheG7co,Kuba Kitchen,meal prep,(786) 409-7758,,http://www.kuba.kitchen/,,"3640 NW 7th St, Miami, FL 33125, United States",Miami,Florida,25.7787631,-80.2545847,google_lsa,new,2026-08-08T00:16:38.215+00:00
gmap:ChIJP3-dSIa02YgRAWESfvHZAj4,Balan's,meal prep,(305) 809-8587,,http://balansbrickell.com/,,"901 S Miami Ave Spc 108, Miami, FL 33130, United States",Miami,Florida,25.7649275,-80.1930697,google_lsa,new,2026-08-08T00:16:38.215+00:00
gmap:ChIJawoJpTC32YgRWHFFWi6qLU4,Preddy Snatched,meal prep,(914) 494-1120,,https://app.acuityscheduling.com/schedule/806cfd02,,"100 S Biscayne Blvd, Miami, FL 33131, United States",Miami,Florida,25.7731164,-80.1882911,google_lsa,new,2026-08-08T00:16:38.215+00:00
gmap:ChIJl1ukAQC32YgRfgmxq344k1o,Wynwood Eatery,meal prep,(305) 527-7842,,,,"1900 NE Miami Ct, Miami, FL 33132, United States",Miami,Florida,25.7949952,-80.1941192,google_lsa,new,2026-08-08T00:16:38.215+00:00
gmap:ChIJZ1_YdYO32YgRoAuAP3ZGayc,Sur La Table,meal prep,(786) 796-0978,,https://www.surlatable.com/locations/fl/miami/store-159.html,,"701 S Miami Ave Apt 338, Miami, FL 33131, United States",Miami,Florida,25.7677508,-80.1930238,google_lsa,new,2026-08-08T00:16:38.215+00:00
gmap:ChIJVVUlHbK22YgRoefP4lavfHQ,Doggi's Arepa Bar,meal prep,(786) 558-4380,,https://www.eatdoggis.com/wynwood/,,"250 NW 24th St, Miami, FL 33127, United States",Miami,Florida,25.7999457,-80.2001032,google_lsa,new,2026-08-08T00:16:38.215+00:00
gmap:ChIJi9EFrh6x2YgRbgzPfBGo5QU,Linn Cuisine,meal prep,(305) 202-4345,,,,,Brickell,FL,25.782414,-80.2253934,google_lsa,new,2026-08-08T00:16:38.215+00:00
gmap:ChIJG0o4-_G32YgRvMkVn8usjKQ,ZOEMANGETITANDGO,meal prep,(786) 407-8990,,http://zoemangetitandgo.net/?utm_source=gmb&utm_medium=referral,,"600 NW 1st Ave, Miami, FL 33136, United States",Miami,Florida,25.7800878,-80.1955941,google_lsa,new,2026-08-08T00:16:38.215+00:00
gmap:ChIJEael-Pqx2YgRxBRLZeSrrDU,Muncheez by Emma Rose,meal prep,(516) 998-8445,,https://muncheezbyemmarose.com/,,"3400 NE 2nd Ave, Miami, FL 33137, United States",Miami,Florida,25.8083882,-80.1913642,google_lsa,new,2026-08-08T00:16:38.215+00:00
gmap:ChIJFTogcxKx2YgRitqY0RfItc8,ON THE RUN VEGAN (WYNWOOD),meal prep,(786) 670-6850,,,,"34 NW 29th St, Miami, FL 33127, United States",Miami,Florida,25.8037661,-80.1956738,google_lsa,new,2026-08-08T00:16:38.215+00:00
gmap:ChIJQRHHGQC32YgRVQd384fG9no,Carrot Express,meal prep,(305) 845-7470,,https://carrotexpress.com/?olonwp=JjBtp_vMLk25gkYh_bnoiQ,,"1418 NW N River Dr, Miami, FL 33125, United States",Miami,Florida,25.7854397,-80.2193284,google_lsa,new,2026-08-08T00:16:38.215+00:00
gmap:ChIJq8ZOjmi32YgRhcQVmjstTxw,Highly Flavored by Chef Dante,meal prep,(888) 927-9057,,https://highlyflavoredmeals.com/,,"66 W Flagler St Suit 900, Miami, FL 33130, United States",Miami,Florida,25.7739191,-80.1949873,google_lsa,new,2026-08-08T00:16:38.215+00:00
gmap:ChIJER_FpqS32YgRdGN8zUmZY14,The Vitamin Shoppe,meal prep,(305) 569-0525,,https://locations.vitaminshoppe.com/fl/miami/vitamins-supplements-miami-fl-481.html?utm_source=gmb&utm_medium=local,,"3301 SW 22nd St #101, Miami, FL 33145, United States",Miami,Florida,25.7502531,-80.248892,google_lsa,new,2026-08-08T00:16:38.215+00:00
gmap:ChIJNzRzBa632YgR056DtBa_hM0,Publix Super Market on SW 27th Ave.,meal prep,(305) 445-9661,,https://www.publix.com/?setstorenumber=127&utm_medium=maps&utm_source=extendednetwork&utm_content=psm_website_url,,"2270 SW 27th Ave, Miami, FL 33145",Miami,Florida,25.7489394,-80.2390344,google_lsa,new,2026-08-08T00:16:38.215+00:00
gmap:ChIJhRIdeAC32YgRwPyMITyQ0Gc,Target,meal prep,(786) 792-3171,,https://www.target.com/sl/miami-grove-central/3322,,"2750 SW 27th Terrace Ste 101, Miami, FL 33133",Miami,Florida,25.7400404,-80.239262,google_lsa,new,2026-08-08T00:16:38.215+00:00
gmap:ChIJP8aLkeW32YgRfmPsVXObIvI,Sushi by Scratch Restaurants: Miami,meal prep,(786) 254-1204,,https://www.sushibyscratchrestaurants.com/miami,,"3540 Main Hwy, Coconut Grove, FL 33133",Coconut Grove,Florida,25.7249927,-80.2452545,google_lsa,new,2026-08-08T00:16:38.215+00:00
gmap:ChIJJ-YCrau32YgRrR2M1W_RPF4,Sadelle's Coconut Grove,meal prep,(305) 990-8707,,https://www.sadelles.com/?utm_medium=Click&utm_source=GoogleMyBusiness,,"3321 Mary St, Miami, FL 33133",Miami,Florida,25.7298019,-80.2391781,google_lsa,new,2026-08-08T00:16:38.215+00:00
gmap:ChIJJ9VWp6e32YgRVABD8eBz9p0,Sushi Garage Cocowalk,meal prep,(305) 791-8244,,https://www.sushigarage.com/,,"3015 Grand Ave, Coconut Grove, FL 33133",Coconut Grove,Florida,25.7284195,-80.241958,google_lsa,new,2026-08-08T00:16:38.215+00:00
gmap:ChIJO6vyDcW32YgRtRWZ_98VGq4,Strada in the Grove,meal prep,(305) 444-1312,,https://www.stradainthegrove.com/?utm_source=googlemybusiness,,"3197 Commodore Plaza, Miami, FL 33133",Miami,Florida,25.72779,-80.2446452,google_lsa,new,2026-08-08T00:16:38.215+00:00
gmap:ChIJM7M73tS52YgRiwrXW_nxEgE,Dollar General,meal prep,(786) 633-4430,,https://www.dollargeneral.com/store-directory/fl/miami/12984,,"5175 SW 8th St, Miami, FL 33134",Miami,Florida,25.764179,-80.2790406,google_lsa,new,2026-08-08T00:16:38.215+00:00
gmap:ChIJ4_6PRU242YgRHO9EoxUgSH0,Walmart Neighborhood Market,meal prep,(786) 257-4094,,https://www.walmart.com/store/4140-miami-fl/?veh=seo_loc,,"6991 SW 8th St, Miami, FL 33144",Miami,Florida,25.7647989,-80.3088067,google_lsa,new,2026-08-08T00:16:38.215+00:00
gmap:ChIJp1RfiLS32YgRBsolbU9UWwk,Target Grocery,meal prep,(305) 894-1320,,https://www.target.com/sl/miami-nw-7th-street/3420/grocery?utm_source=OGS&utm_medium=groceryList&utm_id=3420,,"3825 NW 7th St, Miami, FL 33126",Miami,Florida,25.7799778,-80.2587905,google_lsa,new,2026-08-08T00:16:38.215+00:00
gmap:ChIJLSgCYSiy2YgRHILcZiAxP7Y,Power Fitness Miami,meal prep,(305) 758-8600,,https://powerfitnessmiami.com/,,"8032 NE 2nd Ave, Miami, FL 33138",Miami,Florida,25.8490476,-80.1930851,google_lsa,new,2026-08-08T00:16:38.215+00:00
gmap:ChIJr5CjCHui3YER78UVPI6aKC8,Bespoke Bites,meal prep,(786) 351-2284,,https://www.bespoke-bites.com/?utm_source=google&utm_medium=wix_google_business_profile&utm_campaign=966888027391510790,,,Brickell,FL,25.7835645,-80.2250826,google_lsa,new,2026-08-08T00:16:38.215+00:00
gmap:ChIJCXBDqZG32YgRgS2i2rMo1pM,"Maria Vallasciani, RD - Dietitian Nutritionist",meal prep,(617) 982-3658,,https://www.faynutrition.com/dietitians/maria-vallasciani?utm_source=gmb&utm_medium=organic,,"2000 S Dixie Hwy #206A, Miami, FL 33133",Miami,Florida,25.7436879,-80.2266634,google_lsa,new,2026-08-08T00:16:38.215+00:00
gmap:ChIJPUWrx5a32YgRbNX4FqH5Mx4,The Green Kitchen,meal prep,(786) 933-9623,,http://thelocalculinary.com/,,"100 S Miami Ave, Miami, FL 33130",Miami,Florida,25.7731913,-80.1938523,google_lsa,new,2026-08-08T00:16:38.215+00:00
gmap:ChIJO5a8boS32YgRjDDDYM71NSg,JTB Health Management Services (Authorized Ideal Protein Center),meal prep,(561) 632-5873,,http://jtbhealth.com/ideal-protein,,"138 NE 2nd Ave 3rd Floor, Miami, FL 33132",Miami,Florida,25.77595,-80.1904647,google_lsa,new,2026-08-08T00:16:38.215+00:00
gmap:ChIJVTNHCAYCSoMRrz3kwuHMJ1Q,VJ Cuisine LLC,meal prep,(305) 812-3918,,https://vjcuisine.com/,,,Brickell,FL,25.732887,-80.2253934,google_lsa,new,2026-08-08T00:16:38.215+00:00
gmap:ChIJxVsrZXmx2YgRb6IYwMK7bX4,Pastamarket,meal prep,(305) 587-9803,,https://www.pastamarkethandmade.com/,,"209 NE 82nd Terrace, Miami, FL 33138",Miami,Florida,25.8500785,-80.1925048,google_lsa,new,2026-08-08T00:16:38.215+00:00
gmap:ChIJKfUKEtGx2YgRBZ_KbwliLoY,Graze Craze Charcuterie Boards & Boxes,meal prep,(786) 606-2722,,https://www.grazecraze.com/locations/miami-downtown-fl,,"4856 NW 2nd Ave, Miami, FL 33127",Miami,Florida,25.8203648,-80.2000378,google_lsa,new,2026-08-08T00:16:38.215+00:00
gmap:ChIJLcbFtbyx2YgR5Gvc3_eBvkI,Le Food Daily,meal prep,(305) 396-8770,,http://www.lefooddaily.com/,,"5600 NW 7th Ave, Miami, FL 33127",Miami,Florida,25.8273649,-80.2085119,google_lsa,new,2026-08-08T00:16:38.215+00:00
gmap:ChIJl7XwDmmx2YgRS1B9MUx6Nvw,Eatsy Miami LLC,meal prep,(786) 360-3667,,https://www.eatsymiami.com/,,"1082 NW 54th St, Miami, FL 33127",Miami,Florida,25.8246074,-80.2136898,google_lsa,new,2026-08-08T00:16:38.215+00:00
gmap:ChIJ1zwQ0G-x2YgR9Hr9cXKY87w,Dragonfly Chef,meal prep,(786) 340-1759,,https://dragonflychef.com/contact,,"6960 NW 2nd Ave, Miami, FL 33150",Miami,Florida,25.8388694,-80.2008311,google_lsa,new,2026-08-08T00:16:38.215+00:00
gmap:ChIJYbQO43gtyq8R7yWe8rO3VoE,Private Meal Prep,meal prep,(786) 983-6373,,http://www.privatemealprep.com/,,,Brickell,FL,25.7689535,-80.254069,google_lsa,new,2026-08-08T00:16:38.215+00:00
gmap:ChIJU3skmkq32YgRDB6Kr8gIWlA,Avo Miami,meal prep,(786) 828-7138,,https://www.avo-miami.com/,,"2911 Grand Ave #400d, Miami, FL 33133",Miami,Florida,25.7287702,-80.2405659,google_lsa,new,2026-08-08T00:16:38.215+00:00
gmap:ChIJzwEUbJy22YgRAC47DmQmGB0,Pizza Onne,meal prep,(305) 808-7888,,,,"192 SE 1st Ave, Miami, FL 33130, United States",Miami,Florida,25.772803,-80.1921059,google_lsa,new,2026-08-08T00:16:38.215+00:00
gmap:ChIJdfkR4PC32YgRgxEP4swq1oY,Sexy Fish Miami,meal prep,(305) 889-7888,,https://sexyfishmiami.com/?utm_source=LocalGoogleExtNet&utm_medium=Organic,,"1001 S Miami Ave, Miami, FL 33130, United States",Miami,Florida,25.7643553,-80.1930205,google_lsa,new,2026-08-08T00:16:38.215+00:00
gmap:ChIJC_2XPgCx2YgR4Q2POmInOYU,Whole Foods Market,meal prep,(305) 509-8200,,https://www.wholefoodsmarket.com/stores/midtownmiami?utm_source=google&utm_medium=organic&utm_campaign=listings,,"2910 Biscayne Blvd, Miami, FL 33137, United States",Miami,Florida,25.8044843,-80.189656,google_lsa,new,2026-08-08T00:16:38.215+00:00
gmap:ChIJg-5HG3K32YgR8NOOIaVUoRo,Gordon Food Service Store,meal prep,(305) 260-0544,,https://gfsstore.com/?utm_source=gmb&utm_medium=yext,,"5600 W Flagler St, Miami, FL 33134, United States",Miami,Florida,25.7706018,-80.2870601,google_lsa,new,2026-08-08T00:16:38.215+00:00
gmap:ChIJU-ERAgK32YgRv4xjKMp-pBQ,Gordon Food Service Store,meal prep,(305) 643-1124,,https://gfsstore.com/?utm_source=gmb&utm_medium=yext,,"2299 SW 8th St, Miami, FL 33135, United States",Miami,Florida,25.7656154,-80.2321917,google_lsa,new,2026-08-08T00:16:38.215+00:00
gmap:ChIJS4QrAvi32YgRslYV3J31Zfo,Rinconcito Latino Mixto,meal prep,(305) 636-0708,,https://rinconcitolatinomixtofl.com/,,"2502 NW 10th Ave, Miami, FL 33127, United States",Miami,Florida,25.8007453,-80.2117201,google_lsa,new,2026-08-08T00:16:38.215+00:00
gmap:ChIJNYtSpJe22YgRq3DAZ_oI_wE,Camillus House Inc - Food Distribution Center,meal prep,(305) 374-1065,,http://www.camillus.org/,,"1603 NW 7th Ave, Miami, FL 33136, United States",Miami,Florida,25.7906779,-80.2067905,google_lsa,new,2026-08-08T00:16:38.215+00:00
gmap:ChIJX7AIlpC22YgR-faru5-AMpM,The River Oyster Bar,meal prep,(305) 530-1915,,https://www.therivermiami.com/,,"33 SE 7th St Ste 100, Miami, FL 33131, United States",Miami,Florida,25.767666,-80.1919704,google_lsa,new,2026-08-08T00:16:38.215+00:00
gmap:ChIJxQ0OaCu-JWgRn6V9ix3TWkY,Mestiza Meal Prep Miami,meal prep,(786) 567-3179,,https://mestizamealprepmiami.com/,,,Brickell,FL,25.7908315,-80.2186759,google_lsa,new,2026-08-08T00:16:38.215+00:00
gmap:ChIJ-ztHaOi32YgRZfhHZYUOD2Y,Poke OG Downtown,meal prep,(239) 980-2912,,https://pokeog.com/,,"161 SE 1st St, Miami, FL 33131, United States",Miami,Florida,25.7737929,-80.1906105,google_lsa,new,2026-08-08T00:16:38.215+00:00
gmap:ChIJqUcoeHm32YgRfRLoAY7gjH8,Hereford Grill,meal prep,(305) 974-7455,,https://herefordgrill.com/,,"782 NW 42nd Ave #5, Miami, FL 33126, United States",Miami,Florida,25.7794802,-80.2643216,google_lsa,new,2026-08-08T00:16:38.215+00:00
gmap:ChIJ7XCWls232YgRRz38wkzvM3A,Powerhouse Gym Miami,meal prep,(786) 615-6631,,http://www.powerhousegymsoflo.com/,,"450 NW 1st Ave Ste 200, Miami, FL 33128, United States",Miami,Florida,25.7783038,-80.1956511,google_lsa,new,2026-08-08T00:16:38.215+00:00
gmap:ChIJV3ge8ay22YgRcGPXMphXE-Y,Wynwood Dog Food Co.,meal prep,(305) 505-5712,,http://www.wynwooddogfood.com/,,"2561 N Miami Ave, Miami, FL 33127, United States",Miami,Florida,25.8012866,-80.1949129,google_lsa,new,2026-08-08T00:16:38.215+00:00
gmap:ChIJ41Vzg7W32YgRw2KYmwFXY4Y,K-Poppin Korean Fried Chicken,meal prep,(786) 791-7999,,,,"1900 NE Miami Ct, Miami, FL 33132, United States",Miami,Florida,25.795136,-80.194295,google_lsa,new,2026-08-08T00:16:38.215+00:00
gmap:ChIJFyaeXzux2YgR0WEFmap9J4M,Elev8tion Fitness,meal prep,(305) 570-3559,,https://www.elev8tionfitness.com/,,"2991 NE 1st Ave, Miami, FL 33137, United States",Miami,Florida,25.8048033,-80.1934117,google_lsa,new,2026-08-08T00:16:38.215+00:00
gmap:ChIJeWRcn5222YgRvTtLMdQCGy8,Whole Foods Market,meal prep,(305) 995-0600,,https://www.wholefoodsmarket.com/stores/downtownmiami?utm_source=google&utm_medium=organic&utm_campaign=listings,,"299 SE 3rd Ave, Miami, FL 33131, United States",Miami,Florida,25.7719548,-80.1891315,google_lsa,new,2026-08-08T00:16:38.215+00:00
gmap:ChIJTwAMw0Cx2YgRw0ke2G7Z7ko,Ichimi (Midtown),meal prep,(786) 522-3834,,https://ichimiramenbar.com/midtown?utm_source=google,,"118 Buena Vista Blvd, Miami, FL 33127, United States",Miami,Florida,25.8071928,-80.1936121,google_lsa,new,2026-08-08T00:16:38.215+00:00
gmap:ChIJy1rrUfGZToYR1oBJUV59QnQ,GFIT365 Fitness,meal prep,(305) 833-7580,,http://www.gfit365.com/,,"70 NW 25th St, Miami, FL 33127, United States",Miami,Florida,25.80057,-80.1964857,google_lsa,new,2026-08-08T00:16:38.215+00:00
gmap:ChIJJYOOhzLd2YgReZk7XkGoMSc,Munch Thyme,meal prep,(844) 466-8624,,https://munchthyme.com/,,"2298 SW 8th St, Miami, FL 33135",Miami,Florida,25.7651972,-80.2325888,google_lsa,new,2026-08-08T00:16:38.214+00:00
gmap:ChIJL4zj-8G32YgRhgfuWLCaSA0,Sproutz,meal prep,(786) 646-9463,,https://www.eatsproutz.com/,,"40 SW 12th St, Miami, FL 33130",Miami,Florida,25.7624142,-80.1940706,google_lsa,new,2026-08-08T00:16:38.214+00:00
gmap:ChIJj5uizHG32YgRwB9azL54iMY,SmartFit Meals,meal prep,(786) 541-8848,,https://smartfitmeals.com/,,"2298 SW 8th St, Miami, FL 33135",Miami,Florida,25.7651972,-80.2325888,google_lsa,new,2026-08-08T00:16:38.214+00:00
gmap:ChIJc6P56RS32YgR1Y3Nn2ibSIA,Habibi meal plan,meal prep,(305) 504-0520,,,,"100 S Miami Ave, Miami, FL 33130",Miami,Florida,25.7731913,-80.1938523,google_lsa,new,2026-08-08T00:16:38.214+00:00
gmap:ChIJKXoBYOe32YgRLT-UPLn9N40,Meal Prep Miami - 305Healthier,meal prep,(305) 501-9608,,,,"2222 NE 2nd Ave, Miami, FL 33137",Miami,Florida,25.7985548,-80.1910777,google_lsa,new,2026-08-08T00:16:38.214+00:00
gmap:ChIJV8t2YuKx2YgR-l_ZNnAb4DA,Farm To Fork Meals,meal prep,(877) 800-1410,,https://www.farmtoforkmeals.com/tryfarmtoforkmeals/MEALS40,,"156 NE 29th St, Miami, FL 33137",Miami,Florida,25.8039016,-80.1923468,google_lsa,new,2026-08-08T00:16:38.214+00:00
gmap:ChIJA-1uqgS32YgRoGDNoAqPc8k,32 Degrees by MG,meal prep,(786) 471-8078,,http://32-degrees.com/,,"111 SW 3rd St PH, Miami, FL 33130",Miami,Florida,25.7719573,-80.195982,google_lsa,new,2026-08-08T00:16:38.214+00:00
gmap:ChIJyyn3JIix2YgRm4_p6vaOkew,Real Meals,meal prep,(305) 216-0337,,http://realmeals4u.com/,,"194 NW 36th St, Miami, FL 33127",Miami,Florida,25.8102226,-80.1993077,google_lsa,new,2026-08-08T00:16:38.214+00:00
gmap:ChIJLckwlpy32YgR8AA4F7h9SgY,Ideal Nutrition,meal prep,(786) 788-6144,,https://idealnutritionnow.com/pages/locations,,"900 Biscayne Blvd Apt 108, Miami, FL 33132",Miami,Florida,25.7830437,-80.1903393,google_lsa,new,2026-08-08T00:16:38.214+00:00
gmap:ChIJafGzp1C32YgR4nVAN1eVlzs,EATING BY V,meal prep,(786) 631-9967,,https://www.eatingbyv.com/,,"2201 Brickell Ave Apt 87, Miami, FL 33129",Miami,Florida,25.7516834,-80.1995857,google_lsa,new,2026-08-08T00:16:38.214+00:00
gmap:ChIJD3YgWi672YgRTmXTPYEE1Q4,Spartan Meal Preps Miami,meal prep,(888) 767-6325,,https://spartanmealprepsmiami.com/,,"164 NW 20th St Ste 201, Miami, FL 33127",Miami,Florida,25.7952355,-80.1980983,google_lsa,new,2026-08-08T00:16:38.214+00:00
gmap:ChIJ77SDsETsdIwR1hHzNjpi4dM,Classpop! – Cooking & Creative Classes in Miami,meal prep,(786) 589-5383,,https://www.classpop.com/miami,,"80 SW 8th St suite 2000, Miami, FL 33130, United States",Miami,Florida,25.76575,-80.1948294,google_lsa,new,2026-08-08T00:16:38.214+00:00
gmap:ChIJe6u_ywC32YgRHHXRyB2_pd0,Sabia Nutrition,meal prep,(305) 562-1416,,https://sabianutrition.com/,,"4259 W Flagler St, Coral Gables, FL 33134",Coral Gables,Florida,25.7718343,-80.2649313,google_lsa,new,2026-08-08T00:16:38.214+00:00
gmap:ChIJE0f4iUuy2YgRVLh0NsTMvj4,Miami FitBox,meal prep,(786) 867-1538,,http://miamifitbox.com/,,"860 NE 79th St B, Miami, FL 33138",Miami,Florida,25.8477427,-80.1788284,google_lsa,new,2026-08-08T00:16:38.214+00:00
gmap:ChIJtxUuRAux2YgRKVnL5NINJoo,305Fit,meal prep,(305) 878-6342,,https://www.instagram.com/305fit,,"125 NE 32nd St, Miami, FL 33137",Miami,Florida,25.8068652,-80.1925251,google_lsa,new,2026-08-08T00:16:38.214+00:00
gmap:ChIJuRkU0P-32YgRnNQCKwfQwyY,ACS Authentic Cooking Solutions,meal prep,(732) 677-0707,,https://www.acskitchens.com/,,"31 NW 9th St, Miami, FL 33136",Miami,Florida,25.7829529,-80.1944893,google_lsa,new,2026-08-08T00:16:38.214+00:00
gmap:ChIJXyMlds-32YgRJ3SLJ91UHoE,Cinépolis Luxury Cinemas Coconut Grove,bartender for hire,(786) 628-1260,,https://www.cinepolisusa.com/coconut/theater-details,,"3015 Grand Ave, Miami, FL 33133",Miami,Florida,25.7290873,-80.2421133,google_lsa,new,2026-08-08T00:16:04.975+00:00
gmap:ChIJE1Rz9cm72YgRpElNF8nkIVc,Elite Catering,bartender for hire,(305) 342-5655,,http://www.elite-catering.com/,,"130 SW 57th Ave, Miami, FL 33144",Miami,Florida,25.7696314,-80.2882919,google_lsa,new,2026-08-08T00:16:04.975+00:00
gmap:ChIJH56kAM6n2YgRug10WUNp-jE,Hot Party Stripper Miami,bartender for hire,(786) 864-1075,,https://www.hotpartystripper.com/miami/,,"25 NE 5th St #5110, Miami, FL 33132",Miami,Florida,25.7791557,-80.1933181,google_lsa,new,2026-08-08T00:16:04.975+00:00
gmap:ChIJNcAc5nC12YgRFqJUM1li8G0,AD Private Bartending,bartender for hire,(786) 856-7870,,https://adprivatebartending.com/,,"455 NE 24th St Apt 729, Miami, FL 33137",Miami,Florida,25.8004538,-80.1870052,google_lsa,new,2026-08-08T00:16:04.975+00:00
gmap:ChIJk7Kv7_S02YgRZYLYx3_GWkc,Elite Bartending School and Event Staffing Miami,bartender for hire,(786) 686-8060,,https://www.elitebartending.com/miami,,"200 NE 62nd St, Miami, FL 33138",Miami,Florida,25.832699,-80.1916959,google_lsa,new,2026-08-08T00:16:04.975+00:00
gmap:ChIJqRnpxi9k6wcRmXvlnewRi3E,BarBae Miami - Bartending & Bites,bartender for hire,(786) 550-6649,,https://www.barbaemiami.com/,,"2194 NW 26th Ave, Miami, FL 33142",Miami,Florida,25.7971008,-80.2389578,google_lsa,new,2026-08-08T00:16:04.975+00:00
gmap:ChIJu_UlAqKr2YgRXh9g7Vkev1I,786-BARTEND Bartending Schools & Events Staff,bartender for hire,(786) 227-8363,,https://www.786bartend.com/,,"60 NE 11th St, Miami, FL 33132",Miami,Florida,25.78458,-80.192732,google_lsa,new,2026-08-08T00:16:04.975+00:00
gmap:ChIJi28Eguq32YgRW8GAIbdqJm8,Elite Event Staffing Miami,bartender for hire,(786) 675-0155,,https://www.miamibartendingservice.com/,,"165 NW 23rd St, Miami, FL 33127",Miami,Florida,25.799244,-80.1981239,google_lsa,new,2026-08-08T00:16:04.975+00:00
gmap:ChIJ_____4y22YgRFYYsQefBsxU,Ziva Staffing LLC,bartender for hire,(305) 539-0561,,http://www.zivastaffing.com/,,"350 S Miami Ave, Miami, FL 33130",Miami,Florida,25.7704554,-80.1942628,google_lsa,new,2026-08-08T00:16:04.975+00:00
gmap:ChIJHcCcT6O32YgRYaSXYN23teM,Mix DJs Entertainment,bartender for hire,(786) 286-8089,,http://www.themixdjs.com/,,"3400 Coral Wy #400, Miami, FL 33145",Miami,Florida,25.7497117,-80.2497666,google_lsa,new,2026-08-08T00:16:04.975+00:00
gmap:ChIJ6z3keYS22YgRmLTJPkU3fyY,Blue Martini,bartender for hire,(305) 981-2583,,http://www.bluemartini.com/,,"900 S Miami Ave #250, Miami, FL 33130",Miami,Florida,25.7652463,-80.1935109,google_lsa,new,2026-08-08T00:16:04.975+00:00
gmap:ChIJD2fjZEq22YgR4mI9qzaPe70,Bill Hansen Catering & Event Production,bartender for hire,(305) 858-6660,,https://www.billhansencatering.com/?utm_campaign=gmb,,"2167 S Bayshore Dr, Miami, FL 33133",Miami,Florida,25.7368851,-80.2289338,google_lsa,new,2026-08-08T00:16:04.975+00:00
gmap:ChIJKRzFpqS32YgRQOoNSv06HPA,Hooters,bartender for hire,(305) 709-5781,,https://www.hooters.com/locations/31726-coral-way?utm_source=google&utm_medium=organic&utm_campaign=gmb-website-cta-miami-fl-miami,,"3301 SW 22nd St Unit 104, Miami, FL 33145",Miami,Florida,25.750417,-80.2496863,google_lsa,new,2026-08-08T00:16:04.975+00:00
gmap:ChIJWR_Fwn202YgRR2wdDRZw1ss,Justkeeps Travel,event server,(561) 300-3540,,https://www.wgytravel.com/,,"78 SW 7th St, Miami, FL 33130",Miami,Florida,25.7669011,-80.1937566,google_lsa,new,2026-08-08T00:15:50.051+00:00
gmap:ChIJCWCYxvC22YgRNWU2W-fZgn4,Old's Havana Cuban Bar & Cocina,event server,(786) 518-2196,,http://www.oldshavana.com/,,"1442 SW 8th St, Miami, FL 33135",Miami,Florida,25.765592,-80.2192157,google_lsa,new,2026-08-08T00:15:50.051+00:00
gmap:ChIJDwGiukW32YgRX2XmAYNIVYg,Party Miami Boat,event server,(786) 563-5527,,https://www.partymiamiboat.com/,,"401 Biscayne Blvd, Miami, FL 33132",Miami,Florida,25.7789389,-80.1878931,google_lsa,new,2026-08-08T00:15:50.051+00:00
gmap:ChIJd3A4Uuq32YgRUOQAE3iWad8,Virtuworks,event server,(305) 265-0447,,https://virtuworks.com/?utm_campaign=gmb,,"3850 Bird Rd Ste 103, Miami, FL 33146",Miami,Florida,25.7342865,-80.2568758,google_lsa,new,2026-08-08T00:15:50.051+00:00
gmap:ChIJKYka48u32YgRf_i5mqV5VaU,"The Ritz-Carlton Coconut Grove, Miami",event server,(305) 644-4680,,https://www.ritzcarlton.com/en/hotels/miarz-the-ritz-carlton-coconut-grove-miami/overview/?scid=f2ae0541-1279-4f24-b197-a979c79310b0,,"3300 SW 27th Ave, Miami, FL 33133",Miami,Florida,25.7304471,-80.2380563,google_lsa,new,2026-08-08T00:15:50.051+00:00
gmap:ChIJZXx5x2ix2YgRJC38T4UqOtM,HOUSE OF FOOD PORN,event server,(305) 788-0137,,http://www.houseoffoodporn.com/,,"199 NW 62nd St A, Miami, FL 33150",Miami,Florida,25.8326756,-80.200125,google_lsa,new,2026-08-08T00:15:50.051+00:00
gmap:ChIJg2zFs0q32YgRjG_N9AHcguc,Premier Staff | Event Staffing Agency,event server,(212) 943-3333,,https://premierstaff.com/event-staffing-agency-miami/,,"1111 Brickell Ave 10th Floor, Miami, FL 33131",Miami,Florida,25.7622898,-80.1904522,google_lsa,new,2026-08-08T00:15:50.051+00:00
gmap:ChIJZzW3RXT_YSMReqzrqGW9lMY,Miami Hedonist,event server,(305) 946-1020,,http://www.tiyanalile.com/,,,Brickell,FL,25.782414,-80.2253934,google_lsa,new,2026-08-08T00:15:50.051+00:00
gmap:ChIJB4u6yIC22YgRSudXSqzWT0k,Four Seasons Hotel Miami,event server,(305) 358-3535,,https://www.fourseasons.com/miami/?utm_source=google&utm_medium=organicsearch&utm_campaign=tor-mia-hre-mid-seo-na&utm_content=na-na&utm_term=na,,"1435 Brickell Ave, Miami, FL 33131",Miami,Florida,25.7589641,-80.1920843,google_lsa,new,2026-08-08T00:15:50.051+00:00
gmap:ChIJ5V4l-Y632YgR5aB1WgSTjIg,Red Phone Booth,event server,(305) 526-4737,,https://www.redphonebooth.com/locations/fl/miami?utm_source=google&utm_medium=organic&utm_campaign=gbp&utm_location=miami&utm_content=profile,,"1010 Brickell Ave Unit 105, Miami, FL 33131, United States",Miami,Florida,25.7639959,-80.1924609,google_lsa,new,2026-08-08T00:15:50.051+00:00
gmap:ChIJdztlfm232YgRmjwBwZXcZYY,Selvatico Wynwood,event server,(305) 400-2080,,http://www.selvaticowynwood.com/,,"299 NW 23rd St, Miami, FL 33127",Miami,Florida,25.7996213,-80.2010773,google_lsa,new,2026-08-08T00:15:50.051+00:00
gmap:ChIJvxfTlMa32YgRxR4iByvYcQk,RED ANTZ/K-PAYA DISTRIBUTION CENTER,event server,(954) 638-5978,,http://www.kpayacarnival.com/,,"331 NW 23rd St, Miami, FL 33127",Miami,Florida,25.7995564,-80.2016459,google_lsa,new,2026-08-08T00:15:50.051+00:00
gmap:ChIJ1Vg1ulYA2YgRDIzDzecaoQc,Miami Marriott Biscayne Bay,event server,(305) 374-3900,,https://www.marriott.com/en-us/hotels/miabb-miami-marriott-biscayne-bay/overview/?scid=f2ae0541-1279-4f24-b197-a979c79310b0,,"1633 N Bayshore Dr, Miami, FL 33132",Miami,Florida,25.7909309,-80.1865475,google_lsa,new,2026-08-08T00:15:50.051+00:00
gmap:ChIJYdewDa622YgR33iSFA3PxNE,Constellation Culinary Group,event server,(954) 483-6131,,https://constellationculinary.com/location/florida/,,"2151 NW 1st Ct, Miami, FL 33127",Miami,Florida,25.7977611,-80.197575,google_lsa,new,2026-08-08T00:15:50.051+00:00
gmap:ChIJgdSHTB202YgRaAomwH_fW-M,Breeza Biscayne,event server,(786) 350-2220,,http://www.breezabiscayne.com/,,"1717 N Bayshore Dr Ste R172, Miami, FL 33132",Miami,Florida,25.791316,-80.1861552,google_lsa,new,2026-08-08T00:15:50.051+00:00
gmap:ChIJ8XVc5q252YgRGdoBSmIengU,Ideal Banquet Hall,event server,(786) 626-4246,,http://www.idealbanquethall.com/,,"7137 W Flagler St, Miami, FL 33144",Miami,Florida,25.770837,-80.310413,google_lsa,new,2026-08-08T00:15:50.051+00:00
gmap:ChIJc1Lzvxu32YgR5bcer8yhm2A,Z Leo Events,wedding planner,(954) 248-7800,,https://www.zeventsllc.com/,,"801 Brickell Ave Apt 704, Miami, FL 33131",Miami,Florida,25.7655727,-80.1900287,google_lsa,new,2026-08-08T00:15:35.18+00:00
gmap:ChIJic-tTaax2YgRbLUOO-82rLU,Soul Delight Catering | Miami Caterer,wedding planner,(305) 747-9721,,http://www.souldelightcatering.com/,,"6118 NW 7th Ave, Miami, FL 33127",Miami,Florida,25.8318901,-80.2085846,google_lsa,new,2026-08-08T00:15:35.18+00:00
gmap:ChIJh5jORGu32YgR-tsUrA7xDac,Flower and Flour,wedding planner,(305) 469-8102,,http://flowerandflour.net/,,"5911 NW 2nd Ave, Miami, FL 33127",Miami,Florida,25.8298629,-80.2000646,google_lsa,new,2026-08-08T00:15:35.18+00:00
gmap:ChIJ7w4jL_Gx2YgRLmN0CAGciw8,Miami Luxe Photo Booth,wedding planner,(305) 613-6348,,https://miamiluxebooth.com/,,"5609 NE 2nd Ave, Miami, FL 33137",Miami,Florida,25.8275013,-80.1916039,google_lsa,new,2026-08-08T00:15:35.18+00:00
gmap:ChIJC9w-hN-z2YgRDuBvTrsbeAE,aldeca water pumphouse,wedding planner,(305) 796-7099,,http://www.aldecawaterpumphouse.com/testimonials.html,,"5808 NE 4th Ct, Miami, FL 33137",Miami,Florida,25.82936,-80.1870672,google_lsa,new,2026-08-08T00:15:35.18+00:00
gmap:ChIJPTCc5kKx2YgRmHbhbdCCtpA,Gaucho Ranch Events & Grill Catering,wedding planner,(305) 751-0775,,https://gauchoranchcatering.com/,,"8224 NE 2nd Ave, Miami, FL 33138",Miami,Florida,25.8503009,-80.1930904,google_lsa,new,2026-08-08T00:15:35.18+00:00
gmap:ChIJD5_OPkiz2YgRtV7R7VHx_9w,Premier Beverage Catering,wedding planner,(305) 987-5373,,http://www.premierbeveragecatering.com/,,"860 NE 79th St, Miami, FL 33138",Miami,Florida,25.8477075,-80.1788984,google_lsa,new,2026-08-08T00:15:35.18+00:00
gmap:ChIJ4zT4csW32YgR5BlkNLi5lmk,The Cruz Building,wedding planner,(305) 508-9500,,http://www.cruzbuildings.com/,,"3157 Commodore Plaza, Miami, FL 33133, United States",Miami,Florida,25.7276919,-80.2444391,google_lsa,new,2026-08-08T00:15:35.18+00:00
gmap:ChIJsX3hZEq22YgRun4nhJKAVfU,South Florida Event Venues,wedding planner,(786) 577-4822,,http://southfloridaeventvenues.com/,,"2167 S Bayshore Dr, Coconut Grove, FL 33133, United States",Coconut Grove,Florida,25.7369072,-80.2287878,google_lsa,new,2026-08-08T00:15:35.18+00:00
gmap:ChIJXSXZa0y22YgRr__eY4VIUG4,Evan Rich Photography,wedding planner,(917) 374-2077,,https://evanrphotography.com/,,"2140 S Dixie Hwy, Miami, FL 33133, United States",Miami,Florida,25.7430849,-80.228284,google_lsa,new,2026-08-08T00:15:35.18+00:00
gmap:ChIJD3vmW5e32YgRAJp5xRg5qSg,Leggenda Bridal and Evening Gowns,wedding planner,(305) 447-9100,,http://www.leggendabridal.com/,,"34 Miracle Mile, Coral Gables, FL 33134, United States",Coral Gables,Florida,25.7494606,-80.2554171,google_lsa,new,2026-08-08T00:15:35.18+00:00
gmap:ChIJr1dUbt-32YgRARvhjzgb5SI,Luxury Flowers Coconut Grove,wedding planner,(305) 985-9130,,https://www.luxuryflowrs.com/,,"2890 Virginia St suite 608, Coconut Grove, FL 33133, United States",Coconut Grove,Florida,25.7380417,-80.2423385,google_lsa,new,2026-08-08T00:15:35.18+00:00
gmap:ChIJr0OJnjm72YgRFGyGMZS0Z1w,WeddingPuzzle Corp,wedding planner,(305) 339-5975,,https://www.weddingpuzzle.com/,,"350 S Miami Ave Apt A100, Miami, FL 33130",Miami,Florida,25.7704554,-80.1942628,google_lsa,new,2026-08-08T00:15:35.18+00:00
gmap:ChIJaaqxgZi32YgRloJ9FtPsYJc,Glamour Creations,wedding planner,(786) 721-2294,,,,"50 SW 45th Ave Rear, Coral Gables, FL 33134",Coral Gables,Florida,25.770999,-80.2698474,google_lsa,new,2026-08-08T00:15:35.18+00:00
gmap:ChIJeUiyqvS32YgR-QQy_rg0nlI,I do events,wedding planner,(305) 209-0071,,https://ido-agency.com/,,"1100 Brickell Bay Dr, Miami, FL 33131",Miami,Florida,25.7630777,-80.1905069,google_lsa,new,2026-08-08T00:15:35.18+00:00
gmap:ChIJMy8681S12YgRZgDcG7CSYhw,Adam's Event Planning,wedding planner,(210) 571-1195,,https://adamseventplanning.com/,,"601 Brickell Key Dr, Miami, FL 33131",Miami,Florida,25.7664061,-80.1858065,google_lsa,new,2026-08-08T00:15:35.18+00:00
gmap:ChIJTZowmWe32YgR56zCfBjo2MA,Front Paige Events,wedding planner,(480) 935-8844,,https://frontpaigeevents.com/,,"2509 N Miami Ave, Miami, FL 33127",Miami,Florida,25.8009553,-80.194509,google_lsa,new,2026-08-08T00:15:35.18+00:00
gmap:ChIJmfvVdYW22YgRhcbNOY5LUIA,Small Miami Weddings,wedding planner,(888) 909-0553,,https://www.smallmiamiweddings.com/,,"2980 McFarlane Rd, Miami, FL 33133",Miami,Florida,25.7275797,-80.2419901,google_lsa,new,2026-08-08T00:15:35.18+00:00
gmap:ChIJG0W8l0D5wokRlY82ot8l1ZE,Elite Events Group - Destination Management Company,wedding planner,(305) 990-7457,,https://www.elite-eventsgroup.com/,,"1611 SW 14th St, Miami, FL 33145",Miami,Florida,25.7603571,-80.2207199,google_lsa,new,2026-08-08T00:15:35.18+00:00
gmap:ChIJGS24Xs632YgRfg6G9f0s5lU,The Event Planner Miami By Elizabeth Sofia Creations,wedding planner,(305) 804-8884,,http://elizabethsofiacreations.com/,,"2901 S Bayshore Dr STE 2D, Miami, FL 33133",Miami,Florida,25.7277656,-80.2395143,google_lsa,new,2026-08-08T00:15:35.18+00:00
gmap:ChIJ767GJma32YgRDFx_2XcXsSo,Industry³,wedding planner,(561) 614-6136,,http://industry3miami.com/,,"1500 NE Miami Pl, Miami, FL 33132",Miami,Florida,25.7897623,-80.193245,google_lsa,new,2026-08-08T00:15:35.18+00:00
gmap:ChIJj1lASh202YgRTWkEYiy-OP4,DoubleTree Grand Biscayne Bay Catering and Events,wedding planner,(305) 523-3314,,,,"1717 N Bayshore Dr Ste 209, Miami, FL 33132",Miami,Florida,25.7914649,-80.1862085,google_lsa,new,2026-08-08T00:15:35.18+00:00
gmap:ChIJ____P4G22YgRdoxjm4DBXco,Event Planning by JCLevents,wedding planner,(305) 934-6308,,http://www.jclevents.com/,,"Miami, FL 33131",Miami,Florida,25.76528,-80.1847167,google_lsa,new,2026-08-08T00:15:35.18+00:00
gmap:ChIJXa4-b1Wv2YgR8YPZC_XsjTA,Bells & Whistles Photography + Videography,wedding planner,(305) 965-4559,,https://bellswhistlesphoto.com/,,"1750 N Bayshore Dr Unit 3006, Miami, FL 33132",Miami,Florida,25.7924864,-80.1871517,google_lsa,new,2026-08-08T00:15:35.18+00:00
gmap:ChIJJ3jB6_NlsAURNWlrCM2nBMQ,Colin Cowie Lifestyle,wedding planner,(212) 396-9007,,https://www.colincowie.com/,,"2915 Biscayne Blvd Ste 300-9, Miami, FL 33137",Miami,Florida,25.8044873,-80.1891541,google_lsa,new,2026-08-08T00:15:35.18+00:00
gmap:ChIJY-ToNbK22YgRL9YBnYM48rw,MAPS Backlot,wedding planner,(305) 532-7880,,http://www.mapsproduction.com/,,"342 NW 24th St, Miami, FL 33127",Miami,Florida,25.7999417,-80.2012472,google_lsa,new,2026-08-08T00:15:35.18+00:00
gmap:ChIJ2blMQZ-32YgRuO1vp9Ph6B0,Rent A Planner,wedding planner,(305) 431-1486,,,,"3390 Mary St, Miami, FL 33133",Miami,Florida,25.7292678,-80.240371,google_lsa,new,2026-08-08T00:15:35.18+00:00
gmap:ChIJ3TpsSc632YgRHWdmtNjpkZo,The Woman's Club of Coconut Grove,wedding planner,(305) 446-2909,,http://womansclubofcoconutgrove.com/?y_source=1_ODg3NDI2MS03MTUtbG9jYXRpb24ud2Vic2l0ZQ==,,"2985 S Bayshore Dr, Coconut Grove, FL 33133",Coconut Grove,Florida,25.7269446,-80.2401476,google_lsa,new,2026-08-08T00:15:35.18+00:00
gmap:ChIJc9Fkfum32YgR51KTwd9IH4U,RVL Event Design & Planning,wedding planner,(786) 529-1933,,http://rvlevents.com/,,"135 San Lorenzo Ave, Coral Gables, FL 33146",Coral Gables,Florida,25.7319712,-80.2575257,google_lsa,new,2026-08-08T00:15:35.18+00:00
gmap:ChIJF6JdQOa52YgRqjqiYeYyGiM,Jennifer J Events,wedding planner,(954) 822-2124,,http://www.jenniferjevents.com/,,"599 SW 71st Ave, Miami, FL 33144",Miami,Florida,25.7648797,-80.3096678,google_lsa,new,2026-08-08T00:15:35.18+00:00
gmap:ChIJR4S9QIi32YgRCMDKwNtwefE,The Wedding Experience,wedding planner,(305) 421-1260,,https://theweddingexperience.com/,,"2520 Coral Wy Ste 2 PMB 50, Miami, FL 33145",Miami,Florida,25.7499809,-80.237618,google_lsa,new,2026-08-08T00:15:35.18+00:00
gmap:ChIJa5iao_G02YgR50CGdNy7_Vk,WEPAH EVENTS & LOGISTICS,wedding planner,(786) 977-2082,,http://wepah.com/,,"501 NE 31st St Unit CU-4, Miami, FL 33137",Miami,Florida,25.8069678,-80.1872681,google_lsa,new,2026-08-08T00:15:35.18+00:00
gmap:ChIJ8eWJjZC22YgR2sQzMzEKftg,Penthouse at Riverside Wharf,wedding planner,(305) 400-1900,,https://penthouserw.com/,,"125 SW North River Dr, Miami, FL 33130",Miami,Florida,25.7726512,-80.1995436,google_lsa,new,2026-08-08T00:15:35.18+00:00
gmap:ChIJed8WYiy32YgRt15tUxuLLEQ,AJ Wedding Planner Miami,wedding planner,(786) 957-3972,,,,"52 SW 7th St, Miami, FL 33130",Miami,Florida,25.7669467,-80.1944704,google_lsa,new,2026-08-08T00:15:35.18+00:00
gmap:ChIJHxRM9D632YgR0EcttqOMUbs,Crown Event Planners,wedding planner,(305) 727-2200,,,,"350 W Flagler St, Miami, FL 33130",Miami,Florida,25.7736583,-80.2001799,google_lsa,new,2026-08-08T00:15:35.18+00:00
gmap:ChIJvSbBXbG32YgRnpLOlUXj_Fc,Coconut Grove Events,wedding planner,(305) 446-2909,,http://www.coconutgroveevents.com/,,"2985 S Bayshore Dr, Coconut Grove, FL 33133",Coconut Grove,Florida,25.7269446,-80.2401476,google_lsa,new,2026-08-08T00:15:35.18+00:00
gmap:ChIJwVpiEAK32YgR9psgbIq1Os0,VK Events & Productions,wedding planner,(754) 900-9493,,https://www.vkeventsproductions.com/,,"1600 NE 1st Ave, Miami, FL 33132",Miami,Florida,25.7910739,-80.192504,google_lsa,new,2026-08-08T00:15:35.18+00:00
gmap:ChIJh0_je-222YgRCzAigNFGtEs,A DAY SOIREE,wedding planner,(321) 946-9187,,,,"1044 SW 3rd St #7, Miami, FL 33130",Miami,Florida,25.7704827,-80.2122374,google_lsa,new,2026-08-08T00:15:35.18+00:00
gmap:ChIJXzzkk8-pxCQRe4lxdhQsNME,Sintra Events and Design + Photobooths,wedding planner,(305) 765-9323,,https://sintraevents.com/,,"1600 NE 1st Ave, Miami, FL 33132",Miami,Florida,25.7911395,-80.1927173,google_lsa,new,2026-08-08T00:15:35.18+00:00
gmap:ChIJbzrO9RO32YgRGOMpl-bIoWg,WrightWedding2028,wedding planner,(786) 853-4998,,,,"#123, Miami, FL 33145",Miami,Florida,25.7534663,-80.2265545,google_lsa,new,2026-08-08T00:15:35.18+00:00
gmap:ChIJD2fjZEq22YgRqm1mfUXgIWU,Villa Woodbine,wedding planner,(305) 858-6660,,http://villa-woodbine.com/,,"2167 S Bayshore Dr, Miami, FL 33133",Miami,Florida,25.736321,-80.2285344,google_lsa,new,2026-08-08T00:15:35.18+00:00
gmap:ChIJARS78l-x2YgR9axEPjwHssE,London's Decor LLC Event Planner & Decorator,wedding planner,(954) 610-6613,,http://sites.google.com/site/londonsdecor/,,"8262 NE 1st Ave UNIT 8, Miami, FL 33138",Miami,Florida,25.850971,-80.1957447,google_lsa,new,2026-08-08T00:15:35.18+00:00
gmap:ChIJaZ2--1Cx2YgRZPxsC_hSiA4,Twenty7 Events,wedding planner,(786) 473-9737,,http://www.twenty7events.com/,,"2 NE 40th St, Miami, FL 33137",Miami,Florida,25.8131579,-80.1951159,google_lsa,new,2026-08-08T00:15:35.18+00:00
gmap:ChIJPy8pB-Kx2YgRmxgsddlwSbY,Balloons event Miami,wedding planner,(786) 318-2571,,https://www.balloons-miami.com/?utm_source=gmb&utm_medium=gmb&utm_campaign=gmb,,"5600 NE 2nd Ave Unit B, Miami, FL 33137",Miami,Florida,25.8272845,-80.1923576,google_lsa,new,2026-08-08T00:15:35.18+00:00
gmap:ChIJu1W5Lzux2YgRhGhyDs88GHw,Absolutely Epic Events,wedding planner,(786) 296-3720,,,,"1401 NW 50th St, Miami, FL 33142",Miami,Florida,25.8210174,-80.2203997,google_lsa,new,2026-08-08T00:15:35.18+00:00
gmap:ChIJkYl6znq32YgR8k-Rhabc48w,Dream Machine Entertainment,wedding planner,(786) 747-4195,,http://www.dreammachineent.com/,,"547 NW 54th St, Miami, FL 33127",Miami,Florida,25.8252838,-80.2049993,google_lsa,new,2026-08-08T00:15:35.18+00:00
gmap:ChIJb-__o4Gx2YgRQZxAJPHCnyk,The Little Farm House Miami,wedding planner,(786) 483-7744,,http://www.miamifarmhouse.com/,,"281 NE 84th St, Miami, FL 33138",Miami,Florida,25.8532168,-80.191275,google_lsa,new,2026-08-08T00:15:35.18+00:00
gmap:ChIJu0iZbCSx2YgR5zwGFmrN-oA,Halo Events,wedding planner,(305) 206-8770,,https://www.haloeventdesign.com/,,"121 NE 34th St, Miami, FL 33137",Miami,Florida,25.8085215,-80.1924866,google_lsa,new,2026-08-08T00:15:35.18+00:00
gmap:ChIJB8nX-YDL2YgRTVVlfP1_S9I,Openseas Events,wedding planner,(754) 236-4730,,https://openseascafe.com/events-2/,,,Brickell,FL,25.782414,-80.2253934,google_lsa,new,2026-08-08T00:15:35.18+00:00
gmap:ChIJC8ttJWZsFYURVAz12gSia-8,Miamar Events,wedding planner,(267) 307-3187,,https://miamarevents.net/,,,Brickell,FL,25.782414,-80.2253934,google_lsa,new,2026-08-08T00:15:35.18+00:00
gmap:ChIJ5RC8z4K12YgR93rHmK5ATrI,Luxe Miami | Miami's Premier Choice for Event Planning & Design,wedding planner,(305) 204-0709,,,,,Brickell,FL,25.7908315,-80.2186759,google_lsa,new,2026-08-08T00:15:35.18+00:00
gmap:ChIJpWr15yD9PUYR4wS--CZEQis,Hanna Gotz Studio | Bridal Miami,wedding planner,(786) 518-6679,,http://www.hannagotz.com/,,,Brickell,FL,25.782414,-80.2253934,google_lsa,new,2026-08-08T00:15:35.18+00:00
gmap:ChIJU1e4sfq32YgR93UsSgazQm0,Enzo Custom,wedding planner,(786) 314-7547,,https://enzocustom.com/?utm_source=google&utm_medium=display&utm_campaign=gbp_website_miami,,"800 Brickell Ave Ste 102, Miami, FL 33131",Miami,Florida,25.7658641,-80.1914845,google_lsa,new,2026-08-08T00:15:35.18+00:00
gmap:ChIJf0ZSS8nnZGoRS45wpyMMuDA,Elevate Event Agency,wedding planner,(305) 330-9770,,http://www.elevateeventagency.com/,,"153 E Flagler St #820, Miami, FL 33131",Miami,Florida,25.7744263,-80.1909789,google_lsa,new,2026-08-08T00:15:35.18+00:00
gmap:ChIJgTk7cgi32YgRsO4hCYidwyE,The DMC Collective_USA,wedding planner,(305) 704-7735,,https://thedmccollective.com/,,"111 NE 1st St 8th Floor, Miami, FL 33132",Miami,Florida,25.775396,-80.1917415,google_lsa,new,2026-08-08T00:15:35.18+00:00
gmap:ChIJkcAwh6222YgRX5Dq5Shstkg,Lovely Bride Miami,wedding planner,(305) 392-1149,,https://lovelybride.com/stores/miami-bridal-shop/,,"175 NW 25th St, Miami, FL 33127",Miami,Florida,25.8009111,-80.1985694,google_lsa,new,2026-08-08T00:15:35.18+00:00
gmap:ChIJTXi6fie02YgRTaRRbPiysm4,Biscayne Lady Yacht Charters,wedding planner,(305) 379-5119,,https://biscaynelady.com/?utm_source=google&utm_medium=organic&utm_campaign=gbp_listing,,"401 Biscayne Blvd Pier 1, Miami, FL 33132",Miami,Florida,25.7793947,-80.1841971,google_lsa,new,2026-08-08T00:15:35.18+00:00
gmap:ChIJJ8FC8IO22YgRSH7x8SGkgKw,Aram Event Photography,wedding planner,(305) 978-8184,,https://arameventphotography.com/,,"1060 Brickell Ave, Miami, FL 33131",Miami,Florida,25.763275,-80.192193,google_lsa,new,2026-08-08T00:15:35.18+00:00
gmap:ChIJIWugpN232YgRuSsXl26FkjE,wedding photography by liam,wedding planner,(305) 333-6388,,http://www.weddingphotographybyliam.com/,,"501 SW 24th Ave, Miami, FL 33135",Miami,Florida,25.7676374,-80.2346681,google_lsa,new,2026-08-08T00:15:35.18+00:00
gmap:ChIJYQAONX4D2YgRnozTObXAQLY,Epic Floral Design,wedding planner,(754) 307-9517,,https://www.epicfloraldesign.com/,,"710 NW 25th St, Miami, FL 33127",Miami,Florida,25.800571,-80.2076725,google_lsa,new,2026-08-08T00:15:35.18+00:00
gmap:ChIJf33fg5622YgRtlolTMKFce8,The Historic Alfred I. duPont Building,wedding planner,(305) 777-1637,,http://www.thedupontbuilding.com/,,"169 E Flagler St, Miami, FL 33131",Miami,Florida,25.7745326,-80.1906444,google_lsa,new,2026-08-08T00:15:35.18+00:00
gmap:ChIJm5Nn4RHW2IgRpBIZ9UzIGSU,Andreo Studio,wedding planner,(855) 926-3736,,http://www.andreostudio.com/,,"Midtown Blvd, Miami, FL 33127",Miami,Florida,25.8074265,-80.1929486,google_lsa,new,2026-08-08T00:15:35.18+00:00
gmap:ChIJ39E8n-S22YgRrC0rO-7Rhmc,Floristería Geranios Flowers,wedding planner,(305) 631-8311,,https://www.geraniosflowers.com/,,"27 NW 27th Ave Suite 1, Miami, FL 33125",Miami,Florida,25.7729986,-80.2387927,google_lsa,new,2026-08-08T00:15:35.18+00:00
gmap:ChIJycv0ZVex2YgRoCU7F7cyEfg,Chernaya Bridal House,wedding planner,(305) 724-1733,,http://www.chernayabridalhouse.com/,,"2066 N Bayshore Dr, Miami, FL 33137",Miami,Florida,25.7970621,-80.1872952,google_lsa,new,2026-08-08T00:15:35.18+00:00
gmap:ChIJO6Z9D5622YgRTrxHvuaGk3M,Leo Photographer,wedding planner,(305) 255-1125,,https://www.leophotographer.com/?utm_source=Google_Business&utm_medium=organic,,"900 Biscayne Blvd, Miami, FL 33132",Miami,Florida,25.7834936,-80.1902091,google_lsa,new,2026-08-08T00:15:35.18+00:00
gmap:ChIJi877a1y32YgR-w0G8fGNzaw,Avinu Events,wedding planner,(754) 547-4415,,https://avinuevents.com/,,"92 SW 3rd St Unit CU-1, Miami, FL 33130",Miami,Florida,25.7695759,-80.1952769,google_lsa,new,2026-08-08T00:15:35.18+00:00
gmap:ChIJP7I05c632YgRhalaUoom3iw,Lasso the Moon Inc.,wedding planner,(305) 668-9699,,http://www.lassothemooninc.com/,,"3350 Virginia St Second Floor, Coconut Grove, FL 33133, United States",Coconut Grove,Florida,25.7286097,-80.241633,google_lsa,new,2026-08-08T00:15:35.18+00:00
gmap:ChIJoW3ZO4S32YgReEKSVfOJbFU,Alexander Sanchez Designer LLC,wedding planner,(786) 328-0398,,https://www.alexsanchezdesigner.com/,,"102 SE 1st St, Miami, FL 33131",Miami,Florida,25.773203,-80.191727,google_lsa,new,2026-08-08T00:15:35.18+00:00
gmap:ChIJ5Qq6rwK02YgRfmROyLP3bQs,GILTYDREAM EVENT PRODUCTION COMPANY,wedding planner,(786) 499-2166,,http://www.giltydream.com/,,"1750 N Bayshore Dr Apt 3506, Miami, FL 33132",Miami,Florida,25.7924864,-80.1871517,google_lsa,new,2026-08-08T00:15:35.18+00:00
gmap:ChIJMS_novG32YgRj194IH2pKks,MG Weddings - Weddings Planner,wedding planner,(786) 471-8078,,,,"111 SW 3rd St, Miami, FL 33130",Miami,Florida,25.771957,-80.195982,google_lsa,new,2026-08-08T00:15:35.18+00:00
gmap:ChIJwxC6PaG32YgRNFV8IqGqiPs,Furever Us,wedding planner,(877) 387-3837,,http://fureverus.com/,,"2030 Douglas Rd Ste 206, Coral Gables, FL 33134",Coral Gables,Florida,25.753657,-80.255219,google_lsa,new,2026-08-08T00:15:35.18+00:00
gmap:ChIJfZBiaW-32YgRuFKTAh5ScJY,SG Music Entertainment,wedding planner,(954) 937-8829,,http://www.sgmusicusa.com/,,"168 SE 1st St Ste 500, Miami, FL 33131",Miami,Florida,25.7732501,-80.1905033,google_lsa,new,2026-08-08T00:15:35.18+00:00
gmap:ChIJ9QxpTzy32YgRMEzhCvzY92A,Eventrics Weddings Miami,wedding planner,(813) 921-0336,,https://eventricsweddings.com/,,"333 SE 2nd Ave Ste 2000, Miami, FL 33131",Miami,Florida,25.7715829,-80.1887783,google_lsa,new,2026-08-08T00:15:35.18+00:00
gmap:ChIJzexHWYm32YgRQDjeWcRGI4I,Events by Ayesha,wedding planner,(347) 878-2424,,http://eventsbyayesha.com/,,"230 NE 4th St, Miami, FL 33132",Miami,Florida,25.7777856,-80.189686,google_lsa,new,2026-08-08T00:15:35.18+00:00
gmap:ChIJSYPZ7bx754gR0JxleXo9Un4,Lucid Events,wedding planner,(862) 485-6310,,http://www.lucideventdesign.com/,,"888 Biscayne Blvd, Miami, FL 33132",Miami,Florida,25.7825487,-80.1898676,google_lsa,new,2026-08-08T00:15:35.18+00:00
gmap:ChIJN-cBq5Or2YgRI6SE4yrksiM,Starvision Yacht Charters,wedding planner,(305) 922-5980,,https://starvisionyachtcharters.com/contact-us-2/,,"990 Biscayne Blvd #503, Miami, FL 33132",Miami,Florida,25.7834802,-80.1900321,google_lsa,new,2026-08-08T00:15:35.18+00:00
gmap:ChIJLxxfQzWx2YgRIf5CcPGOXGQ,Miami Beach Wedding Planners,wedding planner,(786) 304-1660,,https://miamibeachweddingplanners.com/,,,Brickell,FL,25.782414,-80.2253934,google_lsa,new,2026-08-08T00:15:35.18+00:00
gmap:ChIJ56V9WaS32YgR8q1jcM-iPJY,"CUSTOM DESIGN & ALTERATIONS by Alena Fede | Wedding dresses, Bridesmaids, Prom, Graduation, Quinceañera",wedding planner,(347) 740-6825,,http://instagram.com/alena_fede_design,,"111 SW 3rd St #308, Miami, FL 33130",Miami,Florida,25.7719573,-80.195982,google_lsa,new,2026-08-08T00:15:35.18+00:00
gmap:ChIJ3R65n5a32YgRmBuuUlWdPZg,MYM MULTISERVICES LLC,wedding planner,(316) 883-2041,,https://mmultiservices.com/,,"1102 SW 1st St, Miami, FL 33130",Miami,Florida,25.7724199,-80.2130848,google_lsa,new,2026-08-08T00:15:35.18+00:00
gmap:ChIJv5QXrbF8l00RTvRCVo9NOeg,Sugar Collections,wedding planner,(786) 647-3027,,https://sugarcollectionsmiami.com/,,"1070 NW 29th Terrace, Miami, FL 33127",Miami,Florida,25.8041165,-80.2129564,google_lsa,new,2026-08-08T00:15:35.18+00:00
gmap:ChIJAQAcVqyz2YgR5z-oZXeOuk8,Events by Alejandrina,wedding planner,(786) 286-0521,,http://www.eventsbyalejandrina.com/contact/,,"41 SE 5th St, Miami, FL 33131",Miami,Florida,25.769132,-80.1917698,google_lsa,new,2026-08-08T00:15:35.18+00:00
gmap:ChIJ6-oGIh-l2YgRuy71-KYYKsU,KeAira Chantell Events,wedding planner,(305) 985-3718,,,,,Brickell,FL,25.782414,-80.2253934,google_lsa,new,2026-08-08T00:15:35.18+00:00
gmap:ChIJPRHpGXex2YgRc0moDgVBsPg,MIA79 Event Venue,wedding planner,(305) 924-6666,,https://mia79.com/,,"196 NW 79th St, Miami, FL 33150",Miami,Florida,25.8471096,-80.2007857,google_lsa,new,2026-08-08T00:15:35.18+00:00
gmap:ChIJiULz8GOx2YgRbal5B6MHj7s,Inhale Miami,wedding planner,(786) 600-3714,,https://www.inhalemiami.com/,,"6310 NE 2nd Ave, Miami, FL 33138",Miami,Florida,25.834036,-80.192587,google_lsa,new,2026-08-08T00:15:35.18+00:00
gmap:ChIJAY1dhFeddooR3-NEYycuRAc,PATT Event Productions,event planner,(786) 655-1264,,http://www.pattmiami.com/,,"2700 SW 27th Ave, Miami, FL 33133",Miami,Florida,25.7414849,-80.2382408,google_lsa,new,2026-08-08T00:15:28.315+00:00
gmap:ChIJfW3GUx202YgRmTHpsfhB2UU,Private Key Music Events Venue Art Gallery Wynwood Miami Art District,event planner,(305) 744-2320,,,,"567 NW 27th St, Miami, FL 33127",Miami,Florida,25.8022331,-80.2046052,google_lsa,new,2026-08-08T00:15:28.315+00:00
gmap:ChIJY-FCAoq22YgRHF_H4FrRlz4,Moore's Agency: An Event Agency,event planner,(305) 431-1486,,,,"2110 SW 3rd Ave, Miami, FL 33129",Miami,Florida,25.7584092,-80.2044634,google_lsa,new,2026-08-08T00:15:28.315+00:00
gmap:ChIJI2-DESe02YgRtDzVeT6doaw,Seafair Megayachts,event planner,(786) 305-8018,,https://www.seafairyachts.com/,,"South Dock, Chopin Plaza, Miami, FL 33131",Miami,FL,25.7728238,-80.1849688,google_lsa,new,2026-08-08T00:15:28.315+00:00
gmap:ChIJ18-nd4W22YgRAbu9P_VSFz8,AdVenture Games Team Building Miami,event planner,(305) 222-7053,,https://www.adventuregamesinc.com/miami-team-building/,,"247 SW 8th St, Miami, FL 33130",Miami,Florida,25.7662374,-80.1900043,google_lsa,new,2026-08-08T00:15:28.315+00:00
gmap:ChIJ7-w5aSC02YgRVbimIzFXKjE,Miami Sea Party,event planner,(786) 285-6016,,https://miamiseaparty.com/,,"401 Biscayne Blvd, Miami, FL 33132",Miami,Florida,25.7780573,-80.187095,google_lsa,new,2026-08-08T00:15:28.315+00:00
gmap:ChIJjx5s4le32YgRuK2XJSmfZCs,Atchana's Events & Private Party in Coconut Grove,event planner,(786) 233-4312,,,,"3196 Commodore Plaza, Miami, FL 33133",Miami,Florida,25.7277877,-80.2451763,google_lsa,new,2026-08-08T00:15:28.315+00:00
gmap:ChIJi2KAQrS32YgRx5Ovt9Vz948,FunPartyKids Characters Princess Decorations,event planner,(786) 286-7138,,https://www.funpartykids.com/,,"2884 SW 36th Ave, Coral Gables, FL 33133",Coral Gables,Florida,25.737381,-80.252366,google_lsa,new,2026-08-08T00:15:28.315+00:00
gmap:ChIJjSeAnDC32YgRYxWTrAhvVmU,Bill Hansen Miami Venues,event planner,(305) 209-2609,,http://billhansenmiamivenues.com/,,"2167 S Bayshore Dr 2nd Floor, Coconut Grove, FL 33133",Coconut Grove,Florida,25.7368537,-80.2288855,google_lsa,new,2026-08-08T00:15:28.315+00:00
gmap:ChIJc8hb3oK32YgRZSE_zydCzic,Balloon World Miami,event planner,(305) 807-3721,,http://www.balloonworldmiami.com/,,"2809 Bird Ave Unit 1, Miami, FL 33133",Miami,Florida,25.7358875,-80.238961,google_lsa,new,2026-08-08T00:15:28.315+00:00
gmap:ChIJs1mOeMW32YgR8xnjCs9m0Fk,GMS Global Management Services Inc,event planner,(786) 416-0706,,http://miamidmc.com/,,"3109 Grand Ave #187, Coconut Grove, FL 33133",Coconut Grove,Florida,25.7282085,-80.2437732,google_lsa,new,2026-08-08T00:15:28.315+00:00
gmap:ChIJ2QdwGc232YgR3e-qMF_6Z2o,Sailing Biscayne Bay,event planner,(305) 323-0783,,,,"Pier 4-49, 3400 Pan American Dr, Miami, FL 33133",Miami,Florida,25.7268744,-80.2353879,google_lsa,new,2026-08-08T00:15:28.315+00:00
gmap:ChIJ91EtDsu32YgR4sO7ZiOcc3s,SOMOS Group,event planner,(786) 220-0280,,http://www.somosgroup.com/,,"2601 S Bayshore Dr Ste 1250, Miami, FL 33133",Miami,Florida,25.7328868,-80.23455,google_lsa,new,2026-08-08T00:15:28.315+00:00
gmap:ChIJPc7itWKx2YgRDheXkqLhnJo,Market Activations,event planner,(305) 735-8417,,http://marketactivations.com/,,"Miami, FL 33131",Miami,Florida,25.7616798,-80.1917902,google_lsa,new,2026-08-08T00:15:28.315+00:00
gmap:ChIJTSIjKSch2YgR4bswElr-Scc,YachtXotics,event planner,(305) 849-1515,,https://experience.yachtxotics.com/,,"777 Brickell Ave #500, Miami, FL 33131",Miami,Florida,25.7664513,-80.1898953,google_lsa,new,2026-08-08T00:15:28.315+00:00
gmap:ChIJu0mtgAqWWisR4ESOySwETWw,"Alternative Productions | Audio/Visual, LED Walls, Laser Projector screens, Lighting, Broadcasting, Stage, Media Crew",event planner,(786) 932-1355,,https://www.altmediaproductions.com/,,"5455 SW 8th St Ste 135, Miami, FL 33134",Miami,Florida,25.7640199,-80.2834652,google_lsa,new,2026-08-08T00:15:28.315+00:00
gmap:ChIJiS4hgb222YgRc2UnCwV0tlU,Lawvawn The Saxman Extraordinaire Inc,event planner,(561) 929-4595,,,,"418 NW 8th St, Miami, FL 33136",Miami,Florida,25.7812596,-80.2017526,google_lsa,new,2026-08-08T00:15:28.315+00:00
gmap:ChIJZ5tKrlOx2YgRnpVrX_SYiOE,Event Decorating Academy,event planner,(786) 369-1723,,http://paintedprops.com/,,"3308 N Miami Ave Studio 3302, Miami, FL 33127",Miami,Florida,25.8076282,-80.1953602,google_lsa,new,2026-08-08T00:15:28.315+00:00
gmap:ChIJ44JGAyG02YgRM7nCu167NXY,Tikki Beach Charters,event planner,(305) 350-2112,,http://www.tikkibeach.com/,,"1900 N Bayshore Dr A1-135, Miami, FL 33132",Miami,Florida,25.7947089,-80.1869344,google_lsa,new,2026-08-08T00:15:28.315+00:00
gmap:ChIJXSKYE6622YgRB0uqybV5XiM,FunDimension Game Center,event planner,(786) 360-1766,,https://fundimensionusa.com/,,"2129 NW 1st Ct, Miami, FL 33127",Miami,Florida,25.7973262,-80.1974979,google_lsa,new,2026-08-08T00:15:28.315+00:00
gmap:ChIJVVWFW5y22YgR40akz7z3Ps4,BESTAgency,event planner,(305) 916-1458,,http://www.best-agencies.com/,,"Miami Tower, 100 SE 2nd St Ste 2000, Miami, FL 33131",Miami,Florida,25.7720848,-80.1912988,google_lsa,new,2026-08-08T00:15:28.315+00:00
gmap:ChIJNUplMrHaPm4RN83hrlbVo2U,Culinarys Roots,event planner,(754) 274-2873,,https://www.culinarysroots.com/,,"3250 W Trade Ave, Miami, FL 33133",Miami,Florida,25.73597,-80.246983,google_lsa,new,2026-08-08T00:15:28.315+00:00
gmap:ChIJBUGNqPTM4iQRkN6YgwrxJzA,Events with Estela. Wedding and Event Planning,event planner,(786) 459-4031,,,,,Brickell,FL,25.782414,-80.2253934,google_lsa,new,2026-08-08T00:15:28.315+00:00
gmap:ChIJNwX5ImG32YgRA-N4YQXxIrM,SOMOS Next,event planner,(786) 220-0280,,http://www.somosnext.net/,,"2601 S Bayshore Dr Ste 1250, Miami, FL 33133",Miami,Florida,25.7328868,-80.23455,google_lsa,new,2026-08-08T00:15:28.315+00:00
gmap:ChIJ6YS4b2m32YgRp-lOYStwhJE,PS Events & Design,event planner,(786) 452-6432,,http://www.pseventsdesign.com/,,,Brickell,FL,25.7915105,-80.254069,google_lsa,new,2026-08-08T00:15:28.315+00:00
gmap:ChIJ2yMl7gq32YgR38HmDZZWxMg,Flowers At The Gables,event planner,(305) 713-5669,,https://shopflowersatthegables.com/,,"3737 Peacock Ave, Coral Gables, FL 33146",Coral Gables,Florida,25.7343341,-80.2545344,google_lsa,new,2026-08-08T00:15:28.315+00:00
gmap:ChIJGZm0i4EpLK8Riks9f--xUUs,Event Flo Productions,event planner,(305) 204-9442,,https://www.eventfloproductions.com/,,,Brickell,FL,25.7635095,-80.2444535,google_lsa,new,2026-08-08T00:15:28.315+00:00
gmap:ChIJD_2vMZ622YgRIoOzEIMxcQI,THE PLANNER'S COLLECTION,event planner,(305) 431-8766,,,,"Vizcayne, 244 Biscayne Blvd, Miami, FL 33132",Miami,Florida,25.7767311,-80.1883352,google_lsa,new,2026-08-08T00:15:28.314+00:00
gmap:ChIJI0ueseW32YgRWbwlDXgHpkI,ZKIDS SHOW EVENTS FOR KIDS,event planner,(786) 252-5337,,http://www.zkids-show.com/miami,,"340 SE 3rd St, Miami, FL 33132",Miami,Florida,25.7715961,-80.1882108,google_lsa,new,2026-08-08T00:15:28.314+00:00
gmap:ChIJjYh35Km22YgRsbqq0i6TXRU,StepFlix Entertainment,event planner,(856) 477-3549,,https://www.stepflixentertainment.com/,,"1331 Brickell Bay Dr, Miami, FL 33131",Miami,Florida,25.7599996,-80.1891629,google_lsa,new,2026-08-08T00:15:28.314+00:00
gmap:ChIJaz896oO22YgRWm8dWLdpLCw,Crazy About Miami,event planner,(786) 925-6078,,http://www.crazyaboutmiami.com/,,"936 SW 1st Ave Suite 1083, Miami, FL 33130",Miami,Florida,25.7646173,-80.1958703,google_lsa,new,2026-08-08T00:15:28.314+00:00
gmap:ChIJWSA-MBO12YgRazV9XU4g42Q,Little Stef - Event planner & Designer,event planner,(754) 707-9419,,http://www.littlestef.com/,,"600 NE 27th St APT 703, Miami, FL 33137",Miami,Florida,25.802621,-80.1868945,google_lsa,new,2026-08-08T00:15:28.314+00:00
gmap:ChIJN3NxS4Du0IIR8ksR0JO4buk,Legacy House Production,event planner,(201) 618-8263,,http://www.legacyhouseproduction.com/,,"3301 NE 1st Ave, Miami, FL 33137",Miami,Florida,25.8077885,-80.1923013,google_lsa,new,2026-08-08T00:15:28.314+00:00
gmap:ChIJDUP8T8RjN4wRd_pjUsqQ56k,Magical Moments Party Characters,event planner,(305) 677-9848,,https://www.magicalmomentsmiamipartycharacters.com/,,"66 W Flagler St, Miami, FL 33130",Miami,Florida,25.7738563,-80.1951849,google_lsa,new,2026-08-08T00:15:28.314+00:00
gmap:ChIJDY0ruxu32YgRX21Y-ez79xg,Unarthodox,event planner,(646) 964-4733,,https://www.unarthodox.com/miami/,,"180 NE 1st St, Miami, FL 33132",Miami,Florida,25.7749784,-80.1905659,google_lsa,new,2026-08-08T00:15:28.314+00:00
gmap:ChIJuX5_6Gu02YgR9sH76yb9dJQ,MG Culinary Concepts (formerly MG Events),event planner,(786) 471-8078,,https://mgculinary.com/,,"111 SW 3rd St, Miami, FL 33130",Miami,Florida,25.771947,-80.195912,google_lsa,new,2026-08-08T00:15:28.314+00:00
gmap:ChIJNzhK7FCx2YgRuFSw_83yhmo,Fiction Events,event planner,(305) 635-1200,,http://www.fictionevents.com/,,"1401 NW 22nd St Unit 1, Miami, FL 33142",Miami,Florida,25.7979174,-80.2194958,google_lsa,new,2026-08-08T00:15:28.314+00:00
gmap:ChIJZVDCd9uLCi4RNNdO58Kn-2I,REVAHLUTION,event planner,(877) 830-5305,,http://www.revahlution.com/,,"3349 NW 7th Ave, Miami, FL 33127",Miami,Florida,25.8080832,-80.2071332,google_lsa,new,2026-08-08T00:15:28.314+00:00
gmap:ChIJCwWK5LO22YgRhKW97HCtczQ,SWARM Inc,event planner,(305) 461-2700,,http://swarminc.com/,,"2308 NW 5th Ave #4310, Miami, FL 33127",Miami,Florida,25.7992996,-80.2035033,google_lsa,new,2026-08-08T00:15:28.314+00:00
gmap:ChIJFQwyS5G32YgRJvh6l1kh88A,Miami Yacht Party and Miami Clubs,event planner,(305) 727-8966,,https://www.greateventsmiami.com/,,"401 Biscayne Blvd, Miami, FL 33132",Miami,Florida,25.7794465,-80.1864291,google_lsa,new,2026-08-08T00:15:28.314+00:00
gmap:ChIJp1cnNO232YgR43kF4Vnhyg0,Hire Party Entertainers,event planner,(305) 762-0050,,https://www.hirecheekybutlers.com/?utm_source=google&utm_medium=wix_google_business_profile&utm_campaign=1069353610320089763,,"253 NE 3rd Ave, Miami, FL 33132",Miami,Florida,25.776293,-80.1886482,google_lsa,new,2026-08-08T00:15:28.314+00:00
gmap:ChIJ6WOJTW-32YgRk1lI4Zt_bGQ,W&W Flowers and Events,event planner,(305) 443-3310,,,,"780 NW 42nd Ave Ste 8, Miami, FL 33126",Miami,Florida,25.7788864,-80.265092,google_lsa,new,2026-08-08T00:15:28.314+00:00
gmap:ChIJHTvetGO32YgRgLJqmcQkBAA,SMERFEvents AV & Lighting Rental Miami,event planner,(888) 927-7990,,https://www.smerfevents.com/,,"1221 Brickell Ave Suite 900, Miami, FL 33131",Miami,Florida,25.7612274,-80.1910809,google_lsa,new,2026-08-08T00:15:28.314+00:00
gmap:ChIJa-21U6i32YgRxJDVRdQIx_U,BOND PARTY - Miami Balloon Decor & Events,event planner,(305) 300-0508,,https://bondparty.com/,,"2217 NW 7th St, Miami, FL 33125",Miami,Florida,25.7798223,-80.2316684,google_lsa,new,2026-08-08T00:15:28.314+00:00
gmap:ChIJS430aYCr2YgRs9o_DAcRaHY,Lightfoot Premier Entertainment,event planner,(786) 306-8084,,https://lightfootpremierent.com/,,"500 NW 2nd Ave #15282, Miami, FL 33101",Miami,Florida,25.7792906,-80.1984034,google_lsa,new,2026-08-08T00:15:28.314+00:00
gmap:ChIJKUFsqL632YgRgmv2nxnktMw,VIP Miami,event planner,(954) 955-6229,,https://www.vip-miami.com/,,"31 SE 6th St, Miami, FL 33131",Miami,Florida,25.7686064,-80.1919526,google_lsa,new,2026-08-08T00:15:28.314+00:00
gmap:ChIJ6QHCMTK32YgRIAaHETUPrnw,"Fiesta in a Box, LLC",event planner,(787) 404-2808,,https://linktr.ee/Fiestainabox,,"92 SW 3rd St, Miami, FL 33130",Miami,Florida,25.7695935,-80.1950473,google_lsa,new,2026-08-08T00:15:28.314+00:00
gmap:ChIJcfrhnpiOuwMRlCZavhgwZzo,305 Promotions,event planner,(305) 570-2746,,http://305promotions.com/,,,Brickell,FL,25.782414,-80.2253934,google_lsa,new,2026-08-08T00:15:28.314+00:00
gmap:ChIJ9UP6br632YgRWJM2E2qPnig,Pj Party Miami,event planner,(786) 227-1956,,http://www.pjpartymiami.com/,,"91 SW 3rd St, Miami, FL 33130",Miami,Florida,25.7716761,-80.1953826,google_lsa,new,2026-08-08T00:15:28.314+00:00
gmap:ChIJIflk2w6r2YgRXtT6KDivZsY,Margo Velvet Events,event planner,(917) 444-3304,,http://margovelvet.com/,,"205 E Flagler St, Miami, FL 33131",Miami,Florida,25.7744222,-80.1900794,google_lsa,new,2026-08-08T00:15:28.314+00:00
gmap:ChIJY6uvHU632YgRQgEccDQvoZc,Florida Event Decor,event planner,(305) 424-7150,,https://floridaeventdecor.com/Miami-FL,,"66 W Flagler St Ste 10012, Miami, FL 33130",Miami,Florida,25.7739269,-80.1949681,google_lsa,new,2026-08-08T00:15:28.314+00:00
gmap:ChIJEYiDcrC9SE8RaJ_k923A544,Event Production Studio,event planner,(305) 645-2524,,http://www.eventproduction.studio/,,"1341 NW 22nd St A, Miami, FL 33142",Miami,Florida,25.7978732,-80.2184532,google_lsa,new,2026-08-08T00:15:28.314+00:00
gmap:ChIJ35fQ4uy32YgRuIegsMrWtXk,RM Event Styling,event planner,(801) 668-5993,,,,"650 NE 2nd Ave, Miami, FL 33132",Miami,Florida,25.7806499,-80.1907341,google_lsa,new,2026-08-08T00:15:28.314+00:00
gmap:ChIJ5WZsFv5TVI0R82xAKx71bZE,Royale Society Hospitality,event planner,(305) 306-1148,,http://www.royalesociety.com/,,"2 Biscayne Blvd #3200, Miami, FL 33131",Miami,Florida,25.7737878,-80.1879712,google_lsa,new,2026-08-08T00:15:28.314+00:00
gmap:ChIJg99dYgO32YgR3xHf0oO983k,Chloe Events,event planner,(786) 597-4036,,,,"325 S Biscayne Blvd Apt 200, Miami, FL 33131",Miami,Florida,25.7715528,-80.1856501,google_lsa,new,2026-08-08T00:15:28.314+00:00
gmap:ChIJoUMJk4S22YgR-8nbLFU5KMM,Rose Gold Collective,event planner,(786) 708-5701,,http://www.rosegoldcollective.com/,,"78 SW 7th St, Miami, FL 33130",Miami,Florida,25.7671036,-80.1935708,google_lsa,new,2026-08-08T00:15:28.314+00:00
gmap:ChIJ__-_8yW32YgRrhuvti_27GU,Kikimora Studio®,event planner,(786) 343-4442,,http://www.kikimorastudio.com/,,"2636 NW 21st Terrace Unit A, Miami, FL 33142",Miami,Florida,25.796065,-80.2389476,google_lsa,new,2026-08-08T00:15:28.314+00:00
gmap:ChIJf3V4snu32YgRrqXn0fAfLso,Best Moments Party Rentals,event planner,(786) 860-2378,,https://instagram.com/bestmomentspartyrental?igshid=YmMyMTA2M2Y=,,"2031 NW 27th Ave, Miami, FL 33142",Miami,Florida,25.7950021,-80.2395514,google_lsa,new,2026-08-08T00:15:28.314+00:00
gmap:ChIJ89lAENC52YgRI9IFkR2fuxg,Jumpers Paradise LLC,event planner,(786) 768-6326,,http://www.jumpersparadise.com/,,"3085 NW 4th St, Miami, FL 33125",Miami,Florida,25.776291,-80.2456321,google_lsa,new,2026-08-08T00:15:28.314+00:00
gmap:ChIJuydFlS3oH2ARsnz--UUBZyY,Get The Cook | Catering & Event Planning,event planner,(877) 870-3576,,http://www.getthecook.com/,,"2229 Coral Wy, Miami, FL 33145",Miami,Florida,25.7507321,-80.2308428,google_lsa,new,2026-08-08T00:15:28.314+00:00
gmap:ChIJdfqDXkG32YgRE1ILy5KomAc,Dora Party Rental and decorations,event planner,(786) 879-2396,,http://www.dorapartyrentals.com/,,"2630 SW 27th Ave, Miami, FL 33133",Miami,Florida,25.7426024,-80.238217,google_lsa,new,2026-08-08T00:15:28.314+00:00
gmap:ChIJ8ZTQr7a12YgReYSqhAxMPaE,Haute VIP Concierge,event planner,(786) 309-8160,,http://www.hautevipconcierge.com/,,"1200 Brickell Ave Suite 1950 #124, Miami, FL 33131",Miami,Florida,25.7638422,-80.1914977,google_lsa,new,2026-08-08T00:15:28.314+00:00
gmap:ChIJIbSYHZy22YgRyKN7RTn-Kmw,Characters.IO - Miami,event planner,(855) 916-9921,,https://miami.characters.io/,,"F2, 14 NE 1st Ave, Miami, FL 33132",Miami,Florida,25.774449,-80.192109,google_lsa,new,2026-08-08T00:15:28.314+00:00
gmap:ChIJeQsnIM632YgRGfzdQLtg3IA,Party Studio Miami,event planner,(786) 860-2378,,,,"2029 NW 27th Ave, Miami, FL 33142",Miami,Florida,25.794906,-80.239529,google_lsa,new,2026-08-08T00:15:28.314+00:00
gmap:ChIJX_sVcl632YgRjotwinjMjt8,Nez Events,event planner,(786) 282-3272,,https://www.nezevents.com/,,"Miami, FL 33131",Miami,Florida,25.7616798,-80.1917902,google_lsa,new,2026-08-08T00:15:28.313+00:00
gmap:ChIJjV_RXSa32YgRrR0p-MankSE,Lineup Concept- Experiential Pop-Up Containers,event planner,(917) 373-8851,,https://www.lineupconcept.com/,,"Miami, FL 33129",Miami,Florida,25.754939,-80.2025468,google_lsa,new,2026-08-08T00:15:28.313+00:00
gmap:ChIJRbpR6su32YgRCyQt5nbTaTE,PILATES CLASSES,pilates instructor,(305) 283-8165,,https://inshapetogo.fitness/contact-us/,,"2666 Tigertail Ave, Miami, FL 33133",Miami,Florida,25.7319933,-80.236557,google_lsa,new,2026-08-08T00:02:18.114+00:00
gmap:ChIJcWVTYDex2YgRrpMDxI9AEhQ,Lifestyle Movement,pilates instructor,(305) 419-1597,,,,"7520 NE 4th Ct, Miami, FL 33138",Miami,Florida,25.8443339,-80.1882476,google_lsa,new,2026-08-08T00:02:18.114+00:00
gmap:ChIJBZiqkli32YgRbsF30J9sF80,Mimi Yoga & Pilates,pilates instructor,(305) 456-8686,,http://www.mimiyoga.com/,,"278 NW 27th St, Miami, FL 33127",Miami,Florida,25.8019954,-80.2007388,google_lsa,new,2026-08-08T00:02:18.113+00:00
gmap:ChIJ7Z1P1lS32YgRavwOP7eC9ug,Lure Studio,pilates instructor,(786) 292-1383,,https://lurestudiomiami.com/,,"219 NW 20th St #104, Miami, FL 33127",Miami,Florida,25.7958303,-80.1993828,google_lsa,new,2026-08-08T00:02:18.113+00:00
gmap:ChIJV41bu-u32YgRwKGP1omXavs,palmi + sano,pilates instructor,(786) 535-4174,,https://www.palmisanowellness.com/,,"174 NW 26th St, Miami, FL 33127",Miami,Florida,25.8013488,-80.1986158,google_lsa,new,2026-08-08T00:02:18.113+00:00
gmap:ChIJYWJZLki32YgRLi1hm2Dvk1k,Molding Movement — a GYROTONIC® studio,pilates instructor,(786) 479-9794,,http://moldyourmovement.com/,,"175 SW 7th St STE 2415, Miami, FL 33130",Miami,Florida,25.7679767,-80.1967082,google_lsa,new,2026-08-08T00:02:18.113+00:00
gmap:ChIJh41HGO2x2YgR4W2sk1oPlgs,FORM50 Fitness Miami,pilates instructor,(800) 227-8855,,https://form50fitness.com/miami-florida/?utm_campaign=gmbMiami,,"57 NW 26th St, Miami, FL 33127",Miami,Florida,25.8017183,-80.1962571,google_lsa,new,2026-08-08T00:02:18.113+00:00
gmap:ChIJZxsw8IC32YgRqO1BiOlqR9A,[solidcore],pilates instructor,(786) 741-7997,,https://www.solidcore.co/fl/florida/brickell/?utm_source=google&utm_medium=search&utm_content=local-listing&utm_campaign=gmb-listing,,"927 Brickell Ave, Miami, FL 33131",Miami,Florida,25.7647533,-80.1906826,google_lsa,new,2026-08-08T00:02:18.113+00:00
gmap:ChIJbZplef7cxCkR5SwcGsilUgE,R3BORN Pilates,pilates instructor,(305) 746-2717,,https://r3bornpilates.com/,,"3301 NE 1st Ave Ste 113, Miami, FL 33137",Miami,Florida,25.807553,-80.1923578,google_lsa,new,2026-08-08T00:02:18.113+00:00
gmap:ChIJu6mTbz232YgRVXMRtYXe28M,Marina Goitia - Personal & Pilates Trainer,pilates instructor,(347) 915-9554,,http://marinagoitia.com/,,"480 NE 31st St, Miami, FL 33137",Miami,Florida,25.8061373,-80.1871885,google_lsa,new,2026-08-08T00:02:18.113+00:00
gmap:ChIJpSL3NqG32YgRqwmiUZc6_zE,Libre // Aerial Fitness + Pilates,pilates instructor,(786) 848-0732,,https://libreaf.com/,,"Wynd 27, 129 NW 26th St Studio 5, Miami, FL 33127",Miami,Florida,25.801697,-80.197739,google_lsa,new,2026-08-08T00:02:18.113+00:00
gmap:ChIJe1wIVne32YgRzB3W0qYCUbo,BODYROK Miami - Edgewater,pilates instructor,(786) 348-2573,,https://bodyrok.com/,,"412 NE 22nd St Suite #100, Miami, FL 33137",Miami,Florida,25.7980288,-80.1877587,google_lsa,new,2026-08-08T00:02:18.113+00:00
gmap:ChIJhdQVE6W32YgRpL0t_Bw5JwY,The One Tribe,pilates instructor,(305) 703-0003,,https://www.theonetribe.com/,,"2200 Biscayne Blvd 2nd Floor, Miami, FL 33137",Miami,Florida,25.7984744,-80.1898604,google_lsa,new,2026-08-08T00:02:18.113+00:00
gmap:ChIJLdh0tSK12YgRHMClXse_QMg,The Most Hot Pilates,pilates instructor,(305) 407-6627,,http://www.themostmiami.com/,,"671 Brickell Key Dr, Miami, FL 33131",Miami,Florida,25.7678862,-80.185811,google_lsa,new,2026-08-08T00:02:18.113+00:00
gmap:ChIJq8r3EsC22YgR43HbY5WmWyA,Forrest Pilates Inc.,pilates instructor,(305) 606-2448,,http://www.forrestpilates.com/,,"936 NW 9th Ct, Miami, FL 33136",Miami,Florida,25.78296,-80.210639,google_lsa,new,2026-08-08T00:02:18.113+00:00
gmap:ChIJPSM0SAO32YgRN7sdQvXFxhA,Revive Pilates,pilates instructor,(645) 207-6900,,https://www.revivexpilates.com/,,"2400 NE 2nd Ave, Miami, FL 33137",Miami,Florida,25.8000755,-80.1912116,google_lsa,new,2026-08-08T00:02:18.113+00:00
gmap:ChIJ8f3-ZPyz2YgR_4xykgi1ANE,Paraiso Pilates,pilates instructor,(786) 893-4539,,https://www.pilatesatparaiso.com/,,"3131 NE 7th Ave CU3, Miami, FL 33137",Miami,Florida,25.8073132,-80.1868999,google_lsa,new,2026-08-08T00:02:18.113+00:00
gmap:ChIJe3w7pn-x2YgRb8-v-IFIso8,Club Pilates,pilates instructor,(786) 817-2170,,https://www.clubpilates.com/midtownmiami/?utm_source=google.com&utm_medium=referral&utm_campaign=yext,,"3252 Buena Vista Blvd Unit 102, Miami, FL 33137",Miami,Florida,25.8077114,-80.1935099,google_lsa,new,2026-08-08T00:02:18.113+00:00
gmap:ChIJi7nPgFSx2YgRfUlpAzJAXxE,[solidcore] Midtown Miami,pilates instructor,(786) 655-9649,,https://solidcore.co/studios/midtown-miami?siteId=693866&locationId=1&utm_source=google&utm_medium=search&utm_content=local-listing&utm_campaign=gmb-listing,,"135 NE 32nd St, Miami, FL 33137",Miami,Florida,25.8067913,-80.1924031,google_lsa,new,2026-08-08T00:02:18.113+00:00
gmap:ChIJmd3RyoW22YgRgSHggIXx7H0,Club Pilates,pilates instructor,(786) 334-5459,,https://www.clubpilates.com/brickell/?utm_source=google.com&utm_medium=referral&utm_campaign=yext,,"117 SW 10th St Suite 103, Miami, FL 33130",Miami,Florida,25.7645881,-80.1960352,google_lsa,new,2026-08-08T00:02:18.113+00:00
gmap:ChIJgRnEKqa32YgR-y2-6KyKWnc,Aligné Pilates Miami- Classical Pilates Studio,pilates instructor,(305) 495-2050,,https://app.arketa.co/alignepilatesmiami?utm_source=ig&utm_medium=social&utm_content=link_in_bio,,"245 NE 14th St, Miami, FL 33132",Miami,Florida,25.7883872,-80.1901129,google_lsa,new,2026-08-08T00:02:18.113+00:00
gmap:ChIJWVWGB7O22YgR6e5xkCUBf1M,JETSET Pilates - Edgewater,pilates instructor,(305) 400-4280,,https://jetsetpilates.com/fl/edgewater/,,"2063 Biscayne Blvd Ste C301B, Miami, FL 33137",Miami,Florida,25.796301,-80.1886271,google_lsa,new,2026-08-08T00:02:18.113+00:00
gmap:ChIJv_IYIHW32YgRWRD-WDN9lqA,Long Lean Pilates,pilates instructor,(786) 779-3390,,https://longleanpilates.com/,,"121 SE 2nd Ave, Miami, FL 33131",Miami,Florida,25.7729671,-80.1901069,google_lsa,new,2026-08-08T00:02:18.113+00:00
gmap:ChIJpWUQCJq32YgRaMuH_u8a2_M,TREMBLE,pilates instructor,(833) 873-6253,,http://www.makeittremble.com/,,"Avenue on Brickell, 1060 Brickell Ave # M-3, Miami, FL 33131",Miami,Florida,25.7631534,-80.1918983,google_lsa,new,2026-08-08T00:02:18.113+00:00
gmap:ChIJR748kVa32YgRLesV5a-pmd4,TREMBLE,pilates instructor,(833) 873-6253,,http://makeittremble.com/,,"131 NE 34th St CU6/108, Miami, FL 33137",Miami,Florida,25.8085001,-80.1920414,google_lsa,new,2026-08-08T00:02:18.113+00:00
gmap:ChIJ48znyBW32YgROzKVO_2yb2U,Method by Stas,pilates instructor,(786) 618-2317,,,,"941 Brickell Ave, Miami, FL 33131",Miami,Florida,25.7646853,-80.1907493,google_lsa,new,2026-08-08T00:02:18.113+00:00
gmap:ChIJ5-cN2jO32YgRHBu21-DoFa0,Posh Life Pilates,pilates instructor,(305) 537-6528,,https://www.poshlifepilates.com/,,"1440 NW N River Dr Ste 197, Miami, FL 33125",Miami,Florida,25.7852072,-80.2207272,google_lsa,new,2026-08-08T00:02:18.113+00:00
gmap:ChIJAWc52x232YgRfEPRyByCz_0,Babe Hot Pilates,pilates instructor,(305) 209-0809,,https://babehotpilates.com/,,"2119 NW 2nd Ave, Miami, FL 33127",Miami,Florida,25.7972347,-80.1988208,google_lsa,new,2026-08-08T00:02:18.113+00:00
gmap:ChIJaWNFnh632YgRaNMmhYRpFfw,JETSET Pilates - Downtown Miami,pilates instructor,(305) 565-3349,,https://jetsetpilates.com/fl/downtown-miami/,,"151 SE 1st St Fl 3, Miami, FL 33131",Miami,Florida,25.7736231,-80.1906577,google_lsa,new,2026-08-08T00:02:18.113+00:00
gmap:ChIJ_-SEr5K32YgRXtXzEGbLpkE,Studio Three Miami - Wynwood,pilates instructor,(877) 651-8620,,https://studiothree.com/schedule/?_mt=%2Fschedule%2Fdaily%2F48607,,"96 NW 29th St, Miami, FL 33127",Miami,Florida,25.8036504,-80.1970172,google_lsa,new,2026-08-08T00:02:18.113+00:00
gmap:ChIJh4AWxJy32YgR6OXcfP_k1Ao,Luis Mellado Pilates,pilates instructor,(305) 560-3233,,http://www.luismelladopilates.com/,,"2298 SW 1st St, Miami, FL 33135",Miami,Florida,25.7714343,-80.2328066,google_lsa,new,2026-08-08T00:02:18.113+00:00
gmap:ChIJYdOfHd232YgRg1ZElw62AsI,Miami Pilates,pilates instructor,(786) 972-9360,,https://www.miamipilates.co/,,"2823 NW 3rd Ave #137, Miami, FL 33127",Miami,Florida,25.8033359,-80.2010821,google_lsa,new,2026-08-08T00:02:18.113+00:00
gmap:ChIJP_BGC2a32YgR0jmtfhqjfUY,Portal Pilates,pilates instructor,(786) 920-4527,,https://portalpilates.co/,,"247 SW 8th St, Miami, FL 33130",Miami,Florida,25.7665613,-80.1984814,google_lsa,new,2026-08-08T00:02:18.113+00:00
gmap:ChIJ6bYErSG32YgRpwjYY9x2B8c,BODYBAR Pilates - Midtown Miami,pilates instructor,(305) 929-0740,,https://bodybarpilates.com/studios/midtown-miami/,,"2816 NE 2nd Ave Suite 2816, Miami, FL 33137",Miami,Florida,25.803671,-80.191356,google_lsa,new,2026-08-08T00:02:18.113+00:00
gmap:ChIJdQXuO5O32YgRcYhaDH1JZxA,Kinona Pilates Studio,pilates instructor,(786) 525-2655,,https://kinonastudio.com/,,"175 SW 7th St Unit 1520, Miami, FL 33130",Miami,Florida,25.7676932,-80.1969935,google_lsa,new,2026-08-08T00:02:18.113+00:00
gmap:ChIJ2Vls3qy22YgRD2sY08i9BfU,Pilathon Pilates - Wynwood,pilates instructor,(305) 728-7800,,https://pilathon.com/?y_source=1_MTAxMDQ5ODU5OC03MTUtbG9jYXRpb24ud2Vic2l0ZQ==,,"2700 N Miami Ave, Miami, FL 33127",Miami,Florida,25.802772,-80.195699,google_lsa,new,2026-08-08T00:02:18.113+00:00
gmap:ChIJ_xen_J232YgRRvYS4TxD1nE,Pilates on Brickell,pilates instructor,(786) 678-6125,,,,"175 SW 7th St Unite 1703, Miami, FL 33130",Miami,Florida,25.7676096,-80.1968556,google_lsa,new,2026-08-08T00:02:18.113+00:00
gmap:ChIJoR_oyiK32YgRCTUCydqc7zA,Miami Pilates Company,pilates instructor,(954) 205-7022,,http://www.miamipilatescompany.com/,,"30 SW 1st St Ste 801, Miami, FL 33130",Miami,Florida,25.7732205,-80.1937734,google_lsa,new,2026-08-08T00:02:18.113+00:00
gmap:ChIJB9_4YV-x2YgRpjb6B0pz5AE,Agni Miami,pilates instructor,(305) 231-3171,,http://www.agnimiami.com/,,"5084 Biscayne Blvd 101 a, Miami, FL 33137",Miami,Florida,25.8227897,-80.1875501,google_lsa,new,2026-08-08T00:02:18.113+00:00
gmap:ChIJJU4p9oi22YgRcLC971bTZWk,Sexy Sassy Strong Fitness Studio,pilates instructor,(305) 401-3268,,http://www.fitnessstudioinmiamifl.com/,,"1791 SW 3rd Ave, Miami, FL 33129",Miami,Florida,25.760017,-80.2002536,google_lsa,new,2026-08-08T00:02:18.113+00:00
gmap:ChIJG94ky4e22YgRLtdRj2m0gEw,Pilates Rejuvenation & Wellness,pilates instructor,(305) 934-8177,,,,"1513 SW 2nd Ave, Miami, FL 33129",Miami,Florida,25.7600264,-80.1973356,google_lsa,new,2026-08-08T00:02:18.113+00:00
gmap:ChIJFfdzLFy32YgRShTd7zR6EBY,Art In Movement Pilates Studio,pilates instructor,(754) 266-0281,,http://artinmovement.club/,,"1797 SW 3rd Ave, Miami, FL 33129",Miami,Florida,25.75988,-80.2002017,google_lsa,new,2026-08-08T00:02:18.113+00:00
gmap:ChIJEwD0woa22YgRe6cwtxO0mig,JETSET Pilates - Brickell,pilates instructor,(786) 204-2983,,https://jetsetpilates.com/fl/brickell/,,"40 SW 13th St #504, Miami, FL 33130",Miami,Florida,25.76097,-80.194372,google_lsa,new,2026-08-08T00:02:18.113+00:00
gmap:ChIJPa4_-ZK32YgRANdVh7viCM0,Club Pilates,pilates instructor,(305) 209-5679,,https://www.clubpilates.com/coralgables/?utm_source=google.com&utm_medium=referral&utm_campaign=yext,,"77 Miracle Mile, Coral Gables, FL 33134",Coral Gables,Florida,25.7499914,-80.2563607,google_lsa,new,2026-08-08T00:02:18.113+00:00
gmap:ChIJhcHCJa_hmmIRAa_2jyB7r7Q,Eleven Pilates,pilates instructor,(786) 707-3888,,http://www.elevenpilates.com/,,"111 SW 3rd St Suite 103, Miami, FL 33130",Miami,Florida,25.7719573,-80.195982,google_lsa,new,2026-08-08T00:02:18.113+00:00
gmap:ChIJ3eL36Mm32YgR_Fvky3qV4PI,Equilibrium,pilates instructor,(305) 458-1430,,http://www.grovepilates.com/,,"2350 SW 27th Ave #102, Miami, FL 33145, United States",Miami,Florida,25.7474358,-80.2383493,google_lsa,new,2026-08-08T00:02:18.113+00:00
gmap:ChIJq6p2Xei32YgR9rlwbVpkS4c,Pandora Pilates & Physical Therapy,pilates instructor,(305) 201-0004,,https://www.pandorapilates.com/,,"2780 SW 37th Ave Ste 300, Miami, FL 33133, United States",Miami,Florida,25.7394677,-80.2544785,google_lsa,new,2026-08-08T00:02:18.113+00:00
gmap:ChIJbVIoVYe32YgRCvr47nAtJMk,TREMBLE,pilates instructor,(833) 873-6253,,http://www.makeittremble.com/,,"2675 S Bayshore Dr Unit 300-S, Miami, FL 33133",Miami,Florida,25.7300729,-80.2365751,google_lsa,new,2026-08-08T00:02:18.113+00:00
gmap:ChIJyTJQME632YgRvKJKtzVL95Q,ActiveSoul Wellness Studio,pilates instructor,(786) 865-7177,,https://activesoulwellnessstudio.com/,,"2223 SW 13th Ave, Miami, FL 33145",Miami,Florida,25.750446,-80.2160316,google_lsa,new,2026-08-08T00:02:18.113+00:00
gmap:ChIJpZ6aa9y32YgRlDMOu11akNY,Club Studio,pilates instructor,(305) 703-6448,,https://www.clubstudiofitness.com/Pages/clubhome.aspx?clubid=1396&Miami-Florida+GYM,,"2750 SW 27th Terrace suite 301, Miami, FL 33133, United States",Miami,Florida,25.7405871,-80.2381996,google_lsa,new,2026-08-08T00:02:18.113+00:00
gmap:ChIJ2_76chO32YgR82LrbAImUU0,Sundara Pilates,pilates instructor,(305) 310-8292,,https://sundarapilates.com/,,"3794 Irvington Ave, Miami, FL 33133, United States",Miami,Florida,25.722318,-80.2549794,google_lsa,new,2026-08-08T00:02:18.113+00:00
gmap:ChIJd7VjU1a32YgRROvPA7zBLZc,Mimi Yoga Coconut Grove,pilates instructor,(954) 790-3807,,https://www.mimiyoga.com/,,"2829 Bird Ave #1, Miami, FL 33133, United States",Miami,Florida,25.735855,-80.2391538,google_lsa,new,2026-08-08T00:02:18.113+00:00
gmap:ChIJy4EqG9e32YgRXsKV0fvyh8M,Pilatay - Classical Pilates Studio,pilates instructor,(305) 417-8223,,https://www.miami-pilates.com/,,"2357 SW 22nd St, Miami, FL 33145",Miami,Florida,25.750652,-80.2332881,google_lsa,new,2026-08-08T00:02:18.113+00:00
gmap:ChIJ-1pzNJO32YgRvI3pgo5_xvc,Break Free Movement,pilates instructor,(305) 456-8234,,http://thebreakfreemovement.com/,,"4203 Ponce de Leon Blvd Ste 200, Coral Gables, FL 33146",Coral Gables,Florida,25.7330383,-80.2582243,google_lsa,new,2026-08-08T00:02:18.113+00:00
gmap:ChIJWfy64Uy32YgRiQz9xhKJGwk,TREMBLE,pilates instructor,(833) 873-6253,,http://makeittremble.com/,,"4203 Ponce de Leon Blvd Ste 100, Coral Gables, FL 33146",Coral Gables,Florida,25.7330383,-80.2582243,google_lsa,new,2026-08-08T00:02:18.113+00:00
gmap:ChIJQdQzP5K32YgRMCRhVLTWNGs,Align Miami | Pilates & Strength,pilates instructor,(786) 457-0532,,http://www.alignpilates.us/,,"3339 Virginia St #R3, Coconut Grove, FL 33133",Coconut Grove,Florida,25.7292732,-80.2413421,google_lsa,new,2026-08-08T00:02:18.113+00:00
gmap:ChIJeys2J2u32YgRGak89wKeh7w,JETSET Pilates Coconut Grove,pilates instructor,(786) 981-9434,,https://jetsetpilates.com/fl/coconut-grove/,,"2680 Tigertail Ave, Miami, FL 33133",Miami,Florida,25.7319789,-80.2366764,google_lsa,new,2026-08-08T00:02:18.113+00:00
gmap:ChIJY7MwUQy32YgR39Vs9IYxci4,BODYROK Miami - Coconut Grove,pilates instructor,(786) 761-1087,,https://bodyrok.com/studio/coconut-grove/,,"3015 Grand Ave #216, Miami, FL 33133",Miami,Florida,25.728972,-80.241977,google_lsa,new,2026-08-08T00:02:18.113+00:00
gmap:ChIJ4xXI7dSz2YgRLjt4UQTwQOU,Renegade Pilates,pilates instructor,(786) 423-6027,,https://www.renegadepilates.com/,,"8250 Biscayne Blvd Ste 200, Miami, FL 33138",Miami,Florida,25.8509956,-80.1849408,google_lsa,new,2026-08-08T00:02:18.113+00:00
gmap:ChIJ06oMdFWx2YgRxm4ey9EoR1w,Rhythm & Release LLC,pilates instructor,(305) 939-4537,,http://rhythmandrelease.com/,,"8380 NE 2nd Ave, Miami, FL 33138",Miami,Florida,25.852226,-80.1931399,google_lsa,new,2026-08-08T00:02:18.113+00:00
gmap:ChIJpWDHpBa32YgR1DeMlTSYDxo,G-POWERcycle Studio,pilates instructor,(754) 217-0074,,https://www.instagram.com/gpowercycle_?igsh=NTVod21ldG0wZm5l&utm_source=qr,,"3119 Coral Wy Ste 203, Miami, FL 33145",Miami,Florida,25.7503837,-80.2445263,google_lsa,new,2026-08-08T00:02:18.113+00:00
gmap:ChIJVzfLWpmz2YgRmTxU-V7Ahig,Lit Pilates,pilates instructor,(786) 512-5096,,http://litpilates.com/,,"570 NE 70th St, Miami, FL 33138",Miami,Florida,25.8393951,-80.1850511,google_lsa,new,2026-08-08T00:02:18.113+00:00
gmap:ChIJpzDVDqKx2YgRsIuusoJ5hXE,Better Me Movement,pilates instructor,(832) 277-1974,,http://www.bettermemovement.com/,,"229 NE 58th Terrace, Miami, FL 33137",Miami,Florida,25.8292848,-80.1912663,google_lsa,new,2026-08-08T00:02:18.113+00:00
gmap:ChIJ9RiQBwC32YgRanbAOx4U05A,Daily Flows Movement Studio,pilates instructor,(786) 710-3059,,http://dailyflowstudio.com/,,"3091 SW 22nd St Ste B, Coral Gables, FL 33145",Coral Gables,Florida,25.7505054,-80.243794,google_lsa,new,2026-08-08T00:02:18.113+00:00
gmap:ChIJWxWYN8u32YgRIu76CcALz4o,Body Belly Baby,pilates instructor,(305) 215-2970,,http://www.bodybellybaby.com/,,"OM Movement Studio, 2895 McFarlane Rd 2nd floor, Miami, FL 33133, United States",Miami,Florida,25.7275162,-80.241084,google_lsa,new,2026-08-08T00:02:18.113+00:00
gmap:ChIJW-q6PbS32YgRR_M7Rj-xOOA,Pilates One,pilates instructor,(786) 545-6889,,http://www.pilatesone.com/,,"2900 SW 28th Terrace Ste 101, Coconut Grove, FL 33133",Coconut Grove,Florida,25.7384867,-80.2402802,google_lsa,new,2026-08-08T00:02:18.113+00:00
gmap:ChIJR2xg-CO32YgRH8MBEVGInrc,CADiLab Pilates,pilates instructor,(305) 518-8539,,http://www.cadilabpilates.com/,,"2750 Coral Wy Suite 206, Miami, FL 33145",Miami,Florida,25.7498133,-80.2396436,google_lsa,new,2026-08-08T00:02:18.113+00:00
gmap:ChIJJYg-Nz6z2YgRalVeMWVC7Co,Kenergy Pilates,pilates instructor,(305) 336-9601,,http://www.kenergypilates.com/,,"7411 Biscayne Blvd, Miami, FL 33138",Miami,Florida,25.8434924,-80.1841589,google_lsa,new,2026-08-08T00:02:18.113+00:00
gmap:ChIJ1c2yppe32YgR5Y_X--6othw,Transition Pilates,pilates instructor,(585) 465-1285,,http://www.transitionpilates.com/contact-us.html,,"3183 SW 38th Ct, Miami, FL 33134, United States",Miami,Florida,25.7323846,-80.2566253,google_lsa,new,2026-08-08T00:02:18.113+00:00
gmap:ChIJrS5ielez2YgRBT9E-mvCUA0,Method K Pilates,pilates instructor,(312) 330-6990,,https://www.methodkpilates.com/,,"5801 NE 4th Ct, Miami, FL 33137",Miami,Florida,25.8293881,-80.186643,google_lsa,new,2026-08-08T00:02:18.113+00:00
gmap:ChIJA2NTi1-x2YgR-k83ncaPpgc,The Pilates Place Studios,pilates instructor,(305) 316-3341,,https://www.thepilatesplacestudios.com/,,"5400 Federal Hwy #4A, Miami, FL 33137",Miami,Florida,25.825907,-80.187483,google_lsa,new,2026-08-08T00:02:18.113+00:00
gmap:ChIJcwIRTmOx2YgRS5RqHQvC0W8,727 Pilates,pilates instructor,(305) 726-6083,,https://www.727pilatestudio.com/,,"307 NE 61st St, Miami, FL 33137",Miami,Florida,25.8327043,-80.1897514,google_lsa,new,2026-08-08T00:02:18.113+00:00
gmap:ChIJa9v8S5uy2YgRRU2whdChTFE,Ocean Life Studio,pilates instructor,(305) 613-4033,,http://oceanlifestudios.com/,,"7123 N Miami Ave, Miami, FL 33150",Miami,Florida,25.8410703,-80.1961719,google_lsa,new,2026-08-08T00:02:18.113+00:00
gmap:ChIJA-5Dpt-x2YgRfX5O_LnjAGM,IMOVE Wellness Studio,pilates instructor,(786) 267-1444,,,,"250 NE 61st St, Miami, FL 33137",Miami,Florida,25.8321543,-80.1910603,google_lsa,new,2026-08-08T00:02:18.113+00:00
gmap:ChIJUaAaJ4Wx2YgRvKbLqfF9jS4,Laira Balance,pilates instructor,(305) 429-3283,,https://lairabalance.com/,,"4314 NW 2nd Ave, Miami, FL 33127",Miami,Florida,25.815937,-80.199878,google_lsa,new,2026-08-08T00:02:18.113+00:00
gmap:ChIJOac0l8Gx2YgRutlvrJzcsMY,The Core Collective,pilates instructor,(305) 523-9302,,,,"8230 NE 2nd Ave, Miami, FL 33138",Miami,Florida,25.8504444,-80.1932058,google_lsa,new,2026-08-08T00:02:18.113+00:00
gmap:ChIJHaqBAHGx2YgREQDdSGctlWg,Pilathon Pilates - Little River,pilates instructor,(305) 728-7800,,https://pilathon.com/?y_source=1_MTAxMDUwMDg0My03MTUtbG9jYXRpb24ud2Vic2l0ZQ%3D%3D,,"8301 NE 2nd Ave, Miami, FL 33138",Miami,Florida,25.8515688,-80.1927533,google_lsa,new,2026-08-08T00:02:18.113+00:00
gmap:ChIJGzTSEQC32YgRKyWM5PhQgZc,Club Studio,pilates instructor,(305) 423-7204,,https://www.clubstudiofitness.com/Pages/clubhome.aspx?clubid=1391&utm_source=google&utm_medium=googlemaps&utm_campaign=maps,,"850 NE 2nd Ave Spc 121, Miami, FL 33132",Miami,Florida,25.7825058,-80.1914834,google_lsa,new,2026-08-08T00:02:18.113+00:00
gmap:ChIJKany2oC22YgRr_-hym9EriM,Equinox Brickell,pilates instructor,(305) 533-1199,,https://www.equinox.com/clubs/florida/brickell?cid=gmb,,"1441 Brickell Ave #4, Miami, FL 33131",Miami,Florida,25.759208,-80.1922418,google_lsa,new,2026-08-08T00:02:18.113+00:00
gmap:ChIJfUmcROCx2YgRb_7F9MVsi9k,Yoga Joint Midtown Miami,pilates instructor,(786) 230-8854,,https://www.yogajoint.com/midtown-miami,,"3111 NE 1st Ave #300, Miami, FL 33137",Miami,Florida,25.8060361,-80.1928908,google_lsa,new,2026-08-08T00:02:18.113+00:00
gmap:ChIJY3yNDP622YgRkgJ5tW3LQV0,Morphe Life Health & Fitness,pilates instructor,(305) 302-4523,,https://morphelife.com/,,"810 SW 22nd Ave, Miami, FL 33135",Miami,Florida,25.7650215,-80.2308696,google_lsa,new,2026-08-08T00:02:18.113+00:00
gmap:ChIJR9fcra6t2YgRZbOXap0-P2A,EMS Health Miami,pilates instructor,(347) 476-7331,,https://www.myemshealth.com/,,"175 SW 7th St Unit 1510, Miami, FL 33130",Miami,Florida,25.7676296,-80.1969713,google_lsa,new,2026-08-08T00:02:18.113+00:00
gmap:ChIJPU8zvua32YgRGf79L8qcaUQ,Brickell Yoga,pilates instructor,(407) 675-0972,,http://brickellyogastudio.com/,,"452 SW 8th St, Miami, FL 33130",Miami,Florida,25.7659825,-80.2019748,google_lsa,new,2026-08-08T00:02:18.113+00:00
gmap:ChIJ3_-P1HS32YgRdvFwcdU3J9k,Maison Yoga Miami,pilates instructor,(786) 439-2922,,https://www.maisonyogamiami.com/,,"247 SE 1st St, Miami, FL 33131",Miami,Florida,25.7735629,-80.1893871,google_lsa,new,2026-08-08T00:02:18.113+00:00
gmap:ChIJUwRU90e32YgROl69-vf3AK8,YO BK - Wynwood,pilates instructor,(786) 396-3696,,http://www.yo-bk.com/miami,,"2319B N Miami Ave, Miami, FL 33127",Miami,Florida,25.799271,-80.194605,google_lsa,new,2026-08-08T00:02:18.113+00:00
gmap:ChIJq6p6bhS32YgRUwwZxFq3bbw,Shelton Medical Services,physical therapist,(786) 801-0218,,,,"3525 NW 7th St, Miami, FL 33125",Miami,Florida,25.7792087,-80.2534431,google_lsa,new,2026-08-08T00:02:01.589+00:00
gmap:ChIJl87uzjS32YgRoW6Lp-KKYkI,SGL Medical Center Corp- Clinica Medica | Auto Accident Therapy | Terapia para Accidente,physical therapist,(786) 391-0232,,,,"3939 NW 7th St #201, Miami, FL 33126",Miami,Florida,25.7791581,-80.2604053,google_lsa,new,2026-08-08T00:02:01.589+00:00
gmap:ChIJHcaRoau22YgRCm57sR20sfo,"Brett L. Fox, DPT, OCS, COMT, Cert. DN",physical therapist,(305) 735-8901,,http://foxpt.com/,,"162 NE 25th St, Miami, FL 33137",Miami,Florida,25.8005413,-80.191674,google_lsa,new,2026-08-08T00:02:01.589+00:00
gmap:ChIJ42xj-lG32YgRMXTuaDJcZik,VirtuWellRx - Physical Therapy & Male Pelvic Floor Rehab,physical therapist,(305) 290-2983,,http://virtuwellrx.com/,,"564 NW 24th St, Miami, FL 33127",Miami,Florida,25.799638,-80.2046205,google_lsa,new,2026-08-08T00:02:01.589+00:00
gmap:ChIJSQLyPYW22YgRxjeaBy42QgE,DR BE,physical therapist,(305) 699-3723,,http://www.drbehealthy.com/,,"175 SW 7th St STE 1200, Miami, FL 33130",Miami,Florida,25.7674944,-80.1967805,google_lsa,new,2026-08-08T00:02:01.589+00:00
gmap:ChIJ8-gXrGe32YgRnI9XgsTJi8k,Specialized Pediatric Care PPEC & Specialized Therapy Center,physical therapist,(305) 545-2119,,https://specializedpediatriccare.com/?utm_source=google&utm_medium=gbp&utm_campaign=gbp,,"1601 NW 13th Ct, Miami, FL 33125",Miami,Florida,25.7905344,-80.2182463,google_lsa,new,2026-08-08T00:02:01.589+00:00
gmap:ChIJYbZMrWi32YgRmiJl1queTSw,Yeli Therapy Center,physical therapist,(305) 648-0360,,,,"782 NW 42nd Ave, Miami, FL 33126",Miami,Florida,25.7790325,-80.2651491,google_lsa,new,2026-08-08T00:02:01.589+00:00
gmap:ChIJYde9BIi22YgRXRqOdexW0-E,My Time Inc,physical therapist,(305) 632-3359,,http://www.mytimepediatrictherapy.com/,,"2248 SW 8th St, Miami, FL 33135",Miami,Florida,25.7652916,-80.2317054,google_lsa,new,2026-08-08T00:02:01.589+00:00
gmap:ChIJ4_q2-ni32YgRZNOVUIxH2jk,Glory to God PPEC,physical therapist,(305) 200-5073,,http://www.glorytogodmiami.com/,,"525 NW 27th Ave, Miami, FL 33125",Miami,Florida,25.778282,-80.2390941,google_lsa,new,2026-08-08T00:02:01.589+00:00
gmap:ChIJmQ80t8W22YgRYlQpPFYy8iE,Ramsay Tavis E,physical therapist,(305) 575-7000,,http://www.miami.va.gov/,,"1201 NW 16th St B822, Miami, FL 33125",Miami,Florida,25.7914998,-80.2162924,google_lsa,new,2026-08-08T00:02:01.589+00:00
gmap:ChIJ88Faj9K22YgRoYM7TWFr1WM,Specialized Therapy Center,physical therapist,(305) 599-3021,,https://specializedpediatriccare.com/facility/,,"1501 NW 29th St, Miami, FL 33142",Miami,Florida,25.8033765,-80.2217019,google_lsa,new,2026-08-08T00:02:01.589+00:00
gmap:ChIJcccWe5-32YgR-jw_qdayUjA,"Lauren M. Beauperthuy, PTA",physical therapist,(305) 448-0146,,,,"1500 Douglas Rd suite 210, Miami, FL 33134",Miami,Florida,25.7576606,-80.2554386,google_lsa,new,2026-08-08T00:02:01.589+00:00
gmap:ChIJp-q9qMa22YgREJVq2pJkDvA,"Lemmer F. Bustamante, PT",physical therapist,(305) 325-0913,,,,"1400 NW 12th Ave #1, Miami, FL 33125",Miami,Florida,25.7887037,-80.2158355,google_lsa,new,2026-08-08T00:02:01.589+00:00
gmap:ChIJ4Ujpsse22YgR--ESALF0Abo,"Monica S. Goodin, Physical",physical therapist,(305) 585-6334,,,,"1611 NW 12th Ave, Miami, FL 33136",Miami,Florida,25.7917989,-80.212638,google_lsa,new,2026-08-08T00:02:01.589+00:00
gmap:ChIJE-990dK52YgRFfz_bx1GEW8,Nyg Rehab Center,physical therapist,(786) 388-5100,,,,"5585 SW 8th St, Coral Gables, FL 33134",Coral Gables,Florida,25.7638905,-80.2856589,google_lsa,new,2026-08-08T00:02:01.589+00:00
gmap:ChIJ5aQESm232YgR-1zNdl4245c,Glavic Clinic Miami,physical therapist,(786) 631-0319,,https://www.glavic-clinic.com/,,"860 NW 42nd Ave suite 201, Miami, FL 33126",Miami,Florida,25.7801784,-80.2644647,google_lsa,new,2026-08-08T00:02:01.589+00:00
gmap:ChIJUxTLuMa22YgRb2-ayd3fLIA,"Meryl I. Cohen, DPT",physical therapist,(305) 585-7275,,,,"1475 NW 12th Ave, Miami, FL 33136",Miami,Florida,25.788889,-80.214165,google_lsa,new,2026-08-08T00:02:01.589+00:00
gmap:ChIJ8693BFWx2YgRKkvELjnJum4,CITIMED Midtown,physical therapist,(888) 810-2455,,http://www.citimed.com/,,"3050 Biscayne Blvd #401, Miami, FL 33137",Miami,Florida,25.8060934,-80.1896436,google_lsa,new,2026-08-08T00:02:01.589+00:00
gmap:ChIJFXIlDp222YgRkqG9MYf60NM,Dr. Marvin Sublett,physical therapist,(305) 381-6224,,,,"200 S Biscayne Blvd Apt 15A, Miami, FL 33131",Miami,Florida,25.7707563,-80.1893765,google_lsa,new,2026-08-08T00:02:01.589+00:00
gmap:ChIJD2h_SM622YgRnWw45HBSatA,Unity Health and Rehabilitation Center,physical therapist,(305) 325-1050,,https://www.unityhrc.com/,,"1404 NW 22nd St, Miami, FL 33142",Miami,Florida,25.797387,-80.2205734,google_lsa,new,2026-08-08T00:02:01.589+00:00
gmap:ChIJ1bCOF_K22YgR7s6_Nhx_4Sk,Physical Therapy Rehab,physical therapist,(305) 644-7662,,,,"434 SW 12th Ave #306, Miami, FL 33130",Miami,Florida,25.768912,-80.2147461,google_lsa,new,2026-08-08T00:02:01.589+00:00
gmap:ChIJBZRzW6G32YgRNudnJn8EdE0,Ifit Physical Therapy LLC,physical therapist,(305) 342-4270,,,,"3341 SW 17th St, Miami, FL 33145",Miami,Florida,25.7556234,-80.2498446,google_lsa,new,2026-08-08T00:02:01.589+00:00
gmap:ChIJx9Q2KNO52YgRsN7WJqWe1_Y,Metro Medical Rehab Center Inc,physical therapist,(786) 464-0852,,,,"5545 SW 8th St #109, Coral Gables, FL 33134",Coral Gables,Florida,25.7639354,-80.2849623,google_lsa,new,2026-08-08T00:02:01.589+00:00
gmap:ChIJzWKjuHG32YgROlcV3vd9m1E,Mmb Therapy Inc,physical therapist,(305) 456-8568,,,,"4011 W Flagler St, Coral Gables, FL 33134",Coral Gables,Florida,25.7720373,-80.2618047,google_lsa,new,2026-08-08T00:02:01.589+00:00
gmap:ChIJWepMQGK32YgRZ1C36R-yeAA,Coral Therapy Center,physical therapist,(786) 431-1974,,,,"4894 NW 7th St, Miami, FL 33126",Miami,Florida,25.778264,-80.2758919,google_lsa,new,2026-08-08T00:02:01.589+00:00
gmap:ChIJv88v__u22YgRnncSGQiZkkU,Health & Life Rehab Group Inc,physical therapist,(305) 222-0141,,,,"1890 SW 8th St, Miami, FL 33135",Miami,Florida,25.7654163,-80.2264163,google_lsa,new,2026-08-08T00:02:01.589+00:00
gmap:ChIJ-z5nyMW22YgR_KbunOr6Kp8,Fernanda Civitella,physical therapist,(305) 575-7000,,,,"1201 NW 16th St Rm 2C134, Miami, FL 331251624",Miami,Florida,25.7915099,-80.2166463,google_lsa,new,2026-08-08T00:02:01.589+00:00
gmap:ChIJb8WznLe22YgRTF0dy-BiR2k,University Health & Rehabilitation Center,physical therapist,(305) 325-2300,,http://universityrehabilitation.com/,,"724 NW 19th St, Miami, FL 33136",Miami,Florida,25.7936545,-80.2078376,google_lsa,new,2026-08-08T00:02:01.589+00:00
gmap:ChIJYYrDTv232YgRz8z70oOWYVY,"Anatomy Lab Performance Therapy, LLC",physical therapist,(786) 385-9179,,,,"175 SW 7th St Apt 1102, Miami, FL 33130",Miami,Florida,25.7676096,-80.1968556,google_lsa,new,2026-08-08T00:02:01.589+00:00
gmap:ChIJURccUve12YgR92lPCc61cYw,Chirofit Miami,physical therapist,(786) 810-3468,,http://www.chirofitmiami.com/,,"1717 N Bayshore Dr Suite R 173, Miami, FL 33132",Miami,Florida,25.791316,-80.1861552,google_lsa,new,2026-08-08T00:02:01.589+00:00
gmap:ChIJ639kkXq32YgRbEaGTMWYhUA,Safe Therapy Center,physical therapist,(786) 953-4774,,,,"4343 W Flagler St, Coral Gables, FL 33134",Coral Gables,Florida,25.771843,-80.2665649,google_lsa,new,2026-08-08T00:02:01.589+00:00
gmap:ChIJEa6oigS32YgRGClXMtb2UxM,JYY Therapy Services Inc,physical therapist,(305) 817-5475,,,,"330 SW 27th Ave, Miami, FL 33135",Miami,Florida,25.7690523,-80.23934,google_lsa,new,2026-08-08T00:02:01.589+00:00
gmap:ChIJp-q9qMa22YgRf7VJmCfqXEg,"Christine M. Deluca, DPT",physical therapist,(305) 243-6837,,,,"1400 NW 12th Ave, Miami, FL 33125",Miami,Florida,25.7887037,-80.2158355,google_lsa,new,2026-08-08T00:02:01.589+00:00
gmap:ChIJm8XGTFax2YgRmU9RdRqXTUI,StretchLab Miami Midtown,physical therapist,(786) 584-6616,,http://stretchlab.com/location/miamimidtown,,"140 NE 32nd St, Miami, FL 33137",Miami,Florida,25.8064802,-80.1923922,google_lsa,new,2026-08-08T00:02:01.589+00:00
gmap:ChIJmQ80t8W22YgRWwkgXzGHCYM,"Elizabeth Gonzalez, RPT",physical therapist,(305) 575-7000,,http://www.miami.va.gov/,,"1201 NW 16th St, Miami, FL 33125",Miami,Florida,25.7913865,-80.2162713,google_lsa,new,2026-08-08T00:02:01.589+00:00
gmap:ChIJ46JBTu622YgRxOks9eesJhc,"Jerry Aguiar III, PTA",physical therapist,(786) 290-4600,,,,"1393 SW 1st St, Miami, FL 33135",Miami,Florida,25.7725868,-80.2177972,google_lsa,new,2026-08-08T00:02:01.589+00:00
gmap:ChIJTcZeiem22YgRZLFNqyAEpqo,Heaven Rehab Therapy Inc,physical therapist,(305) 603-9945,,,,"1250 NW 7th St UNIT 202, Miami, FL 33125",Miami,Florida,25.7798336,-80.2159236,google_lsa,new,2026-08-08T00:02:01.589+00:00
gmap:ChIJDeh7uu-22YgRd6EhYkfMqgo,Speech Therapy Bio Networks Inc.,physical therapist,(305) 541-3400,,http://www.therapymiami.org/,,"1441 SW 1st St, Miami, FL 33135",Miami,Florida,25.772601,-80.218908,google_lsa,new,2026-08-08T00:02:01.589+00:00
gmap:ChIJ0bCNgti52YgRQ5fnzDbm9uM,T M Rehab Center,physical therapist,(305) 448-1130,,,,"5040 NW 7th St #414, Miami, FL 33126",Miami,Florida,25.7782504,-80.2768586,google_lsa,new,2026-08-08T00:02:01.589+00:00
gmap:ChIJEaIZwEe32YgRrQFZCADRnYE,ABA PUZZLE SPEECH THERAPY,physical therapist,(786) 530-7191,,,,"2260 SW 8th St, Miami, FL 33135",Miami,Florida,25.7651288,-80.2319135,google_lsa,new,2026-08-08T00:02:01.589+00:00
gmap:ChIJlfo1ndi52YgRnGaGHBQu0pI,"GLOBAL ORTHO-SPINAL INSTITUTE, INC",physical therapist,(305) 306-0940,,,,"5040 NW 7th St #714, Miami, FL 33126",Miami,Florida,25.7780979,-80.2768222,google_lsa,new,2026-08-08T00:02:01.589+00:00
gmap:ChIJWYlxjHG32YgRDedBZaN9Fis,Miros Therapy Center Inc,physical therapist,(305) 448-5003,,,,"3990 W Flagler St #401, Coral Gables, FL 33134",Coral Gables,Florida,25.7715216,-80.2613135,google_lsa,new,2026-08-08T00:02:01.589+00:00
gmap:ChIJmQ80t8W22YgR1Of5D5RcUbI,"Johan P. Smith, MSPT",physical therapist,(305) 324-4455,,http://www.miami.va.gov/,,"1201 NW 16th St, Miami, FL 33125",Miami,Florida,25.7913865,-80.2162713,google_lsa,new,2026-08-08T00:02:01.589+00:00
gmap:ChIJj_BrTu622YgRISqhR58Axb4,Cannistraci Audrey H,physical therapist,(305) 541-3400,,,,"1393 SW 1st St #300, Miami, FL 33135",Miami,Florida,25.7726998,-80.2177678,google_lsa,new,2026-08-08T00:02:01.589+00:00
gmap:ChIJfTZ3t4S22YgREb9cWWBZ0Js,Diogo Trevisan,physical therapist,(305) 372-8100,,,,"42 SW 6th St, Miami, FL 33130",Miami,Florida,25.7681768,-80.194287,google_lsa,new,2026-08-08T00:02:01.589+00:00
gmap:ChIJtdE1Reu22YgRRF9tpDMkajw,Victoria Nursing & Rehabilitation Center,physical therapist,(305) 548-4020,,http://victorianursing.net/,,"955 NW 3rd St, Miami, FL 33128",Miami,Florida,25.7766177,-80.2106385,google_lsa,new,2026-08-08T00:02:01.589+00:00
gmap:ChIJqerexo232YgRkGDaBd-3NZs,Azul Therapy Services Inc.,physical therapist,(786) 409-2646,,http://azultherapyservices.com/,,"2140 W Flagler St #102, Miami, FL 33135",Miami,Florida,25.7724189,-80.2300653,google_lsa,new,2026-08-08T00:02:01.589+00:00
gmap:ChIJmQ80t8W22YgRIQK5TT07DnU,Bermudez Briseida,physical therapist,(305) 324-4455,,http://www.miami.va.gov/,,"1201 NW 16th St B822, Miami, FL 33125",Miami,Florida,25.7914998,-80.2162924,google_lsa,new,2026-08-08T00:02:01.589+00:00
gmap:ChIJj_BrTu622YgRMG5I-q5HQqc,Pradel Jean P,physical therapist,(305) 541-3400,,,,"1393 SW 1st St #300, Miami, FL 33135",Miami,Florida,25.7726998,-80.2177678,google_lsa,new,2026-08-08T00:02:01.589+00:00
gmap:ChIJTUAa5pu22YgRNK0qHV-Nvuk,Timothy Alemi,physical therapist,(305) 331-2277,,,,"28 W Flagler St #901, Miami, FL 33130",Miami,Florida,25.7740128,-80.1941913,google_lsa,new,2026-08-08T00:02:01.589+00:00
gmap:ChIJAQDwsMa22YgRVinr5NtzFg0,"Laura Yee Huang, MD",physical therapist,(305) 243-6605,,https://doctors.umiamihealth.org/provider/Laura+Yee+Huang/525465,,"1475 NW 12th Ave, Miami, FL 33136",Miami,Florida,25.7883837,-80.2144847,google_lsa,new,2026-08-08T00:02:01.589+00:00
gmap:ChIJ0wKbQHC32YgRl5kUHlcJGxc,"Patricia Marin, OT",physical therapist,(305) 567-9194,,,,"10 NW 42nd Ave, Miami, FL 33126",Miami,Florida,25.77206,-80.263969,google_lsa,new,2026-08-08T00:02:01.589+00:00
gmap:ChIJmQ80t8W22YgRNODhK7NnsUI,"Diana Figueroa-Bray, PT",physical therapist,(305) 324-4455,,http://www.miami.va.gov/,,"1201 NW 16th St, Miami, FL 33125",Miami,Florida,25.7913865,-80.2162713,google_lsa,new,2026-08-08T00:02:01.589+00:00
gmap:ChIJIeu9qMa22YgR6NkH71j2Vwo,Smiley Philip J,physical therapist,(305) 325-5635,,,,"1400 NW 12th Ave, Miami, FL 33136",Miami,Florida,25.7887037,-80.2158355,google_lsa,new,2026-08-08T00:02:01.589+00:00
gmap:ChIJBRS-_e632YgRGHtHQzMrQP0,"Facil Health Medical Center, Little Havana",physical therapist,(888) 560-6040,,https://www.facil.com/,,"1199 W Flagler St Suite 20, Miami, FL 33130",Miami,Florida,25.773775,-80.2142668,google_lsa,new,2026-08-08T00:02:01.589+00:00
gmap:ChIJP176Rq622YgR_z0erUM8iG0,Ferrell Rodney E,physical therapist,(850) 591-3327,,,,"2020 NW 1st Ave, Miami, FL 33127",Miami,Florida,25.7962277,-80.197047,google_lsa,new,2026-08-08T00:02:01.589+00:00
gmap:ChIJySwZvuK22YgRCAWCuCOoEcI,"Viviana M. Versace, RPT",physical therapist,(305) 300-6011,,,,"1 Glen Royal Pkwy, Miami, FL 33125",Miami,Florida,25.7731329,-80.231293,google_lsa,new,2026-08-08T00:02:01.589+00:00
gmap:ChIJ6x83m8S22YgRu20XB3-MdMs,"Christian R. Carbonell, BCABA",physical therapist,(305) 457-4742,,,,"1475 NW 14th Ave, Miami, FL 33125",Miami,Florida,25.788984,-80.2180483,google_lsa,new,2026-08-08T00:02:01.589+00:00
gmap:ChIJR143sJ222YgRTsdaolj7vAg,Aijalon Cobb,physical therapist,(706) 577-4671,,,,"201 SE 2nd Ave Apt 1203, Miami, FL 331312228",Miami,Florida,25.7722903,-80.1897402,google_lsa,new,2026-08-08T00:02:01.589+00:00
gmap:ChIJ9wfcSUG32YgRKT07EDFyWAg,Andrew Stearns FITNESS,physical therapist,(973) 479-8130,,https://www.andrewstearnsfitness.com/,,"1100 S Miami Ave APT 1402, Miami, FL 33130",Miami,Florida,25.7632203,-80.193663,google_lsa,new,2026-08-08T00:02:01.589+00:00
gmap:ChIJdSwoS0Bv1oYR2kryVdze3Ic,Florida Regen- Dr. Tad P. DeWald,physical therapist,(305) 813-4188,,https://floridaregen.com/,,"162 NE 25th St #103, Miami, FL 33137",Miami,Florida,25.8006645,-80.1911604,google_lsa,new,2026-08-08T00:02:01.589+00:00
gmap:ChIJTUAa5pu22YgRmBUPwGCc5CE,Anna Lynch,physical therapist,(305) 331-2277,,,,"28 W Flagler St #901, Miami, FL 331301894",Miami,Florida,25.7740128,-80.1941913,google_lsa,new,2026-08-08T00:02:01.589+00:00
gmap:ChIJAbBVxb632YgRT5Yh6Vil27A,Romy’s World Behavioral Services,physical therapist,(786) 953-7111,,,,"4483 SW 8th St, Coral Gables, FL 33134",Coral Gables,Florida,25.7643784,-80.2693952,google_lsa,new,2026-08-08T00:02:01.589+00:00
gmap:ChIJMS3wcZ-32YgRLzxRkq9xxxQ,"Nelson Treto, PTA",physical therapist,(305) 448-0146,,,,"1500 Douglas Rd suite 210, Coral Gables, FL 33134",Coral Gables,Florida,25.7574705,-80.2554901,google_lsa,new,2026-08-08T00:02:01.589+00:00
gmap:ChIJ-z5nyMW22YgRcJBW-8_M_YY,Alejandra Zuniga,physical therapist,(305) 575-3174,,,,"VA MEDICAL CENTER, 1201 NW 16th St, Miami, FL 33125",Miami,Florida,25.7915099,-80.2166463,google_lsa,new,2026-08-08T00:02:01.589+00:00
gmap:ChIJj_BrTu622YgRQCd9DTVvsRs,Lurch Simone J,physical therapist,(305) 541-3400,,,,"1393 SW 1st St #300, Miami, FL 33135",Miami,Florida,25.7726998,-80.2177678,google_lsa,new,2026-08-08T00:02:01.589+00:00
gmap:ChIJIeu9qMa22YgRvNl_pRFwmCo,Hamirani Almira,physical therapist,(305) 325-5635,,,,"1400 NW 12th Ave, Miami, FL 33136",Miami,Florida,25.7885031,-80.2158347,google_lsa,new,2026-08-08T00:02:01.589+00:00
gmap:ChIJMS3wcZ-32YgRGRZGtUGAho4,Keogh Cherie C,physical therapist,(305) 448-0146,,,,"1500 Douglas Rd suite 210, Coral Gables, FL 33134",Coral Gables,Florida,25.7576367,-80.2554768,google_lsa,new,2026-08-08T00:02:01.589+00:00
gmap:ChIJx_PSqKu22YgRdPPshiP5LDA,Core Fitness Miami,physical therapist,(305) 428-2642,,https://www.corefitnessmiami.com/?utm_source=gmb&utm_medium=organic,,"162 NE 25th St, Miami, FL 33137",Miami,Florida,25.8006636,-80.1910914,google_lsa,new,2026-08-08T00:02:01.589+00:00
gmap:ChIJXfnn_hG32YgRah6FFv3foIQ,Floridean Nursing and Rehabilitation Center,physical therapist,(305) 649-2911,,https://florideanrehab.com/,,"47 NW 32nd Pl, Miami, FL 33125",Miami,Florida,25.772738,-80.2487537,google_lsa,new,2026-08-08T00:02:01.589+00:00
gmap:ChIJmQ80t8W22YgRBQIJXmDpVlA,Ledwani Deepika B,physical therapist,(305) 575-3498,,,,"1201 NW 16th St, Miami, FL 33125",Miami,Florida,25.7914998,-80.2162924,google_lsa,new,2026-08-08T00:02:01.589+00:00
gmap:ChIJ-XJMWsl4eyERcXz6d5HvqNA,ELee Performance PT,physical therapist,(786) 519-3532,,https://eleept.com/,,,Brickell,FL,25.7413045,-80.2186759,google_lsa,new,2026-08-08T00:02:01.589+00:00
gmap:ChIJXxQnbhS32YgRGmITslQp7s8,Hendz in Motion LLC,physical therapist,(786) 313-3273,,,,"3383 NW 7th St, Miami, FL 33125",Miami,Florida,25.7793842,-80.2506455,google_lsa,new,2026-08-08T00:02:01.589+00:00
gmap:ChIJmQ80t8W22YgRWTJrJZypPhg,"Davis L. Cheung, LPN",physical therapist,(305) 324-4455,,http://www.miami.va.gov/,,"Miami, FL 33125",Miami,Florida,25.7913865,-80.2162713,google_lsa,new,2026-08-08T00:02:01.589+00:00
gmap:ChIJA1-n_3y32YgRlPg5_V9cTYg,Selem Medical Center Corporation,physical therapist,(305) 448-7848,,,,"4800 W Flagler St #106, Coral Gables, FL 33134",Coral Gables,Florida,25.7711289,-80.274079,google_lsa,new,2026-08-08T00:02:01.589+00:00
gmap:ChIJ12_nj5222YgRiXTCJ-HnZT8,Jaguar Therapeutics,physical therapist,(305) 381-6224,,http://www.jaguartherapy.com/,,"200 S Biscayne Blvd #15A, Miami, FL 33131",Miami,Florida,25.7721844,-80.1880415,google_lsa,new,2026-08-08T00:02:01.588+00:00
gmap:ChIJs1ZkFQC32YgR204LpOVSE7E,AxisPro Mobile Chiropractic,physical therapist,(645) 215-5245,,,,"150 SE 25th Rd Apt 1009, Miami, FL 33129",Miami,Florida,25.749028,-80.201867,google_lsa,new,2026-08-08T00:02:01.588+00:00
gmap:ChIJmRjPYia32YgRAzFUCojkhQo,Physio Osteo,physical therapist,(786) 622-8069,,https://www.myphysioosteo.com/,,"1390 Brickell Ave #330, Miami, FL 33131",Miami,Florida,25.7606072,-80.1925136,google_lsa,new,2026-08-08T00:02:01.588+00:00
gmap:ChIJXRbmJoW32YgRXOiW0QogesI,HealthNomics,physical therapist,(863) 633-9017,,https://www.health-nomics.com/,,"1111 Brickell Ave Ste 105, Miami, FL 33131",Miami,Florida,25.7622634,-80.1906329,google_lsa,new,2026-08-08T00:02:01.588+00:00
gmap:ChIJo1cCySq32YgRfBDZ111cDp8,ASR Sports Medicine Downtown,physical therapist,(305) 984-1155,,https://www.asrsportsmedicine.com/,,"888 Biscayne Blvd Suite 302, Miami, FL 33132",Miami,Florida,25.7825787,-80.1902091,google_lsa,new,2026-08-08T00:02:01.588+00:00
gmap:ChIJYaqODMu32YgRwMB9qh_QAs4,"Prime Sports Wellness Physical Therapy, PT",physical therapist,(305) 798-5612,,https://primesportspt.com/,,"2601 S Bayshore Dr 7th FL Garage, Miami, FL 33133",Miami,Florida,25.7329432,-80.2345554,google_lsa,new,2026-08-08T00:02:01.588+00:00
gmap:ChIJqQnQY0y22YgRerDjMTiFphc,Select Physical Therapy - Coconut Grove,physical therapist,(305) 860-6383,,https://www.selectphysicaltherapy.com/contact/find-a-location/fl/miami/coconut-grove/?ty=xt,,"2150 S Dixie Hwy Suite 100, Miami, FL 33133",Miami,Florida,25.7428197,-80.2292074,google_lsa,new,2026-08-08T00:02:01.588+00:00
gmap:ChIJB9UkbUO32YgRUef-SNgtpYI,"InspireHealthPT: Dr. Juan Guzman, PT",physical therapist,(786) 882-7782,,http://inspirehealthpt.co/,,"3257 NW 7th Ave, Miami, FL 33127",Miami,Florida,25.8068741,-80.2074281,google_lsa,new,2026-08-08T00:02:01.588+00:00
gmap:ChIJ8b82S8a22YgRgsofX07brhA,Christine E. Lynn Rehabilitation Center,physical therapist,(305) 585-9600,,https://rehabilitation.jacksonhealth.org/,,"1611 NW 12th Ave, Miami, FL 33136",Miami,Florida,25.7914178,-80.2139509,google_lsa,new,2026-08-08T00:02:01.588+00:00
gmap:ChIJbUZWbPC32YgRGgeKBHJ02ls,Alkeme Sports Rx,physical therapist,(754) 202-4353,,https://alkemesportsrx.com/,,"591 SW 8th St, Miami, FL 33130",Miami,Florida,25.7663521,-80.2039241,google_lsa,new,2026-08-08T00:02:01.588+00:00
gmap:ChIJRym-eSHDwoARi2iKjWoQCTE,Fernando Soutullo PT,physical therapist,(866) 699-4222,,,,"600 NW 35th Ave #100, Miami, FL 33125",Miami,Florida,25.7784997,-80.2529564,google_lsa,new,2026-08-08T00:02:01.588+00:00
gmap:ChIJqeLjrfW32YgRR4CBtkew-nA,Integrated Physical Therapy Wynwood,physical therapist,(305) 967-8976,,https://iptmiami.com/,,"1850 NW 7th Ave, Miami, FL 33136",Miami,Florida,25.7934156,-80.2072651,google_lsa,new,2026-08-08T00:02:01.588+00:00
gmap:ChIJB6FY-4C22YgRfq9zyF2Q-nc,"Dr. Rob Poliszuk PT, DPT, CSCS (The Mobile Physical Therapist)",physical therapist,(305) 902-6644,,http://drrobpoliszuk.com/,,"185 SE 14th Terrace, Miami, FL 33131",Miami,Florida,25.7594781,-80.190933,google_lsa,new,2026-08-08T00:02:01.588+00:00
gmap:ChIJYeCaipW32YgRcpHYE7ZEfSU,Physical Therapy Now Coral Gables,physical therapist,(305) 615-1628,,https://www.physicaltherapynow.com/coral-gables/,,"2690 Coral Wy Ste 3, Coral Gables, FL 33145",Coral Gables,Florida,25.7499081,-80.2377745,google_lsa,new,2026-08-08T00:02:01.588+00:00
gmap:ChIJCVKx3Yi32YgRhOFYjFHzx58,Force Physical Therapy - Wynwood,physical therapist,(786) 684-8796,,https://www.forcesportstherapy.com/,,"2243 N Miami Ave #110, Miami, FL 33127",Miami,Florida,25.7982518,-80.1946944,google_lsa,new,2026-08-08T00:02:01.588+00:00
gmap:ChIJ6zC-Ixe32YgRFd05r23GUJo,Medical & Rehabilitative Center,physical therapist,(305) 541-5581,,http://medicalrehabgroupsouthfl.com/,,"3061 NW 7th St, Miami, FL 33125",Miami,Florida,25.7794418,-80.2455749,google_lsa,new,2026-08-08T00:02:01.588+00:00
gmap:ChIJW7Bfclex2YgROifetU5dJmY,"Physiotherapy Consultants, LLC",physical therapist,(786) 925-6751,,https://physiotherapyco.intakeq.com/booking,,"@ Pilathon Studio, 2700 N Miami Ave, Miami, FL 33127",Miami,Florida,25.8027376,-80.195396,google_lsa,new,2026-08-08T00:02:01.588+00:00
gmap:ChIJCR2cVQa32YgRMqM3NsLgoIQ,Physical Therapy & Chiropractors of Miami,physical therapist,(305) 673-8248,,https://ptcmiami.com/,,"1940 NW Miami Ct, Miami, FL 33136",Miami,Florida,25.7948925,-80.1960716,google_lsa,new,2026-08-08T00:02:01.588+00:00
gmap:ChIJA5YRxwS32YgRxdnZ7oqydyU,"Pediatric Physical Therapy - Martin Carrillo, DPT",physical therapist,(305) 541-3956,,,,"118 SW 27th Ave, Miami, FL 33135",Miami,Florida,25.7709194,-80.2392876,google_lsa,new,2026-08-08T00:02:01.588+00:00
gmap:ChIJoaaQzGq32YgRppno4Dx0Phs,BodyForge Physical Therapy,physical therapist,(305) 456-1004,,https://bodyforgept.com/,,"3600 W Flagler St Suit 2, Miami, FL 33135",Miami,Florida,25.7716953,-80.2536727,google_lsa,new,2026-08-08T00:02:01.588+00:00
gmap:ChIJw64OVKax2YgRxdOoc7mjLaE,USA Sports Therapy Midtown Miami,physical therapist,(305) 735-3524,,https://usasportsmedicine.com/locations/midtown?utm_source=google&utm_medium=organic&utm_campaign=gbp_listing,,"2800 Biscayne Blvd Ste 730, Miami, FL 33137",Miami,Florida,25.8041108,-80.189549,google_lsa,new,2026-08-08T00:02:01.588+00:00
gmap:ChIJw7Y24LW32YgRLT1XJ9reqfY,"Miami Physical Therapy Associates, Inc.",physical therapist,(305) 444-0074,,http://www.miamipta.com/,,"2931 Coral Wy, Miami, FL 33145",Miami,Florida,25.7505201,-80.2410319,google_lsa,new,2026-08-08T00:02:01.588+00:00
gmap:ChIJqwcmi0W9wWAR07TLJVm_BPk,USA Sports Medicine Brickell,physical therapist,(305) 686-2783,,https://usasportsmedicine.com/locations/brickell?utm_source=google&utm_medium=organic&utm_campaign=gbp_listing,,"848 Brickell Ave Suite 210, Miami, FL 33131",Miami,Florida,25.7652551,-80.1914255,google_lsa,new,2026-08-08T00:02:01.588+00:00
gmap:ChIJeSn4Hie32YgRYC1ddwGFyuQ,Peace of Mind Rehab Inc,physical therapist,(305) 644-4022,,https://peaceofmindrehabcenter.com/,,"2140 W Flagler St Ste 211, Miami, FL 33135",Miami,Florida,25.7724189,-80.2300653,google_lsa,new,2026-08-08T00:02:01.588+00:00
gmap:ChIJc938Rcuw2YgRFEAp_sBJ4Bs,Physical Therapy Now-Allapattah,physical therapist,(786) 703-7074,,https://www.physicaltherapynow.com/allapattah/,,"2060 NW 22nd Ave Ste L5, Miami, FL 33142",Miami,Florida,25.7956905,-80.2319135,google_lsa,new,2026-08-08T00:02:01.588+00:00
gmap:ChIJU3A0D9232YgR0TAfxGtw_0M,Brickell Physical Therapy,physical therapist,(786) 495-0305,,https://www.pinecrestpt.com/,,"1783 SW 3rd Ave, Miami, FL 33129",Miami,Florida,25.7600532,-80.2003799,google_lsa,new,2026-08-08T00:02:01.588+00:00
gmap:ChIJtVptsIa22YgRDOWF4NcbED0,Physical Therapy Now - Brickell,physical therapist,(305) 372-8100,,https://www.physicaltherapynow.com/brickell/,,"42 SW 6th St, Miami, FL 33130",Miami,Florida,25.7682017,-80.1943086,google_lsa,new,2026-08-08T00:02:01.588+00:00
gmap:ChIJ7a5zRMK32YgRlj9AihtSrmI,Fox Physical Therapy-Brickell,physical therapist,(305) 615-3060,,http://foxpt.com/,,"175 SW 7th St Apt 1910, Miami, FL 33130",Miami,Florida,25.7676096,-80.1968556,google_lsa,new,2026-08-08T00:02:01.588+00:00
gmap:ChIJA_W76Ju22YgRqvPikO-uQ8s,Symmetry Physical Therapy,physical therapist,(305) 331-2277,,https://www.symmetryptmiami.com/,,"28 W Flagler St #901, Miami, FL 33130",Miami,Florida,25.7740128,-80.1941913,google_lsa,new,2026-08-08T00:02:01.588+00:00
gmap:ChIJS-LrQyS32YgRWsURAoERaF8,Pierre Blasiak - Sports Physical Therapist & Rehab Specialist,physical therapist,(786) 890-9870,,http://www.pierreperformancephysio.com/,,"990 Biscayne Blvd, Miami, FL 33132",Miami,Florida,25.7834767,-80.1899121,google_lsa,new,2026-08-08T00:02:01.588+00:00
gmap:ChIJJWRAxzOx2YgRWSE_1Ucj_vA,Suncare Therapy - Miami,physical therapist,(305) 912-4464,,https://suncarerehab.com/physical-therapy-clinic/miami-fl/,,"1251 NW 36th St, Miami, FL 33142",Miami,Florida,25.8100213,-80.2172208,google_lsa,new,2026-08-08T00:02:01.588+00:00
gmap:ChIJq19j5IO22YgRuRMSaGPdVFQ,Body to Soul,yoga instructor,(786) 353-6979,,,,"1050 Brickell Ave APT 1912, Miami, FL 33131",Miami,Florida,25.763275,-80.192193,google_lsa,new,2026-08-08T00:01:57.998+00:00
gmap:ChIJm1ZyblSx2YgRJFpvcnHvLLc,VITA Infuse Yourself With Life Transformational Coaching,yoga instructor,(786) 879-1030,,,,"3301 NE 1st Ave Ste 110, Miami, FL 33137",Miami,Florida,25.8074908,-80.1919676,google_lsa,new,2026-08-08T00:01:57.998+00:00
gmap:ChIJQxkoYvi32YgRYEv1txX6vqw,Silver Garden Pole & Yoga Studio,yoga instructor,(786) 623-8200,,https://www.silvergardenmiami.com/,,"30 SW 1st St 12 floor, unit 1201, Miami, FL 33130",Miami,Florida,25.7729569,-80.1940448,google_lsa,new,2026-08-08T00:01:57.998+00:00
gmap:ChIJq1C8fVa22YgRWTXtLGVZLvI,Yoga by Bea,yoga instructor,(305) 588-3202,,http://www.yogabybea.com/,,"1898 SW 17th St, Miami, FL 33145",Miami,Florida,25.7564839,-80.2260899,google_lsa,new,2026-08-08T00:01:57.998+00:00
gmap:ChIJu7D7qa-22YgROUa3GPAVpnI,Miami Yoga Garage,yoga instructor,(305) 400-8761,,https://www.miamiyogagarage.com/,,"1940 NW Miami Ct, Miami, FL 33136",Miami,Florida,25.7949196,-80.1959056,google_lsa,new,2026-08-08T00:01:57.998+00:00
gmap:ChIJN2O3ed632YgR06SAoCBM4_4,Good Karma Yoga Miami,yoga instructor,(305) 300-0631,,http://www.urenergyyoga.com/,,"Tina Hills Pavilion, 301 Biscayne Blvd, Miami, FL 33131",Miami,Florida,25.7737126,-80.1861657,google_lsa,new,2026-08-08T00:01:57.998+00:00
gmap:ChIJJbPZK1O32YgRouONlipePqI,Yogart Miami By Liz,yoga instructor,(786) 296-2636,,https://lizmoralestherapist.com/,,"31 SE 5th St, Miami, FL 33131",Miami,Florida,25.769681,-80.191604,google_lsa,new,2026-08-08T00:01:57.998+00:00
gmap:ChIJ37owxofL2YgRysCS2CA22Yw,"Liesbet Pryke, CHt - Hypnosis | Biofield Tuning | Breathwork",yoga instructor,(210) 639-6957,,https://nourishingbodyandmind.com/,,,Brickell,FL,25.782414,-80.2253934,google_lsa,new,2026-08-08T00:01:57.998+00:00
gmap:ChIJAcXcuXK32YgRdTcJh5e10ao,CorePower Yoga - Brickell,yoga instructor,(866) 441-9642,,https://www.corepoweryoga.com/yoga-studios/fl/miami/brickell,,"25 SW 9th St Suite CU-4, Miami, FL 33130",Miami,Florida,25.765564,-80.193664,google_lsa,new,2026-08-08T00:01:57.998+00:00
gmap:ChIJ2b8GQMq32YgR6vAtpyO-xfI,Yogaton,yoga instructor,(331) 212-2229,,http://www.alairelibre.tv/book-online?utm_source=google&utm_medium=wix_google_business_profile&utm_campaign=1773358505249358871,,"2700 Biscayne Blvd, Miami, FL 33137",Miami,Florida,25.8029665,-80.1898277,google_lsa,new,2026-08-08T00:01:57.998+00:00
gmap:ChIJka3vnvS32YgRDVXpvfjPRvQ,The Puppy Yoga Center,yoga instructor,(646) 382-0309,,https://www.thepuppyyogacenter.com/,,"1657 N Miami Ave, Miami, FL 33136",Miami,Florida,25.7914118,-80.1945313,google_lsa,new,2026-08-08T00:01:57.998+00:00
gmap:ChIJJRaHwsm32YgRsccB9FjeE0Y,Ian Darrah Yoga | Meditation | Fitness | Healing,yoga instructor,(786) 443-9564,,http://www.iandarrahyoga.com/,,"170 NW 18th Ct, Miami, FL 33125",Miami,Florida,25.7759217,-80.2265938,google_lsa,new,2026-08-08T00:01:57.998+00:00
gmap:ChIJRxoc6sm32YgRGNWZBfB5vBM,Nityananda Center,yoga instructor,(786) 333-1557,,http://www.nityanandacenter.com/,,"1385 Coral Wy Ste 201, Miami, FL 33145",Miami,Florida,25.75119,-80.2178546,google_lsa,new,2026-08-08T00:01:57.998+00:00
gmap:ChIJdbpEKly1QY4Rz6G5udmTMYk,Mindful Monkeys Miami,yoga instructor,(305) 903-9018,,https://www.mindfulmonkeysmiami.com/,,,Brickell,FL,25.735606,-80.2364625,google_lsa,new,2026-08-08T00:01:57.998+00:00
gmap:ChIJLy3zyuDNDK8RNdetXwQV024,Sphere Of Delight,yoga instructor,(786) 280-6362,,https://www.sphereofdelight.com/,,,Brickell,FL,25.7413045,-80.2186759,google_lsa,new,2026-08-08T00:01:57.998+00:00
gmap:ChIJLVRLxe232YgRBKETC288OeU,Temple Martial Art Studio,yoga instructor,(305) 766-5829,,https://templemartialarts.co/,,"2030 Douglas Rd Ste 120, Coral Gables, FL 33134",Coral Gables,Florida,25.7539404,-80.255384,google_lsa,new,2026-08-08T00:01:57.998+00:00
gmap:ChIJAQAAAPuy2YgRrBcRhex87Nk,American Devanand Yoga Center Inc,yoga instructor,(305) 262-1184,,,,"6870 W Flagler St, Miami, FL 33144",Miami,Florida,25.7700791,-80.3075103,google_lsa,new,2026-08-08T00:01:57.998+00:00
gmap:ChIJrQXzdke22YgRMockUF21wrs,TrueBalance,yoga instructor,(786) 262-3178,,,,"3 Grove Isle Dr, Miami, FL 33133",Miami,Florida,25.736317,-80.2179861,google_lsa,new,2026-08-08T00:01:57.998+00:00
gmap:ChIJX7VwXqW32YgRuopoyFIRbZ0,Siddha Yoga Meditation Center,yoga instructor,(305) 446-2020,,https://siddhayogamiami.org/,,"3119 Coral Wy, Coral Gables, FL 33145",Coral Gables,Florida,25.750443,-80.2444311,google_lsa,new,2026-08-08T00:01:57.998+00:00
gmap:ChIJraP985632YgR0yGc5ryoN2o,YogaInTheGrove,yoga instructor,(929) 944-2045,,https://yogainthegrove.org/,,"3220 Virginia St, Miami, FL 33133",Miami,Florida,25.7314486,-80.2418481,google_lsa,new,2026-08-08T00:01:57.998+00:00
gmap:ChIJ2yOLhMW32YgRt4G7bigeZJ4,Yoga and Yoga Therapy at AUM hOMe Shala,yoga instructor,(305) 441-9441,,http://www.aumhomeshala.org/,,"3104 Florida Ave, Miami, FL 33133",Miami,Florida,25.7287656,-80.2438095,google_lsa,new,2026-08-08T00:01:57.998+00:00
gmap:ChIJpwEqAJa32YgR1priEAwEgzI,Good Karma Private Yoga,yoga instructor,(305) 450-4105,,http://www.gkprivateyoga.com/,,"2666 Tigertail Ave, Miami, FL 33133",Miami,Florida,25.7322369,-80.2365777,google_lsa,new,2026-08-08T00:01:57.998+00:00
gmap:ChIJxxX8A6m32YgRA7EA8G4z-KY,Open Door Yoga,yoga instructor,(305) 204-8319,,http://www.opendooryoga.com/,,"2801 Florida Ave #20, Coconut Grove, FL 33133",Coconut Grove,Florida,25.7292278,-80.2400308,google_lsa,new,2026-08-08T00:01:57.998+00:00
gmap:ChIJwQmyGdZIKCQRcFw3zA0Kpio,Yoga with Paola Rojas,yoga instructor,(954) 665-4085,,,,,Brickell,FL,25.782414,-80.2253934,google_lsa,new,2026-08-08T00:01:57.998+00:00
gmap:ChIJq2JIjiQwuk4RCISktyyGGY4,Mo Grow Yoga,yoga instructor,(305) 912-2910,,,,,Brickell,FL,25.7908315,-80.2186759,google_lsa,new,2026-08-08T00:01:57.998+00:00
gmap:ChIJxWNAXYKNNIsRUp3m4dvTKYM,Movement with Paris,yoga instructor,(774) 388-6830,,https://parisbellil.com/,,,Brickell,FL,25.782414,-80.2253934,google_lsa,new,2026-08-08T00:01:57.998+00:00
gmap:ChIJTUxqciAul28R-QvE7Do0WIM,"Zen.Amor Yoga, Reiki & Meditation",yoga instructor,(305) 927-3243,,https://www.instagram.com/zen.amor44/,,,Brickell,FL,25.782414,-80.2253934,google_lsa,new,2026-08-08T00:01:57.998+00:00
gmap:ChIJj51bCCGBqicRvCoRc-e6fJ8,"PLAY FUN: Tennis, Yoga, Fitness, Pilates, Basketball, Soccer & More",yoga instructor,(786) 841-8416,,https://www.playfun.io/,,"1501 Biscayne Blvd #501, Miami, FL 33132",Miami,Florida,25.790745,-80.1878552,google_lsa,new,2026-08-08T00:01:57.998+00:00
gmap:ChIJVZ1HOPO02YgRW7wffrKPh1A,Miami Life Center,yoga instructor,(305) 400-8761,,http://www.miamilifecenter.com/,,"1940 NW Miami Ct, Miami, FL 33136",Miami,Florida,25.7948925,-80.1960716,google_lsa,new,2026-08-08T00:01:57.998+00:00
gmap:ChIJ4YMKnpGx2YgR98Ayw3_0pW8,Fresh Prana,yoga instructor,(305) 216-5517,,http://freshprana.com/,,"146 NW 37th St, Miami, FL 33127",Miami,Florida,25.8109119,-80.1984473,google_lsa,new,2026-08-08T00:01:57.998+00:00
gmap:ChIJAQC0fLS22YgRiSrDW_cqvmY,Wynwood Yoga,yoga instructor,(786) 558-9390,,https://wynwoodyogastudio.com/,,"2920 NW 5th Ave Ste 104, Miami, FL 33127",Miami,Florida,25.8042209,-80.203594,google_lsa,new,2026-08-08T00:01:57.998+00:00
gmap:ChIJq3fzLlGx2YgRlnchCQ5rrEw,Ahana Yoga,yoga instructor,(305) 456-5339,,https://ahanayoga.com/,,"43 NE 38th St, Miami, FL 33137",Miami,Florida,25.8118515,-80.1943906,google_lsa,new,2026-08-08T00:01:57.998+00:00
gmap:ChIJU0N-_ZC32YgRDyxu54bvmoA,Yoga Joint Coral Gables,yoga instructor,(786) 334-5052,,https://www.yogajoint.com/coral-gables,,"45 Alhambra Plz, Coral Gables, FL 33134",Coral Gables,Florida,25.7526156,-80.2556854,google_lsa,new,2026-08-08T00:01:57.998+00:00
gmap:ChIJF6Rf5Qa32YgRQslH2FrAC3c,Movement With Paris,yoga instructor,(774) 388-6830,,https://www.parisbellil.com/,,"1600 NE 1st Ave, Miami, FL 33132",Miami,Florida,25.7911781,-80.1925231,google_lsa,new,2026-08-08T00:01:57.998+00:00
gmap:ChIJBzum2oWx2YgRcXtOgUET5Pw,UFC GYM Midtown,yoga instructor,(305) 549-5150,,https://www.ufcgym.com/locations/miami-midtown,,"3635 NE 1st Ave, Miami, FL 33137",Miami,Florida,25.810988,-80.1930402,google_lsa,new,2026-08-08T00:01:57.998+00:00
gmap:ChIJWRktUFi_-iUR60EeCx6VdbQ,Ethera Alchemy,yoga instructor,(202) 344-6908,,https://www.etheraalchemy.co/,,,Brickell,FL,25.7908315,-80.2186759,google_lsa,new,2026-08-08T00:01:57.998+00:00
gmap:ChIJSa85PlW22YgRr-L57dHSKFY,Miami Capoeira Sol e Lua,yoga instructor,(305) 332-1636,,http://www.miamicapoeirasolelua.com/,,"2200 SW 16th St #122, Miami, FL 33145",Miami,Florida,25.7578332,-80.2310565,google_lsa,new,2026-08-08T00:01:57.998+00:00
gmap:ChIJz8Epgu-32YgRMhaAXM4BTYg,Freedom Fitness,yoga instructor,(305) 676-2885,,http://www.freedomfitness.co/,,"888 Biscayne Blvd #505, Miami, FL 33137",Miami,Florida,25.7826045,-80.1901599,google_lsa,new,2026-08-08T00:01:57.998+00:00
gmap:ChIJSUPxcYO22YgRkmTfVewsV6M,Equinox Brickell Heights,yoga instructor,(305) 350-2278,,https://www.equinox.com/clubs/florida/brickellheights?cid=gmb,,"25 SW 9th St, Miami, FL 33131",Miami,Florida,25.765564,-80.193664,google_lsa,new,2026-08-08T00:01:57.998+00:00
gmap:ChIJzxZma-y32YgRvIldbrqYh1I,Miami Fine Arts Academy,music teacher,(786) 464-0566,,http://miamifineartsacademy.com/,,"3191 Coral Wy #104, Miami, FL 33145",Miami,Florida,25.7505536,-80.2461927,google_lsa,new,2026-08-08T00:01:41.629+00:00
gmap:ChIJAUEg3a232YgRECJSQnZEFaY,LumiMusic Hall,music teacher,(857) 264-6097,,https://www.colormusicshow.com/,,"1770 Brickell Ave, Miami, FL 33129",Miami,Florida,25.7562039,-80.1962975,google_lsa,new,2026-08-08T00:01:41.629+00:00
gmap:ChIJM28zSOO22YgRSvtm8AZrhdw,Miami Arts Montessori Academy,music teacher,(305) 814-5588,,https://www.miamiartsmontessori.com/,,"1999 SW 1st St, Miami, FL 33135",Miami,Florida,25.7716839,-80.2278665,google_lsa,new,2026-08-08T00:01:41.629+00:00
gmap:ChIJk4owyp632YgRqIk857kMlUo,Bright Futures Academy Miami,music teacher,(786) 761-1101,,http://www.brightfutures-academy.com/,,"2500 SW 3rd Ave, Miami, FL 33129",Miami,Florida,25.7561285,-80.2077349,google_lsa,new,2026-08-08T00:01:41.629+00:00
gmap:ChIJGZp5QWu12YgRybHHR70aFBA,Samara Ash Studio,music teacher,(786) 487-4592,,http://www.samaraash.com/,,"677 NE 24th St, Miami, FL 33137",Miami,Florida,25.800498,-80.1863078,google_lsa,new,2026-08-08T00:01:41.629+00:00
gmap:ChIJ44tDa-232YgRTkRpdPna6-g,Art me Miami,music teacher,(561) 871-7937,,https://artmeworld.com/,,"111 SW 3rd St Ste 207, floor 2, Miami, FL 33130",Miami,Florida,25.7719573,-80.195982,google_lsa,new,2026-08-08T00:01:41.629+00:00
gmap:ChIJM3RR0YO22YgRHBD5QpRzcmQ,Brickell International Academy,music teacher,(786) 718-1560,,https://brickellschool.com/,,"North Tower, 1101 Brickell Ave 8th floor, Miami, FL 33131",Miami,Florida,25.763196,-80.1909143,google_lsa,new,2026-08-08T00:01:41.629+00:00
gmap:ChIJR_NeCQC32YgRd-hDQLMcU8k,Pottery studio 1 - Pottery classes and events,music teacher,(786) 685-4009,,https://pottery-miami.com/,,"164 NW 20th St, Miami, FL 33127",Miami,Florida,25.7952355,-80.1980983,google_lsa,new,2026-08-08T00:01:41.629+00:00
gmap:ChIJ7dsdv4a22YgRYp-VbXV6WF4,Southside Preparatory Academy,music teacher,(305) 371-3311,,https://www.southsideowls.com/,,"45 SW 13th St, Miami, FL 33130",Miami,Florida,25.76177,-80.1941228,google_lsa,new,2026-08-08T00:01:41.629+00:00
gmap:ChIJNa-O5Fepp6kRmqSa0Gwpt44,Nara Bollywood Dance Academy,music teacher,(786) 319-6219,,http://narabollywood.com/,,"434 SW 3rd Ave, Miami, FL 33130",Miami,Florida,25.7693459,-80.1993823,google_lsa,new,2026-08-08T00:01:41.629+00:00
gmap:ChIJdy5YeZG32YgRa4TV3hCAIrU,Centner Academy | Middle & High School Campus,music teacher,(305) 576-6070,,http://www.centneracademy.com/,,"1911 NE Miami Ct, Miami, FL 33132",Miami,Florida,25.7949267,-80.1937363,google_lsa,new,2026-08-08T00:01:41.629+00:00
gmap:ChIJCyHTpBa32YgRU90onqdOlWw,3 Plus 2 Cuban Dance Academy,music teacher,(786) 519-4341,,http://www.3plus2cubandance.com/,,"111 SW 5th Ave #201, Miami, FL 33130",Miami,Florida,25.7726452,-80.2023808,google_lsa,new,2026-08-08T00:01:41.629+00:00
gmap:ChIJzaeFjuC12YgRIADqVrGHZCg,3D Tennis Academy,music teacher,(512) 745-6395,,,,"1745 N Bayshore Dr, Miami, FL 33132",Miami,Florida,25.7926695,-80.1859509,google_lsa,new,2026-08-08T00:01:41.629+00:00
gmap:ChIJJSIzgj632YgRSR1N2aQ7KN0,Sweet Angels Academy Preschool Daycare,music teacher,(786) 499-6595,,http://www.sweetangelsacademy.com/,,"3265 NW 14th Terrace, Miami, FL 33125",Miami,Florida,25.7876186,-80.2490381,google_lsa,new,2026-08-08T00:01:41.629+00:00
gmap:ChIJF3hYN7W32YgRmGd7MFxkn1M,School of Rock,music teacher,(786) 620-9019,,https://www.schoolofrock.com/locations/coconutgrove,,"3015 Grand Ave #220, Coconut Grove, FL 33133",Coconut Grove,Florida,25.7284736,-80.2423909,google_lsa,new,2026-08-08T00:01:41.629+00:00
gmap:ChIJu1M018O32YgRVHSI8gmLGZs,The Wresh Workshop,music teacher,(305) 306-7850,,https://thewreshworkshop.com/,,"2750 McFarlane Rd, Coconut Grove, FL 33133",Coconut Grove,Florida,25.7268729,-80.2420641,google_lsa,new,2026-08-08T00:01:41.629+00:00
gmap:ChIJB629_gG32YgR6_DvcXL-94c,El Estilo Musical,music teacher,(305) 285-0970,,http://clasesdemusicamiami.com/,,"2290 SW 8th St, Miami, FL 33135",Miami,Florida,25.7652575,-80.2324027,google_lsa,new,2026-08-08T00:01:41.629+00:00
gmap:ChIJizndRBy32YgRDziNSfJVaeE,Mrs. Alvarez's Piano Lessons,music teacher,(786) 266-1063,,http://www.alvarezpiano.com/,,"1865 Brickell Ave Apt A912, Miami, FL 33129",Miami,Florida,25.754149,-80.1963054,google_lsa,new,2026-08-08T00:01:41.629+00:00
gmap:ChIJK_fhS8-32YgRkLjjax4NDHE,Novell Music and Media Inc.,music teacher,(786) 855-9947,,https://www.facebook.com/novellmusicmedia/,,"25 SE 2nd Ave #550, Miami, FL 33131",Miami,Florida,25.7737406,-80.1900783,google_lsa,new,2026-08-08T00:01:41.629+00:00
gmap:ChIJlS6--8m52YgRuDFwRexlabw,Mechy Special,music teacher,(347) 227-5208,,http://mechyspecial.com/,,"5375 NW 7th St Apt 444, Miami, FL 33126",Miami,Florida,25.7783745,-80.2833666,google_lsa,new,2026-08-08T00:01:41.629+00:00
gmap:ChIJmQ_mJHC32YgR8xnMZJrlIDc,Oli Art Academy,music teacher,(786) 508-3764,,,,"111 SW 5th Ave, Miami, FL 33130",Miami,Florida,25.7726505,-80.2024368,google_lsa,new,2026-08-08T00:01:41.629+00:00
gmap:ChIJr5qbDsb4IAIR-OVHY4V3SFI,Aglaya Piano Lessons,music teacher,(305) 504-0694,,http://www.aglayapiano.com/,,,Brickell,FL,25.782414,-80.2253934,google_lsa,new,2026-08-08T00:01:41.629+00:00
gmap:ChIJmTJqBT0o2YgRmCh7pD5V_BI,KOTR Konpa Dance Studio,music teacher,(305) 928-0845,,https://wikotr.com/,,"5706 NE 2nd Ave, Miami, FL 33137",Miami,Florida,25.828196,-80.1921387,google_lsa,new,2026-08-08T00:01:41.629+00:00
gmap:ChIJH32sl9ez2YgRaLD6-zt3RYw,Studio Kids,music teacher,(305) 423-8282,,http://www.studiokidsmiami.com/,,"8323 NE 1st Ave, Miami, FL 33138",Miami,Florida,25.8520374,-80.1950858,google_lsa,new,2026-08-08T00:01:41.629+00:00
gmap:ChIJRR11btiz2YgRpBzhSiRrYDo,"Morningside K-8 Academy, Miami FL",music teacher,(305) 758-6741,,http://morningsidek-8.com/,,"6620 NE 5th Ave, Miami, FL 33138",Miami,Florida,25.8367174,-80.1869958,google_lsa,new,2026-08-08T00:01:41.629+00:00
gmap:ChIJd-J1t-222YgRGwcblQpWYk0,Young Women's Preparatory Academy (YWPA),music teacher,(305) 575-1200,,https://www.ywpafl.com/,,"1150 SW 1st St, Miami, FL 33130",Miami,Florida,25.7723364,-80.2138422,google_lsa,new,2026-08-08T00:01:41.629+00:00
gmap:ChIJDaMuyM-32YgRrWnL2rtjGdg,Gymagination,music teacher,(786) 558-5558,,http://www.gymagination.co/,,"2773 Coral Wy, Miami, FL 33145",Miami,Florida,25.7505043,-80.2398098,google_lsa,new,2026-08-08T00:01:41.629+00:00
gmap:ChIJ_xZtaFq22YgRNvRnl4av6PQ,Painting with a Twist,music teacher,(305) 204-6964,,https://www.paintingwithatwist.com/studio/miami-coral-gables,,"2399 SW 22nd St, Miami, FL 33145",Miami,Florida,25.7507211,-80.2340346,google_lsa,new,2026-08-08T00:01:41.629+00:00
gmap:ChIJRfPnI6232YgR-ik2osvuQJY,Creativo Dance Studio,music teacher,(786) 663-5573,,https://business.google.com/v/creativo-kids-dance-school/07143054762012949587/e6a9/_,,"2329 Coral Wy, Miami, FL 33145",Miami,Florida,25.75074,-80.232835,google_lsa,new,2026-08-08T00:01:41.629+00:00
gmap:ChIJ__8rxuuy2YgRJyeHazAYZWY,Interval Music School,music teacher,(305) 965-6499,,https://intervalschool.com/,,,Brickell,FL,25.826786,-80.1637685,google_lsa,new,2026-08-08T00:01:41.629+00:00
gmap:ChIJo_idtLu52YgR0ymWsRmIoU0,Little Beats Miami,music teacher,(305) 972-1183,,http://www.littlebeatsmiami.com/,,,Brickell,FL,25.782414,-80.2597105,google_lsa,new,2026-08-08T00:01:41.629+00:00
gmap:ChIJMWhq81S42YgRD7eZqk5iTVQ,Academia Del Violin,music teacher,(786) 280-6632,,http://academiadelviolin.com/,,"7479 SW 8th St, Miami, FL 33144",Miami,Florida,25.762919,-80.317224,google_lsa,new,2026-08-08T00:01:41.629+00:00
gmap:ChIJx9YyhyG52YgRzkoLfHO6ek4,TR Music & Voice Lessons,music teacher,(305) 901-5354,,https://www.taylorrobinsonmusic.com/Miami-music-lessons.html,,"240 SW 69th Ave, Miami, FL 33144",Miami,Florida,25.768152,-80.307858,google_lsa,new,2026-08-08T00:01:41.629+00:00
gmap:ChIJ_R_xtvm_2YgRz7zAloXKGeM,Miami Berpro Music Academy,music teacher,(305) 396-2940,,http://www.miamiberpromusicacademy.com/,,"6716 W Flagler St, Miami, FL 33144",Miami,Florida,25.7703233,-80.3046497,google_lsa,new,2026-08-08T00:01:41.629+00:00
gmap:ChIJhdz-jsT3wokRsV-VCMxs_dg,Gryaznov Piano Studio,music teacher,(857) 206-9568,,https://gryaznoff.studio/,,"315 NW 50th St, Miami, FL 33127",Miami,Florida,25.8216047,-80.2022627,google_lsa,new,2026-08-08T00:01:41.629+00:00
gmap:ChIJE0yPJ_6x2YgRWgH5ruDzGQ8,The Endeavor School Miami,music teacher,(305) 705-5695,,https://theendeavorschool.com/,,"344 NE 61st St, Miami, FL 33137",Miami,Florida,25.8323656,-80.1891839,google_lsa,new,2026-08-08T00:01:41.629+00:00
gmap:ChIJ0XCbOUeyVakRWWIW3aSpunE,Foundations Art Studio,music teacher,(347) 410-2826,,https://www.foundationsartstudio.com/,,"300 NE 59th Terrace, Miami, FL 33137",Miami,Florida,25.8305514,-80.1898842,google_lsa,new,2026-08-08T00:01:41.629+00:00
gmap:ChIJDz03Pv8c74gR4Fwl4fAMDuM,Music Keys Academy,music teacher,(786) 602-8657,,https://www.musickeys.academy/,,,Brickell,FL,25.7835645,-80.254069,google_lsa,new,2026-08-08T00:01:41.629+00:00
gmap:ChIJ--VYIFSx2YgRPdAG-yXcQmA,House Of Hits Recording Studio,music teacher,(305) 907-3440,,https://mrmixandmaster.com/miami-recordcan%20i%20bu%20t%20this%20studio%20dj%20throwback%20%20riss%20paper%20lmao%20lets%20get%20money%20dj%20throwback%20ing-stthudio/,,"300 NE 75th St Unit 112, Miami, FL 33138",Miami,Florida,25.8431224,-80.1911392,google_lsa,new,2026-08-08T00:01:41.629+00:00
gmap:ChIJi8UJFp-x2YgR5eXff_V8muQ,SHYFT RECORDINGS,music teacher,(786) 357-8369,,http://www.shyftrecordings.com/,,"6484 NE 2nd Ave, Miami, FL 33138",Miami,Florida,25.8352821,-80.1925477,google_lsa,new,2026-08-08T00:01:41.629+00:00
gmap:ChIJ9WlcMvK32YgR0zFbnSqIl3Y,Matias Nestor Cuevas' Piano Studio,music teacher,(216) 972-1301,,https://matiasnestorcuevas.com/lessons,,"171 NW 56th St, Miami, FL 33127",Miami,Florida,25.8272102,-80.1991699,google_lsa,new,2026-08-08T00:01:41.629+00:00
gmap:ChIJrZcdBri32YgRxR92xWFOXtg,La Piazza Academy,music teacher,(305) 443-0066,,http://www.lapiazzaacademy.com/,,"3100 S Dixie Hwy, Miami, FL 33133",Miami,Florida,25.7374273,-80.244004,google_lsa,new,2026-08-08T00:01:41.629+00:00
gmap:ChIJs0ZxZMq12YgRNWuw2yqL1Ks,Mr. J Jams,music teacher,(305) 563-6865,,http://www.mrjjams.com/,,"1800 Coral Wy #453602, Miami, FL 33145",Miami,Florida,25.7505196,-80.2242453,google_lsa,new,2026-08-08T00:01:41.629+00:00
gmap:ChIJB8Ol22u32YgRpXYIpmx5_Ms,South Florida Guitar Lessons,music teacher,(646) 283-9188,,http://www.richardpadron.com/,,"1525 SW 9th St, Miami, FL 33135",Miami,Florida,25.7650919,-80.2201712,google_lsa,new,2026-08-08T00:01:41.629+00:00
gmap:ChIJkZSXG0G32YgR7GRMFbv6Pd0,Singing lessons : Vocal results & Artist development Downtown Miami,music teacher,(786) 502-5042,,http://www.vocalresults.com/join,,"825 Brickell Bay Dr, Miami, FL 33131",Miami,Florida,25.7646958,-80.1889754,google_lsa,new,2026-08-08T00:01:41.629+00:00
gmap:ChIJIY1dFv632YgRBorTccVuaXQ,Vitaji Productions,music teacher,(786) 441-6511,,http://www.vitajiproductions.com/,,"21 Madeira Ave Apt 13, Coral Gables, FL 33134",Coral Gables,Florida,25.7562135,-80.2556066,google_lsa,new,2026-08-08T00:01:41.629+00:00
gmap:ChIJ99_F_VG32YgROn8YbUwYmfk,TR Music & Voice Lessons: Yolimar M.,music teacher,(305) 509-5920,,https://www.taylorrobinsonmusic.com/miami-music-lessons.html,,"1951 NW S River Dr, Miami, FL 33125",Miami,Florida,25.7846949,-80.2269922,google_lsa,new,2026-08-08T00:01:41.629+00:00
gmap:ChIJR6PgzJzB2YgRsXpWZLySugQ,Miami Singing Lessons,music teacher,(786) 259-1755,,http://www.miamisinginglessons.com/,,"33 SW 2nd Ave PH1BB, Miami, FL 33130",Miami,Florida,25.7735772,-80.1974663,google_lsa,new,2026-08-08T00:01:41.629+00:00
gmap:ChIJjdOROQK32YgR-KgNPJ1G670,TR Music & Voice Lessons,music teacher,(305) 901-1725,,https://www.taylorrobinsonmusic.com/Miami-music-lessons.html,,"352 SW 17th Rd, Miami, FL 33129",Miami,Florida,25.7617304,-80.2008477,google_lsa,new,2026-08-08T00:01:41.629+00:00
gmap:ChIJT1wXfyC32YgRx7ZwCG2kV0M,The Grove Art Studio,music teacher,(786) 340-9229,,http://www.thegroveartstudio.com/,,"2911 Grand Ave Ste 4a, Coconut Grove, FL 33133",Coconut Grove,Florida,25.7283429,-80.2405944,google_lsa,new,2026-08-08T00:01:41.629+00:00
gmap:ChIJdWhEua-32YgRgMMs-RqSdl0,Let It Beat! Music Academy,music teacher,(786) 483-8327,,https://www.letitbeat.us/,,"2947 Coral Wy, Miami, FL 33145",Miami,Florida,25.7504689,-80.2414885,google_lsa,new,2026-08-08T00:01:41.629+00:00
gmap:ChIJZ0LGlLa32YgReOF4m0AiiPo,"P.S.Music Academy, Inc",music teacher,(786) 663-5815,,https://www.psmusicacademy.com/,,"66 W Flagler St #900, Miami, FL 33130",Miami,Florida,25.7734046,-80.2098001,google_lsa,new,2026-08-08T00:01:41.629+00:00
gmap:ChIJCUarm9y32YgRuedFv_SXTNE,TakeLessons Music and Singing Lessons,music teacher,(786) 270-1730,,http://takelessons.com/miami-music-lessons?s=gl,,"3503 Loquat Ave, Miami, FL 33133",Miami,Florida,25.723769,-80.2494365,google_lsa,new,2026-08-08T00:01:41.629+00:00
gmap:ChIJ1aP_2Lq32YgRyARRARQrc6c,Lis' Music Academy,music teacher,(786) 665-2574,,,,"3190 SW 23rd St, Miami, FL 33145",Miami,Florida,25.7480077,-80.245909,google_lsa,new,2026-08-08T00:01:41.629+00:00
gmap:ChIJodv01daz2YgRRrnMKJhSfak,Performer's Music Institute,music teacher,(305) 757-7725,,http://www.performersmusic.com/,,"Performer's Music Institute-MIAMI - VOICE & Piano Instruction, Miami, FL 33138",Miami,FL,25.840969,-80.184335,google_lsa,new,2026-08-08T00:01:41.629+00:00
gmap:ChIJ1SflALq32YgRhpw34gLu8Uw,Miami Elite Music Academy,music teacher,(786) 220-2796,,https://miamielitemusic.wixsite.com/academy,,"300 S Biscayne Blvd Met 1, Miami, FL 33131",Miami,Florida,25.7714332,-80.187516,google_lsa,new,2026-08-08T00:01:41.629+00:00
gmap:ChIJeeqIFh202YgR_XlAAfj2eQA,The Learning World Academy Venetian,music teacher,(786) 891-3552,,https://thelearningworldvenetian.com/?y_source=1_MTAxNDIzNzM3NS03MTUtbG9jYXRpb24ud2Vic2l0ZQ==,,"555 NE 15th St CU 10, Miami, FL 33132",Miami,Florida,25.7905776,-80.1857001,google_lsa,new,2026-08-08T00:01:41.629+00:00
gmap:ChIJU1VFrLa32YgRhkmnBlhoQIU,Trujillo Academy of Music,music teacher,(954) 947-1775,,http://trujilloacademyofmusic.com/,,"2650 SW 27th Ave Ste 300, Miami, FL 33133",Miami,Florida,25.7423074,-80.2381869,google_lsa,new,2026-08-08T00:01:41.629+00:00
gmap:ChIJe9pcd_dXFW0RTTRwsXBv3mg,MP Miami Music School,music teacher,(405) 679-4615,,https://www.margaritaparsamyan.com/mp-music-school-main-page/,,,Brickell,FL,25.7701,-80.2186759,google_lsa,new,2026-08-08T00:01:41.629+00:00
gmap:ChIJ5cRtUHa32YgRPM5u6BampWY,Wynwood School of Music,music teacher,(305) 359-5515,,https://www.wynwoodschoolofmusic.com/,,"1260 NW 29th St Suite 103, Miami, FL 33142",Miami,Florida,25.8029169,-80.2166919,google_lsa,new,2026-08-08T00:01:41.619+00:00
gmap:ChIJ2WZAHRIkcAkRr3Qh8DfyiYE,Rooker Golf Instruction,golf coach,(810) 241-6280,,https://rookergolfinstruction.carrd.co/,,,Brickell,FL,25.732887,-80.2253934,google_lsa,new,2026-08-08T00:01:28.864+00:00
gmap:ChIJW3onMwC32YgRRp9eWWjNnKA,Rooted Sport Psychology Coaching,golf coach,(786) 833-8585,,https://rootedsportpsychcoach.com/,,"1110 Brickell Ave Ste 400k 248, Miami, FL 33131",Miami,Florida,25.7627253,-80.1922577,google_lsa,new,2026-08-08T00:01:28.864+00:00
gmap:ChIJWZAZdnq32YgRkLfb89GUnKE,Birdie Golf Studios,golf coach,(305) 456-4149,,https://birdiegolfstudios.com/,,"45 NE 26th St Units C-D, Miami, FL 33137",Miami,Florida,25.8018568,-80.1941295,google_lsa,new,2026-08-08T00:01:28.864+00:00
gmap:ChIJawpsydm32YgR0ei9U6VESBc,Leadbetter Golf Academy Miami,golf coach,(787) 466-4907,,http://leadbetter.com/,,"Miami, FL 33131",Miami,Florida,25.7616798,-80.1917902,google_lsa,new,2026-08-08T00:01:28.864+00:00
gmap:ChIJmZM8QPC32YgRnqDcNd3bxHo,Audio Golf,golf coach,(786) 744-8848,,https://www.audio.golf/,,"990 Biscayne Blvd, Miami, FL 33132",Miami,Florida,25.7834767,-80.1899121,google_lsa,new,2026-08-08T00:01:28.864+00:00
gmap:ChIJm3AHCZ222YgRUk4o6Cxg6vU,Mariano Bartolome Golf School,golf coach,(305) 421-8750,,,,"255 Biscayne Blvd Way #19, Miami, FL 33131",Miami,Florida,25.7712666,-80.1893936,google_lsa,new,2026-08-08T00:01:28.864+00:00
gmap:ChIJTxEJ9IS22YgRD7BLs1wXXuc,Frog Tutoring Miami,language tutor,(305) 290-4183,,https://frogtutoring.com/tutors/Miami_FL_Tutors/page:1?utm_source=gmb&utm_medium=organic&utm_campaign=gmbwebsite,,,Brickell,FL,25.7824095,-80.2253934,google_lsa,new,2026-08-08T00:01:07.359+00:00
gmap:ChIJ5R5P_qC22YgRUmrE9Jsvi6w,Chelsea International Education LLC,language tutor,(941) 249-7909,,http://chelseainternationaleducation.com/,,"990 Biscayne Blvd #503, Miami, FL 33132",Miami,Florida,25.7834355,-80.190181,google_lsa,new,2026-08-08T00:01:07.359+00:00
gmap:ChIJD7yLlgS32YgRi1tsnMv6P2Q,"Audio Visual Language, Inc",language tutor,(305) 541-9988,,http://www.avlanguage.com/,,"201 SW 27th Ave, Miami, FL 33135",Miami,Florida,25.7701987,-80.2387001,google_lsa,new,2026-08-08T00:01:07.359+00:00
gmap:ChIJESICauG32YgRV77MPZq-2sw,Gaviria Academy of Languages,language tutor,(561) 585-5558,,http://gavirialanguages.com/,,"We are offering classes online only, 4095 Ensenada Ave, Miami, FL 33133",Miami,Florida,25.7190146,-80.2589429,google_lsa,new,2026-08-08T00:01:07.359+00:00
gmap:ChIJ6Y8EoBm32YgRiPEZB7IkuUY,Hello Línguas,language tutor,(786) 498-7412,,,,"253 NE 2nd St, Miami, FL 33132",Miami,Florida,25.7763443,-80.1891043,google_lsa,new,2026-08-08T00:01:07.359+00:00
gmap:ChIJFUrOJNW32YgRkmb0uKSoTeU,Spanish Language Center,language tutor,(786) 598-1688,,https://www.spanish-languagecenter.com/,,"111 NE 1st St Ste 810, Miami, FL 33132",Miami,Florida,25.775396,-80.1917415,google_lsa,new,2026-08-08T00:01:07.359+00:00
gmap:ChIJ6ZpJRYG22YgRtSCDc7GpH9o,United Languages And Media Group,language tutor,(786) 266-3791,,http://www.unitedlanguagesmediagroup.com/,,"1200 Brickell Ave, Miami, FL 33131",Miami,Florida,25.7621591,-80.1922949,google_lsa,new,2026-08-08T00:01:07.359+00:00
gmap:ChIJ3b-unky22YgR25RFvK27UyM,BEST FRENCH TUTOR,language tutor,(305) 570-7963,,https://www.bestfrenchtutor.com/,,"3150 SW 38th Ave #1310, Miami, FL 33146",Miami,Florida,25.7325047,-80.256129,google_lsa,new,2026-08-08T00:01:07.359+00:00
gmap:ChIJmxAieyW32YgRWvtuLlbJQf0,Dynamo Learning,language tutor,(786) 651-0862,,,,"495 Brickell Ave, Miami, FL 33131",Miami,Florida,25.7683272,-80.1884587,google_lsa,new,2026-08-08T00:01:07.359+00:00
gmap:ChIJg5BGTsa32YgRhJ2xsPPLBHU,Ms. Dan's Chinese,language tutor,(786) 660-3888,,http://msdans.com/,,"South Tower, 1101 Brickell Ave 8th floor, Miami, FL 33131",Miami,Florida,25.763196,-80.1909143,google_lsa,new,2026-08-08T00:01:07.359+00:00
gmap:ChIJe0ik5fu32YgR4LxnWttQPTs,Tutor Me Education - Miami Tutors,language tutor,(786) 231-1617,,http://www.tutormeeducation.com/Miami,,"801 Brickell Ave, Miami, FL 33131",Miami,Florida,25.7657679,-80.1899659,google_lsa,new,2026-08-08T00:01:07.359+00:00
gmap:ChIJdzCvJYG22YgRFkfBiWiRNSs,"TALK Schools, Miami",language tutor,(305) 375-0126,,https://www.talk.edu/english-schools/miami/,,"1390 Brickell Ave Ste 300, Miami, FL 33131",Miami,Florida,25.7606537,-80.1926314,google_lsa,new,2026-08-08T00:01:07.359+00:00
gmap:ChIJY79RdCe02YgRxOtAxzNwtLE,Parliament Tutors - Miami,language tutor,(305) 508-4037,,http://www.parliamenttutors.com/,,"325 S Biscayne Blvd, Miami, FL 33131",Miami,Florida,25.77165,-80.186324,google_lsa,new,2026-08-08T00:01:07.359+00:00
gmap:ChIJOSY9b4G22YgRorelZZOB8Cs,LANGUAGE ON Miami School,language tutor,(305) 424-9596,,https://languageonschools.com/locations/miami/,,"1201 Brickell Ave #205, Miami, FL 33131",Miami,Florida,25.761923,-80.1911603,google_lsa,new,2026-08-08T00:01:07.359+00:00
gmap:ChIJq1IYX2O32YgRCGzrZa4bvF4,Brickell Language School,language tutor,(786) 860-4534,,http://lsbrickell.com/,,"1000 Brickell Ave Ste 715, Miami, FL 33131",Miami,Florida,25.7639994,-80.1917812,google_lsa,new,2026-08-08T00:01:07.359+00:00
gmap:ChIJATFLf1i32YgR19GzGtYXm7w,American English Academy Miami,language tutor,(786) 860-5410,,https://aea.edu/miami,,"1101 Brickell Ave S-604, Miami, FL 33131",Miami,Florida,25.7632665,-80.1910857,google_lsa,new,2026-08-08T00:01:07.359+00:00
gmap:ChIJH5wqn3oWXoERLuox9i44Q6w,SO Frenchtastic,language tutor,(786) 302-5196,,https://www.sofrenchtastic.com/?utm_source=google&utm_medium=wix_google_business_profile&utm_campaign=13526955906700107360,,,Brickell,FL,25.81929,-80.2173309,google_lsa,new,2026-08-08T00:01:07.359+00:00
gmap:ChIJP3pCgW5V44IR-IpHAdNQAxM,Beautiful Tree Montessori,language tutor,(910) 689-3798,,https://www.beautifultreemontessori.com/,,,Brickell,FL,25.833093,-80.2173309,google_lsa,new,2026-08-08T00:01:07.359+00:00
gmap:ChIJeZyVHHQQ2YgRiMriteeCtVY,Score At The Top Learning Center,language tutor,(305) 507-9213,,http://www.scoreatthetop.com/miami-sat-act-test-prep-and-tutoring?utm_source=google&utm_medium=organic&utm_campaign=gmb,,"4700 Biscayne Blvd Ste 502, Miami, FL 33137",Miami,Florida,25.8182372,-80.1885349,google_lsa,new,2026-08-08T00:01:07.359+00:00
gmap:ChIJc9JyKZ_H2YgR1C6gsOy65JE,MLC Preparatory Academy & Learning Center,language tutor,(305) 602-8081,,https://www.mlcprepacademy.com/,,"2710 SW 37th Ave, Coconut Grove, FL 33133",Coconut Grove,Florida,25.7410022,-80.2545003,google_lsa,new,2026-08-08T00:01:07.359+00:00
gmap:ChIJn9kfU2m32YgRwowlZMDQnzk,Mathnasium,language tutor,(305) 974-1542,,https://www.mathnasium.com/math-centers/coconutgrove?utm_source=Google+&utm_medium=Listing&utm_campaign=Google+Business+Profile,,"2750 SW 26th Ave #G, Miami, FL 33133",Miami,Florida,25.7395847,-80.2371583,google_lsa,new,2026-08-08T00:01:07.359+00:00
gmap:ChIJl5IqYJW32YgRXMx8jDOOh0k,Miami Learning Center,language tutor,(786) 270-0562,,http://www.miamilearningcenter.net/,,"2710 SW 37th Ave, Miami, FL 33133",Miami,Florida,25.741003,-80.254497,google_lsa,new,2026-08-08T00:01:07.359+00:00
gmap:ChIJQYHeMrS32YgR2b6sRIVQFYo,Target Tutoring,language tutor,(786) 606-1174,,http://www.target-tutoring.com/,,"2140 S Dixie Hwy Ste 300, Miami, FL 33133",Miami,Florida,25.7430541,-80.2282102,google_lsa,new,2026-08-08T00:01:07.359+00:00
gmap:ChIJUf0mnOy32YgRjyJuzBy8d9c,Ibis Prep,language tutor,(305) 204-6695,,https://www.ibisprep.com/,,"200 Biscayne Blvd Fl 20, Miami, FL 33131",Miami,Florida,25.7723048,-80.1876333,google_lsa,new,2026-08-08T00:01:07.359+00:00
gmap:ChIJ1zn79qO32YgRnVQiTw-aPhI,Amigos Tutoring (Coral Gables),language tutor,(305) 763-2913,,http://amigostutoring.com/,,"2100 Coral Wy, Coral Gables, FL 33145",Coral Gables,Florida,25.7503945,-80.2284612,google_lsa,new,2026-08-08T00:01:07.359+00:00
gmap:ChIJsfRssWG22YgR0palHWfiX0w,Chinese Learning Center of Miami,language tutor,(786) 206-3770,,https://www.miamichineselearningcenter.com/,,"2401 SW 3rd Ave, Miami, FL 33129",Miami,Florida,25.7561785,-80.2063565,google_lsa,new,2026-08-08T00:01:07.359+00:00
gmap:ChIJkYtigqm32YgR-QxXPQ2iY38,Allegria Learning Center,language tutor,(305) 456-3351,,http://www.allegrialearning.com/,,"1500 SW 27th Ave, Miami, FL 33145",Miami,Florida,25.7584796,-80.2388807,google_lsa,new,2026-08-08T00:01:07.359+00:00
gmap:ChIJcXeeYOO42YgRhKBZgWnLTFM,Clutch Prep,test prep tutor,(850) 659-8279,,https://www.clutchprep.com/,,"2800 Biscayne Blvd #800, Miami, FL 33137",Miami,Florida,25.8037143,-80.1895552,google_lsa,new,2026-08-08T00:01:07.303+00:00
gmap:ChIJ_TBWtZe32YgREgd1NmpnQ3s,Level-Up Tutoring Service LLC,test prep tutor,(305) 319-1162,,http://level-uptutoringservice.org/,,"1951 NW 7th Ave, Miami, FL 33136",Miami,Florida,25.7947525,-80.2065098,google_lsa,new,2026-08-08T00:01:07.303+00:00
gmap:ChIJQcJnxgu32YgRJ4KHJZleTHg,Sapneil Tutoring,test prep tutor,(305) 968-6364,,https://www.sapneiltutoring.com/,,"1 Alhambra Plz Fl PH - #1040, Coral Gables, FL 33134",Coral Gables,Florida,25.7529118,-80.2550875,google_lsa,new,2026-08-08T00:01:07.303+00:00
gmap:ChIJQcCAUfy32YgRPSW0DUF1ENk,MBA House | GMAT Prep Miami,test prep tutor,(786) 999-5242,,https://gmatmiami.com/,,"701 S Miami Ave, Miami, FL 33130",Miami,Florida,25.7672556,-80.1930267,google_lsa,new,2026-08-08T00:01:07.303+00:00
gmap:ChIJF4hr0AqNOiURnPf7cBEdbV4,Magnolia LSAT,test prep tutor,(985) 503-7737,,https://www.magnolialsattutors.com/,,"819 NW 51st St, Miami, FL 33127",Miami,Florida,25.8222586,-80.2104697,google_lsa,new,2026-08-08T00:01:07.303+00:00
gmap:ChIJvdT2uhW12YgRZyCdk3HlC34,SoFlo SAT Tutoring,test prep tutor,(954) 466-8800,,http://soflotutors.com/,,"601 Brickell Key Dr Ste 700 - 4692, Miami, FL 33131",Miami,Florida,25.7668599,-80.1859873,google_lsa,new,2026-08-08T00:01:07.303+00:00
gmap:ChIJiw_Jyjm12YgR2ihhXVDoGVg,JRA Educational Consulting,test prep tutor,(305) 928-6368,,https://www.jraeducationalconsulting.com/miami-educational-consulting?utm_source=google&utm_medium=organic&utm_campaign=gmb,,,Brickell,FL,25.809477,-80.2264276,google_lsa,new,2026-08-08T00:01:07.303+00:00
gmap:ChIJ65hCVoK32YgRWd-PcwVCyXg,TestCrackers GMAT and GRE Prep,test prep tutor,(415) 323-5728,,http://www.testcrackers.org/miami,,"151 SE 1st St Apt 1105, Miami, FL 33131",Miami,Florida,25.7735748,-80.190745,google_lsa,new,2026-08-08T00:01:07.303+00:00
gmap:ChIJgWhvTNu12YgR_1O1f-TyoRE,Misstudy College Counseling | Best College For You | Increase Application Success,test prep tutor,(786) 609-6927,,http://www.misstudy.com/,,,Brickell,FL,25.782414,-80.2253934,google_lsa,new,2026-08-08T00:01:07.303+00:00
gmap:ChIJn3AFeeW32YgR4YIUQR4RC_8,Math Tutor Miami,test prep tutor,(305) 308-4205,,http://www.mathtutor.miami/,,"225 NE 23rd St, Miami, FL 33137",Miami,Florida,25.7994616,-80.1902527,google_lsa,new,2026-08-08T00:01:07.303+00:00
gmap:ChIJ8-UrGvmx2YgRJp52e6rVl3s,Mathnasium,test prep tutor,(786) 540-2733,,https://www.mathnasium.com/math-centers/miamidesigndistrict?utm_source=Google+&utm_medium=Listing&utm_campaign=Google+Business+Profile,,"5050 Biscayne Blvd STE 102, Miami, FL 33137",Miami,Florida,25.822163,-80.1875709,google_lsa,new,2026-08-08T00:01:07.303+00:00
gmap:ChIJBXjKrNu52YgR2mhbXeX2ncg,AltaFuga,test prep tutor,(888) 482-8414,,https://www.altafuga.com/,,"11340 SW 7th St, Miami, FL 33174",Miami,Florida,25.7638948,-80.3130775,google_lsa,new,2026-08-08T00:01:07.303+00:00
gmap:ChIJi_4JQLhYlq8RstX9vgOOzos,Tutor and Test Prep Miami,test prep tutor,(786) 616-3096,,https://www.superprof.com/ir/28458372-d1896a,,,Brickell,FL,25.782414,-80.2253934,google_lsa,new,2026-08-08T00:01:07.303+00:00
gmap:ChIJ15uqnka32YgR2zqRge4sU0w,Who Tutors,test prep tutor,(786) 309-3966,,https://www.whotutors.com/,,"2980 McFarlane Rd, Miami, FL 33133",Miami,Florida,25.7275797,-80.2419901,google_lsa,new,2026-08-08T00:01:07.303+00:00
gmap:ChIJL2PLlJK32YgR_h0lOBVDKZs,A1 Academy,test prep tutor,(305) 363-2791,,http://www.a1academyusa.com/,,"2100 Coral Wy Ste 601, Coral Gables, FL 33145",Coral Gables,Florida,25.7503945,-80.2284612,google_lsa,new,2026-08-08T00:01:07.303+00:00
gmap:ChIJ9YcWSpy22YgRBnmsZwugsvg,My Tutor Lab,test prep tutor,(305) 894-0911,,,,"150 SE 2nd Ave Ste 305, Miami, FL 33131",Miami,Florida,25.7729969,-80.1903322,google_lsa,new,2026-08-08T00:01:07.303+00:00
gmap:ChIJcwhx4xi32YgR9QyIYMMYJ7Q,Thera-Pro Care LLC,after-school care,(786) 431-1133,,http://thera-procare.com/,,"201 SW 27th Ave, Miami, FL 33135",Miami,Florida,25.7701707,-80.2387298,google_lsa,new,2026-08-08T00:00:41.446+00:00
gmap:ChIJf3Ju8WW32YgRBnaXkyKatQg,Discovery Years Inc,after-school care,(305) 774-1595,,,,"4300 NW 7th St, Miami, FL 33126",Miami,Florida,25.7785032,-80.2661204,google_lsa,new,2026-08-08T00:00:41.446+00:00
gmap:ChIJDxOSdSe32YgRzlMwFwaOzfU,Allapattah Child Care,after-school care,(305) 633-8690,,,,"1836 NW 22nd Pl, Miami, FL 33125",Miami,Florida,25.7920336,-80.2331913,google_lsa,new,2026-08-08T00:00:41.446+00:00
gmap:ChIJe8sNnqm32YgR0Ul_9viwUDc,Overtown Learning Center,after-school care,(305) 433-8216,,,,"2101 NW 3rd Ave, Miami, FL 33127",Miami,Florida,25.7970894,-80.2001779,google_lsa,new,2026-08-08T00:00:41.446+00:00
gmap:ChIJQz4NrOG22YgRsZ7zw_Rbyvg,Watch Me Grow Learning Center Inc,after-school care,(305) 642-4151,,https://www.wmglcenter.com/,,"2100 NW 7th St, Miami, FL 33125",Miami,Florida,25.7796601,-80.2299041,google_lsa,new,2026-08-08T00:00:41.446+00:00
gmap:ChIJqRBR4_z9zWMRQw6oaNevzYc,Llamazing Academy,after-school care,(786) 313-3565,,,,"226 SW 17th Ave, Miami, FL 33135",Miami,Florida,25.7702669,-80.2229272,google_lsa,new,2026-08-08T00:00:41.446+00:00
gmap:ChIJbfpo1Hi32YgRpugMBhieuRY,Brickell Heights Preschool,after-school care,(561) 559-6359,,https://abcpreschoolbrickell.com/contactus,,"25 SW 9th St # Cu-6, Miami, FL 33130",Miami,Florida,25.7656535,-80.1938206,google_lsa,new,2026-08-08T00:00:41.446+00:00
gmap:ChIJw83j2aq22YgRLeIpZvn98Sk,Champions Direct,after-school care,(305) 395-6316,,,,"77 NE 24th St, Miami, FL 33137",Miami,Florida,25.7999247,-80.1932657,google_lsa,new,2026-08-08T00:00:41.446+00:00
gmap:ChIJax5NQGK32YgR9J0MoQhCAzo,"New Wave Learning Centers, Inc.",after-school care,(305) 476-9333,,http://www.newwavelearningcenters.com/,,"4884 NW 7th St, Miami, FL 33126",Miami,Florida,25.777982,-80.275943,google_lsa,new,2026-08-08T00:00:41.446+00:00
gmap:ChIJo79Zxia32YgRIeP-kgwW9bg,Elite Kids Academy,after-school care,(305) 573-4445,,https://www.elitekidsacademy.com/,,"2731 NE 2nd Ave, Miami, FL 33137",Miami,Florida,25.8032696,-80.1908068,google_lsa,new,2026-08-08T00:00:41.446+00:00
gmap:ChIJK0tftCS32YgRtjZPzS3QiRs,Allapattah YMCA Day Care,after-school care,(305) 635-9622,,,,"Miami, FL 33125",Miami,Florida,25.790932,-80.2431049,google_lsa,new,2026-08-08T00:00:41.446+00:00
gmap:ChIJYYjbZdK22YgRQaKX74NZZaA,Interamerican Learning Center,after-school care,(305) 633-1000,,http://www.ilcpreschool.com/,,"1521 NW 28th St, Miami, FL 33142",Miami,Florida,25.8023766,-80.2220037,google_lsa,new,2026-08-08T00:00:41.446+00:00
gmap:ChIJlY1GZ6m32YgRXgPlWA7271Q,Little Shaver Day Care Center,after-school care,(305) 856-9044,,,,"2660 SW 17th St, Miami, FL 33145",Miami,Florida,25.75574,-80.2381326,google_lsa,new,2026-08-08T00:00:41.446+00:00
gmap:ChIJjzOtkQ232YgRwanlj1BASBA,Kids Small World 3360,after-school care,(305) 567-0661,,,,"3360 W Flagler St, Miami, FL 33135",Miami,Florida,25.7716442,-80.2510587,google_lsa,new,2026-08-08T00:00:41.446+00:00
gmap:ChIJo9kCN8e22YgRlZpQnJ9zPSQ,Bright Horizons at UM Canterbury Preschool Medical Campus,after-school care,(786) 899-4376,,https://www.brighthorizons.com/daycare-centers/fl/miami/1400-nw-10th-avenue-33136?utm_source=google&utm_medium=organic&utm_campaign=gmb&utm_term=weblink&utm_content=centerwebsite&IMS_SOURCE_SPECIFY=google%7Corganic%7Cgmb%7Cweblink%7Ccenterwebsite,,"1400 NW 10th Ave Suite 104, Miami, FL 33136",Miami,Florida,25.7882951,-80.211444,google_lsa,new,2026-08-08T00:00:41.446+00:00
gmap:ChIJLRROKZC22YgRFsAHx_4F0ZM,Centro Mater East Child Care Center,after-school care,(305) 545-6049,,https://www.centromater.com/,,"418 SW 4th Ave, Miami, FL 33130",Miami,Florida,25.769613,-80.2010838,google_lsa,new,2026-08-08T00:00:41.446+00:00
gmap:ChIJwY21uha32YgRnzjkGYWIfeQ,Beautiful Beginnings Preschool,after-school care,(305) 642-0027,,,,"3220 NW 7th St, Miami, FL 33125",Miami,Florida,25.7788664,-80.248036,google_lsa,new,2026-08-08T00:00:41.446+00:00
gmap:ChIJ5diWNmS32YgRU9HPCYxojUg,HAPPY GARDEN DAY CARE AND PRESCHOOL,after-school care,(305) 443-0365,,,,"4440 NW 7th St, Miami, FL 33126",Miami,Florida,25.7784878,-80.2687641,google_lsa,new,2026-08-08T00:00:41.446+00:00
gmap:ChIJ_4QR8Na52YgRV_WFPWBSmcU,The Bright Days Preschool #5,after-school care,(305) 461-6505,,,,"5202 W Flagler St, Coral Gables, FL 33134",Coral Gables,Florida,25.7709333,-80.2801658,google_lsa,new,2026-08-08T00:00:41.446+00:00
gmap:ChIJ3ShDRdu22YgRjHZHKsymIC0,Wynwood Daycare 2,after-school care,(305) 547-1382,,http://wynwooddaycare.com/,,"1500 NW 16th Ave, Miami, FL 33125",Miami,Florida,25.7892038,-80.221761,google_lsa,new,2026-08-08T00:00:41.446+00:00
gmap:ChIJeSybk-S22YgRi49IyjnuzAY,Bright Steps Academy,after-school care,(786) 452-8240,,,,"1827 W Flagler St, Miami, FL 33135",Miami,Florida,25.7728408,-80.2253348,google_lsa,new,2026-08-08T00:00:41.446+00:00
gmap:ChIJh4O0vhu32YgRaNz8uOegbuw,Kids Small World 1835,after-school care,(305) 456-8859,,http://www.kidssmallworld.com/,,"1835 W Flagler St, Miami, FL 33135",Miami,Florida,25.7731324,-80.2255445,google_lsa,new,2026-08-08T00:00:41.446+00:00
gmap:ChIJcc5XdhS32YgR4EadGQnwQO8,HAPPY GARDEN LEARNING DAY CARE CENTER,after-school care,(305) 646-1750,,,,"611 NW 34th Ave, Miami, FL 33125",Miami,Florida,25.7787074,-80.2507433,google_lsa,new,2026-08-08T00:00:41.446+00:00
gmap:ChIJCzhT9Ki22YgRMkKlWaCQrKM,The Learning Nest Edgewater,after-school care,(786) 796-8563,,https://mylearningnest.com/edgewater/?utm_source=gmb&utm_medium=organic_traffic&utm_campaign=google_my_business,,"1801 NE 2nd Ave, Miami, FL 33132",Miami,Florida,25.793797,-80.19054,google_lsa,new,2026-08-08T00:00:41.446+00:00
gmap:ChIJc1FelVO32YgRgXtZXNM-jAQ,Martinez Family Daycare Home,after-school care,(347) 692-9411,,,,"3448 SW 3rd St, Miami, FL 33135",Miami,Florida,25.7689996,-80.2522408,google_lsa,new,2026-08-08T00:00:41.446+00:00
gmap:ChIJ1Ta9eC232YgRGNNKaaUJMXk,The Learning Nest Downtown,after-school care,(954) 738-5673,,https://mylearningnest.com/learning-nest-downtown/?utm_source=gmb&utm_medium=organic_traffic&utm_campaign=google_my_business,,"103 NW 8th St, Miami, FL 33136",Miami,Florida,25.7819454,-80.1965647,google_lsa,new,2026-08-08T00:00:41.446+00:00
gmap:ChIJx23E_Kq22YgRO9ZnnUMOILs,KIDCO Creative Learning Inc,after-school care,(305) 576-6990,,,,"242 NE 26th St, Miami, FL 33137",Miami,Florida,25.801442,-80.190063,google_lsa,new,2026-08-08T00:00:41.446+00:00
gmap:ChIJJfhYJu222YgRc_ZVf9Wxc7I,Sagrada Familia Child Care,after-school care,(305) 324-5424,,,,"970 SW 1st St #205, Miami, FL 33130",Miami,Florida,25.7723137,-80.210452,google_lsa,new,2026-08-08T00:00:41.446+00:00
gmap:ChIJw0oPeKm32YgR3NuMqpWjgvE,Carousel Day Care Center,after-school care,(305) 854-0021,,,,"1637 SW 27th Ave, Miami, FL 33145",Miami,Florida,25.7572203,-80.2383683,google_lsa,new,2026-08-08T00:00:41.446+00:00
gmap:ChIJW6hO-oO22YgRaHsJ--VPtfk,Little Executives Preschool Brickell Ave.,after-school care,(305) 372-1604,,https://littleexecutivespreschool.com/,,"1050 Brickell Ave MEZZANINE, Miami, FL 33131",Miami,Florida,25.7633197,-80.1918427,google_lsa,new,2026-08-08T00:00:41.446+00:00
gmap:ChIJIXNcE-622YgR5xfph8LgVSc,Holy Comforter Day Care Center,after-school care,(305) 643-0500,,,,"150 SW 13th Ave, Miami, FL 33135",Miami,Florida,25.7721154,-80.2166973,google_lsa,new,2026-08-08T00:00:41.446+00:00
gmap:ChIJ-SffAqO22YgR40dehUPuMY0,"URGENT, Inc.",after-school care,(786) 581-7821,,http://www.urgentinc.org/,,"1000 NW 1st Ave #100, Miami, FL 33136",Miami,Florida,25.783989,-80.196667,google_lsa,new,2026-08-08T00:00:41.446+00:00
gmap:ChIJ57k22Aa32YgRjdJxjjKUl8I,Lincoln-Marti Schools,after-school care,(305) 642-2424,,http://www.lincoln-marti.com/,,"1023 SW 27th Ave, Miami, FL 33135",Miami,Florida,25.7632137,-80.2384799,google_lsa,new,2026-08-08T00:00:41.446+00:00
gmap:ChIJvSGGNOC22YgRjGQ521fNtuM,"Spark Pediatrics Medical Daycare (PPEC) - Miami, FL",after-school care,(813) 798-2809,,https://www.sparkpediatrics.com/locations/miami-center,,"735 NW 22nd Ave, Miami, FL 33125",Miami,Florida,25.7801742,-80.2309452,google_lsa,new,2026-08-08T00:00:41.446+00:00
gmap:ChIJMSlMhxS32YgRyp0NwKtMyu0,Pumpkin Share,after-school care,(305) 649-1390,,,,"3450 NW 7th St, Miami, FL 33125",Miami,Florida,25.7789768,-80.2517218,google_lsa,new,2026-08-08T00:00:41.446+00:00
gmap:ChIJ7e18s9y22YgROQdYMR6evKA,Lincoln-Marti Schools and Childcare Centers,after-school care,(305) 326-7776,,https://lincolnmarti.com/,,"1550 NW 14th St, Miami, FL 33125",Miami,Florida,25.787165,-80.2212361,google_lsa,new,2026-08-08T00:00:41.446+00:00
gmap:ChIJ543247K32YgRrKQRKe8jAYE,Centro Mater East II Child Care Center,after-school care,(305) 545-6049,,https://www.centromater.com/,,"421 SW 4th St, Miami, FL 33130",Miami,Florida,25.7698402,-80.2013473,google_lsa,new,2026-08-08T00:00:41.446+00:00
gmap:ChIJC8G16QG32YgRv82Ms58x4pw,Lincoln-Marti Schools and Childcare Centers,after-school care,(305) 643-6443,,https://lincolnmarti.com/,,"904 SW 23rd Ave, Miami, FL 33135",Miami,Florida,25.7643157,-80.233,google_lsa,new,2026-08-08T00:00:41.446+00:00
gmap:ChIJ9VFmROq32YgRwVzoi8esz3U,Key Point Academy Coral Gables,after-school care,(786) 841-2307,,https://keypointacademycoralgables.com/?y_source=1_MTAxNDIzNDE2MS03MTUtbG9jYXRpb24ud2Vic2l0ZQ%3D%3D,,"3066 SW 38th Ave, Coral Gables, FL 33146",Coral Gables,Florida,25.7340033,-80.2562266,google_lsa,new,2026-08-08T00:00:41.446+00:00
gmap:ChIJs-qheSu32YgRddM3U0KpeS4,Minds of Tomorrow Coconut Grove,after-school care,(305) 792-8879,,https://www.mindsoftomorrowmiami.com/,,"3121 Commodore Plaza, Miami, FL 33133",Miami,Florida,25.7271476,-80.2439854,google_lsa,new,2026-08-08T00:00:41.446+00:00
gmap:ChIJGXzDC-i32YgRAJAm_0upiTI,St Albans Child Enrichment Center Coconut Grove,after-school care,(305) 443-1234,,http://www.stalbanschildcare.org/,,"3465 Brooker St, Miami, FL 33133",Miami,Florida,25.7263529,-80.2554368,google_lsa,new,2026-08-08T00:00:41.446+00:00
gmap:ChIJfR1yGwq32YgRuwgCD3ZbU1Y,LITTLE APPLE LEARNING CENTER INC,after-school care,(305) 444-0200,,https://littleapplelearningcenter.com/,,"3198 SW 26th St, Miami, FL 33133",Miami,Florida,25.7434941,-80.2458897,google_lsa,new,2026-08-08T00:00:41.446+00:00
gmap:ChIJxd8LHJ632YgRWaU6kDU7-cM,Treehouse Preschool,after-school care,(305) 446-4230,,http://www.treehousepre.com/,,"3270 SW 29th St, Miami, FL 33133",Miami,Florida,25.7368887,-80.2476259,google_lsa,new,2026-08-08T00:00:41.446+00:00
gmap:ChIJheeWBcC32YgRZeVrxLOPook,Future Leaders Academy,after-school care,(305) 443-2001,,http://www.futureleadersacademy.us/,,"2885 SW 37th Ave, Miami, FL 33133",Miami,Florida,25.7372452,-80.2538217,google_lsa,new,2026-08-08T00:00:41.446+00:00
gmap:ChIJO1o2D0222YgR4CSD-pOqLvw,Play and Learn PreK,after-school care,(305) 860-4020,,http://playnlearnprek.com/,,"2485 SW 22nd Ave, Miami, FL 33145",Miami,Florida,25.7457397,-80.2297181,google_lsa,new,2026-08-08T00:00:41.446+00:00
gmap:ChIJaYSkvku32YgRuPFjjkHJOvg,Menininho Menininha Enrichment Center,after-school care,(305) 456-5995,,http://www.menininhomenininha.com/,,"2323 SW 27th Ave, Miami, FL 33145",Miami,Florida,25.7479481,-80.2375822,google_lsa,new,2026-08-08T00:00:41.446+00:00
gmap:ChIJW_1c91C22YgRbGDbcyU6RRU,Before & After Care Miami,after-school care,(305) 912-5521,,http://www.klaschools.com/our-programs/,,"1750 Coral Wy #300A, Miami, FL 33145",Miami,Florida,25.7505867,-80.2230336,google_lsa,new,2026-08-08T00:00:41.446+00:00
gmap:ChIJ4VzuT1q22YgRv3pMKMoLUOE,Village Montessori School,after-school care,(305) 858-9199,,http://www.montessorischoolmiami.com/,,"1414 SW 22nd St, Miami, FL 33145",Miami,Florida,25.7508099,-80.2188195,google_lsa,new,2026-08-08T00:00:41.446+00:00
gmap:ChIJ04aYEba32YgR2VWkK7lOCeE,Collette's Family Childcare,after-school care,(305) 443-5108,,https://www.collettefamilychildcare.com/,,"2730 Coconut Ave, Miami, FL 33133",Miami,Florida,25.7375887,-80.2385533,google_lsa,new,2026-08-08T00:00:41.446+00:00
gmap:ChIJnzl_oRW32YgRe18HWNDD76A,Watch Me Grow Learning Center III,after-school care,(305) 634-5500,,https://www.wmglcenter.com/,,"3400 NW 11th Pl, Miami, FL 33127",Miami,Florida,25.8084881,-80.2149,google_lsa,new,2026-08-08T00:00:41.446+00:00
gmap:ChIJc3OdHSO02YgRxrXnTxIEGYo,Little Cruisers,after-school care,(305) 539-4080,,,,"1080 Caribbean Wy, Miami, FL 33132",Miami,Florida,25.776918,-80.1782622,google_lsa,new,2026-08-08T00:00:41.446+00:00
gmap:ChIJz3hUXMS22YgRuItYAo7FkZQ,Lincoln-Marti Schools and Childcare Centers,after-school care,(305) 324-0099,,https://lincolnmarti.com/,,"1521 NW 13th Ct, Miami, FL 33125",Miami,Florida,25.7897306,-80.2175501,google_lsa,new,2026-08-08T00:00:41.446+00:00
gmap:ChIJq409vxa32YgRDQ19Rkeslds,Pumpkin Share,after-school care,(305) 541-4652,,,,"714 NW 32nd Ave, Miami, FL 33125",Miami,Florida,25.7794626,-80.247673,google_lsa,new,2026-08-08T00:00:41.446+00:00
gmap:ChIJ8WQnJeC22YgRvnVZjKyCx-0,Lincoln-Marti Schools and Childcare Centers,after-school care,(305) 643-6658,,https://lincolnmarti.com/,,"812 NW 22nd Ave, Miami, FL 33125",Miami,Florida,25.7811037,-80.2315644,google_lsa,new,2026-08-08T00:00:41.446+00:00
gmap:ChIJb79pxqu22YgRm1YZGswn1JY,Mia Piccolo Montessori,after-school care,(786) 930-5987,,http://www.miapiccolo.com/,,"2302 NE 2nd Ave, Miami, FL 33137",Miami,Florida,25.7990898,-80.1911128,google_lsa,new,2026-08-08T00:00:41.446+00:00
gmap:ChIJZcvxCEqx2YgReTRbUv5hegI,Moore Day Care Center,after-school care,(305) 635-2739,,https://www.miamigov.com/Government/Departments-Organizations/Human-Services/Child-Care-Centers,,"765 NW 36th St, Miami, FL 33127",Miami,Florida,25.8100887,-80.2096973,google_lsa,new,2026-08-08T00:00:41.446+00:00
gmap:ChIJaSY2T9a52YgRtdnVfrEv7IA,Discovery Times Inc,after-school care,(305) 446-0315,,,,"5152 W Flagler St, Coral Gables, FL 33134",Coral Gables,Florida,25.7709459,-80.2785606,google_lsa,new,2026-08-08T00:00:41.446+00:00
gmap:ChIJX751nK222YgRAGke7cV_vpM,Centro Hispano Catolico Child Care Center,after-school care,(305) 576-1923,,http://www.ccadm.org/our-ministries/child-development/,,"125 NW 25th St, Miami, FL 33127",Miami,Florida,25.8009698,-80.1976625,google_lsa,new,2026-08-08T00:00:41.446+00:00
gmap:ChIJjUS0hJS22YgRfpBAKEwcFaE,Lincoln-Marti Schools and Childcare Centers,after-school care,(305) 326-8885,,https://lincolnmarti.com/,,"221 NW 8th Ave, Miami, FL 33128",Miami,Florida,25.7761231,-80.2077028,google_lsa,new,2026-08-08T00:00:41.446+00:00
gmap:ChIJiUzJh6C32YgR5HuWqQcTp6Q,Precious Beginnings Preschool,after-school care,(786) 359-4744,,https://www.preciousbeginningspreschool.com/,,"1101 SW 12th Ave, Miami, FL 33129",Miami,Florida,25.7627342,-80.2140489,google_lsa,new,2026-08-08T00:00:41.446+00:00
gmap:ChIJh0Gjtpm22YgRLMB8dukOj7Y,YWCA Carol Glassman Donaldson Center,after-school care,(305) 375-3222,,https://www.ywcasouthflorida.org/what-we-do/programs/early-childhood-education,,"112 NW 3rd St, Miami, FL 33128",Miami,Florida,25.7766206,-80.1966997,google_lsa,new,2026-08-08T00:00:41.446+00:00
gmap:ChIJNTycwYy22YgR22mTazw6Gu0,Lincoln-Marti Schools and Childcare Centers,after-school care,(305) 285-7270,,https://lincolnmarti.com/,,"880 SW 8th St, Miami, FL 33130",Miami,Florida,25.7658016,-80.2086598,google_lsa,new,2026-08-08T00:00:41.446+00:00
gmap:ChIJyYIJcX222YgRLh7YzazAyKk,La Prima Casa Montessori - Brickell Campus,after-school care,(305) 854-2824,,https://www.laprimacasa.com/,,"1770 Brickell Ave, Miami, FL 33129",Miami,Florida,25.7559638,-80.1962367,google_lsa,new,2026-08-08T00:00:41.446+00:00
gmap:ChIJQzxCe8O22YgRoFnhSjiGim0,Early Beginnings Academy Civic Center,after-school care,(305) 325-1080,,http://www.earlybeginningsacademy.org/,,"1411 NW 14th Ave, Miami, FL 33125",Miami,Florida,25.7879436,-80.2183043,google_lsa,new,2026-08-08T00:00:41.446+00:00
gmap:ChIJF3bixoK22YgRmw1EA0Z1WTw,Key Point Academy Downtown,after-school care,(786) 495-9828,,http://keypointacademydowntown.com/,,"1501 Biscayne Blvd #100, Miami, FL 33132",Miami,Florida,25.7903567,-80.1880519,google_lsa,new,2026-08-08T00:00:41.446+00:00
gmap:ChIJ_aecqTS42YgRLlXsiWv9hyk,Yin-Yang Academy,after-school care,(786) 388-2400,,http://yinyangacademyprivate.com/,,"6031 SW 8th St, West Miami, FL 33144",West Miami,Florida,25.7635694,-80.2937294,google_lsa,new,2026-08-08T00:00:41.446+00:00
gmap:ChIJm-0Sgc252YgRmdsYV2aRuuc,Discovery Years Child Care Center,after-school care,(305) 266-9263,,,,"410 SW 57th Ave, Miami, FL 33144",Miami,Florida,25.766614,-80.2881541,google_lsa,new,2026-08-08T00:00:41.446+00:00
gmap:ChIJX5gW2n652YgRM-rySU5zs2A,Tilbert After School,after-school care,(786) 307-9838,,,,"6923 W Flagler St, Miami, FL 33144",Miami,Florida,25.7707415,-80.3078969,google_lsa,new,2026-08-08T00:00:41.446+00:00
gmap:ChIJX87e5K252YgR2Gtst3GanXk,Tiny Steps Daycare,after-school care,(305) 261-1655,,,,"7121 W Flagler St, Miami, FL 33144",Miami,Florida,25.7704586,-80.3099228,google_lsa,new,2026-08-08T00:00:41.446+00:00
gmap:ChIJFfyfWq622YgRehDtXL9AJDA,CARE Elementary School,after-school care,(786) 471-3223,,https://careelementary.org/,,"2025 NW 1st Ave, Miami, FL 33127",Miami,Florida,25.796129,-80.1965098,google_lsa,new,2026-08-08T00:00:41.446+00:00
gmap:ChIJYQMCRYi22YgRC-clWxZ84sI,Aguamarina Pre-Schools,after-school care,(305) 860-3979,,http://aguamarinaschools.com/,,"1018 SW 3rd Ave, Miami, FL 33130",Miami,Florida,25.7639571,-80.1991849,google_lsa,new,2026-08-08T00:00:41.446+00:00
gmap:ChIJkwr7QmW12YgRdXgMrkMeh1A,Miami Children's Museum Preschool,after-school care,(305) 373-5437,,https://www.miamichildrensmuseum.org/preschool/,,"980 MacArthur Cswy, Miami, FL 33132",Miami,Florida,25.7847091,-80.1764128,google_lsa,new,2026-08-08T00:00:41.446+00:00
gmap:ChIJq3s6b7u22YgR3yyoU_h1lH8,Overtown Youth Center,after-school care,(305) 349-1204,,http://www.overtownyouth.org/,,"450 NW 14th St, Miami, FL 33136",Miami,Florida,25.7876062,-80.2002775,google_lsa,new,2026-08-08T00:00:41.446+00:00
gmap:ChIJifX5ZOSx2YgRer86s4mEYZM,Kensington Nanny Service,after-school care,(754) 654-1115,,https://mykensingtonnanny.com/south-florida/miami/,,"2915 Biscayne Blvd Ste 300, Miami, FL 33137",Miami,Florida,25.8044981,-80.1892029,google_lsa,new,2026-08-08T00:00:41.446+00:00
gmap:ChIJbXSk2HC32YgRfgqbIzdhfNc,Ebenezer FWB Christian School (Learning Center/Elementary),after-school care,(305) 443-1992,,https://ebenezerfwbcs.org/,,"4111 SW 4th St, Coral Gables, FL 33134",Coral Gables,Florida,25.7687272,-80.2629021,google_lsa,new,2026-08-08T00:00:41.446+00:00
gmap:ChIJMYLf1ey22YgR1tvyLuBv87s,Lincoln-Marti Community Agency,after-school care,(305) 324-0666,,https://lincolnmarti.com/,,"949 SW 1st St, Miami, FL 33130",Miami,Florida,25.7727591,-80.2103033,google_lsa,new,2026-08-08T00:00:41.446+00:00
gmap:ChIJF9U6aZG22YgRlAMkLT1wDi8,Brickell Kidz Bus Service,after-school care,(305) 854-1583,,https://www.brickellkidzbus.com/,,"864 W Flagler St, Miami, FL 33130",Miami,Florida,25.773541,-80.2060127,google_lsa,new,2026-08-08T00:00:41.446+00:00
gmap:ChIJL3pxCPDG2YgReo9skrrmi7w,Ada Merritt K-8 Center,after-school care,(305) 326-0791,,https://www.adamerrittk-8center.org/,,"660 SW 3rd St, Miami, FL 33130",Miami,Florida,25.7705697,-80.2046483,google_lsa,new,2026-08-08T00:00:41.446+00:00
gmap:ChIJw-Mv2ey22YgRdZYkbJd4q6A,Lincoln-Marti Charter Schools (Little Havana Campus),after-school care,(305) 325-1001,,https://lincoln-marticharters.com/,,"970 W Flagler St, Miami, FL 33130",Miami,Florida,25.7735058,-80.2108628,google_lsa,new,2026-08-08T00:00:41.446+00:00
gmap:ChIJC-EHYMe22YgRhNmMvkI8SsY,Jackson Pediatric Center PPEC,after-school care,(305) 547-2500,,https://jacksonhealth.org/locations/jackson-pediatric-center/,,"1477 NW 8th Ave, Miami, FL 33136",Miami,Florida,25.789164,-80.208505,google_lsa,new,2026-08-08T00:00:41.446+00:00
gmap:ChIJwWNs8Lq22YgRJuJl3cR01GM,Dade County Resource Unit,after-school care,(305) 373-3521,,http://www.miamidade.gov/humanresources/labor-relations-collective-bargaining.asp,,"1698 NW 3rd Ave, Miami, FL 33136",Miami,Florida,25.7915773,-80.1998861,google_lsa,new,2026-08-08T00:00:41.446+00:00
gmap:ChIJd6bmUE2x2YgRby9q3x4PAGE,Young Men's Preparatory Academy,after-school care,(305) 571-1111,,https://ympacademy.org/,,"3001 NW 2nd Ave, Miami, FL 33127",Miami,Florida,25.8051151,-80.1989279,google_lsa,new,2026-08-08T00:00:41.446+00:00
gmap:ChIJmzjAQ1Kjuw0RqVzBSUkF9ho,Excellence After-School Emporium,after-school care,(305) 879-1910,,https://excellenceafterschoolemporium.com/,,,Brickell,FL,25.7925454,-80.2264276,google_lsa,new,2026-08-08T00:00:41.446+00:00
gmap:ChIJBylCw4a12YgR2ZloU7BAVdI,Challenge Island Miami,after-school care,(305) 399-3696,,https://challenge-island.com/miami/,,,Brickell,FL,25.7413045,-80.2186759,google_lsa,new,2026-08-08T00:00:41.446+00:00
gmap:ChIJnymtXoi22YgRdQ4B7IiwZmQ,Novo Brothers Academy,after-school care,(305) 570-5090,,,,"2412 NW 20th St, Miami, FL 33142",Miami,Florida,25.7940894,-80.2360391,google_lsa,new,2026-08-08T00:00:41.446+00:00
gmap:ChIJP7cH7aW22YgRd6sL_1FD7Wk,Andre Gusmao Academy,after-school care,(305) 409-0991,,http://www.andregusmaoacademy.com/,,"1657 N Miami Ave, Miami, FL 33136",Miami,Florida,25.7914332,-80.1942941,google_lsa,new,2026-08-08T00:00:41.446+00:00
gmap:ChIJWyvB4Gqx2YgRQ_xDyk1osi8,Girl Power Rocks,after-school care,(305) 756-5502,,http://www.girlpowerrocks.org/,,"1600 NW 3rd Ave #100, Miami, FL 33136",Miami,Florida,25.790592,-80.2008559,google_lsa,new,2026-08-08T00:00:41.446+00:00
gmap:ChIJi7LwYZ632YgRUqaw27aWtpc,Arena Combat Sports | Muay Thai Kickboxing | Brazilian Jiu-Jitsu | Boxing,after-school care,(786) 369-6834,,http://arenacombatsports.com/,,"1061 SW 8th St, Miami, FL 33130",Miami,Florida,25.7660377,-80.2124377,google_lsa,new,2026-08-08T00:00:41.446+00:00
gmap:ChIJL-7flfW22YgRH8L6zqrnzco,Sts. Peter & Paul Catholic School,after-school care,(305) 858-3722,,http://stspeter-paul.org/,,"1435 SW 12th Ave, Miami, FL 33129",Miami,Florida,25.7596804,-80.2136648,google_lsa,new,2026-08-08T00:00:41.446+00:00
gmap:ChIJizDXQmW32YgRwvS5nwod2LA,Kinloch Park Middle School,after-school care,(305) 445-5467,,https://kpmschool.net/,,"4340 NW 3rd St, Miami, FL 33126",Miami,Florida,25.7750086,-80.2663114,google_lsa,new,2026-08-08T00:00:41.446+00:00
gmap:ChIJWUgt7CG32YgR_sGYMnlkuso,Westcliff University,after-school care,(786) 677-9909,,https://www.westcliff.edu/campus/miami/?utm_source=google&utm_medium=organic&utm_campaign=gbp,,"825 Brickell Bay Dr 18th Floor, Miami, FL 33131",Miami,Florida,25.7646533,-80.1889296,google_lsa,new,2026-08-08T00:00:41.446+00:00
gmap:ChIJIRsUTe622YgR3rZW6cCpxNc,"Abriendo Puertas, Inc.",after-school care,(305) 649-6449,,,,"1401 SW 1st St, Miami, FL 33135",Miami,Florida,25.7725203,-80.2181828,google_lsa,new,2026-08-08T00:00:41.446+00:00
gmap:ChIJResTKlq32YgREn-8JTFPVVM,Biz Kids Academy,after-school care,(645) 224-7008,,https://mybizkids.com/,,"175 SW 7th St Apt 2105, Miami, FL 33130",Miami,Florida,25.7679767,-80.1967082,google_lsa,new,2026-08-08T00:00:41.445+00:00
gmap:ChIJjejAaoG22YgRDYMaitYiQKY,Tiniciti Preschool,after-school care,(786) 930-8683,,http://www.tiniciti.com/?utm_campaign=gmb,,"155 SE 13th St, Miami, FL 33131",Miami,Florida,25.7609892,-80.1906011,google_lsa,new,2026-08-08T00:00:41.445+00:00
gmap:ChIJ594F-R632YgRKycC3fZ-Tcw,Daycare Miami Inc,after-school care,(305) 644-8848,,,,"2395 NW 7th St, Miami, FL 33125",Miami,Florida,25.7798865,-80.2351471,google_lsa,new,2026-08-08T00:00:41.445+00:00
gmap:ChIJm9APhp-32YgRvy3K-XgL2Tk,Happy Dreams Learning Center,after-school care,(305) 648-2333,,,,"3691 SW 14th St, Miami, FL 33145",Miami,Florida,25.7589984,-80.254738,google_lsa,new,2026-08-08T00:00:41.445+00:00
gmap:ChIJy5ygTxi32YgRQ07KVmZYtZ0,Wynwood Daycare,after-school care,(305) 403-9022,,https://wynwooddaycare.com/,,"1612 NW 16th St, Miami, FL 33125",Miami,Florida,25.789429,-80.2218759,google_lsa,new,2026-08-08T00:00:41.445+00:00
gmap:ChIJyaFnE1622YgRuehFel114fU,Cherry Blossom Preschool,after-school care,(305) 860-3300,,http://www.cherryblossommiami.com/,,"2933 SW 3rd Ave, Miami, FL 33129",Miami,Florida,25.7529135,-80.2112382,google_lsa,new,2026-08-08T00:00:41.445+00:00
gmap:ChIJfZsHa4K32YgRScOvuyAt5Rs,NU World Learning Center,after-school care,(305) 640-8799,,,,"2100 Coral Wy Suite 402, Coral Gables, FL 33145",Coral Gables,Florida,25.7503945,-80.2284612,google_lsa,new,2026-08-08T00:00:41.445+00:00
gmap:ChIJiXu7PVy22YgR_p4UbhacHYI,Breakthrough Miami,after-school care,(305) 646-7210,,http://www.breakthroughmiami.org/,,"United Way Ansin Building, 3250 SW 3rd Ave, Miami, FL 33129",Miami,Florida,25.7519536,-80.2137802,google_lsa,new,2026-08-08T00:00:41.445+00:00
gmap:ChIJI6br5O622YgRQpV_mua_jN0,Leadership Learning Center at St. John Bosco,after-school care,(305) 649-4730,,http://www.leadershiplearningcenter.org/,,"1366 NW 1st St, Miami, FL 33125",Miami,Florida,25.774207,-80.217741,google_lsa,new,2026-08-08T00:00:41.445+00:00
gmap:ChIJEepOJvy22YgRyx8TKgx7aYY,The Learning Center for Kids,after-school care,(305) 303-1500,,http://tlckid.com/,,"2011 SW 8th St, Miami, FL 33135",Miami,Florida,25.7657117,-80.2283618,google_lsa,new,2026-08-08T00:00:41.445+00:00
gmap:ChIJdZEeN-W22YgRMZ_GKuwHdjw,Vinci Junior Academy,after-school care,(305) 643-2791,,,,"175 SW 17th Ave, Miami, FL 33135",Miami,Florida,25.7715181,-80.2225502,google_lsa,new,2026-08-08T00:00:41.445+00:00
gmap:ChIJY1bBge2q2YgR7q7A9R59-xM,South Florida Kiteboarding,after-school care,(305) 834-0595,,http://www.southfloridakiteboarding.com/,,"BY APPOINTMENT ONLY, 3301 Rickenbacker Cswy, Miami, FL 33149",Miami,Florida,25.7452811,-80.1739446,google_lsa,new,2026-08-08T00:00:41.445+00:00
gmap:ChIJPwRJRIS22YgRcZziDqe9hLA,CONCIERGE SERVICES FOR LUXURY LIVING,housekeeper,(786) 333-6237,,http://conciergeservicesll.com/,,"999 SW 1st Ave Apt 1812, Miami, FL 33130, United States",Miami,Florida,25.764981,-80.1949728,google_lsa,new,2026-08-04T15:10:49.425+00:00
gmap:ChIJqZcR8KC22YgR2IA2r3B4wS4,Elite Household HR - Miami Nanny Estate Staffing Agency,housekeeper,(754) 332-6644,,http://www.elitehouseholdhr.com/,,"200 SE 15th Rd, Miami, FL 33129",Miami,Florida,25.7567548,-80.1912817,google_lsa,new,2026-08-04T15:10:49.425+00:00
gmap:ChIJO9suMbv7xCARMcQaVTS169E,Golden Concierge Home Care,housekeeper,(305) 419-1138,,https://www.goldenconciergehomecare.com/,,"1419 SW 16th St, Miami, FL 33145, United States",Miami,Florida,25.7581748,-80.2186897,google_lsa,new,2026-08-04T15:10:49.425+00:00
gmap:ChIJs45oZmqz2YgRvmKtcuIZtfw,Instacleaner Services,housekeeper,(786) 766-3736,,,,"6445 NE 7th Ave #303n, Miami, FL 33138",Miami,Florida,25.8357135,-80.1811857,google_lsa,new,2026-08-04T15:10:49.425+00:00
gmap:ChIJ5Tbb4VqdCagRwdmsyw8_hTI,Clenza,housekeeper,(786) 790-3153,,,,"55 NW 29th St, Miami, FL 33127",Miami,Florida,25.8041876,-80.1961318,google_lsa,new,2026-08-04T15:10:49.425+00:00
gmap:ChIJ0QvwPXix2YgR7Fr03wxLDxo,GBC Facility Services Inc,housekeeper,(833) 900-4653,,https://gbcfs.com/,,"350 NE 75th St Ste 105, Miami, FL 33138",Miami,Florida,25.8434605,-80.1895077,google_lsa,new,2026-08-04T15:10:49.425+00:00
gmap:ChIJP__15WTkxCsRG9enawugZ28,Magic City Smart Cleaners,housekeeper,(786) 260-3752,,https://www.smartcleanersexperts.com/,,,Miami Beach,FL,25.7635095,-80.244408,google_lsa,new,2026-08-04T15:10:49.425+00:00
gmap:ChIJze-LZ9m6tQEReYabOyzXxAs,Shine Spot Cleaning Services,housekeeper,(786) 707-9497,,https://shinespotcleaningservice.com/,,,Miami Beach,FL,25.7194745,-80.254069,google_lsa,new,2026-08-04T15:10:49.425+00:00
gmap:ChIJlTTEOJzqiqkRNBa8SphL0Mg,Puritytouchcleaningservices,housekeeper,(954) 357-1984,,,,,Miami Beach,FL,25.8330916,-80.2244634,google_lsa,new,2026-08-04T15:10:49.425+00:00
gmap:ChIJx04IfmK12YgR1j9p4UU9bNM,Stayplus,housekeeper,(786) 250-1810,,https://stayplusmia.com/,,"7137 N Miami Ave, Miami, FL 33150",Miami,Florida,25.8410207,-80.1961691,google_lsa,new,2026-08-04T15:10:49.425+00:00
gmap:ChIJo1n-GXA5fY4RKgVXFpx79JQ,French Cleaning Services,housekeeper,(786) 782-6096,,https://frenchcleaningservices.com/,,,Miami Beach,FL,25.804377,-80.2173309,google_lsa,new,2026-08-04T15:10:49.425+00:00
gmap:ChIJk5aQrEANnEcR42EU37EYmv4,Future Now professional cleaning,housekeeper,(330) 459-3637,,,,,Miami Beach,FL,25.782414,-80.2253934,google_lsa,new,2026-08-04T15:10:49.425+00:00
gmap:ChIJvyP5jBIh_qgRV46ppyuUCHY,Maximum Cleaning Solutions,housekeeper,(856) 203-5914,,https://www.maximumcleansolutions.com/,,,Miami Beach,FL,25.782414,-80.2253934,google_lsa,new,2026-08-04T15:10:49.425+00:00
gmap:ChIJGfE50tmz2YgRPsUf_auXJkc,The Biscayne Hotel,housekeeper,(305) 456-0432,,http://thebiscaynehotel.com/,,"6730 Biscayne Blvd, Miami, FL 33138",Miami,Florida,25.8379637,-80.1844173,google_lsa,new,2026-08-04T15:10:49.425+00:00
gmap:ChIJ1ai43JhMb6cR_Gl98g0WYV8,Catalina Cleaning,housekeeper,(786) 305-6088,,https://catalinacleaning.com/service-areas/miami?utm_source=GMB&utm_medium=organic&utm_campaign=catalinacleaning,,"1840 Coral Wy Unit 316, Miami, FL 33145",Miami,Florida,25.7505094,-80.2248043,google_lsa,new,2026-08-04T15:10:49.425+00:00
gmap:ChIJb3JotCO32YgROD3LrnaEVa4,Clean My Mess Cleaning Services Coconut Grove,housekeeper,(786) 687-2752,,https://cleanmymess.miami/,,"2640 S Bayshore Dr, Miami, FL 33133",Miami,Florida,25.7308705,-80.2358776,google_lsa,new,2026-08-04T15:10:49.425+00:00
gmap:ChIJdTRTZADvPAsRlV0RCCkMJmA,The Prime Cleaner - South Miami Cleaning Services,housekeeper,(786) 420-4273,,https://www.theprimecleaner.com/location/south-miami,,"2000 S Dixie Hwy Ste 100B-A, Miami, FL 33133, United States",Miami,Florida,25.743688,-80.2266634,google_lsa,new,2026-08-04T15:10:49.425+00:00
gmap:ChIJn-dINDa32YgRzqL0oxjrVL0,Miami cleaning and maintenance,housekeeper,(786) 326-2852,,,,"2740 SW 12th St, Miami, FL 33135, United States",Miami,Florida,25.7612851,-80.2394838,google_lsa,new,2026-08-04T15:10:49.425+00:00
gmap:ChIJVxQtr5y32YgRKM9cE8dbmnM,Maid Svc.,housekeeper,(305) 800-6243,,https://maidincoconutgrove.com/,,"2857 SW 27th Ave, Coconut Grove, FL 33133, United States",Coconut Grove,Florida,25.7382713,-80.2375073,google_lsa,new,2026-08-04T15:10:49.425+00:00
gmap:ChIJAw_xOgC32YgR7CgFaEXgAnA,All Star Clean & Clear - Cleaning Services,housekeeper,(929) 647-7621,,https://allstarcc.com/,,"2900 SW 28th Ln, Miami, FL 33133, United States",Miami,Florida,25.7394848,-80.2405304,google_lsa,new,2026-08-04T15:10:49.425+00:00
gmap:ChIJ8X6U3HC32YgRRCkfmSvVJpU,Handy Cleaning Svc.,housekeeper,(305) 800-6243,,https://handysvc.com/,,"45 SW 9th St Apt 3808, Miami, FL 33130, United States",Miami,Florida,25.7656672,-80.1937806,google_lsa,new,2026-08-04T15:10:49.425+00:00
gmap:ChIJc2jHri632YgRbcXkpp4by_E,CR Maids,housekeeper,(786) 882-0242,,https://crmaids.com/brickell,,"1101 Brickell Ave 8th Floor, Suite 100, Miami, FL 33131, United States",Miami,Florida,25.7633056,-80.1910755,google_lsa,new,2026-08-04T15:10:49.425+00:00
gmap:ChIJW3giGdS2W4kR8xO-_9z-6aQ,Champion Housekeeping,housekeeper,(786) 393-3851,,,,,Miami Beach,FL,25.732887,-80.2253934,google_lsa,new,2026-08-04T15:10:49.425+00:00
gmap:ChIJe99crm-32YgR5Qf4W2RbI-0,Zion Cleaning Services,housekeeper,(305) 924-3670,,https://zioncleanservices.com/,,"2700 SW 27th Ave, Miami, FL 33133, United States",Miami,Florida,25.7414849,-80.2382408,google_lsa,new,2026-08-04T15:10:49.425+00:00
gmap:ChIJIZSh0r7_kYURBorsh9G8Xsk,The Modern Housekeeper,housekeeper,(941) 724-0159,,https://www.themodernhousekeeper.com/,,,Miami Beach,FL,25.782414,-80.2253934,google_lsa,new,2026-08-04T15:10:49.425+00:00
gmap:ChIJN8ixNFK22YgRf7bmNEhKbJE,Arsi Care Group,housekeeper,(305) 854-3234,,https://www.arsicare.com/elder-care-services-miami/?utm_source=gbp&utm_medium=organic&utm_campaign=gbp-listing,,"2050 Coral Wy Ste 405, Miami, FL 33145, United States",Miami,Florida,25.7503933,-80.2277369,google_lsa,new,2026-08-04T15:10:49.425+00:00
gmap:ChIJ79Zj-HS32YgRzFsSrZAgO6I,Park Slope Cleaning,housekeeper,(305) 549-5522,,https://parkslopecleaning.com/our-locations/miami-fl/,,"100 SE 2nd St #3200, Miami, FL 33131",Miami,Florida,25.7723384,-80.1916018,google_lsa,new,2026-08-04T15:10:49.425+00:00
gmap:ChIJNwOmoBS32YgR3C-nqD6Zd3U,Maid in Miami,housekeeper,(917) 776-7408,,https://maid-in-miami.com/home,,"698 NE 1st Ave, Miami, FL 33132",Miami,Florida,25.7807958,-80.1923737,google_lsa,new,2026-08-04T15:10:49.425+00:00
gmap:ChIJMXRVlTnpYEoRAUao9EL3Mi0,Aloha Cleaning Solutions,housekeeper,(786) 881-1981,,,,,Miami Beach,FL,25.8044203,-80.2177349,google_lsa,new,2026-08-04T15:10:49.425+00:00
gmap:ChIJAzkcQkTmziIRh6XxzsoroPs,Supreme Cleaning Crew,housekeeper,(786) 546-8068,,https://sccmiami.com/,,,Miami Beach,FL,25.782414,-80.2253934,google_lsa,new,2026-08-04T15:10:49.425+00:00
gmap:ChIJBw15Oqzw9SQRbzjkM3prHXg,Vargas Cleaning Group,housekeeper,(305) 497-8885,,https://www.vargascleaninggroup.com/,,,Miami Beach,FL,25.782414,-80.2253934,google_lsa,new,2026-08-04T15:10:49.425+00:00
gmap:ChIJ_5PPcly32YgRhgLoXDBK0ao,Villoura - Luxe Vacation Home Rentals & Property Management,housekeeper,(323) 792-0370,,https://villoura.com/,,"1395 Brickell Ave Suite #800, Miami, FL 33131, United States",Miami,Florida,25.7604836,-80.1909065,google_lsa,new,2026-08-04T15:10:49.425+00:00
gmap:ChIJbyzROmgvl6YR66TEcJadKpE,Emerald House Cleaning of Miami,housekeeper,(305) 564-4124,,,,,Miami Beach,FL,25.782414,-80.2253934,google_lsa,new,2026-08-04T15:10:49.425+00:00
gmap:ChIJN7FimKOE9SoRyX_lB3KHoAs,Fresh Shine Cleaning Services,housekeeper,(786) 980-9809,,https://freshandshinecleaningservices.com/miami-beach/house-cleaning-service/,,,Miami Beach,FL,25.801754,-80.2186759,google_lsa,new,2026-08-04T15:10:49.425+00:00
gmap:ChIJ65z4wDQafG8RVwnGglBdCQU,PP&C Cleaning LLC,housekeeper,(305) 846-3285,,,,,Miami Beach,FL,25.782414,-80.2253934,google_lsa,new,2026-08-04T15:10:49.425+00:00
gmap:ChIJKW22EnlpiqQRQf6KCus9dTk,Shalom Cleaning Services,housekeeper,(786) 817-1532,,,,,Miami Beach,FL,25.782414,-80.2253934,google_lsa,new,2026-08-04T15:10:49.425+00:00
gmap:ChIJYQcNiNJsDKwRRgM7cL4PJTQ,Outsparclean Miami,housekeeper,(786) 224-8694,,https://outsparclean.bookingkoala.com/booknow,,"645 NW 1st St, Miami, FL 33128",Miami,Florida,25.7750419,-80.2052097,google_lsa,new,2026-08-04T15:10:49.425+00:00
gmap:ChIJH_4jOXi32YgRlEzXwiyEOac,Cleaning Services Alison,housekeeper,(305) 497-7596,,,,"498 SW 6th St #305, Miami, FL 33130",Miami,Florida,25.7678852,-80.202211,google_lsa,new,2026-08-04T15:10:49.425+00:00
gmap:ChIJPcfldny32YgRVS8lZ4gey2E,Clean & Collected Airbnb Cleaning Services,housekeeper,(551) 579-9033,,https://www.cleanandcollected.com/,,"234 NE 3rd St, Miami, FL 33132",Miami,Florida,25.776895,-80.1897078,google_lsa,new,2026-08-04T15:10:49.425+00:00
gmap:ChIJ16E--KC22YgR03auJNU6hVs,Up Maids Cleaning Service,housekeeper,(305) 928-2383,,https://upmaids.com/miami-house-cleaning/,,"990 Biscayne Blvd Apt 502, Miami, FL 33132",Miami,Florida,25.7833171,-80.1898577,google_lsa,new,2026-08-04T15:10:49.425+00:00
gmap:ChIJjw33Gvm32YgR4kfKangIj0g,Hause and comecial cleaning service,housekeeper,(786) 474-8478,,,,"1036 SW 2nd St, Miami, FL 33130",Miami,Florida,25.7714781,-80.212134,google_lsa,new,2026-08-04T15:10:49.425+00:00
gmap:ChIJcRkvM_Z-ayQRJkiLH-m9oSQ,Tia House Cleaning Company,housekeeper,(954) 450-7821,,http://tiahousecleaningcompanyinc.online/,,"2655 Biscayne Blvd, Miami, FL 33137",Miami,Florida,25.802446,-80.188873,google_lsa,new,2026-08-04T15:10:49.425+00:00
gmap:ChIJn9NmHGu12YgRgE4_Z0UFXSQ,Nanny in Miami,housekeeper,(786) 566-6836,,https://nannyinmiami.com/,,"601 Brickell Key Dr #700, Miami, FL 33131",Miami,Florida,25.7671592,-80.1859069,google_lsa,new,2026-08-04T15:10:49.425+00:00
gmap:ChIJzUyugHZuAHwR4urg3ITmVWY,Turno,housekeeper,(844) 975-4619,,https://turno.com/,,"150 SE 2nd Ave Ste 1025, Miami, FL 33131",Miami,Florida,25.7729969,-80.1903322,google_lsa,new,2026-08-04T15:10:49.425+00:00
gmap:ChIJefn_GwDI2YgR7u3XmQ8d51A,"Miami Nannies, Inc",housekeeper,(305) 924-1783,,https://miaminanniesinc.com/,,"1 Alhambra Plz PH, Miami, FL 33134",Miami,Florida,25.7529118,-80.2550875,google_lsa,new,2026-08-04T15:10:49.425+00:00
gmap:ChIJU3B25gDA9WYRvnmZHoJHOww,SB HouseKeepers,housekeeper,(305) 765-0383,,https://www.instagram.com/sbhousekeepers/,,,Miami Beach,FL,25.7908315,-80.2186759,google_lsa,new,2026-08-04T15:10:49.425+00:00
gmap:ChIJi6IixZ222YgRSpl5vhAlsFI,BTB USA Corporation,housekeeper,(305) 577-8875,,,,"245 SE 3rd Ave #327, Miami, FL 33131",Miami,Florida,25.7737244,-80.1891629,google_lsa,new,2026-08-04T15:10:49.425+00:00
gmap:ChIJjbsFtG632YgR209xMs4pmNY,Pamen Laundry,housekeeper,(786) 678-8023,,,,"3943 NW 7th St, Miami, FL 33126",Miami,Florida,25.779093,-80.2612001,google_lsa,new,2026-08-04T15:10:49.425+00:00
gmap:ChIJA0uUZam32YgR07rCpp-2uTE,Maxwell Dry Cleaners,housekeeper,(305) 856-8966,,,,"1689 SW 27th Ave, Miami, FL 33145",Miami,Florida,25.75618,-80.2382777,google_lsa,new,2026-08-04T15:10:49.425+00:00
gmap:ChIJJboVPJ622YgRw9VinMDzAJw,Vida Hospitality,housekeeper,(305) 671-3636,,,,"141 NE 3rd Ave #601, Miami, FL 33132",Miami,Florida,25.7760651,-80.1884804,google_lsa,new,2026-08-04T15:10:49.425+00:00
gmap:ChIJi-P_6g632YgRgppycNf9qmI,Maritza and Jorge Cleaning,housekeeper,(786) 317-2502,,,,,Miami Beach,FL,25.782414,-80.2253934,google_lsa,new,2026-08-04T15:10:49.425+00:00
gmap:ChIJu914aCe02YgRPBfSQNj8sVs,InterContinental Miami by IHG,housekeeper,(305) 577-1000,,https://www.icmiamihotel.com/?utm_source=google&utm_medium=organic&utm_campaign=Google-Business-Listing&utm_content=Google-Business-Profile&trackingSource=GoogleBusinessListing,,"100 Chopin Plaza, Miami, FL 33131",Miami,Florida,25.7721907,-80.1859031,google_lsa,new,2026-08-04T15:10:49.425+00:00
gmap:ChIJv1SfdcCSdKMRLGmGkZHQ7cM,BriteMaids,housekeeper,(305) 209-2566,,http://britemaids.net/,,,Miami Beach,FL,25.80373,-80.2156565,google_lsa,new,2026-08-04T15:10:49.425+00:00
gmap:ChIJM04iQGW32YgRqaifby7dfOg,Moxy Miami Wynwood,housekeeper,(786) 885-2670,,https://www.marriott.com/en-us/hotels/miaon-moxy-miami-wynwood/overview/?scid=f2ae0541-1279-4f24-b197-a979c79310b0,,"255 NW 25th St, Miami, FL 33127",Miami,Florida,25.8008842,-80.2004519,google_lsa,new,2026-08-04T15:10:49.425+00:00
gmap:ChIJI-YE6FYTLYsR9xVEPMEztL8,Golden Charge Home Care Services LLC,housekeeper,(786) 229-4333,,https://goldenchargehomecareservices.com/,,"1000 Brickell Ave, Miami, FL 33131",Miami,Florida,25.7639791,-80.1917842,google_lsa,new,2026-08-04T15:10:49.425+00:00
gmap:ChIJlZUqA5222YgRzjtasuQFBNg,Hyatt Regency Miami,housekeeper,(305) 358-1234,,https://www.hyatt.com/hyatt-regency/en-US/miarm-hyatt-regency-miami?src=corp_lclb_google_seo_miarm&utm_source=google&utm_medium=organic&utm_campaign=lmr,,"400 SE 2nd St, Miami, FL 33131",Miami,Florida,25.770728,-80.1906299,google_lsa,new,2026-08-04T15:10:49.425+00:00
gmap:ChIJkWCv_IC22YgRq4KrW9E54dM,Fortune House Hotel,housekeeper,(305) 349-5200,,http://www.fortunehousehotel.com/,,"185 SE 14th Terrace, Miami, FL 33131",Miami,Florida,25.7594122,-80.1909976,google_lsa,new,2026-08-04T15:10:49.425+00:00
gmap:ChIJD171p5ZnQoYRZZ-s09cMGYw,Maid Meticulous Cleaning Service Coral Gables,housekeeper,(786) 745-7027,,http://maidmeticulousmaidservicecoralgables.com/,,"3210 Thomas Ave #3, Miami, FL 33133",Miami,Florida,25.7270516,-80.2454597,google_lsa,new,2026-08-04T15:10:49.425+00:00
gmap:ChIJuz96OfG32YgRO4PxIChVVPo,AG Pure Cleaning Multiservices,housekeeper,(786) 978-4166,,https://agpurecleaning.com/,,"2911 SW 18th St, Miami, FL 33145, United States",Miami,Florida,25.755137,-80.2409457,google_lsa,new,2026-08-04T15:10:49.425+00:00
gmap:ChIJK2obYHm32YgRYqUs1LEqRzQ,prohandscleaningsquadllc,housekeeper,(786) 764-6612,,https://prohandscleaningsquadllc.com/,,"3830 NW 11th St, Miami, FL 33126, United States",Miami,Florida,25.7822629,-80.2585546,google_lsa,new,2026-08-04T15:10:49.425+00:00
gmap:ChIJi1qipgb_cyIRC58BmMId-c4,Move Out Cleaning Service Miami,housekeeper,(305) 703-7271,,https://moveoutcleaningservicemiami.weebly.com/,,,Miami Beach,FL,25.782414,-80.2253934,google_lsa,new,2026-08-04T15:10:49.425+00:00
gmap:ChIJRw7Mzjak6wURtYMhXlBYdM4,Cleaning Services West Miami,housekeeper,(305) 990-8871,,https://cleaningservicewestmiami.weebly.com/,,,Miami Beach,FL,25.782414,-80.2253934,google_lsa,new,2026-08-04T15:10:49.425+00:00
gmap:ChIJYTIL4-e32YgRg4dn8Urjxpw,"Gator Protection, Inc.",housekeeper,(305) 775-1042,,https://gatorprotec.com/,,"782 NW 42nd Ave Ste 428, Miami, FL 33126, United States",Miami,Florida,25.7790304,-80.2652682,google_lsa,new,2026-08-04T15:10:49.425+00:00
gmap:ChIJhzEx4ZXH2YgRr5wGpTH7vcA,SYNERGY HomeCare,housekeeper,(786) 888-0379,,https://synergyhomecare.com/fl-miami-33145/,,"1627 SW 37th Ave Office 100, Miami, FL 33145, United States",Miami,Florida,25.7562682,-80.2545429,google_lsa,new,2026-08-04T15:10:49.425+00:00
gmap:ChIJa1wKuumqvCkRJRTtJNzrJbk,MaidPro Miami,housekeeper,(305) 385-8838,,http://www.maidpro.com/south-miami,,,Miami Beach,FL,25.782414,-80.2253934,google_lsa,new,2026-08-04T15:10:49.425+00:00
gmap:ChIJKd651owwoaUR_7X4I12c8Jo,Freshy Cleaning Services,housekeeper,(786) 678-5951,,https://purple-georgena-3.tiiny.site/#services,,,Miami Beach,FL,25.782414,-80.2253934,google_lsa,new,2026-08-04T15:10:49.425+00:00
gmap:ChIJK-84miza1KcRR7vKv3L9Xuw,Gigi’s housekeeping,housekeeper,(305) 684-7998,,,,,Miami Beach,FL,25.782414,-80.2253934,google_lsa,new,2026-08-04T15:10:49.425+00:00
gmap:ChIJ2yBEAr67vygRZo1pHsQWd-o,Ovie2 cleaning LLC,housekeeper,(786) 258-2702,,http://ovie2cleaning.com/,,,Miami Beach,FL,25.7908315,-80.2186759,google_lsa,new,2026-08-04T15:10:49.425+00:00
gmap:ChIJ0ZycILHq4yARYV_OvBQVgJ8,Xclusive One Cleaning LLC,housekeeper,(786) 916-7984,,https://sites.google.com/view/xclusive-one-cleaning,,,Miami Beach,FL,25.766936,-80.305201,google_lsa,new,2026-08-04T15:10:49.425+00:00
gmap:ChIJMRjbJj7R-UwRhN4RGYXOnbA,Prime Liz Cleaning LLC,housekeeper,(786) 824-0689,,,,,Miami Beach,FL,25.782414,-80.2253934,google_lsa,new,2026-08-04T15:10:49.425+00:00
gmap:ChIJC1gBQ5_IrUsRQmu_4E5HgCA,Earth Technologies — Facility Management - Janitorial Services - Commercial Cleaning.,housekeeper,(754) 544-1878,,http://earthtechnologiescorp.com/,,,Miami Beach,FL,25.782414,-80.2253934,google_lsa,new,2026-08-04T15:10:49.425+00:00
gmap:ChIJ69oVv3W32YgRYpcMkOH2GMI,Wiz Cleaners,housekeeper,(305) 874-0260,,https://wizcleaners.com/,,"66 W Flagler St, Miami, FL 33130",Miami,Florida,25.7738563,-80.1951849,google_lsa,new,2026-08-04T15:10:49.425+00:00
gmap:ChIJyxE9cTkC3U0RyqRctmtZKg0,Golden Broom Cleaners,housekeeper,(305) 853-8877,,http://goldenbroomcleaners.com/,,"2500 Biscayne Blvd Apt 711, Miami, FL 33137",Miami,Florida,25.8014981,-80.1894488,google_lsa,new,2026-08-04T15:10:49.425+00:00
gmap:ChIJ3R6VVdWCOAsR2YCgAH759Xg,Miami House Cleaning,housekeeper,(754) 354-6072,,https://miahousecleaning.com/,,"601 NE 39th St, Miami, FL 33137",Miami,Florida,25.8137298,-80.1864031,google_lsa,new,2026-08-04T15:10:49.425+00:00
gmap:ChIJmeQFxZyIh6YRIbwPIkv00hk,Deni Cleaning Service Miami,housekeeper,(786) 277-5752,,https://denicleaningmiami.com/,,"601 NE 23rd St, Miami, FL 33137",Miami,Florida,25.7994637,-80.1863504,google_lsa,new,2026-08-04T15:10:49.425+00:00
gmap:ChIJIU3ip6e22YgRQZxz3Ah03kE,Suds Domestic Services LLC,housekeeper,(305) 233-6707,,http://www.sudsdomestic.com/,,"1444 Biscayne Blvd Ste 115-4, Miami, FL 33132",Miami,Florida,25.7890231,-80.1893843,google_lsa,new,2026-08-04T15:10:49.425+00:00
gmap:ChIJJ2HSaXa12YgRWSvNm4Xa3Mk,iMaid,housekeeper,(786) 723-7725,,,,"425 NE 22nd St Apt 704, Miami, FL 33137",Miami,Florida,25.7984495,-80.1872588,google_lsa,new,2026-08-04T15:10:49.425+00:00
gmap:ChIJddH2TwC32YgRoDQKBNPwyzs,OTC SERVICES MIAMI CLEANING,housekeeper,(703) 987-3738,,https://www.otcservicesfl.com/,,"300 S Biscayne Blvd, Miami, FL 33132",Miami,Florida,25.7714365,-80.1877704,google_lsa,new,2026-08-04T15:10:49.425+00:00
gmap:ChIJadadipC32YgRceUahXMKWsw,Precision Cleaning Group LLC,housekeeper,(786) 372-9890,,,,"2125 Biscayne Blvd Ste 204 #25989, Miami, FL 33137",Miami,Florida,25.7978971,-80.1884291,google_lsa,new,2026-08-04T15:10:49.425+00:00
gmap:ChIJf2nJj3yMuo4RqiSeX1NZA8M,MaidThis Cleaning of Miami,housekeeper,(786) 882-2076,,http://www.maidthis.com/miami,,,Miami Beach,FL,25.734256,-80.2332815,google_lsa,new,2026-08-04T15:10:49.425+00:00
gmap:ChIJsVo6phW32YgRWuB8v4qfGrE,Total Cleaning,housekeeper,(954) 250-4962,,https://totalcleaningcorp.com/?utm_source=google&utm_medium=organic&utm_campaign=business_profile,,,Miami Beach,FL,25.732887,-80.2253934,google_lsa,new,2026-08-04T15:10:49.425+00:00
gmap:ChIJOzNCWpe32YgRpqV66uvP9Uc,Porto Maciel LLC,housekeeper,(786) 286-1951,,,,"58 NE 14th St Apt 2008, Miami, FL 33132",Miami,Florida,25.7880398,-80.1928705,google_lsa,new,2026-08-04T15:10:49.425+00:00
gmap:ChIJSRG5nwbkJSoR3e4y9l3KfFc,Mi Amigo Cares,housekeeper,(305) 204-7403,,https://www.miamigocares.com/,,"66 W Flagler St Suit 900, Miami, FL 33130",Miami,Florida,25.7739191,-80.1949873,google_lsa,new,2026-08-04T15:10:49.425+00:00
gmap:ChIJzWHS9Ph9c04RAa5jqOCazk4,Top Tier Cleaning,housekeeper,(786) 746-7852,,https://thetoptiercleaners.com/,,,Miami Beach,FL,25.7701,-80.254069,google_lsa,new,2026-08-04T15:10:49.425+00:00
gmap:ChIJychtrv8xfg0ReoE1jUPNKlA,allaround Concierge Care,housekeeper,(305) 380-2853,,https://allaround.care/,,"333 SE 2nd Ave Ste 2000, Miami, FL 33131",Miami,Florida,25.7715827,-80.188778,google_lsa,new,2026-08-04T15:10:49.425+00:00
gmap:ChIJp38Tegg7PmYR1ckRxk2qj20,Squeaky Pro Cleaners,housekeeper,(786) 550-6269,,https://www.squeakyprocleaners.com/,,,Miami Beach,FL,25.7835645,-80.2186759,google_lsa,new,2026-08-04T15:10:49.425+00:00
gmap:ChIJ__-v0IO22YgRN4nJIDsdRAs,Guestable,housekeeper,(305) 851-2056,,https://www.guestable.com/miami-vacation-rental-property-management/,,"78 SW 7th St, Miami, FL 33130",Miami,Florida,25.7669011,-80.1937566,google_lsa,new,2026-08-04T15:10:49.425+00:00
gmap:ChIJ6VZTiEidT0YRwTFvZAdVExg,The Refinery Cleaning Crew LLC,housekeeper,(305) 731-1534,,https://therefinerycleaningcrew.com/,,,Miami Beach,FL,25.782414,-80.2253934,google_lsa,new,2026-08-04T15:10:49.425+00:00
gmap:ChIJt9xULq5MqCwR-yl5jsRPGg8,Clin Vibe cleaning,housekeeper,(786) 824-8333,,http://clinvibe.com/,,,Miami Beach,FL,25.782414,-80.2253934,google_lsa,new,2026-08-04T15:10:49.425+00:00
gmap:ChIJr8UNh9G32YgRdcCgdXPWr34,ReyZel General Services LLC,housekeeper,(786) 553-5500,,http://www.facebook.com/ReyZelGeneralServicesLLC,,,Miami Beach,FL,25.766936,-80.305201,google_lsa,new,2026-08-04T15:10:49.425+00:00
gmap:ChIJxS6GvdKz2YgRJiAnDdKHGpc,Maid Green Miami,housekeeper,(305) 757-0575,,http://www.maidgreen.com/,,"1666 NE 79th St CSY #202, North Bay Village, FL 33141",North Bay Village,Florida,25.8483365,-80.1617483,google_lsa,new,2026-08-04T15:10:49.425+00:00
gmap:ChIJX45Uibax2YgRg_-Ghipvg7o,Two Maids,housekeeper,(305) 395-6450,,https://twomaidscleaning.com/miami-beach/,,"375 NE 54th St #8, Miami, FL 33137",Miami,Florida,25.825743,-80.1882693,google_lsa,new,2026-08-04T15:10:49.425+00:00
gmap:ChIJ7Q67Sy-s2YgRHiQafDL0jJY,EcOrganiClean,housekeeper,(248) 574-1368,,http://www.ecorganiclean.com/,,"1040 NE 78th St Ste 3, Miami, FL 33138",Miami,Florida,25.8464441,-80.1748815,google_lsa,new,2026-08-04T15:10:49.425+00:00
gmap:ChIJ9WhjdX6x2YgRlXMnuxIlg9M,"Service Keepers Maintenance, Inc.",housekeeper,(305) 751-2261,,https://servicekeepers.com/,,"7541 NE 3rd Pl, Miami, FL 33138",Miami,Florida,25.8445247,-80.1891677,google_lsa,new,2026-08-04T15:10:49.425+00:00
gmap:ChIJrxI0KnK32YgRkXSE6dq-K1k,Maid In Brickell,housekeeper,(305) 800-6243,,http://maidinbrickell.com/,,"801 S Miami Ave, Miami, FL 33130",Miami,Florida,25.7660456,-80.1929712,google_lsa,new,2026-08-04T15:10:49.424+00:00
gmap:ChIJWZDtK2u72YgR6_6sA6HQy6M,Miracle Hands Clean LLC,housekeeper,(305) 987-4357,,http://miraclehandsclean.com/,,"1000 Brickell Ave PMB 1136, Ste 715, Miami, FL 33131",Miami,FL,25.7639994,-80.1917812,google_lsa,new,2026-08-04T15:10:49.424+00:00
gmap:ChIJM0WTnerIoC4RFvagcnx3lfU,The Prime Cleaner,housekeeper,(305) 575-2776,,http://www.theprimecleaner.com/,,"2125 Biscayne Blvd Ste 238, Miami, FL 33137",Miami,Florida,25.7979951,-80.188572,google_lsa,new,2026-08-04T15:10:49.424+00:00
gmap:ChIJhTxCHYqbA24Rnzln90pAWIw,Clean and Spotless Services,housekeeper,(470) 808-1516,,https://cleanandspotlessservices.com/,,"230 NE 4th St Ste 2514, Miami, FL 33132",Miami,Florida,25.7778722,-80.1896048,google_lsa,new,2026-08-04T15:10:49.424+00:00
gmap:ChIJh_eNlfiyaI4RcAqRdomspMk,Maravilla Cleaners,housekeeper,(866) 986-6005,,http://www.maravillacleaners.com/,,"180 NE 29th St #1402, Miami, FL 33137",Miami,Florida,25.8038282,-80.1917993,google_lsa,new,2026-08-04T15:10:49.424+00:00
gmap:ChIJjXzLgaMsREwRkB9GHA8uX_M,Clean My Mess Cleaning Services Miami,housekeeper,(786) 687-2752,,http://cleanmymess.miami/,,"2701 Biscayne Blvd, Miami, FL 33137",Miami,Florida,25.8033904,-80.1890049,google_lsa,new,2026-08-04T15:10:49.424+00:00
gmap:ChIJo0_D6fq22YgR-XAPTy2R_nM,MaidPro,housekeeper,(305) 684-3766,,https://www.maidpro.com/miami-beach/?utm_source=gmb&utm_medium=organic,,"3135 SW 3rd Ave, Miami, FL 33129",Miami,Florida,25.7517552,-80.2129192,google_lsa,new,2026-08-04T15:10:49.424+00:00
gmap:ChIJR3Nqru-WliURU2a3JQN8_zw,Deep House Keepers,housekeeper,(754) 799-8820,,https://deephousekeepers.com/,,"961 SW 7th St, Miami, FL 33130",Miami,Florida,25.7670806,-80.210323,google_lsa,new,2026-08-04T15:10:49.424+00:00
gmap:ChIJl-u6zwNlvwAR2CiPDiY2OY8,Clean Casa Miami,housekeeper,(954) 237-8725,,https://cleancasamiami.com/,,"#3182, Miami, FL 33179",Miami,Florida,25.76168,-80.19179,google_lsa,new,2026-08-04T15:10:49.424+00:00
gmap:ChIJA0ZDxKeGcWgRjNZqXq_w5I4,Green House Cleaning Service Miami,housekeeper,(305) 974-1220,,https://greencleaningmiami.weebly.com/,,"999 Brickell Ave #510, Miami, FL 33131",Miami,Florida,25.7638942,-80.1906014,google_lsa,new,2026-08-04T15:10:49.424+00:00
gmap:ChIJ57PKsEhYHmgRCspo3wxoOEo,Vip Housekeeping Express,housekeeper,(786) 413-0901,,https://www.viphousekeepingexpress.com/,,"219 NW 12th Ave, Miami, FL 33128",Miami,Florida,25.7758367,-80.2143104,google_lsa,new,2026-08-04T15:10:49.424+00:00
gmap:ChIJne7y6Lm32YgRieW8241OR_o,Maid Svc,housekeeper,(305) 800-6243,,http://maidsvc.com/,,"1000 Brickell Ave #1100, Miami, FL 33131",Miami,Florida,25.764124,-80.1916375,google_lsa,new,2026-08-04T15:10:49.424+00:00
gmap:ChIJDSog46S32YgRNN6pLEYr1e0,Cleanzen Miami Cleaning Services,housekeeper,(305) 590-5740,,https://cleanzen.com/miami/,,"350 S Miami Ave A, Miami, FL 33130",Miami,Florida,25.7705042,-80.1942089,google_lsa,new,2026-08-04T15:10:49.424+00:00
gmap:ChIJGRZv_EHuTQYROqJ6Jm5XETs,Bright Cleanup - Miami Cleaning Services,housekeeper,(786) 822-5220,,https://brightcleanupmanagement.com/,,"1918 Brickell Ave, Miami, FL 33129",Miami,Florida,25.7544572,-80.1985342,google_lsa,new,2026-08-04T15:10:49.424+00:00
gmap:ChIJA3OeMRi32YgRfwNYI8qszn8,Magico Cleaners,housekeeper,(786) 515-3947,,http://www.magicocleaners.com/,,"340 W Flagler St, Miami, FL 33131",Miami,Florida,25.77353,-80.1998004,google_lsa,new,2026-08-04T15:10:49.424+00:00
gmap:ChIJ476zs0AKqEQR9mhictwt8AE,Puff Cleaning,housekeeper,(786) 862-4082,,http://puffcleaning.com/,,"1395 Brickell Ave, Miami, FL 33131",Miami,Florida,25.7604836,-80.1909065,google_lsa,new,2026-08-04T15:10:49.424+00:00
gmap:ChIJZ7SNS1TULoURPMZE3OLH3ig,Squeaky Clean Squad,housekeeper,(305) 419-0987,,https://squeakycleansquad.com/,,"218 SE 14th St, Miami, FL 33131",Miami,Florida,25.7596368,-80.1903318,google_lsa,new,2026-08-04T15:10:49.424+00:00
gmap:ChIJ0Wi1GAC_2YgRTQPnNQOakOo,HomeClean Cleaning Service Miami,housekeeper,(786) 605-5668,,https://homecleanco.com/,,"800 Brickell Bay Dr, Miami, FL 33131",Miami,Florida,25.7658118,-80.189697,google_lsa,new,2026-08-04T15:10:49.424+00:00
gmap:ChIJAQCwNeW22YgRC6KYqaX2pBI,Shalom Domestic Experts,housekeeper,(305) 638-4225,,http://www.shalomnanny.com/,,"215 SW 17th Ave #203, Miami, FL 33135",Miami,Florida,25.7710308,-80.2225113,google_lsa,new,2026-08-04T15:10:49.424+00:00
gmap:ChIJzYIdR-S32YgREWJ7Rdr6QFw,Clean Ready Miami,housekeeper,(786) 275-3076,,https://cleanreadymiami.com/?utm_source=google&utm_medium=organic&utm_campaign=google_my_business,,"245 SE 1st St Ste 219, Miami, FL 33131",Miami,Florida,25.7735631,-80.1894442,google_lsa,new,2026-08-04T15:10:49.424+00:00
gmap:ChIJZbIR8KC22YgR6tJqN6K5WCU,Miami Personal Shopper,personal shopper,(888) 689-2838,,http://sterlingstyleacademy.com/blog/visiting-miami-on-holiday-miami-personal-shopper-can-help-you-navigate-the-malls-so-you-spend-more-time-on-the-beach-rather-than-indoors/,,"990 Biscayne Blvd Apt 502, Miami, FL 33132",Miami,Florida,25.7834355,-80.190181,google_lsa,new,2026-08-04T15:10:37.171+00:00
gmap:ChIJ7WoiIsWx2YgRmuUk-uWq4SM,rag & bone,personal shopper,(786) 798-8586,,https://www.rag-bone.com/,,"3814 NE 1st Ave Ste 103, Miami, FL 33137",Miami,Florida,25.8121277,-80.1935089,google_lsa,new,2026-08-04T15:10:37.171+00:00
gmap:ChIJ3axdDT9PII4RaAZClsIF-qc,VVS Styling,personal shopper,(786) 214-2729,,https://vvsstyling.com/,,,Miami,FL,25.782414,-80.2253934,google_lsa,new,2026-08-04T15:10:37.171+00:00
gmap:ChIJTT1iE1ex2YgRQ9BCRvUg6Ac,Chrome Hearts Miami Store,personal shopper,(786) 953-7384,,https://www.chromehearts.com/,,"4025 NE 2nd Ave, Miami, FL 33137",Miami,Florida,25.81398,-80.1912933,google_lsa,new,2026-08-04T15:10:37.171+00:00
gmap:ChIJI_I-0q222YgRQZZxSKa7Fbk,The Salvation Army Thrift Store and Donation Center,personal shopper,(305) 573-4200,,https://arcsouth.org/,,"90 NW 23rd St, Miami, FL 33127",Miami,Florida,25.7989175,-80.1965283,google_lsa,new,2026-08-04T15:10:37.171+00:00
gmap:ChIJJe4px1Ox2YgRDcoootcfCJ4,DICK'S Sporting Goods,personal shopper,(786) 221-0650,,https://stores.dickssportinggoods.com/fl/miami/1415/?seo=localpack,,"3401 N Miami Ave, Miami, FL 33137",Miami,Florida,25.8084527,-80.1949718,google_lsa,new,2026-08-04T15:10:37.171+00:00
gmap:ChIJNV8C4E-32YgRfEukX4mtmP4,Wardrobe & Personal Stylist Kasia Johnson,personal shopper,(415) 806-5876,,https://kasiajohnsonstyles.com/,,"SW 7th St, Miami, FL 33130",Miami,Florida,25.7677237,-80.1939496,google_lsa,new,2026-08-04T15:10:37.171+00:00
gmap:ChIJEfKHolOx2YgRyEHRRSZVXwQ,Men's Wearhouse,personal shopper,(305) 576-6317,,https://www.menswearhouse.com/store-locator/3346/suits,,"3201 N Miami Ave Ste 114, Miami, FL 33127",Miami,Florida,25.8069851,-80.1942845,google_lsa,new,2026-08-04T15:10:37.171+00:00
gmap:ChIJK5Wm9jy12YgRR2K4hcNCS6E,We Do It For You Organizers,personal shopper,(786) 714-3349,,http://www.wedoitforyouorganizers.com/,,"677 NE 24th St Apr 505, Miami, FL 33137",Miami,Florida,25.8005,-80.1862865,google_lsa,new,2026-08-04T15:10:37.171+00:00
gmap:ChIJ4d3Xn4S22YgRdKs93UIXDVo,Suitsupply Miami Brickell,personal shopper,(305) 363-7707,,https://suitsupply.com/stores/miami-brickell?utm_medium=organic&utm_source=google&utm_campaign=gmb_miamibrickell_us,,"701 S Miami Ave Centre 161, Miami, FL 33131",Miami,Florida,25.7675886,-80.1931692,google_lsa,new,2026-08-04T15:10:37.171+00:00
gmap:ChIJjbcqFo3H2YgRp6HH6c9Dfwc,KR Personal Style,personal shopper,(305) 989-1671,,http://krpersonalstyle.com/,,,Miami,FL,25.782414,-80.2253934,google_lsa,new,2026-08-04T15:10:37.171+00:00
gmap:ChIJ39XA6ISCnSoRe0e6R2KoBek,Wardrobe Stylist & Personal Shopper Miami - Samantha Brown Style,personal shopper,(914) 450-4223,,https://samanthabrownstyle.com/celebrity-personal-stylist-miami-fl/,,"3162 Hibiscus St, Miami, FL 33133",Miami,Florida,25.727854,-80.249599,google_lsa,new,2026-08-04T15:10:37.171+00:00
gmap:ChIJJ_oRGgC32YgRbiKUBG9ZpaQ,Lina Rodriguez Fashion Stylist,personal shopper,(305) 450-4517,,https://linarodriguezstylist.com/,,"590 W Flagler St, Miami, FL 33130",Miami,Florida,25.7735896,-80.2042325,google_lsa,new,2026-08-04T15:10:37.171+00:00
gmap:ChIJ6Z2Xm9K32YgRPy_8Dr9VJA4,Wardrobe stylist Miami Anna Ruiz,personal shopper,(305) 439-2341,,http://www.stylebyannaruiz.com/,,"900 Biscayne Blvd, Miami, FL 33132",Miami,Florida,25.783461,-80.1899493,google_lsa,new,2026-08-04T15:10:37.171+00:00
gmap:ChIJyw3KbKOx2YgRQuE2WWvKDeA,260 Sample Sale MIA,personal shopper,(786) 558-7741,,https://www.260samplesale.com/miami,,"173 NW 23rd St, Miami, FL 33127",Miami,Florida,25.7992965,-80.1986213,google_lsa,new,2026-08-04T15:10:37.171+00:00
gmap:ChIJE0U5zTC32YgR6zmfOKaUEUU,"Diego Garzon, RD - Dietitian Nutritionist",nutritionist,(617) 982-3658,,https://www.faynutrition.com/dietitians/diego-garzon?utm_source=gmb&utm_medium=organic,,"2900 SW 28th Ln Apt 805, Miami, FL 33133",Miami,Florida,25.7394848,-80.2405304,google_lsa,new,2026-08-04T15:10:26.247+00:00
gmap:ChIJ7YZ5wXO32YgR-aBqKEG6cTg,Coral gables fit nutrición,nutritionist,(786) 348-5481,,http://hectordiaz.herbalife.com/,,"2255 SW 32nd Ave suit 208, Miami, FL 33145",Miami,Florida,25.748711,-80.246096,google_lsa,new,2026-08-04T15:10:26.247+00:00
gmap:ChIJP6E6Kru32YgRQKBc6I_Eoz8,coral gables fit nutricion,nutritionist,(786) 348-5481,,http://hectordiaz.herbalife.com/,,"2255 SW 32nd Ave suit 208, Miami, FL 33145",Miami,Florida,25.7487442,-80.2461171,google_lsa,new,2026-08-04T15:10:26.247+00:00
gmap:ChIJhwkHBBK32YgRXDyRxaGFDyo,"Reyna Y. Lara, Registered & Licensed Dietitian Nutritionist (Dietista Nutricionista)",nutritionist,(786) 536-5403,,http://michellepeiret.com/,,"Coral Wy, Miami, FL 33145",Miami,Florida,25.7505237,-80.2259119,google_lsa,new,2026-08-04T15:10:26.247+00:00
gmap:ChIJlzTXFaC32YgRra2g5kZjGEo,Grove Nutrition,nutritionist,(786) 473-8273,,,,"GL Tower, 2900 SW 28th Terrace Piso 2, Miami, FL 33133",Miami,Florida,25.7384867,-80.2402802,google_lsa,new,2026-08-04T15:10:26.247+00:00
gmap:ChIJKxZzhjW32YgRWjjYQXRCvKo,"Laura Javier, RD - Dietitian Nutritionist",nutritionist,(617) 982-3658,,https://www.faynutrition.com/dietitians/laura-javier?utm_source=gmb&utm_medium=organic,,"55 Merrick Wy Apt 701, Coral Gables, FL 33134",Coral Gables,Florida,25.7510776,-80.2552433,google_lsa,new,2026-08-04T15:10:26.247+00:00
gmap:ChIJmY3726S32YgRfq9l1Tqm2kc,Healthland Center,nutritionist,(305) 445-3320,,http://healthlandcenter.com/,,"3202 SW 22nd St, Miami, FL 33145",Miami,Florida,25.7498226,-80.2468046,google_lsa,new,2026-08-04T15:10:26.247+00:00
gmap:ChIJL34vnK9ZwokRLwxQUb_grPk,Anzara Health,nutritionist,(800) 295-1672,,https://anzarahealth.com/,,"3350 Virginia St Ste 202, Miami, FL 33133",Miami,Florida,25.7286097,-80.241633,google_lsa,new,2026-08-04T15:10:26.247+00:00
gmap:ChIJJcT5DlS32YgROy3bfifAypk,Norma Garcia,nutritionist,(786) 348-5481,,http://hectordiaz.herbalife.com/en-us,,"2255 SW 32nd Ave suit 208, Miami, FL 33145",Miami,Florida,25.748711,-80.246096,google_lsa,new,2026-08-04T15:10:26.247+00:00
gmap:ChIJQa1-hd5dxKYR1wzNW8_S8sw,Within Health,nutritionist,(786) 442-1630,,https://withinhealth.com/locations/fl-miami,,"2665 S Bayshore Dr Ste 220-19, Coconut Grove, FL 33133",Coconut Grove,Florida,25.7312315,-80.2367929,google_lsa,new,2026-08-04T15:10:26.247+00:00
gmap:ChIJbb2sB8-32YgRRimnxvMQhzw,Refine Health,nutritionist,(786) 206-3370,,http://www.refinehealthmiami.com/,,"First Floor, 2700 SW 27th Ave Ste 400, Miami, FL 33133",Miami,Florida,25.7414849,-80.2382408,google_lsa,new,2026-08-04T15:10:26.247+00:00
gmap:ChIJBX_QX7W32YgR1B2Hdr2lZvM,"David P. Newman, DC",nutritionist,(305) 856-5131,,,,"2000 S Dixie Hwy Ste 206, Miami, FL 33133",Miami,Florida,25.7365241,-80.2335037,google_lsa,new,2026-08-04T15:10:26.247+00:00
gmap:ChIJIeu9qMa22YgRS1BLz06_0ng,"Noel A. Emmanuelli, RD",nutritionist,(305) 243-6837,,,,"Miami, FL 33136",Miami,Florida,25.7887037,-80.2158355,google_lsa,new,2026-08-04T15:10:26.247+00:00
gmap:ChIJUxTLuMa22YgRfbFqxKESqc0,University of Miami: Franco Sandra X MD,nutritionist,(305) 243-1000,,http://uhealthsystem.com/,,"1475 NW 12th Ave #4037, Miami, FL 33136",Miami,Florida,25.788884,-80.214159,google_lsa,new,2026-08-04T15:10:26.247+00:00
gmap:ChIJqbGiwYa22YgREy6prxybnn8,"iWorkout, inc.",nutritionist,(305) 793-9428,,,,"40 SW 13th St #301, Miami, FL 33130",Miami,Florida,25.761269,-80.194348,google_lsa,new,2026-08-04T15:10:26.247+00:00
gmap:ChIJBQKxO_K22YgRjAUXAU0TxmI,Asuncion Nutrition Corporation,nutritionist,(786) 426-9214,,,,"515 SW 12th Ave #513, Miami, FL 33130",Miami,Florida,25.7682554,-80.2141718,google_lsa,new,2026-08-04T15:10:26.247+00:00
gmap:ChIJmQ80t8W22YgRxo446X53t8Q,"Louise P. Grant, PhD",nutritionist,(305) 575-3251,,,,"1201 NW 16th St, Miami, FL 33125",Miami,Florida,25.7913865,-80.2162713,google_lsa,new,2026-08-04T15:10:26.247+00:00
gmap:ChIJI0gpNy232YgRYExOUmtwoVg,MYIVSPA,nutritionist,(786) 558-4278,,http://www.myivspa.com/,,"On the 4th Floor, 1440 NW N River Dr Ste 255, Miami, FL 33125",Miami,Florida,25.7850815,-80.2200725,google_lsa,new,2026-08-04T15:10:26.247+00:00
gmap:ChIJUxTLuMa22YgRY1lhgEYn5FA,"Stella M. Roy, MBA",nutritionist,(305) 243-5180,,,,"1475 NW 12th Ave, Miami, FL 33136",Miami,Florida,25.788889,-80.214165,google_lsa,new,2026-08-04T15:10:26.247+00:00
gmap:ChIJUxTLuMa22YgR3GbTnCM_enQ,"Minerva Rios-Aguirre, RD",nutritionist,(305) 243-4198,,,,"Miami, FL 33136",Miami,Florida,25.788889,-80.214165,google_lsa,new,2026-08-04T15:10:26.247+00:00
gmap:ChIJV5qOdhu32YgR2UnWNx5YCfk,My NutriGo,nutritionist,(956) 442-3314,,https://decidebefit.herbalife.com/en-us/achieve-your-goals/healthy-weight,,"1108 W Flagler St, Miami, FL 33130",Miami,Florida,25.7733844,-80.2132761,google_lsa,new,2026-08-04T15:10:26.247+00:00
gmap:ChIJn0LEAtrL2YgREjUEwEKWSjQ,Aileen Marie Alchemy - Dr. Aileen Marie,nutritionist,(305) 791-4471,,http://www.aileenmariealchemy.com/,,"186 SE 12th Terrace, Miami, FL 33131",Miami,Florida,25.7613332,-80.1906131,google_lsa,new,2026-08-04T15:10:26.247+00:00
gmap:ChIJmQ80t8W22YgRNLNMeOijVbY,"Jesica Soto, LND",nutritionist,(305) 575-3425,,,,"Miami, FL 33125",Miami,Florida,25.7913865,-80.2162713,google_lsa,new,2026-08-04T15:10:26.247+00:00
gmap:ChIJc_7PyVy32YgRtjCANq8oku0,"Aleida M Saenz, APRN",nutritionist,(305) 243-3636,,https://doctors.umiamihealth.org/provider/Aleida+M+Saenz/1900957,,"1450 NW 10th Ave, Miami, FL 33136",Miami,Florida,25.7889582,-80.2114778,google_lsa,new,2026-08-04T15:10:26.247+00:00
gmap:ChIJaczbLbC32YgRLciXDVNM9Uk,Distributor,nutritionist,(786) 599-3810,,http://andonihere.goherbalife.com/,,"888 Biscayne Blvd, Miami, FL 33132",Miami,Florida,25.7824641,-80.1901691,google_lsa,new,2026-08-04T15:10:26.247+00:00
gmap:ChIJq0cgWZ7H2YgRWP1EH-BQLDA,"Michelle Pearlman, MD",nutritionist,(305) 243-8644,,https://doctors.umiamihealth.org/provider/Michelle+Pearlman/746488,,"1295 NW 14th St, Miami, FL 33125",Miami,Florida,25.7878433,-80.2159663,google_lsa,new,2026-08-04T15:10:26.247+00:00
gmap:ChIJc2vCYWK32YgRogKOC-q0ISI,AgeRejuvenation - Miami,nutritionist,(786) 980-9916,,http://agerejuvenation.com/?utm_source=gmb&utm_medium=organic&utm_campaign=miami,,"2121 Biscayne Blvd #1387, Miami, FL 33137",Miami,Florida,25.7976111,-80.1885963,google_lsa,new,2026-08-04T15:10:26.247+00:00
gmap:ChIJwyrzNNy32YgRVUssZl2oxss,RETO Health,nutritionist,(305) 323-2293,,http://retohealth.com/,,"999 Brickell Ave #520, Miami, FL 33131",Miami,Florida,25.7638942,-80.1906014,google_lsa,new,2026-08-04T15:10:26.247+00:00
gmap:ChIJ4dr6hsa22YgReECkV589UZc,"Janine E. Sanchez, MD",nutritionist,(305) 243-2920,,https://doctors.umiamihealth.org/provider/Janine+E.+Sanchez/524885,,"1601 NW 12th Ave, Miami, FL 33136",Miami,Florida,25.7901901,-80.2141361,google_lsa,new,2026-08-04T15:10:26.247+00:00
gmap:ChIJkbGoigS32YgRcd1gcdr_Nbk,C & S Health Center,nutritionist,(305) 541-2030,,,,"330 SW 27th Ave Ste 708, Miami, FL 33135",Miami,Florida,25.7691036,-80.2392113,google_lsa,new,2026-08-04T15:10:26.247+00:00
gmap:ChIJ3fuIpUi32YgRO91XqO1dWEA,Mobile Trainers Miami,nutritionist,(801) 872-4637,,https://mobiletrainers.com/miami/,,"18117 Biscayne Blvd #1613, Miami, FL 33160",Miami,Florida,25.788584,-80.1888527,google_lsa,new,2026-08-04T15:10:26.247+00:00
gmap:ChIJ-T4hhKMoLkMRKU1gc9HfaTQ,Path Wellness Club,nutritionist,(319) 329-3162,,https://www.pathwellnessclub.com/,,,Wynwood,FL,25.790827,-80.1901751,google_lsa,new,2026-08-04T15:10:26.247+00:00
gmap:ChIJ4dr6hsa22YgRkwVn3lpOrfk,University-Miami-Endo,nutritionist,(305) 243-8642,,"https://med.miami.edu/departments/medicine/divisions/endocrinology,-diabetes-and-metabolism-(edm)",,"1400 NW 12th Ave #5, Miami, FL 33136",Miami,Florida,25.7886624,-80.2158499,google_lsa,new,2026-08-04T15:10:26.247+00:00
gmap:ChIJPYEVCoE_VEUR0OVdn6amooA,Eat Wright,nutritionist,(631) 316-7451,,,,,Wynwood,FL,25.782414,-80.2253934,google_lsa,new,2026-08-04T15:10:26.247+00:00
gmap:ChIJ6ftNf1ax2YgRFPPtaeyev-8,Care Resource Community Health Centers,nutritionist,(305) 576-1234,,https://careresource.org/,,"3510 Biscayne Blvd, Miami, FL 33137",Miami,Florida,25.8095696,-80.1898669,google_lsa,new,2026-08-04T15:10:26.247+00:00
gmap:ChIJhwcm2ti32YgRCw-OBnrrTws,Angels 5 Body,nutritionist,(305) 614-6461,,http://www.angels5body.com/,,"28 W Flagler St #900, Miami, FL 33130",Miami,Florida,25.7738328,-80.1943177,google_lsa,new,2026-08-04T15:10:26.247+00:00
gmap:ChIJbazgMZ222YgR9fy_Dp50ScA,"The Naked Formula, Inc.",nutritionist,(305) 349-3820,,,,,Wynwood,FL,25.7919284,-80.1991536,google_lsa,new,2026-08-04T15:10:26.247+00:00
gmap:ChIJf0V6KHS32YgRjuz24amp8IM,Paramount Combat & Fitness | Miami Personal Trainer | Self-defense & Wrestling Trainer | Coach Tyler,nutritionist,(502) 631-0294,,http://paramountcombat.com/,,"1783 NE 4th Ave, Miami, FL 33132",Miami,Florida,25.792973,-80.187679,google_lsa,new,2026-08-04T15:10:26.247+00:00
gmap:ChIJq5PSQ6VwFwkRsCnFFG2TN1Q,PETCHEFY,nutritionist,(954) 459-3168,,https://petchefy.com/,,"995 NW 21st Terrace, Miami, FL 33127",Miami,Florida,25.7972001,-80.2109113,google_lsa,new,2026-08-04T15:10:26.247+00:00
gmap:ChIJVbzFLcG22YgRSE39mMftvaI,Alzheimer's Research Dr. John Lewis,nutritionist,(305) 243-6227,,http://wellnessquest.org/,,"1120 NW 14th St #1474, Miami, FL 33136",Miami,Florida,25.7871072,-80.2129598,google_lsa,new,2026-08-04T15:10:26.247+00:00
gmap:ChIJtUijHhG32YgRZzUHvJN5Yyc,"Daimis Vazquez Rosabal, MD",nutritionist,(305) 912-9493,,https://www.convivacarecenters.com/?utm_medium=businesslistings&utm_campaign=yext_nat_onlinelistings_en_digital_evergreen,,"1200 SW 1st St, Miami, FL 33135",Miami,Florida,25.7722159,-80.2148846,google_lsa,new,2026-08-04T15:10:26.247+00:00
gmap:ChIJfzadCOy22YgRiaSo-b_KWBo,Kidney Specialty Center - Health District,nutritionist,(305) 548-4063,,http://www.kidneyspecialtycenter.com/,,"219 NW 12th Ave # C-5, Miami, FL 33128",Miami,Florida,25.7758367,-80.2143104,google_lsa,new,2026-08-04T15:10:26.247+00:00
gmap:ChIJO_3aceW32YgR61QSiK5bMyY,Personal Trainer,nutritionist,(786) 356-4962,,,,"139 NW 1st St Ste 427, Miami, FL 33132",Miami,Florida,25.7752723,-80.1911286,google_lsa,new,2026-08-04T15:10:26.247+00:00
gmap:ChIJQdoLva632YgR2Gs1KqXe05U,Dr. Edgar Romero,nutritionist,(305) 445-3130,,,,"1821 SW 27th Ave, Miami, FL 33145",Miami,Florida,25.7546015,-80.2381757,google_lsa,new,2026-08-04T15:10:26.247+00:00
gmap:ChIJX3JIzj-32YgRwnCXBHWDhqU,App BLIST - Brazilian List,nutritionist,(424) 340-4151,,https://appblist.com/,,"999 Brickell Ave #Suite 410, Miami, FL 33131",Miami,Florida,25.7638942,-80.1906014,google_lsa,new,2026-08-04T15:10:26.247+00:00
gmap:ChIJWQtZ1bi32YgRRoI6TUBwLKk,University of Miami Hospital,nutritionist,(305) 243-1000,,https://umiamihealth.org/,,"1475 NW 12th Ave, Miami, FL 33136",Miami,Florida,25.7883837,-80.2144847,google_lsa,new,2026-08-04T15:10:26.247+00:00
gmap:ChIJibsvY1u12YgRY6gJZETT-BY,Vivian Rice Personal Trainer,nutritionist,(786) 390-8975,,http://wowfit2u.com/,,,Wynwood,FL,25.842068,-80.1888756,google_lsa,new,2026-08-04T15:10:26.247+00:00
gmap:ChIJUYfVuMa22YgRok_zVVr-eBQ,University Of Miami Pain Management,nutritionist,(305) 243-8500,,,,"1475 NW 12th St, Miami, FL 33136",Miami,Florida,25.7885724,-80.2144753,google_lsa,new,2026-08-04T15:10:26.247+00:00
gmap:ChIJ7dXmC4632YgRYIviXWs85mw,MVnutrition,nutritionist,(786) 881-8849,,http://www.mvnutritionusa.com/,,"2000 S Dixie Hwy #206A, Miami, FL 33133",Miami,Florida,25.7436879,-80.2266634,google_lsa,new,2026-08-04T15:10:26.247+00:00
gmap:ChIJ4eQ4_22zFIgRS53b3ylxdII,Essence for Wellness - Functional Medicine,nutritionist,(786) 638-6699,,https://essenceforwellness.com/,,"3620 Coral Wy, Miami, FL 33145",Miami,Florida,25.7496576,-80.2525209,google_lsa,new,2026-08-04T15:10:26.247+00:00
gmap:ChIJNxgqJCC32YgRjHf-A-sJbvA,Miami HealthCoach,nutritionist,(310) 497-7904,,https://miamihealthcoach.com/,,"2951 S Bayshore Dr, Miami, FL 33133",Miami,Florida,25.7272351,-80.239933,google_lsa,new,2026-08-04T15:10:26.247+00:00
gmap:ChIJdwHNtJ232YgR39mWLtIO0jw,"Nickie Patel, RD - Dietitian Nutritionist",nutritionist,(617) 982-3658,,https://www.faynutrition.com/dietitians/nickie-patel?utm_source=gmb&utm_medium=organic,,"3050 SW 37th Ave Apt 3404, Miami, FL 33133",Miami,Florida,25.733387,-80.2552218,google_lsa,new,2026-08-04T15:10:26.247+00:00
gmap:ChIJ0X5B4ze32YgRvEOvh9fq030,"Madeleine FitzGerald, RD - Dietitian Nutritionist",nutritionist,(617) 982-3658,,https://www.faynutrition.com/dietitians/madeleine-fitzgerald?utm_source=gmb&utm_medium=organic,,"201 SE 2nd Ave, Miami, FL 33131",Miami,Florida,25.7722902,-80.1897402,google_lsa,new,2026-08-04T15:10:26.246+00:00
gmap:ChIJQ0IjnZCx2YgR_6P4AIxZgrU,"Betty Phanord, RD - Dietitian Nutritionist",nutritionist,(617) 982-3658,,https://www.faynutrition.com/dietitians/betty-phanord?utm_source=gmb&utm_medium=organic,,"3601 N Federal Hwy, Miami, FL 33137",Miami,Florida,25.8108295,-80.1906014,google_lsa,new,2026-08-04T15:10:26.246+00:00
gmap:ChIJ18H_3gRZwokRjxMPsV1Blew,JPearl Nutrition,nutritionist,(786) 803-8396,,http://jpearlnutrition.com/,,"180 NE 29th St, Miami, FL 33137",Miami,Florida,25.8037158,-80.1916039,google_lsa,new,2026-08-04T15:10:26.246+00:00
gmap:ChIJ3f8mRqa32YgRRmAlNmB2hnM,"Danielle Portuondo, RD - Dietitian Nutritionist",nutritionist,(617) 982-3658,,https://www.faynutrition.com/dietitians/danielle-portuondo-1?utm_source=gmb&utm_medium=organic,,"2121 Biscayne Blvd, Miami, FL 33137",Miami,Florida,25.7976111,-80.1885963,google_lsa,new,2026-08-04T15:10:26.246+00:00
gmap:ChIJTyZbYhS32YgR1KK7h9HdCxg,"Lisa Rafkin, RD - Dietitian Nutritionist",nutritionist,(617) 982-3658,,https://www.faynutrition.com/dietitians/lisa-rafkin?utm_source=gmb&utm_medium=organic,,"1155 Brickell Bay Dr BAY DRIVE, Miami, FL 33131",Miami,Florida,25.7621838,-80.1889886,google_lsa,new,2026-08-04T15:10:26.246+00:00
gmap:ChIJ7eHxnsO32YgR6skWDo43djU,"Su-Nui Escobar, RD - Dietitian Nutritionist",nutritionist,(617) 982-3658,,https://www.faynutrition.com/dietitians/su-nui-escobar?utm_source=gmb&utm_medium=organic,,"185 SW 7th St Apt 1707, Miami, FL 33130",Miami,Florida,25.7681296,-80.1970088,google_lsa,new,2026-08-04T15:10:26.246+00:00
gmap:ChIJX9gtYKaBwokRgWggF-lp0tw,Jalpa Sheth Nutrition & Wellness LLC,nutritionist,(305) 564-6817,,https://jalpashethnutrition.com/nutritionist-miami-fl/,,"1221 Brickell Ave Suite 900, Miami, FL 33131",Miami,Florida,25.7612274,-80.1910809,google_lsa,new,2026-08-04T15:10:26.246+00:00
gmap:ChIJUZorGce22YgR4hs300fCWvY,"Daniela Almeida, RD",nutritionist,(305) 243-6117,,,,"1580 NW 10th Ave, Miami, FL 33136",Miami,Florida,25.7893226,-80.2121315,google_lsa,new,2026-08-04T15:10:26.246+00:00
gmap:ChIJmQ80t8W22YgR1gOs46A0CNY,"Monica J. Diaz, RD",nutritionist,(305) 324-4455,,http://www.miami.va.gov/,,"Miami, FL 33125",Miami,Florida,25.7913865,-80.2162713,google_lsa,new,2026-08-04T15:10:26.246+00:00
gmap:ChIJD1s4MMG22YgRqN2fhvDxdHo,Kukowski Jayme A,nutritionist,(305) 243-6837,,,,"1150 NW 14th St #407, Miami, FL 33136",Miami,Florida,25.7874216,-80.2137874,google_lsa,new,2026-08-04T15:10:26.246+00:00
gmap:ChIJdWQhi9K22YgRP78QT-qM_v4,Select Source Nutrition Inc,nutritionist,(305) 634-7258,,,,"Miami, FL 33101",Miami,Florida,25.7783242,-80.1990521,google_lsa,new,2026-08-04T15:10:26.246+00:00
gmap:ChIJmQ80t8W22YgRtTrY4ev328U,"Marcia K. Hagley, RD",nutritionist,(305) 324-4455,,http://www.miami.va.gov/,,"Miami, FL 33125",Miami,Florida,25.7913865,-80.2162713,google_lsa,new,2026-08-04T15:10:26.246+00:00
gmap:ChIJ4dr6hsa22YgRzKvUqD9k47o,"Sabrina Candelaria, MPH",nutritionist,(305) 243-6848,,,,"Miami, FL 33136",Miami,Florida,25.7901901,-80.2141361,google_lsa,new,2026-08-04T15:10:26.246+00:00
gmap:ChIJ6cPV5lOx2YgRT0gwyH3TmHY,Dr. Stephane Decrock,nutritionist,(786) 431-8398,,https://www.sdhealthnutrition.com/sobre-mi,,"3401 N Miami Ave, Miami, FL 33127",Miami,Florida,25.8070508,-80.1949166,google_lsa,new,2026-08-04T15:10:26.246+00:00
gmap:ChIJmQ80t8W22YgR4eU3i4-TVAM,"Katrina Guzman, MS",nutritionist,(305) 575-7000,,http://www.miami.va.gov/,,"1201 NW 16th St, Miami, FL 33125",Miami,Florida,25.7916807,-80.2166285,google_lsa,new,2026-08-04T15:10:26.246+00:00
gmap:ChIJOzOADsS22YgRX14izhlSras,"Marta Alfonso, ND",nutritionist,(305) 243-4664,,,,"1400 NW 12th Ave, Miami, FL 33136",Miami,Florida,25.7887037,-80.2158355,google_lsa,new,2026-08-04T15:10:26.246+00:00
gmap:ChIJZ-7BXq632YgRXuNCQ45S_KE,VidaVital Medical,nutritionist,(888) 831-3314,,https://www.vidavitalmedical.com/,,"2030 Douglas Rd Ste 201, Coral Gables, FL 33134",Coral Gables,Florida,25.7536654,-80.2552659,google_lsa,new,2026-08-04T15:10:26.246+00:00
gmap:ChIJle5m-NO32YgR3mGIrW8Ga-I,Jacquelin Eickholt,nutritionist,(941) 405-7749,,http://www.jacquelineickholt.com/,,"230 NE 4th St apt#2014, Miami, FL 33132",Miami,Florida,25.7777856,-80.189686,google_lsa,new,2026-08-04T15:10:26.246+00:00
gmap:ChIJOZr9kVax2YgRwdLTbyhpiDY,"Silvana E. Vasquez, RD",nutritionist,(305) 576-6611,,http://www.borinquenhealth.org/,,"3601 N Federal Hwy, Miami, FL 33137",Miami,Florida,25.8108295,-80.1906014,google_lsa,new,2026-08-04T15:10:26.246+00:00
gmap:ChIJfzPRFSi32YgRCdI8iQ36PlI,Select Source Nutrition Inc,nutritionist,(305) 634-7090,,,,"2282 NW 21st Terrace, Miami, FL 33142",Miami,Florida,25.796065,-80.233159,google_lsa,new,2026-08-04T15:10:26.246+00:00
gmap:ChIJZaHHTeOx2YgRSyW5O8JCYoQ,GetLifted Nutrition & Wellness LLC,nutritionist,(727) 300-5506,,,,"3250 NE 1st Ave Unit 305, Miami, FL 33137",Miami,Florida,25.8072751,-80.1928238,google_lsa,new,2026-08-04T15:10:26.246+00:00
gmap:ChIJ9erd6lS32YgRg7GwnIpBs30,Profunda Transformación Física,nutritionist,(305) 873-4023,,http://www.profundatransformacionfisica.com/,,"833 SW 29th Ave #5, Miami, FL 33135",Miami,Florida,25.7646225,-80.2406218,google_lsa,new,2026-08-04T15:10:26.246+00:00
gmap:ChIJ-_Jtgc232YgRKv4TjNg3Axw,UpBeet Nutrition,nutritionist,(786) 281-3616,,http://upbeet-nutrition.com/,,"1399 SW 1st Ave Suite 102, Miami, FL 33130",Miami,Florida,25.7609327,-80.1947206,google_lsa,new,2026-08-04T15:10:26.246+00:00
gmap:ChIJn0O6JMnH2YgRyhR-MI0DH6E,Holistic Health & Wellness by Dr. David Cohen,nutritionist,(786) 795-8315,,https://drcholistichealth.com/,,"1100 Brickell Bay Dr #1600, Miami, FL 33131",Miami,Florida,25.7634961,-80.1905671,google_lsa,new,2026-08-04T15:10:26.246+00:00
gmap:ChIJR1mSQYG22YgRz68_wwGE_Yk,Dani De Dietitian,nutritionist,(614) 176-1488,,http://danidedietitian.com.au/,,"110 Mountainview Avenue, Miami, FL 33131",Miami,Florida,25.7616798,-80.1917902,google_lsa,new,2026-08-04T15:10:26.246+00:00
gmap:ChIJla-zGce22YgRPWE_EEnCZDQ,"Elizabeth Capo, ND",nutritionist,(305) 243-6061,,,,"1450 NW 10th Ave, Miami, FL 33136",Miami,Florida,25.7889582,-80.2114778,google_lsa,new,2026-08-04T15:10:26.246+00:00
gmap:ChIJX9N64KC22YgR_h88IEnuim4,NuLife Institute,nutritionist,(305) 400-0005,,https://nulifeinstitute.com/location/nulife-institute-locations-miami/?utm_source=google&utm_medium=organic&utm_campaign=gmb,,"1040 Biscayne Blvd 8th floor, Miami, FL 33132",Miami,Florida,25.7845605,-80.190427,google_lsa,new,2026-08-04T15:10:26.246+00:00
gmap:ChIJg-uPFBS32YgRoyegcSOdj9U,New life new health,nutritionist,(305) 305-6954,,,,"716 NW 33rd Ave, Miami, FL 33125",Miami,Florida,25.779536,-80.2503027,google_lsa,new,2026-08-04T15:10:26.246+00:00
gmap:ChIJDx1OdlOx2YgRHesrumHq6xE,the biostation,nutritionist,(786) 539-2880,,https://thebiostation.com/locations/miami/?utm_source=GMBlisting&utm_medium=organic&utm_campaign=Miami,,"115 NE 32nd St #102, Miami, FL 33137",Miami,Florida,25.8071128,-80.192451,google_lsa,new,2026-08-04T15:10:26.246+00:00
gmap:ChIJaZgKYnIB2YgROX54qI9-0nk,"Athleats Nutrition - Best Sports & Fitness Nutritionist in Miami, FL",nutritionist,(877) 557-5909,,https://athleatsnutrition.com/,,"2901 NE 1st Ave #2005, Miami, FL 33137",Miami,Florida,25.8044821,-80.1930928,google_lsa,new,2026-08-04T15:10:26.246+00:00
gmap:ChIJle5RfMu32YgRxPAiNqszKm8,"Jillian Valdes, RD - Dietitian Nutritionist",nutritionist,(617) 982-3658,,https://www.faynutrition.com/dietitians/jillian-valdes?utm_source=gmb&utm_medium=organic,,"1701 W Flagler St #101, Miami, FL 33135",Miami,Florida,25.7731522,-80.2232127,google_lsa,new,2026-08-04T15:10:26.246+00:00
gmap:ChIJEz6RQkK32YgRuGyy8eaUJLY,"Rocio Garcia, RD - Dietitian Nutritionist",nutritionist,(617) 982-3658,,https://www.faynutrition.com/dietitians/rocio-garcia?utm_source=gmb&utm_medium=organic,,"1801 NW 9th Ave #6th, Miami, FL 33136",Miami,Florida,25.7928004,-80.209753,google_lsa,new,2026-08-04T15:10:26.246+00:00
gmap:ChIJ_XGYQlG32YgRzYXD0QZRbDU,"Ellen Rodriguez, RD - Dietitian Nutritionist",nutritionist,(617) 982-3658,,https://www.faynutrition.com/dietitians/ellen-rodriguez?utm_source=gmb&utm_medium=organic,,"1110 Brickell Ave Ste 430, Miami, FL 33131",Miami,Florida,25.7625361,-80.1919263,google_lsa,new,2026-08-04T15:10:26.246+00:00
gmap:ChIJpYfDJky22YgReFpNPOPqO0w,JuliENERGYnutrition,nutritionist,(954) 655-8543,,https://www.julienergynutrition.com/,,"2730 SW 3rd Ave 202 D, Miami, FL 33129",Miami,Florida,25.7545823,-80.2098654,google_lsa,new,2026-08-04T15:10:26.246+00:00
gmap:ChIJ40v1seC32YgRwLLSDot8Y9Q,786 Nutrition,nutritionist,(786) 348-6377,,http://786nutrition.com/,,"637 SW 12th Ave, Miami, FL 33130",Miami,Florida,25.7669812,-80.2143547,google_lsa,new,2026-08-04T15:10:26.246+00:00
gmap:ChIJxQvn-cu32YgRvKcQuKnisT0,"Carlotta Orlando, RD - Dietitian Nutritionist",nutritionist,(617) 982-3658,,https://www.faynutrition.com/dietitians/carlotta-orlando?utm_source=gmb&utm_medium=organic,,"1170 NW 11th St Apt 734, Miami, FL 33136",Miami,Florida,25.7835337,-80.2139011,google_lsa,new,2026-08-04T15:10:26.246+00:00
gmap:ChIJ7xE07Ji32YgR3Jt6p3_-lmc,"Gwendolyn Withers, RD - Dietitian Nutritionist",nutritionist,(617) 982-3658,,https://www.faynutrition.com/dietitians/gwendolyn-withers?utm_source=gmb&utm_medium=organic,,"1201 NW 16th St, Miami, FL 33125",Miami,Florida,25.7910621,-80.2166533,google_lsa,new,2026-08-04T15:10:26.246+00:00
gmap:ChIJm2OSaF-32YgRmKiaI28jgEY,"Gabriela Ferreira, RD - Dietitian Nutritionist",nutritionist,(617) 982-3658,,https://www.faynutrition.com/dietitians/gabriela-ferreira?utm_source=gmb&utm_medium=organic,,"1818 W Flagler St, Miami, FL 33135",Miami,Florida,25.7722772,-80.225291,google_lsa,new,2026-08-04T15:10:26.246+00:00
gmap:ChIJ07a1HhWr2YgRT57s6zbkDp4,"Mohammad Shushari, RD - Dietitian Nutritionist",nutritionist,(617) 982-3658,,https://www.faynutrition.com/dietitians/mohammad-shushari?utm_source=gmb&utm_medium=organic,,"1755 SW 23rd Ave, Miami, FL 33145",Miami,Florida,25.7554372,-80.2321265,google_lsa,new,2026-08-04T15:10:26.246+00:00
gmap:ChIJTRqd9Yi22YgR96vAl0gxMt0,Dr. G's Weightloss Brickell,nutritionist,(786) 691-2323,,https://www.drgsweightloss.com/dr-gs-weightloss-brickell,,"1757 SW 3rd Ave, Miami, FL 33129",Miami,Florida,25.760528,-80.200243,google_lsa,new,2026-08-04T15:10:26.246+00:00
gmap:ChIJTek_kG6x2YgRzxBDDBsH7x4,"Rebecca Cabral, RD - Dietitian Nutritionist",nutritionist,(617) 982-3658,,https://www.faynutrition.com/dietitians/rebecca-cabral?utm_source=gmb&utm_medium=organic,,"3000 NE 2nd Ave, Miami, FL 33137",Miami,Florida,25.804973,-80.1912169,google_lsa,new,2026-08-04T15:10:26.246+00:00
gmap:ChIJozq3r8C32YgR5sxve7OSmHc,"Vania Mishkin, RD - Dietitian Nutritionist",nutritionist,(617) 982-3658,,https://www.faynutrition.com/dietitians/vania-mishkin?utm_source=gmb&utm_medium=organic,,"1100 Brickell Bay Dr, Miami, FL 33131",Miami,Florida,25.7630777,-80.1905069,google_lsa,new,2026-08-04T15:10:26.246+00:00
gmap:ChIJdX03UbO32YgRkZPpRlMC0CQ,R&D Nutrition,nutritionist,(786) 820-6044,,http://daysir.herbalife.com/,,"2301 NW 7th St Suite G, Miami, FL 33125",Miami,Florida,25.7798522,-80.2337348,google_lsa,new,2026-08-04T15:10:26.246+00:00
gmap:ChIJ0SbQh_C32YgRmzaPisVnkkI,True L.I.O. Health & Wellness,nutritionist,(305) 918-2541,,https://www.truelio.health/,,"2100 SW 22nd St PH 706, Miami, FL 33145",Miami,Florida,25.7503497,-80.22846,google_lsa,new,2026-08-04T15:10:26.246+00:00
gmap:ChIJ6z3keYS22YgRKH5r798QI6E,Impact Nutrition,nutritionist,(305) 960-7321,,,,"900 S Miami Ave, Miami, FL 33130",Miami,Florida,25.7652195,-80.1935252,google_lsa,new,2026-08-04T15:10:26.246+00:00
gmap:ChIJVZq9Ct-32YgRyJBlo7cpOXQ,Olivia Hensal Nutrition - Functional Nutritionist,nutritionist,(330) 412-1473,,https://www.oliviahensal.com/,,"601 NE 23rd St, Miami, FL 33137",Miami,Florida,25.7994637,-80.1863504,google_lsa,new,2026-08-04T15:10:26.246+00:00
gmap:ChIJsZLAbmC32YgRXsv1CLVNYxE,"Rachael Richardson, RD - Dietitian Nutritionist",nutritionist,(617) 982-3658,,https://www.faynutrition.com/dietitians/rachael-richardson?utm_source=gmb&utm_medium=organic,,"133 NE 2nd Ave Apt 1915, Miami, FL 33132",Miami,Florida,25.7761082,-80.1896925,google_lsa,new,2026-08-04T15:10:26.246+00:00
gmap:ChIJP-8VU3eLwokRiNYaBKDoAsU,Tidal Plumbing & Heating,plumber,(718) 505-9300,,https://tidalplumbingnyc.com/,,"149-17 Cross Island Pkwy, Whitestone, NY 11357",Whitestone,New York,40.7881294,-73.8153373,google_lsa,new,2026-08-04T15:10:14.233+00:00
gmap:ChIJg41Ir5P0wokRqTBfXu02L0Q,Express Plumbing Sewer & Water Main Contracting Corp.,plumber,(718) 231-3663,,https://expressplbg.com/,,"1178 E 180th St, Bronx, NY 10460",Bronx,New York,40.8410256,-73.8735926,google_lsa,new,2026-08-04T15:10:14.233+00:00
gmap:ChIJaZmXZkBfwokRU1ILiiqHHQg,Mary Plumbing,plumber,(929) 552-6156,,https://maryplumbing.com/,,"32-13 Junction Blvd, Flushing, NY 11369",Flushing,New York,40.7582506,-73.8742768,google_lsa,new,2026-08-04T15:10:14.233+00:00
gmap:ChIJDciEsd_1wokR4wby-g0Qp_Y,JTG Master Plumbing,plumber,(718) 585-5002,,https://www.jtgmp.com/,,"752 E 137th St, Bronx, NY 10454",Bronx,New York,40.803467,-73.912341,google_lsa,new,2026-08-04T15:10:14.233+00:00
gmap:ChIJadi8UZGLwokR9iL_6tUDEPk,Greg Plumbing,plumber,(914) 512-6702,,https://gregexpress.com/,,"1720 Mahan Ave, Bronx, NY 10461",Bronx,New York,40.8469861,-73.8287811,google_lsa,new,2026-08-04T15:10:14.233+00:00
gmap:ChIJo36eI1tfwokRpLFLDFhBl-w,Liquid Tech Plumbing & Heating Inc.,plumber,(718) 728-8324,,http://www.gasrescue911.com/,,"76-22 30th Ave., East Elmhurst, NY 11370",East Elmhurst,New York,40.7605697,-73.8912674,google_lsa,new,2026-08-04T15:10:14.233+00:00
gmap:ChIJF8CkXmb0wokRqEbV2NEsdjA,"C.JAMES PLUMBING & HEATING, INC",plumber,(718) 716-0065,,https://cjamesplumbing.nyc/,,"1833 Bathgate Ave, Bronx, NY 10457",Bronx,New York,40.8452076,-73.8980985,google_lsa,new,2026-08-04T15:10:14.233+00:00
gmap:ChIJqwTyEbb0wokRjV7k97WL7jw,Electric Sewer & Drain Services- ES&DS,plumber,(718) 863-7144,,http://electricseweranddrain.com/,,"2281 Westchester Ave, Bronx, NY 10462",Bronx,New York,40.835527,-73.8485929,google_lsa,new,2026-08-04T15:10:14.233+00:00
gmap:ChIJdcmU_tphwokR1r7b5l8VofU,Maxwell Plumb Mechanical Corp.,plumber,(718) 509-6398,,https://www.maxwellplumb.com/,,"43-20 203rd St, Bayside, NY 11361",Bayside,New York,40.7579837,-73.7805064,google_lsa,new,2026-08-04T15:10:14.233+00:00
gmap:ChIJZeO1gwlhwokRccosT6zT-oM,ATG Mechanical Corp. Plumbing & Heating,plumber,(718) 551-1850,,https://atgmechanicalcorp.com/?utm_source=gmb&utm_medium=referral,,"39-20 192nd St, Flushing, NY 11358",Flushing,New York,40.7612081,-73.7901468,google_lsa,new,2026-08-04T15:10:14.233+00:00
gmap:ChIJjQtG3EBfwokR7O0QYNUhQyU,Plumbing emergency service 24 7,plumber,(917) 603-7751,,,,"25-81 34th St, Astoria, NY 11103",Astoria,New York,40.7676079,-73.917348,google_lsa,new,2026-08-04T15:10:14.233+00:00
gmap:ChIJq3vIp_ZfwokROf77aZ6NR5s,Sideris Plumbing & Heating Corp.,plumber,(718) 626-1836,,https://www.siderisplumbingandheating.com/,,"18-24 42nd St, Long Island City, NY 11105",Long Island City,New York,40.778689,-73.8964367,google_lsa,new,2026-08-04T15:10:14.233+00:00
gmap:ChIJLSjJln_1wokR3q1NrCQnUn0,ASAP Plumber Bronx & Drain Cleaning,plumber,(914) 515-2952,,,,"870 Morris Park Ave, Bronx, NY 10462",Bronx,New York,40.8462625,-73.8599385,google_lsa,new,2026-08-04T15:10:14.233+00:00
gmap:ChIJsQYeogj1wokRo1ZAcUsI4l8,Top pro pipe repair & drain cleaning corp,plumber,(929) 309-2131,,https://top-propiperepair.com/,,"1914 Bogart Ave, Bronx, NY 10462",Bronx,New York,40.8497296,-73.8594916,google_lsa,new,2026-08-04T15:10:14.233+00:00
gmap:ChIJ5bWv4xJfwokRHdqhInGveP0,BMT plumbing & heating llc,plumber,(718) 822-1057,,,,"1408 Seabury Ave, Bronx, NY 10461",Bronx,New York,40.8385049,-73.8427878,google_lsa,new,2026-08-04T15:10:14.233+00:00
gmap:ChIJ2e29lqT0wokRGoX-94iYPwI,Budget Plumbing & Heating,plumber,(718) 829-6900,,http://www.budgetplumbingnyc.com/,,"1706 Bronxdale Ave, Bronx, NY 10462",Bronx,New York,40.8454941,-73.8584923,google_lsa,new,2026-08-04T15:10:14.233+00:00
gmap:ChIJrYKxBkiLwokRvfrWXtWeOMs,RR Plumbing Roto-Rooter,plumber,(718) 502-9210,,https://www.rotorooter.com/bronxny/?utm_source=Google&utm_medium=organic&utm_campaign=gmb&utm_content=website,,"1111 Calhoun Ave, Bronx, NY 10465",Bronx,New York,40.8323865,-73.8304653,google_lsa,new,2026-08-04T15:10:14.233+00:00
gmap:ChIJ--spSZOKwokRcA3IZiOSaKw,Ranshaw Plumbing & Heating,plumber,(718) 767-0707,,https://ranshaw.com/?utm_source=Rocketlisting&utm_medium=referral,,"151-01 14th Ave, Whitestone, NY 11357",Whitestone,New York,40.7897063,-73.8112577,google_lsa,new,2026-08-04T15:10:14.233+00:00
gmap:ChIJdxut02xfwokRRh7FehaGfKw,Master Plumbing & Heating,plumber,(718) 545-7616,,https://www.masterplumbingnyc.com/,,"25-18 50th St, Woodside, NY 11377",Woodside,New York,40.763827,-73.904335,google_lsa,new,2026-08-04T15:10:14.233+00:00
gmap:ChIJUYv6aM6LwokR0AfxOv2wYRo,Mr. Plumber,plumber,(347) 565-5130,,https://mrplumber.nyc/,,"3867 E Tremont Ave, Bronx, NY 10465",Bronx,New York,40.8235905,-73.8195062,google_lsa,new,2026-08-04T15:10:14.232+00:00
gmap:ChIJ3Tk4fWXPE2sRbuhbf6m1YiU,"The Norfus Firm, PLLC - DEI and HR Consulting Firm",personal assistant,(786) 820-0554,,https://thenorfusfirm.com/?utm_campaign=gmb,,"8325 NE 2nd Ave Ste 217, Miami, FL 33138",Miami,Florida,25.8517644,-80.1926064,google_lsa,new,2026-08-04T15:10:05.033+00:00
gmap:ChIJM6RHKVq52YgRWp9pqdBlFqc,Granny NANNIES of Miami,personal assistant,(305) 614-9690,,https://grannynannies.com/Miami?utm_campaign=gmb&utm_medium=google+my+business&utm_source=google,,"2489 NW 7th St, Miami, FL 33125",Miami,Florida,25.7797783,-80.2371431,google_lsa,new,2026-08-04T15:10:05.033+00:00
gmap:ChIJU2EE3-a22YgRE7pzlSvKk-Y,Global Medical & Technical Training Institute,personal assistant,(786) 401-7114,,https://www.gmtti.edu/,,"1830 NW 7th St #200, Miami, FL 33125",Miami,Florida,25.779597,-80.225291,google_lsa,new,2026-08-04T15:10:05.033+00:00
gmap:ChIJC_GgPZK22YgRZ325JNcwX4k,Help For Life Services Inc,personal assistant,(786) 805-3648,,http://www.helpforlifecare.com/contact-us.html,,"637 SW 3rd St, Miami, FL 33130",Miami,Florida,25.7711888,-80.2051814,google_lsa,new,2026-08-04T15:10:05.033+00:00
gmap:ChIJn1K7iuC32YgRAV4K4dxSNO0,Hospitalio Hospitality Recruitment,personal assistant,(305) 306-6744,,http://www.hospitalityrecruiter.com/,,"#430 - 48, 1110 Brickell Ave, Miami, FL 33131",Miami,Florida,25.7627253,-80.1922577,google_lsa,new,2026-08-04T15:10:05.033+00:00
gmap:ChIJgatZ_x232YgRjGxSWKx39Yg,The Expresso Company,personal assistant,(786) 384-6888,,http://www.expressocompany.com/,,"848 Brickell Ave #300, Miami, FL 33132",Miami,Florida,25.7649598,-80.1914436,google_lsa,new,2026-08-04T15:10:05.033+00:00
gmap:ChIJ7XA5w0ux2YgRPuSl2HINnsA,Hire With Jarvis,personal assistant,(646) 585-1212,,http://www.hirewithjarvis.com/,,"2800 Biscayne Blvd, Miami, FL 33137",Miami,Florida,25.8037143,-80.1895552,google_lsa,new,2026-08-04T15:10:05.033+00:00
gmap:ChIJYQ52XmK32YgRj3EuLEz-_7M,Legal Claim Assistant | Your Partner in Seeking Justice and Compensation,personal assistant,(305) 529-4032,,https://legalclaimassistant.com/,,"701 Brickell Ave Ste 1550, Miami, FL 33131",Miami,Florida,25.7668326,-80.188727,google_lsa,new,2026-08-04T15:10:05.033+00:00
gmap:ChIJYaapu3G32YgRfUiI1CWqjMI,New Professions Technical Institute,personal assistant,(305) 461-2223,,https://www.npti.edu/,,"4000 W Flagler St, Miami, FL 33134",Miami,Florida,25.7714895,-80.2619639,google_lsa,new,2026-08-04T15:10:05.033+00:00
gmap:ChIJU4POEoG22YgR_tJmqdro41g,RMG Staffing & Recruiting,personal assistant,(305) 890-1562,,https://www.rmgstaffing.com/,,"1200 Brickell Ave Fl 8, Miami, FL 33131",Miami,Florida,25.7621082,-80.1923045,google_lsa,new,2026-08-04T15:10:05.033+00:00
gmap:ChIJ0WKhHIC32YgRhVARAcLhWAg,AMX Healthcare,personal assistant,(727) 250-5661,,https://www.amxhealthcare.com/,,"66 W Flagler St Ste 900 - #3585, Miami, FL 33130",Miami,Florida,25.7739191,-80.1949873,google_lsa,new,2026-08-04T15:10:05.033+00:00
gmap:ChIJk-8Rvuat2YgRTIE_tryzA2U,PERSONAL OFFICE ASSISTANT CORP.,personal assistant,(786) 290-9982,,,,,Miami,FL,25.782414,-80.2253934,google_lsa,new,2026-08-04T15:10:05.033+00:00
gmap:ChIJFQ5LH-W32YgR_7Ky5ld4kW4,Mateandwork,personal assistant,(786) 475-8745,,https://mateandwork.com/,,"1865 Brickell Ave, Miami, FL 33129",Miami,Florida,25.754177,-80.1957447,google_lsa,new,2026-08-04T15:10:05.032+00:00
gmap:ChIJBdiEv5i12YgRPgb2Gwl-A0c,GlobalTeam,personal assistant,(800) 679-2409,,https://globalteam.com/,,"1111 Brickell Ave Ste 44, Miami, FL 33131",Miami,Florida,25.762473,-80.1905578,google_lsa,new,2026-08-04T15:10:05.032+00:00
gmap:ChIJVVWFu2S22YgRydQztyzNAaU,Personal Gofer,personal assistant,(305) 349-3416,,http://personalgofer.com/,,"2333 Brickell Ave Ste d-1, Miami, FL 33129",Miami,Florida,25.7506906,-80.1996674,google_lsa,new,2026-08-04T15:10:05.032+00:00
gmap:ChIJS1zCj5222YgRG_ulpwyXtNg,Quick Work Done,personal assistant,(415) 952-0499,,https://www.quickworkdone.com/,,"200 S Biscayne Blvd #2790, Miami, FL 33131",Miami,Florida,25.7721982,-80.1881477,google_lsa,new,2026-08-04T15:10:05.032+00:00
gmap:ChIJdzKtLjggmkMROh-Jz27zdCE,Neat & Orderly Professional Home Organizers NYC,home organizer,(646) 648-3432,,https://www.neatandorderlyny.com/,,"201 E 31st St, New York, NY 10016",New York,New York,40.7437965,-73.9791166,google_lsa,new,2026-08-04T15:09:56.487+00:00
gmap:ChIJhRQuEQuXdU4RxpIxvl-0iUE,Honeybee Home Org,home organizer,(917) 921-0848,,http://www.honeybeehome.org/,,"39-92 47th St, Sunnyside, NY 11104",Sunnyside,New York,40.7466685,-73.917169,google_lsa,new,2026-08-04T15:09:56.487+00:00
gmap:ChIJa1Yq9Sj2wokRx3hB11e_PGc,Gotham Organizers,home organizer,(212) 866-9493,,https://gothamorganizers.com/,,"207 W 106th St, New York, NY 10025",New York,New York,40.800893,-73.9662197,google_lsa,new,2026-08-04T15:09:56.487+00:00
gmap:ChIJEyOviQRZwokRV4hJGonYo-Q,The Clutter Whisperer of New York City,home organizer,(212) 661-0982,,http://theclutterwhisperernyc.com/,,"250 E 39th St #10D, New York, NY 10016",New York,New York,40.7477972,-73.9740203,google_lsa,new,2026-08-04T15:09:56.487+00:00
gmap:ChIJR2o9Md9fwokRa2_XiFhnaFs,Sorted Professional Organizing,home organizer,(845) 459-5094,,,,"31-19 43rd St Fl G, Astoria, NY 11103",Astoria,New York,40.7595298,-73.9149591,google_lsa,new,2026-08-04T15:09:56.487+00:00
gmap:ChIJ7cSK8vrb_QkRsjsJ4E4uAS8,Deluxe Organizers,home organizer,(646) 319-1550,,https://deluxeorganizers.com/?utm_source=omg-gbp&utm_medium=webclick,,"25-72 42nd St Suite 1R, Long Island City, NY 11103",Long Island City,New York,40.7655043,-73.9116751,google_lsa,new,2026-08-04T15:09:56.487+00:00
gmap:ChIJbXmerOpgeAkRLuxZMFT9ApA,AfterMove,home organizer,(929) 836-3386,,https://aftermovenyc.com/,,,New York,NY,40.6860039,-73.8783995,google_lsa,new,2026-08-04T15:09:56.487+00:00
gmap:ChIJMxYO0WFZwokRuvvIzDwEkqs,Find Home Organizers,home organizer,(917) 563-2134,,,,"527 E 83rd St #4R, New York, NY 10028",New York,New York,40.7735427,-73.9469841,google_lsa,new,2026-08-04T15:09:56.487+00:00
gmap:ChIJ7w51Lo7LpkkRuHFfh2yTGzY,Wonder Vu Home,home organizer,(917) 213-7237,,https://www.wonder-vu.com/,,"The Yard, 33 Nassau Ave, Brooklyn, NY 11222",Brooklyn,New York,40.72311,-73.9531736,google_lsa,new,2026-08-04T15:09:56.487+00:00
gmap:ChIJl8mEbV73wokRm1KP0nq-MQs,The Personal Helpers,home organizer,(929) 499-7351,,https://thepersonalhelpers.com/,,"246 W 150th St, New York, NY 10039",New York,New York,40.8255468,-73.9387872,google_lsa,new,2026-08-04T15:09:56.487+00:00
gmap:ChIJYaiSqSNhwokRzw6qgfthBAQ,One Day Doors & Closets of New York,home organizer,(718) 866-3447,,https://onedaydoorsandclosets.com/?tgi=2817,,"43-22 214th Pl, Bayside, NY 11361",Bayside,New York,40.7609019,-73.7687978,google_lsa,new,2026-08-04T15:09:56.487+00:00
gmap:ChIJ4xmRDCFZwokRa3QU3UuggdE,Star Organizers,home organizer,(917) 780-2052,,http://www.starorganizers.com/,,"250 W 50th St Apt. 15R, New York, NY 10019",New York,New York,40.7619828,-73.9856872,google_lsa,new,2026-08-04T15:09:56.487+00:00
gmap:ChIJZ4zDnpf1wokRSTXqBxQGDiM,Aristotle Organizing,home organizer,(917) 819-5855,,https://aristotle-organizing.com/,,,New York,NY,40.6971415,-73.979506,google_lsa,new,2026-08-04T15:09:56.487+00:00
gmap:ChIJ20_apvrBgGoRCj_ReCkoRHs,TidyStepByStep Organizing,home organizer,(917) 635-3418,,http://tidystepbystep.com/,,"67 Manhattan Ave, Brooklyn, NY 11206",Brooklyn,New York,40.7053204,-73.944869,google_lsa,new,2026-08-04T15:09:56.487+00:00
gmap:ChIJRzu_LD1fwokRsZR24z2EGi4,"Bella Organizers, LLC",home organizer,(917) 215-4718,,https://www.bellaorganizers.com/,,,New York,NY,40.6971415,-73.979506,google_lsa,new,2026-08-04T15:09:56.487+00:00
gmap:ChIJY-2vMPZYwokRQC08_cHsWK0,OrganizeNY,home organizer,(315) 559-4845,,http://organizeny.com/,,"New York, NY 10019",New York,New York,40.7660155,-73.9871188,google_lsa,new,2026-08-04T15:09:56.487+00:00
gmap:ChIJHQl9eQuLwokReRjhSpckepk,"Patricia Salvio, RD - Dietitian Nutritionist",nutritionist,(617) 982-3658,,https://www.faynutrition.com/dietitians/patricia-salvio?utm_source=gmb&utm_medium=organic,,"154-06 20th Rd, Whitestone, NY 11357",Whitestone,New York,40.780024,-73.8086405,google_lsa,new,2026-08-04T15:09:50.667+00:00
gmap:ChIJ9QbSMZH1wokRCzDhQzqI2mI,"Kimberley Morris, RD - Dietitian Nutritionist",nutritionist,(617) 982-3658,,https://www.faynutrition.com/dietitians/kimberley-morris?utm_source=gmb&utm_medium=organic,,"2165 Matthews Ave, Bronx, NY 10462",Bronx,New York,40.855671,-73.863154,google_lsa,new,2026-08-04T15:09:50.667+00:00
gmap:ChIJ4dSU0AL1wokRQbi9ZRdUSbY,"Kaleena Clarkson, RD - Dietitian Nutritionist",nutritionist,(617) 982-3658,,https://www.faynutrition.com/dietitians/kaleena-clarkson?utm_source=gmb&utm_medium=organic,,"85 W Burnside Ave, Bronx, NY 10453",Bronx,New York,40.8549232,-73.9101709,google_lsa,new,2026-08-04T15:09:50.667+00:00
gmap:ChIJOZppNFT0wokRQNiNR1Hu1rw,"Karla M. Giboyeaux, Nutritionist",nutritionist,(718) 589-2440,,,,"1065 Southern Blvd #8, Bronx, NY 10459",Bronx,New York,40.8250563,-73.8923031,google_lsa,new,2026-08-04T15:09:50.667+00:00
gmap:ChIJw3ugU8xhwokR5KhpM0NHHK4,"Jialing Ouyang, RD - Dietitian Nutritionist",nutritionist,(617) 982-3658,,https://www.faynutrition.com/dietitians/jialing-ouyang?utm_source=gmb&utm_medium=organic,,"43-58 194th St, Flushing, NY 11358",Flushing,New York,40.7562162,-73.7876388,google_lsa,new,2026-08-04T15:09:50.667+00:00
gmap:ChIJC4RtaiZawokRIAeNkJ2CtpI,DaNutri Flushing,nutritionist,(718) 961-1496,,http://www.danutri.org/,,"41-10 Bowne St Ste L3 (Lobby, Flushing, NY 11355",Flushing,New York,40.759471,-73.8241243,google_lsa,new,2026-08-04T15:09:50.667+00:00
gmap:ChIJsXI8r06LwokRHBHCdUfHk_U,"Nelcy Mylonas, RD - Dietitian Nutritionist",nutritionist,(617) 982-3658,,https://www.faynutrition.com/dietitians/nelcy-mylonas?utm_source=gmb&utm_medium=organic,,"214-06 23rd Ave APT 2, Bayside, NY 11360",Bayside,New York,40.782369,-73.7760179,google_lsa,new,2026-08-04T15:09:50.667+00:00
gmap:ChIJi5nqaV9hwokR-VJ1WWmng10,"Joanna Fitzmorris, RD - Dietitian Nutritionist",nutritionist,(617) 982-3658,,https://www.faynutrition.com/dietitians/joanna-fitzmorris?utm_source=gmb&utm_medium=organic,,"160-19 Sanford Ave Apt 4A1, Flushing, NY 11358",Flushing,New York,40.7606596,-73.8050917,google_lsa,new,2026-08-04T15:09:50.667+00:00
gmap:ChIJD93zMhBgwokRu0o8zUu2jVk,Clara Cheung,nutritionist,(718) 886-7856,,,,"37-12 Prince St Ste 5b, Flushing, NY 11354",Flushing,New York,40.7604178,-73.8331616,google_lsa,new,2026-08-04T15:09:50.667+00:00
gmap:ChIJDTTU1cn0wokROP9L7yEbQhQ,Alma Salud Y Vida,nutritionist,(929) 326-2090,,,,"2121 B Glebe Ave, Bronx, NY 10462",Bronx,New York,40.8346841,-73.8503743,google_lsa,new,2026-08-04T15:09:50.667+00:00
gmap:ChIJS1OWH0D0wokRXJXEnkQ4q1Y,Maryalice Laub,nutritionist,(718) 518-5131,,,,"1650 Grand Concourse, Bronx, NY 104577606",Bronx,New York,40.8434675,-73.9110798,google_lsa,new,2026-08-04T15:09:50.667+00:00
gmap:ChIJl6LwdMn1wokRTxRrWwVV4l4,Bronx Nutrition Spot,nutritionist,(347) 433-9101,,,,"705 Melrose Ave, Bronx, NY 10455",Bronx,New York,40.8200945,-73.9161522,google_lsa,new,2026-08-04T15:09:50.667+00:00
gmap:ChIJu7hMI9WLwokRgxZ6P6QBFWc,"Carol Nocella, RD - Dietitian Nutritionist",nutritionist,(617) 982-3658,,https://www.faynutrition.com/dietitians/carol-nocella?utm_source=gmb&utm_medium=organic,,"32-36 205th St, Bayside, NY 11361",Bayside,New York,40.7699436,-73.7846718,google_lsa,new,2026-08-04T15:09:50.667+00:00
gmap:ChIJj5KNDknXwokRzI3Ghck4DKw,DYNAMIC HEALTH & WELLNESS CORP,nutritionist,(561) 843-5083,,http://www.srossnutritions.com/,,"140-75 Ash Ave, Flushing, NY 11355",Flushing,New York,40.7563492,-73.8221254,google_lsa,new,2026-08-04T15:09:50.667+00:00
gmap:ChIJf6OlFr6LwokRMxOEzTWXSUM,"Kristen Criscitelli, RD - Dietitian Nutritionist",nutritionist,(617) 982-3658,,https://www.faynutrition.com/dietitians/kristen-criscitelli?utm_source=gmb&utm_medium=organic,,"205-50 Brian Crescent 26 M, Bayside, NY 11360",Bayside,New York,40.7876534,-73.788923,google_lsa,new,2026-08-04T15:09:50.667+00:00
gmap:ChIJAZYmvEJfwokRXuCUfSGKdDs,Astoria Nutrition & Weight Loss,nutritionist,(516) 499-7090,,,,"23-17 31st St 2nd Floor, Astoria, NY 11105",Astoria,New York,40.7737517,-73.9130415,google_lsa,new,2026-08-04T15:09:50.667+00:00
gmap:ChIJhWCzlB9ZwokRfBpFDlNvCGs,"Functional Nourishment, LLC",nutritionist,(212) 317-4331,,http://functional-nourishment.com/,,"38-01 23rd Ave #405, Astoria, NY 11105",Astoria,New York,40.771661,-73.908433,google_lsa,new,2026-08-04T15:09:50.667+00:00
gmap:ChIJA7ykDaiLwokRI-BXr-pj5LU,"Maria Aronis, RD - Dietitian Nutritionist",nutritionist,(617) 982-3658,,https://www.faynutrition.com/dietitians/maria-aronis?utm_source=gmb&utm_medium=organic,,"22-22 Clintonville St, Whitestone, NY 11357",Whitestone,New York,40.7774755,-73.8021598,google_lsa,new,2026-08-04T15:09:50.667+00:00
gmap:ChIJbbJwklX1wokR3Nl0LOJvQLE,HealthPoint Chiropractic & Nutrition,nutritionist,(718) 358-1155,,http://www.healthpointnutrition.com/,,"122-15 25th Rd B3, Flushing, NY 11354",Flushing,New York,40.7758977,-73.845628,google_lsa,new,2026-08-04T15:09:50.667+00:00
gmap:ChIJP3bTeDz1wokR9VJbHcEB6gc,Next Level Nutrition NYC,nutritionist,(929) 900-6232,,https://instagram.com/nyc.nextlevel,,"648 Jackson Ave Back Suite, Bronx, NY 10455",Bronx,NY,40.8157111,-73.9078284,google_lsa,new,2026-08-04T15:09:50.667+00:00
gmap:ChIJ3-Ad4G232YgRtqqr6z-Zvoc,Sunpass Driving School,driver,(786) 615-2180,,,,"3939 NW 7th St Ste 209, Miami, FL 33126, United States",Miami,Florida,25.7791466,-80.2606584,google_lsa,new,2026-08-04T15:09:43.963+00:00
gmap:ChIJQU1uSMy32YgRouC6Uyryxkg,FLHSMV Driver License and Motor Vehicle Service Centers,driver,(305) 229-6333,,https://www.flhsmv.gov/locations/miami-dade/,,"3721 NW 7th St, Miami, FL 33126",Miami,Florida,25.7813341,-80.2581229,google_lsa,new,2026-08-04T15:09:43.963+00:00
gmap:ChIJZ-EZkwa32YgR_ta9z5WOUyE,EXAMEN TEORICO Y PRACTICO - TRAFFIC SCHOOL INC,driver,(305) 649-1898,,http://www.trafficschoolinconline.com/,,"2742 SW 8th St #15, Miami, FL 33135",Miami,Florida,25.7644808,-80.2396031,google_lsa,new,2026-08-04T15:09:43.963+00:00
gmap:ChIJpTuwGB-32YgRiLWhAnl8PLk,Academy Driving School,driver,(305) 646-1892,,https://www.youtube.com/@Academyds,,"3900 W Flagler St, Coral Gables, FL 33134",Coral Gables,Florida,25.7715556,-80.2597105,google_lsa,new,2026-08-04T15:09:43.963+00:00
gmap:ChIJuyWQ6dKw2YgRMu0AO75AtXY,Drivers rent a car,driver,(305) 633-4250,,http://www.driversrentacar.com/,,"2724 NW 36th St, Miami, FL 33142",Miami,Florida,25.8087826,-80.2414593,google_lsa,new,2026-08-04T15:09:43.963+00:00
gmap:ChIJueTm7PW32YgR0CwjQp_jvYc,My Driver RSVP,driver,(305) 316-1065,,https://mydriver.rsvp/,,"1818 SW 1st Ave, Miami, FL 33129",Miami,Florida,25.757953,-80.1992619,google_lsa,new,2026-08-04T15:09:43.963+00:00
gmap:ChIJVVUlHKq22YgRBNkVfEpokec,Driver Openings,driver,(786) 685-9137,,https://driveropenings.com/contact/,,"2125 Biscayne Blvd, Miami, FL 33137",Miami,Florida,25.7979712,-80.1885091,google_lsa,new,2026-08-04T15:09:43.963+00:00
gmap:ChIJmwlQMJ632YgRmteqPwvpVVw,305 Drive,driver,(305) 310-9357,,http://www.305-drive.com/,,"1100 S Miami Ave, Miami, FL 33130",Miami,Florida,25.7632808,-80.1935465,google_lsa,new,2026-08-04T15:09:43.963+00:00
gmap:ChIJn8oPmYS22YgRC89lbe4egxQ,Concierge Auto Transport,driver,(888) 937-4478,,http://www.conciergeautotransport.com/,,"78 SW 7th St #500, Miami, FL 33130",Miami,Florida,25.7671036,-80.1935708,google_lsa,new,2026-08-04T15:09:43.963+00:00
gmap:ChIJn5oBmvWV0EIRZRU_NhyMaJo,LUXURY Vip Transport,driver,(803) 288-5825,,https://www.luxuryviptransport.com/,,"1001 NW 7th St, Miami, FL 33136",Miami,Florida,25.7807915,-80.212583,google_lsa,new,2026-08-04T15:09:43.963+00:00
gmap:ChIJ9_UJY0Sx2YgRtYxEUZgpWok,Moving Kingdom Inc,driver,(786) 766-7887,,https://movingkingdom.com/,,"3131 NE 1st Ave Apt 2812, Miami, FL 33137",Miami,Florida,25.8061654,-80.19265,google_lsa,new,2026-08-04T15:09:43.963+00:00
gmap:ChIJxyY-tr-32YgRXnaCby03pVA,Miami Airport Car Service Limopedia,driver,(305) 793-4383,,https://limopedia.com/miami-airport-car-service/,,"4325 NW S Tamiami Canal Dr #104, Miami, FL 33126",Miami,Florida,25.7898457,-80.2678287,google_lsa,new,2026-08-04T15:09:43.963+00:00
gmap:ChIJdfewOZq22YgRHm7O0z-qy-U,Dade County Hunting and Fishing,driver,(305) 270-4916,,http://www.miamidade.gov/taxcollector/hunting-licenses.asp,,"200 NW 2nd Ave, Miami, FL 33128",Miami,Florida,25.7761163,-80.1980161,google_lsa,new,2026-08-04T15:09:43.963+00:00
gmap:ChIJlXqYHZy22YgRbHi449FDOwI,Gold Traffic School,driver,(786) 673-8844,,https://www.goldtrafficschool.com/,,"14 NE 1st Ave #200, Miami, FL 33132, United States",Miami,Florida,25.77448,-80.192179,google_lsa,new,2026-08-04T15:09:43.963+00:00
gmap:ChIJISU6JbK52YgRX34nlhfLtzI,Navarro Traffic School,driver,(786) 556-5167,,,,"1899 W Flagler St, Miami, FL 33135, United States",Miami,Florida,25.7729158,-80.2266057,google_lsa,new,2026-08-04T15:09:43.963+00:00
gmap:ChIJT-q0FFK32YgRSGHmbFl9Tys,Amanda’s Driving Academy,driver,(786) 391-9976,,https://amandasdrivingacademy.com/en/?fbclid=PAQ0xDSwKlUqRleHRuA2FlbQIxMQABp_zI6zj93xEi978XJDYQl9U-Z95oSTbE-O41uFBpZS1DnkPnPiunJp82y_jW_aem_Mk2wNmEruFfX0pMFnqrK9w,,"1 Alhambra Plz, Coral Gables, FL 33134, United States",Coral Gables,Florida,25.7528359,-80.255561,google_lsa,new,2026-08-04T15:09:43.963+00:00
gmap:ChIJRRPk75j1wokRWpeoYiaQl8g,Two Brothers Commercial Cleaning Services Enterprise,house cleaning,(917) 231-8027,,,,,New York,NY,40.85166,-73.840934,google_lsa,new,2026-08-04T15:09:40.886+00:00
gmap:ChIJee6Xi1-wtK8Rd-_mu7LWC2E,Hilda's General Cleaning,house cleaning,(917) 266-5834,,,,,New York,NY,40.7036855,-73.8783995,google_lsa,new,2026-08-04T15:09:40.886+00:00
gmap:ChIJ-0yqzf71wokRrwRHB5mOIkY,Dream Clean NYC Cleaning Service,house cleaning,(718) 550-6650,,,,,New York,NY,40.7036855,-73.8783995,google_lsa,new,2026-08-04T15:09:40.886+00:00
gmap:ChIJs9kVJtiY4qwRnn_rAwB9d2U,Kirshen Cleaning Services,house cleaning,(802) 809-1613,,,,,New York,NY,40.7036855,-73.8737029,google_lsa,new,2026-08-04T15:09:40.886+00:00
gmap:ChIJ4ePLUe31wokRY1-sYHqdL9o,Top Notch Cleaning NY,house cleaning,(800) 881-2771,,,,,New York,NY,40.6971415,-73.9796294,google_lsa,new,2026-08-04T15:09:40.886+00:00
gmap:ChIJhaxX8-edFk4Rf7pKaZfPp0U,Upscale Cleaning,house cleaning,(929) 353-0154,,http://upscalecleans.com/,,,New York,NY,40.6971415,-73.979506,google_lsa,new,2026-08-04T15:09:40.886+00:00
gmap:ChIJE2bO7StawokRmPY6Phxe74I,King of Maids,house cleaning,(800) 921-4334,,https://www.kingofmaids.com/cities/cleaning-services-nyc/,,,New York,NY,40.702108,-73.933128,google_lsa,new,2026-08-04T15:09:40.885+00:00
gmap:ChIJMSwWBiX0wokRS2HlMetpEi0,Sall Cleaning Services of NYC,house cleaning,(917) 983-7747,,http://blmus.com/cln/scs,,,New York,NY,40.6971415,-73.979506,google_lsa,new,2026-08-04T15:09:40.885+00:00
gmap:ChIJkUU1JEFqygURb3nBAqArfyg,DaBronx Home Cleaning,house cleaning,(929) 265-7530,,,,,New York,NY,40.7390684,-73.8737029,google_lsa,new,2026-08-04T15:09:40.885+00:00
gmap:ChIJucsgLbrwh0sR1fa0WdjMEqU,Veri Gleam Cleaning Service,house cleaning,(347) 364-9657,,,,,New York,NY,40.7989863,-73.8976484,google_lsa,new,2026-08-04T15:09:40.885+00:00
gmap:ChIJa-qin4r1wokR8uHNv6r643o,Patricia's Cleaning Services,house cleaning,(646) 420-1865,,,,,New York,NY,40.6971415,-73.979506,google_lsa,new,2026-08-04T15:09:40.885+00:00
gmap:ChIJYVbC0XfoBEURzuyGaTZ0VE0,Dirty 2 Clean Home,house cleaning,(347) 588-5011,,http://dirty2cleanhome.com/home,,,New York,NY,40.696902,-73.8783995,google_lsa,new,2026-08-04T15:09:40.885+00:00
gmap:ChIJNX4muYpegYwRx81TMAZHwUw,PoshGleam Cleaning Service LLC,house cleaning,(929) 498-6996,,https://poshgleamcleaning.com/,,,New York,NY,40.7036855,-73.8783995,google_lsa,new,2026-08-04T15:09:40.885+00:00
gmap:ChIJRaVMALBYwokRzMtBpYCqABU,"ByNext - Dry Cleaning, Laundry, Home Cleaning - Upper East Side",house cleaning,(646) 964-4206,,https://bynext.co/new-york/upper-east-side/?utm_source=google&utm_medium=organic&utm_campaign=google-business-profile,,"1634 1st Ave, New York, NY 10028",New York,New York,40.7760242,-73.9497826,google_lsa,new,2026-08-04T15:09:40.885+00:00
gmap:ChIJVQmxJlVZwokRSI1vQ_QpbDs,MB Green Cleaning,house cleaning,(646) 238-9576,,https://www.mbgreencleaning.com/,,,New York,NY,40.6971415,-73.979506,google_lsa,new,2026-08-04T15:09:40.885+00:00
gmap:ChIJA7_p8PhktAcRqZgtbf9zgU8,Lemon Squeeze Cleaning,house cleaning,(917) 805-9743,,http://lemonsqueezecleaning.com/,,,New York,NY,40.7036855,-73.8783995,google_lsa,new,2026-08-04T15:09:40.885+00:00
gmap:ChIJN838CBL0wokRzt6S0nYlSm4,Refer Cleaning Service,house cleaning,(845) 293-2171,,https://www.refercleaning.com/,,,New York,NY,40.9009989,-73.9003419,google_lsa,new,2026-08-04T15:09:40.885+00:00
gmap:ChIJ-UN8SW98nAARpCRPqTSQlK0,House Cleaning Agents,house cleaning,(914) 920-7506,,https://housecleaningagents.bookingkoala.com/home,,,New York,NY,40.7989863,-73.8976484,google_lsa,new,2026-08-04T15:09:40.885+00:00
gmap:ChIJyfLCIxhfwokRGIWR7LR5LU0,Lessy Messy LLC.,house cleaning,(708) 790-7589,,,,"38-11 Ditmars Blvd #1064, Astoria, NY 11105",Astoria,New York,40.7732257,-73.9062583,google_lsa,new,2026-08-04T15:09:40.885+00:00
gmap:ChIJx8jjlqL1wokRbWXJ8vf5JhQ,IBC Cleaning,house cleaning,(347) 759-8458,,https://cleaningservicebronx.com/,,,New York,NY,40.7036855,-73.975765,google_lsa,new,2026-08-04T15:09:40.885+00:00
gmap:ChIJ3REdedphwokRT-v0xYwy9Qk,Rockstar Cleaning Services,house cleaning,(347) 836-9680,,http://rockstarcleaning.com/contact.html,,"42-22 201st St, Bayside, NY 11361",Bayside,New York,40.7589622,-73.7831035,google_lsa,new,2026-08-04T15:09:40.885+00:00
gmap:ChIJ-3O5yfmLwokRloImc2z6rNE,Maribel's Cleaning Service,house cleaning,(347) 697-0364,,,,"1122 Vincent Ave, Bronx, NY 10465",Bronx,New York,40.835614,-73.8206258,google_lsa,new,2026-08-04T15:09:40.885+00:00
gmap:ChIJA_aXuvBfwokRkCX3sHD3NA8,SUPER SWEEPY CLEANING SERVICES,house cleaning,(718) 606-0273,,,,"43-15 Broadway, Long Island City, NY 11103",Long Island City,New York,40.757757,-73.915893,google_lsa,new,2026-08-04T15:09:40.885+00:00
gmap:ChIJVVVVVWL2wokRjlDWAgEfTjM,Ladybird Quality Cleaning,house cleaning,(347) 769-2798,,,,"400 Convent Ave, New York, NY 10031",New York,New York,40.8262626,-73.9453988,google_lsa,new,2026-08-04T15:09:40.885+00:00
gmap:ChIJq1yGCLpYwokRfCxYcm3QO9s,Sparkling Cleaning NY. Inc.,house cleaning,(646) 271-9009,,http://www.cleaningmyhome.com/,,"425 E 72nd St, New York, NY 10021",New York,New York,40.7673595,-73.9543228,google_lsa,new,2026-08-04T15:09:40.885+00:00
gmap:ChIJW5kGGpRZwokRahobFXL2uQw,CLEANING AGENCY,house cleaning,(347) 321-9443,,https://homecleaning.nyc/book-now/?rcode=HC10,,"33-26 73rd St, Jackson Heights, NY 11372",Jackson Heights,New York,40.753824,-73.893855,google_lsa,new,2026-08-04T15:09:40.885+00:00
gmap:ChIJMT67wLF--A4ReuBFnoewrWg,Rasmane Cleaning Services,house cleaning,(929) 472-2403,,,,"811 Crotona Park N, Bronx, NY 10460",Bronx,New York,40.8402925,-73.8903968,google_lsa,new,2026-08-04T15:09:40.885+00:00
gmap:ChIJ3w5BT69ZwokR_eMyUxzgjLc,Everstone Express Cleaning Service,house cleaning,(347) 344-6673,,,,"1278 1st Ave Ste 18, New York, NY 10065",New York,New York,40.76551,-73.957252,google_lsa,new,2026-08-04T15:09:40.885+00:00
gmap:ChIJ8XtapvxhwokRyHu21ns4J9M,New York Home Cleaning Service,house cleaning,(718) 795-2919,,https://newyorkhomecleaningservice.com/?utm_campaign=gmb,,"209-80 45th Dr, Bayside, NY 11361",Bayside,New York,40.758118,-73.772675,google_lsa,new,2026-08-04T15:09:40.885+00:00
gmap:ChIJqQEZxZz2wokRqMITqTqcZXo,Sparkle Home Services,house cleaning,(877) 749-3122,,http://sparklehomeservicellc.com/,,,New York,NY,40.805146,-73.9003419,google_lsa,new,2026-08-04T15:09:40.885+00:00
gmap:ChIJlV3RMThfwokR_hTKbGmFgA8,Lavender House Cleaning Services,house cleaning,(917) 865-3058,,,,,New York,NY,40.805146,-73.9108895,google_lsa,new,2026-08-04T15:09:40.885+00:00
gmap:ChIJO6cOJGBfwokR1B22O10uOwU,Millennium Cleaning Service,house cleaning,(929) 394-4850,,,,,New York,NY,40.805146,-73.9003419,google_lsa,new,2026-08-04T15:09:40.885+00:00
gmap:ChIJ-6B4ufiauKARugMDN-6N7sA,Forever shine cleaning service,house cleaning,(862) 576-4474,,https://forevershine1180.wixsite.com/website,,,New York,NY,40.6944645,-73.7656165,google_lsa,new,2026-08-04T15:09:40.885+00:00
gmap:ChIJV3lk0PxbwokR1AfFC_d428s,Bacco Cleaning Solutions,house cleaning,(917) 673-2430,,http://www.baccocleanings.com/,,,New York,NY,40.805146,-73.9003419,google_lsa,new,2026-08-04T15:09:40.885+00:00
gmap:ChIJ4_Nh0Af5uoYRUQGrorQKPgw,Angels & sf cleaning service LLc,house cleaning,(917) 207-9586,,http://angelsandsfcleaningservices.com/,,,New York,NY,40.6971415,-73.979506,google_lsa,new,2026-08-04T15:09:40.885+00:00
gmap:ChIJB2kQ33j1wokRBkJKrdcGmt4,"Maid to order cleaning services, LLC",house cleaning,(917) 362-3841,,http://www.maidtoordercleaningservices.com/,,,New York,NY,40.6971415,-73.979506,google_lsa,new,2026-08-04T15:09:40.885+00:00
gmap:ChIJvSxHcLXj808R1cLCahBVwJ8,RiGlow Cleaning Services,house cleaning,(347) 337-7074,,,,,New York,NY,40.7036855,-73.8783995,google_lsa,new,2026-08-04T15:09:40.885+00:00
gmap:ChIJzWwqSj4Vj0ARSVck6A1jEA4,Irie Shawnie Cleaning Service LLC,house cleaning,(347) 698-6545,,http://irieshawnie.com/,,,New York,NY,40.7517074,-73.8460315,google_lsa,new,2026-08-04T15:09:40.885+00:00
gmap:ChIJjwW6Cg5fwokRD8asxGqbftc,KLNRS Residential & Commercial Cleaning,house cleaning,(888) 556-7787,,https://klnrs.com/,,,New York,NY,40.6971415,-73.979506,google_lsa,new,2026-08-04T15:09:40.885+00:00
gmap:ChIJQ5g8NBVesIYRBhg0go6Ryi8,Gold Luxury Cleaning Service,house cleaning,(917) 905-6474,,https://deepcleaningbronx.com/,,,New York,NY,40.7036855,-73.8783995,google_lsa,new,2026-08-04T15:09:40.885+00:00
gmap:ChIJ36EL0s1clo0Rpt29Zp0Nyzs,Titanium Cleaning Services LLC,house cleaning,(917) 693-8821,,https://titaniumcleaningsvc.com/?utm_campaign=gmb,,,New York,NY,40.7036855,-73.8783995,google_lsa,new,2026-08-04T15:09:40.885+00:00
gmap:ChIJY2RLL473wokRf51dx9d1lE4,Top to Bottom Cleaning Service,house cleaning,(917) 861-7741,,,,,New York,NY,40.6971415,-73.979506,google_lsa,new,2026-08-04T15:09:40.885+00:00
gmap:ChIJ2ZwqZjH1wokRP6X72mR4L7U,PENIELLE CLEANING SERVICE,house cleaning,(718) 269-7055,,,,,New York,NY,40.7813047,-73.9771184,google_lsa,new,2026-08-04T15:09:40.885+00:00
gmap:ChIJf_-xhORhUWYR11VJpIZ8Gkk,Titanium Cleaning Services LLC,house cleaning,(917) 693-8821,,https://titanium-cleaning-services-llc-1.ueniweb.com/?utm_campaign=gmb,,,New York,NY,40.7036855,-73.8783995,google_lsa,new,2026-08-04T15:09:40.885+00:00
gmap:ChIJAdjYpg7r8w4RggrdLRRlhGg,Fresh Cedar Cleaning,house cleaning,(718) 213-5083,,https://freshcedarinc.com/,,,New York,NY,40.6507535,-73.8711404,google_lsa,new,2026-08-04T15:09:40.885+00:00
gmap:ChIJzz4trv5ZwokRq5t1DvBDXBA,Johan Cleaning Services,house cleaning,(347) 806-6154,,http://www.johancleaning.com/,,,New York,NY,40.6971415,-73.979506,google_lsa,new,2026-08-04T15:09:40.885+00:00
gmap:ChIJ939NZr71wokRtYvTP51qDek,Evergreen Nutrition,nutritionist,(646) 842-7569,,,,"1287 Evergreen Ave, Bronx, NY 10472",Bronx,New York,40.8308198,-73.8818068,google_lsa,new,2026-08-04T15:09:26.769+00:00
gmap:ChIJ-yqTb1lpwokRBAwLWR7ObZ0,Forklift Driving School,driver,(516) 451-1125,,https://forkliftdrivingschool.com/,,,New York,NY,40.7327934,-73.9003419,google_lsa,new,2026-08-04T15:09:21.062+00:00
gmap:ChIJg9H7llez2YgRJ0k741eK5JA,Nova Green construction group LLC,contractor,(305) 717-4479,,https://novagreenconstruction.com/,,"158 NW 37th St, Miami, FL 33127",Miami,Florida,25.810973,-80.1988396,google_lsa,new,2026-08-04T15:09:12.196+00:00
gmap:ChIJFQU3-HW32YgRsh0ghhi_AYE,One Stop Construction,contractor,(305) 442-2799,,http://www.onestopconstruction.com/,,"4214 SW 2nd Terrace, Coral Gables, FL 33134",Coral Gables,Florida,25.7692983,-80.2641263,google_lsa,new,2026-08-04T15:09:12.196+00:00
gmap:ChIJyw1P26K32YgRQfWL6m3OZAo,MGA General Contractors inc,contractor,(754) 900-0617,,http://mgagci.com/,,"2742 SW 8th St, Miami, FL 33135",Miami,Florida,25.7644722,-80.2396241,google_lsa,new,2026-08-04T15:09:12.196+00:00
gmap:ChIJP8VXzp6t2YgRxk20dNGQpfg,Elbaz Construction & Bathroom Remodeling,contractor,(754) 236-0675,,https://elbazconstructioncorp.com/?utm_campaign=gmb,,"19 W Flagler St #310, Miami, FL 33130",Miami,Florida,25.7744577,-80.1939141,google_lsa,new,2026-08-04T15:09:12.196+00:00
gmap:ChIJoVJeL9i32YgRu29-prm2KMA,Pulido Contractors Corp. (Roofing Contractors),contractor,(305) 492-3868,,,,"2821 NW 21st Ct, Miami, FL 33142",Miami,Florida,25.8026207,-80.2305011,google_lsa,new,2026-08-04T15:09:12.196+00:00
gmap:ChIJ__-T3Fa52YgRYB443Sk8Kso,Florida Build Contractors,contractor,(305) 525-1106,,http://floridabuildcontractors.com/,,"777 Brickell Ave #500, Miami, FL 33131",Miami,Florida,25.7664513,-80.1898953,google_lsa,new,2026-08-04T15:09:12.196+00:00
gmap:ChIJe6Q96oO22YgR7A1rQv2CN1U,SYNERGY GENERAL CONTRACTORS,contractor,(786) 357-1670,,http://synergygc.com/,,"1800 SW 1st Ave #607, Miami, FL 33129",Miami,Florida,25.758098,-80.199084,google_lsa,new,2026-08-04T15:09:12.196+00:00
gmap:ChIJyebXyfG32YgRH1a73lwOm6c,The Origin Building Group LLC,contractor,(305) 849-9014,,http://www.originbuildinggroup.com/,,"1348 SW 15th St, Miami, FL 33145",Miami,Florida,25.7586385,-80.217426,google_lsa,new,2026-08-04T15:09:12.196+00:00
gmap:ChIJUxN62Ga32YgRUlyZ_ZQzyfk,NPM General Contractors,contractor,(786) 344-4593,,http://npmgc.com/,,"2233 SW 7th St, Miami, FL 33135",Miami,Florida,25.7664909,-80.2313953,google_lsa,new,2026-08-04T15:09:12.196+00:00
gmap:ChIJL_vliSK32YgRzLYW3wP7_6E,Titan Contractors LLC,contractor,(786) 238-0491,,https://titancontractorsusa.com/,,"1671 NW 36th Ave, Miami, FL 33125",Miami,Florida,25.7900306,-80.2534985,google_lsa,new,2026-08-04T15:09:12.196+00:00
gmap:ChIJbb7gQqu22YgR_sRiZvqBIzQ,Brodson Construction Inc,contractor,(305) 576-9909,,https://www.brodsonconstruction.com/,,"120 NE 27th St, Miami, FL 33137",Miami,Florida,25.8024077,-80.1925006,google_lsa,new,2026-08-04T15:09:12.196+00:00
gmap:ChIJVVWp_2G22YgRMdAXxBdZfjg,AG Contractors,contractor,(305) 503-9869,,https://agcontractorsfl.com/,,"2121 SW 3rd Ave, Miami, FL 33129",Miami,Florida,25.7576671,-80.2043961,google_lsa,new,2026-08-04T15:09:12.196+00:00
gmap:ChIJlTxodmal2YgRVuL9gvslnlc,Innovative Solutions Construction,contractor,(786) 280-0755,,http://www.iscfl.net/,,"1200 Brickell Ave Ste 1950 #1031, Miami, FL 33131",Miami,Florida,25.7619992,-80.1923449,google_lsa,new,2026-08-04T15:09:12.196+00:00
gmap:ChIJ7Q0I15y22YgRU-hICd82V4g,CH Construction Group,contractor,(786) 762-2641,,http://chconstruct.com/,,"444 Brickell Ave #403, Miami, FL 33131",Miami,Florida,25.7690902,-80.1904204,google_lsa,new,2026-08-04T15:09:12.196+00:00
gmap:ChIJ1QjF2J222YgRCLz1yC3Ri5U,General Contractors in Miami Florida,contractor,(645) 225-0186,,,,"270 E Flagler St, Miami, FL 33131",Miami,Florida,25.7741272,-80.1891892,google_lsa,new,2026-08-04T15:09:12.196+00:00
gmap:ChIJtZXVmyyx2YgRe6oJySWrK7E,Remodeling Ceiling Corp,contractor,(754) 337-0575,,,,"1186 NW 32nd St, Miami, FL 33127",Miami,Florida,25.8058975,-80.215085,google_lsa,new,2026-08-04T15:09:12.196+00:00
gmap:ChIJkQ87tFu22YgRHwoyaCWvGPY,AG General Contractor,contractor,(305) 397-9030,,https://aggeneralcontractor.com/,,"1385 Coral Wy, Miami, FL 33145",Miami,Florida,25.7511868,-80.2178829,google_lsa,new,2026-08-04T15:09:12.196+00:00
gmap:ChIJUWp6Tki52YgRyKakeL8q8L4,Cutting Edge Innovative,contractor,(786) 957-7775,,https://www.cuttingedgeinnovative.com/,,"2030 Douglas Rd Ste 211, Coral Gables, FL 33134",Coral Gables,Florida,25.753387,-80.2553614,google_lsa,new,2026-08-04T15:09:12.196+00:00
gmap:ChIJpe7qxP632YgR_CkODtgwjO8,Hulse Construction Group,contractor,(786) 538-9691,,https://hulseconstructiongroup.com/,,"1701 W Flagler St #202, Miami, FL 33135",Miami,Florida,25.7735028,-80.2231124,google_lsa,new,2026-08-04T15:09:12.196+00:00
gmap:ChIJq-857NOw2YgRVRABW_ewgEc,Commercial Interior Contractors,contractor,(305) 636-3700,,https://cic-corp.com/,,"1799 NW 22nd St, Miami, FL 33142",Miami,Florida,25.7976917,-80.2253038,google_lsa,new,2026-08-04T15:09:12.196+00:00
gmap:ChIJx-RBgw7zwokRjd-r097ConY,Lumy Cleaning Services LLC,housekeeper,(315) 710-4557,,http://lumycleaningservices.com/,,"1500 Astor Ave, Bronx, NY 10469",Bronx,New York,40.8596627,-73.8424669,google_lsa,new,2026-08-04T15:09:08.997+00:00
gmap:ChIJT_9gHL1fwokRMZnNPgR3bUs,Housekeeping NY INC,housekeeper,(518) 662-8888,,https://housekeepny.com/home/,,"47-10 32nd Pl, Long Island City, NY 11101",Long Island City,New York,40.7424219,-73.9332104,google_lsa,new,2026-08-04T15:09:08.997+00:00
gmap:ChIJ79FthDzzwokR3z1L32ABKHI,Friendly HouseKeeping,housekeeper,(917) 736-7959,,https://www.prohousekeepingservice.com/,,"3424 Dekalb Ave, Bronx, NY 10467",Bronx,New York,40.8806124,-73.8819851,google_lsa,new,2026-08-04T15:09:08.997+00:00
glsa:237926551:brooklyn,G&M Construction Group Of NY,plumber,(516) 491-2981,,https://www.google.com/localservices/profile?cs=0&q=G%26M+Construction+Group+Of+NY&spp=Ej0KEQiX8blxENHSi6sJGMimyKsJEih4Y2F0OnNlcnZpY2VfYXJlYV9idXNpbmVzc19wbHVtYmVyOmVuLVVT&scp=Cih4Y2F0OnNlcnZpY2VfYXJlYV9idXNpbmVzc19wbHVtYmVyOmVuLVVTEhgaEgk7CD_TpU_CiRFi_nfhBo8LyDjXuT4,,New York,Brooklyn,NY,,,google_lsa,new,2026-08-01T18:44:40.355+00:00
glsa:239370361:brooklyn,RR Plumbing Roto-Rooter Plumbing & Water Cleanup,plumber,(212) 675-7542,,https://www.google.com/localservices/profile?cs=0&q=RR+Plumbing+Roto-Rooter+Plumbing+%26+Water+Cleanup&spp=Ej0KEQj5gJJyELfVm6sJGNT12qsJEih4Y2F0OnNlcnZpY2VfYXJlYV9idXNpbmVzc19wbHVtYmVyOmVuLVVT&scp=Cih4Y2F0OnNlcnZpY2VfYXJlYV9idXNpbmVzc19wbHVtYmVyOmVuLVVTEhgaEgk7CD_TpU_CiRFi_nfhBo8LyDjXuT4,,New York,Brooklyn,NY,,,google_lsa,new,2026-08-01T18:44:40.355+00:00
glsa:321809242:brooklyn,Rite Plumbing & Heating,plumber,(347) 502-6441,,https://www.google.com/localservices/profile?cs=0&q=Rite+Plumbing+%26+Heating&spp=Ej4KEgja1rmZARDZ15-wCRjQgYiyCRIoeGNhdDpzZXJ2aWNlX2FyZWFfYnVzaW5lc3NfcGx1bWJlcjplbi1VUw&scp=Cih4Y2F0OnNlcnZpY2VfYXJlYV9idXNpbmVzc19wbHVtYmVyOmVuLVVTEhgaEgk7CD_TpU_CiRFi_nfhBo8LyDjXuT4,,New York,Brooklyn,NY,,,google_lsa,new,2026-08-01T18:44:40.355+00:00
glsa:231963569:brooklyn,"Vigilante Plumbing, Heating & Air Conditioning",plumber,(718) 522-6111,,"https://www.google.com/localservices/profile?cs=0&q=Vigilante+Plumbing,+Heating+%26+Air+Conditioning&spp=Ej0KEQix981uEMHQ_aoJGMn4uKsJEih4Y2F0OnNlcnZpY2VfYXJlYV9idXNpbmVzc19wbHVtYmVyOmVuLVVT&scp=Cih4Y2F0OnNlcnZpY2VfYXJlYV9idXNpbmVzc19wbHVtYmVyOmVuLVVTEhgaEgk7CD_TpU_CiRFi_nfhBo8LyDjXuT4",,New York,Brooklyn,NY,,,google_lsa,new,2026-08-01T18:44:40.355+00:00
glsa:207904443:brooklyn,"Petri Plumbing, Heating Cooling & Drain Cleaning",plumber,(718) 748-1254,,"https://www.google.com/localservices/profile?cs=0&q=Petri+Plumbing,+Heating+Cooling+%26+Drain+Cleaning&spp=Ej0KEQi7vZFjEOyAxasJGOumiKwJEih4Y2F0OnNlcnZpY2VfYXJlYV9idXNpbmVzc19wbHVtYmVyOmVuLVVT&scp=Cih4Y2F0OnNlcnZpY2VfYXJlYV9idXNpbmVzc19wbHVtYmVyOmVuLVVTEhgaEgk7CD_TpU_CiRFi_nfhBo8LyDjXuT4",,New York,Brooklyn,NY,,,google_lsa,new,2026-08-01T18:44:40.355+00:00
glsa:238064055:brooklyn,Exquisite Painting Plus,plumber,(914) 564-0797,,https://www.google.com/localservices/profile?cs=0&q=Exquisite+Painting+Plus&spp=Ej0KEQi3o8JxEPaBkqsJGO-d0KsJEih4Y2F0OnNlcnZpY2VfYXJlYV9idXNpbmVzc19wbHVtYmVyOmVuLVVT&scp=Cih4Y2F0OnNlcnZpY2VfYXJlYV9idXNpbmVzc19wbHVtYmVyOmVuLVVTEhgaEgk7CD_TpU_CiRFi_nfhBo8LyDjXuT4,,New York,Brooklyn,NY,,,google_lsa,new,2026-08-01T18:44:40.355+00:00
glsa:6678998574:brooklyn,Winners Sewer & Drain,plumber,(914) 435-6026,,https://www.google.com/localservices/profile?cs=0&q=Winners+Sewer+%26+Drain&spp=Ej4KEgiu3OXwGBCA8JapHhj_x6-gJRIoeGNhdDpzZXJ2aWNlX2FyZWFfYnVzaW5lc3NfcGx1bWJlcjplbi1VUw&scp=Cih4Y2F0OnNlcnZpY2VfYXJlYV9idXNpbmVzc19wbHVtYmVyOmVuLVVTEhgaEgk7CD_TpU_CiRFi_nfhBo8LyDjXuT4,,New York,Brooklyn,NY,,,google_lsa,new,2026-08-01T18:44:40.355+00:00
glsa:6790603850:brooklyn,GO2 Piping LLC,plumber,(347) 488-8501,,https://www.google.com/localservices/profile?cs=0&q=GO2+Piping+LLC&spp=Ej4KEgjKyIGmGRD51PnjKBj_x6-gJRIoeGNhdDpzZXJ2aWNlX2FyZWFfYnVzaW5lc3NfcGx1bWJlcjplbi1VUw&scp=Cih4Y2F0OnNlcnZpY2VfYXJlYV9idXNpbmVzc19wbHVtYmVyOmVuLVVTEhgaEgk7CD_TpU_CiRFi_nfhBo8LyDjXuT4,,New York,Brooklyn,NY,,,google_lsa,new,2026-08-01T18:44:40.355+00:00
glsa:8111697344:brooklyn,MC Drain & Plumbing,plumber,(914) 462-6269,,https://www.google.com/localservices/profile?cs=0&q=MC+Drain+%26+Plumbing&spp=Ej4KEgjA2_qbHhCz4Jr9KBj_x6-gJRIoeGNhdDpzZXJ2aWNlX2FyZWFfYnVzaW5lc3NfcGx1bWJlcjplbi1VUw&scp=Cih4Y2F0OnNlcnZpY2VfYXJlYV9idXNpbmVzc19wbHVtYmVyOmVuLVVTEhgaEgk7CD_TpU_CiRFi_nfhBo8LyDjXuT4,,New York,Brooklyn,NY,,,google_lsa,new,2026-08-01T18:44:40.355+00:00
glsa:238174745:brooklyn,Robert Schiff Plumbing & Heating,plumber,(551) 206-3629,,https://www.google.com/localservices/profile?cs=0&q=Robert+Schiff+Plumbing+%26+Heating&spp=Ej0KEQiZhMlxEK3FkqsJGPWGz6sJEih4Y2F0OnNlcnZpY2VfYXJlYV9idXNpbmVzc19wbHVtYmVyOmVuLVVT&scp=Cih4Y2F0OnNlcnZpY2VfYXJlYV9idXNpbmVzc19wbHVtYmVyOmVuLVVTEhgaEgk7CD_TpU_CiRFi_nfhBo8LyDjXuT4,,New York,Brooklyn,NY,,,google_lsa,new,2026-08-01T18:44:40.355+00:00
glsa:238065783:brooklyn,MD Plumbing & Heating LLC,plumber,(631) 335-7123,,https://www.google.com/localservices/profile?cs=0&q=MD+Plumbing+%26+Heating+LLC&spp=Ej0KEQj3sMJxEP2LkqsJGMuVyasJEih4Y2F0OnNlcnZpY2VfYXJlYV9idXNpbmVzc19wbHVtYmVyOmVuLVVT&scp=Cih4Y2F0OnNlcnZpY2VfYXJlYV9idXNpbmVzc19wbHVtYmVyOmVuLVVTEhgaEgk7CD_TpU_CiRFi_nfhBo8LyDjXuT4,,New York,Brooklyn,NY,,,google_lsa,new,2026-08-01T18:44:40.355+00:00
glsa:238165389:brooklyn,rooterman,plumber,(914) 965-4031,,https://www.google.com/localservices/profile?cs=0&q=rooterman&spp=Ej0KEQiNu8hxEPmakasJGI2l0KsJEih4Y2F0OnNlcnZpY2VfYXJlYV9idXNpbmVzc19wbHVtYmVyOmVuLVVT&scp=Cih4Y2F0OnNlcnZpY2VfYXJlYV9idXNpbmVzc19wbHVtYmVyOmVuLVVTEhgaEgk7CD_TpU_CiRFi_nfhBo8LyDjXuT4,,New York,Brooklyn,NY,,,google_lsa,new,2026-08-01T18:44:40.355+00:00
glsa:394050633:brooklyn,NYC Sewer And Drain Pro Solutions LLC,plumber,(718) 500-5717,,https://www.google.com/localservices/profile?cs=0&q=NYC+Sewer+And+Drain+Pro+Solutions+LLC&spp=Ej4KEgjJ-PK7ARDbv-O3CRj_x6-gJRIoeGNhdDpzZXJ2aWNlX2FyZWFfYnVzaW5lc3NfcGx1bWJlcjplbi1VUw&scp=Cih4Y2F0OnNlcnZpY2VfYXJlYV9idXNpbmVzc19wbHVtYmVyOmVuLVVTEhgaEgk7CD_TpU_CiRFi_nfhBo8LyDjXuT4,,New York,Brooklyn,NY,,,google_lsa,new,2026-08-01T18:44:40.355+00:00
glsa:1244282830:brooklyn,Snake Guys Sewer & Drain,plumber,(914) 803-6062,,https://www.google.com/localservices/profile?cs=0&q=Snake+Guys+Sewer+%26+Drain&spp=Ej4KEgjO_6jRBBD2xPLCDRj_x6-gJRIoeGNhdDpzZXJ2aWNlX2FyZWFfYnVzaW5lc3NfcGx1bWJlcjplbi1VUw&scp=Cih4Y2F0OnNlcnZpY2VfYXJlYV9idXNpbmVzc19wbHVtYmVyOmVuLVVTEhgaEgk7CD_TpU_CiRFi_nfhBo8LyDjXuT4,,New York,Brooklyn,NY,,,google_lsa,new,2026-08-01T18:44:40.355+00:00
glsa:622395811:brooklyn,Philco Plumbing,plumber,(718) 605-0450,,https://www.google.com/localservices/profile?cs=0&q=Philco+Plumbing&spp=Ej4KEgijg-SoAhDah_-9CRj_x6-gJRIoeGNhdDpzZXJ2aWNlX2FyZWFfYnVzaW5lc3NfcGx1bWJlcjplbi1VUw&scp=Cih4Y2F0OnNlcnZpY2VfYXJlYV9idXNpbmVzc19wbHVtYmVyOmVuLVVTEhgaEgk7CD_TpU_CiRFi_nfhBo8LyDjXuT4,,New York,Brooklyn,NY,,,google_lsa,new,2026-08-01T18:44:40.355+00:00
glsa:238071533:brooklyn,Georges Sewer Cleaning,plumber,(718) 253-5652,,https://www.google.com/localservices/profile?cs=0&q=Georges+Sewer+Cleaning&spp=Ej0KEQjt3cJxEOuLkqsJGIGq0KsJEih4Y2F0OnNlcnZpY2VfYXJlYV9idXNpbmVzc19wbHVtYmVyOmVuLVVT&scp=Cih4Y2F0OnNlcnZpY2VfYXJlYV9idXNpbmVzc19wbHVtYmVyOmVuLVVTEhgaEgk7CD_TpU_CiRFi_nfhBo8LyDjXuT4,,New York,Brooklyn,NY,,,google_lsa,new,2026-08-01T18:44:40.355+00:00
glsa:51322916:brooklyn,ECD Solutions,plumber,(212) 389-2738,,https://www.google.com/localservices/profile?cs=0&q=ECD+Solutions&spp=Ej0KEQikwLwYELvJ8NEJGP_Hr6AlEih4Y2F0OnNlcnZpY2VfYXJlYV9idXNpbmVzc19wbHVtYmVyOmVuLVVT&scp=Cih4Y2F0OnNlcnZpY2VfYXJlYV9idXNpbmVzc19wbHVtYmVyOmVuLVVTEhgaEgk7CD_TpU_CiRFi_nfhBo8LyDjXuT4,,New York,Brooklyn,NY,,,google_lsa,new,2026-08-01T18:44:40.355+00:00
glsa:7618036235:brooklyn,Glenn's Plumbing,plumber,(646) 963-2616,,https://www.google.com/localservices/profile?cs=0&q=Glenn's+Plumbing&spp=Ej4KEgiLhMiwHBD-q9jmKBj_x6-gJRIoeGNhdDpzZXJ2aWNlX2FyZWFfYnVzaW5lc3NfcGx1bWJlcjplbi1VUw&scp=Cih4Y2F0OnNlcnZpY2VfYXJlYV9idXNpbmVzc19wbHVtYmVyOmVuLVVTEhgaEgk7CD_TpU_CiRFi_nfhBo8LyDjXuT4,,New York,Brooklyn,NY,,,google_lsa,new,2026-08-01T18:44:40.355+00:00
glsa:238058544:brooklyn,Balkan Sewer And Drain Cleaning,plumber,(718) 641-1222,,https://www.google.com/localservices/profile?cs=0&q=Balkan+Sewer+And+Drain+Cleaning&spp=Ej0KEQiw-MFxEOG5jKsJGJu0zasJEih4Y2F0OnNlcnZpY2VfYXJlYV9idXNpbmVzc19wbHVtYmVyOmVuLVVT&scp=Cih4Y2F0OnNlcnZpY2VfYXJlYV9idXNpbmVzc19wbHVtYmVyOmVuLVVTEhgaEgk7CD_TpU_CiRFi_nfhBo8LyDjXuT4,,New York,Brooklyn,NY,,,google_lsa,new,2026-08-01T18:44:40.355+00:00
glsa:100642097:brooklyn,Empire Sewer And Water,plumber,(718) 715-4763,,https://www.google.com/localservices/profile?cs=0&q=Empire+Sewer+And+Water&spp=Ej0KEQix2v4vENqrsrIJGPGpu7QJEih4Y2F0OnNlcnZpY2VfYXJlYV9idXNpbmVzc19wbHVtYmVyOmVuLVVT&scp=Cih4Y2F0OnNlcnZpY2VfYXJlYV9idXNpbmVzc19wbHVtYmVyOmVuLVVTEhgaEgk7CD_TpU_CiRFi_nfhBo8LyDjXuT4,,New York,Brooklyn,NY,,,google_lsa,new,2026-08-01T18:44:40.355+00:00
glsa:82114783:brooklyn,ibidPREP,tutor,(212) 787-0374,,https://www.google.com/localservices/profile?cs=0&q=ibidPREP&spp=EjsKEQjf8ZMnEMP75PQJGP_Hr6AlEiZ4Y2F0OnNlcnZpY2VfYXJlYV9idXNpbmVzc190dXRvcjplbi1VUw&scp=CiZ4Y2F0OnNlcnZpY2VfYXJlYV9idXNpbmVzc190dXRvcjplbi1VUxIYGhIJOwg_06VPwokRYv534QaPC8g417k-,,New York,Brooklyn,NY,,,google_lsa,new,2026-08-01T18:44:34.361+00:00
glsa:8199641213:brooklyn,AoPS Academy Upper West Side,tutor,(332) 286-9590,,https://www.google.com/localservices/profile?cs=0&q=AoPS+Academy+Upper+West+Side&spp=EjwKEgj9sPLFHhDF7aOCKRj_x6-gJRImeGNhdDpzZXJ2aWNlX2FyZWFfYnVzaW5lc3NfdHV0b3I6ZW4tVVM&scp=CiZ4Y2F0OnNlcnZpY2VfYXJlYV9idXNpbmVzc190dXRvcjplbi1VUxIYGhIJOwg_06VPwokRYv534QaPC8g417k-,,New York,Brooklyn,NY,,,google_lsa,new,2026-08-01T18:44:34.361+00:00
glsa:7331097522:brooklyn,TechWaves Consulting LLC,tutor,(910) 745-7241,,https://www.google.com/localservices/profile?cs=0&q=TechWaves+Consulting+LLC&spp=EjwKEgiy196nGxDK8r3YKBj_x6-gJRImeGNhdDpzZXJ2aWNlX2FyZWFfYnVzaW5lc3NfdHV0b3I6ZW4tVVM&scp=CiZ4Y2F0OnNlcnZpY2VfYXJlYV9idXNpbmVzc190dXRvcjplbi1VUxIYGhIJOwg_06VPwokRYv534QaPC8g417k-,,New York,Brooklyn,NY,,,google_lsa,new,2026-08-01T18:44:34.361+00:00
glsa:8106890553:brooklyn,Bright Kids NYC Inc.,tutor,(646) 434-1084,,https://www.google.com/localservices/profile?cs=0&q=Bright+Kids+NYC+Inc.&spp=EjwKEgi5qtWZHhC-yfL6KBj_x6-gJRImeGNhdDpzZXJ2aWNlX2FyZWFfYnVzaW5lc3NfdHV0b3I6ZW4tVVM&scp=CiZ4Y2F0OnNlcnZpY2VfYXJlYV9idXNpbmVzc190dXRvcjplbi1VUxIYGhIJOwg_06VPwokRYv534QaPC8g417k-,,New York,Brooklyn,NY,,,google_lsa,new,2026-08-01T18:44:34.361+00:00
glsa:1109424841:brooklyn,The Best Test Prep,tutor,(844) 672-7737,,https://www.google.com/localservices/profile?cs=0&q=The+Best+Test+Prep&spp=EjwKEgjJ9YGRBBDOxZ-NJhj_x6-gJRImeGNhdDpzZXJ2aWNlX2FyZWFfYnVzaW5lc3NfdHV0b3I6ZW4tVVM&scp=CiZ4Y2F0OnNlcnZpY2VfYXJlYV9idXNpbmVzc190dXRvcjplbi1VUxIYGhIJOwg_06VPwokRYv534QaPC8g417k-,,New York,Brooklyn,NY,,,google_lsa,new,2026-08-01T18:44:34.361+00:00
glsa:7613481102:brooklyn,The Painting School,tutor,(917) 671-8216,,https://www.google.com/localservices/profile?cs=0&q=The+Painting+School&spp=EjwKEgiOgbKuHBC44ZfmKBj_x6-gJRImeGNhdDpzZXJ2aWNlX2FyZWFfYnVzaW5lc3NfdHV0b3I6ZW4tVVM&scp=CiZ4Y2F0OnNlcnZpY2VfYXJlYV9idXNpbmVzc190dXRvcjplbi1VUxIYGhIJOwg_06VPwokRYv534QaPC8g417k-,,New York,Brooklyn,NY,,,google_lsa,new,2026-08-01T18:44:34.36+00:00
glsa:7350165285:brooklyn,Educo: Test Prep & Admissions,tutor,(212) 347-3210,,https://www.google.com/localservices/profile?cs=0&q=Educo:+Test+Prep+%26+Admissions&spp=EjwKEgilvuqwGxCjldP9KBj_x6-gJRImeGNhdDpzZXJ2aWNlX2FyZWFfYnVzaW5lc3NfdHV0b3I6ZW4tVVM&scp=CiZ4Y2F0OnNlcnZpY2VfYXJlYV9idXNpbmVzc190dXRvcjplbi1VUxIYGhIJOwg_06VPwokRYv534QaPC8g417k-,,New York,Brooklyn,NY,,,google_lsa,new,2026-08-01T18:44:34.36+00:00
glsa:525954888:brooklyn,Highland Park Guitar Lessons,tutor,(469) 879-4647,,https://www.google.com/localservices/profile?cs=0&q=Highland+Park+Guitar+Lessons&spp=EjwKEgjI3uX6ARD2w4LTCRj_x6-gJRImeGNhdDpzZXJ2aWNlX2FyZWFfYnVzaW5lc3NfdHV0b3I6ZW4tVVM&scp=CiZ4Y2F0OnNlcnZpY2VfYXJlYV9idXNpbmVzc190dXRvcjplbi1VUxIYGhIJOwg_06VPwokRYv534QaPC8g417k-,,New York,Brooklyn,NY,,,google_lsa,new,2026-08-01T18:44:34.36+00:00
glsa:7346026066:brooklyn,Custom Tutoring by Chris,tutor,(310) 362-6583,,https://www.google.com/localservices/profile?cs=0&q=Custom+Tutoring+by+Chris&spp=EjwKEgjS7O2uGxDT-OraKBj_x6-gJRImeGNhdDpzZXJ2aWNlX2FyZWFfYnVzaW5lc3NfdHV0b3I6ZW4tVVM&scp=CiZ4Y2F0OnNlcnZpY2VfYXJlYV9idXNpbmVzc190dXRvcjplbi1VUxIYGhIJOwg_06VPwokRYv534QaPC8g417k-,,New York,Brooklyn,NY,,,google_lsa,new,2026-08-01T18:44:34.36+00:00
glsa:840700745:brooklyn,Brainiac In-Home Tutoring,tutor,(248) 242-7733,,https://www.google.com/localservices/profile?cs=0&q=Brainiac+In-Home+Tutoring&spp=EjwKEgjJpvCQAxDivPPREhj_x6-gJRImeGNhdDpzZXJ2aWNlX2FyZWFfYnVzaW5lc3NfdHV0b3I6ZW4tVVM&scp=CiZ4Y2F0OnNlcnZpY2VfYXJlYV9idXNpbmVzc190dXRvcjplbi1VUxIYGhIJOwg_06VPwokRYv534QaPC8g417k-,,New York,Brooklyn,NY,,,google_lsa,new,2026-08-01T18:44:34.36+00:00
glsa:7075409911:brooklyn,Sewho Studio,tutor,(917) 715-8835,,https://www.google.com/localservices/profile?cs=0&q=Sewho+Studio&spp=EjwKEgj33-itGhCcw_nQKBj_x6-gJRImeGNhdDpzZXJ2aWNlX2FyZWFfYnVzaW5lc3NfdHV0b3I6ZW4tVVM&scp=CiZ4Y2F0OnNlcnZpY2VfYXJlYV9idXNpbmVzc190dXRvcjplbi1VUxIYGhIJOwg_06VPwokRYv534QaPC8g417k-,,New York,Brooklyn,NY,,,google_lsa,new,2026-08-01T18:44:34.36+00:00
glsa:6683444366:manhattan,Monarch Contracting Group,painter,(212) 540-1195,,https://www.google.com/localservices/profile?cs=0&q=Monarch+Contracting+Group&spp=Ej4KEgiOifXyGBDy67yGIhj_x6-gJRIoeGNhdDpzZXJ2aWNlX2FyZWFfYnVzaW5lc3NfcGFpbnRlcjplbi1VUw&scp=Cih4Y2F0OnNlcnZpY2VfYXJlYV9idXNpbmVzc19wYWludGVyOmVuLVVTEhgaEgk7CD_TpU_CiRFi_nfhBo8LyDjXuT4,,New York,Manhattan,NY,,,google_lsa,new,2026-08-01T18:30:26.399+00:00
glsa:6894649348:manhattan,GJ Remodeling LLC,painter,(718) 603-3732,,https://www.google.com/localservices/profile?cs=0&q=GJ+Remodeling+LLC&spp=Ej4KEgiEgNDXGRDGmZ_HKBj_x6-gJRIoeGNhdDpzZXJ2aWNlX2FyZWFfYnVzaW5lc3NfcGFpbnRlcjplbi1VUw&scp=Cih4Y2F0OnNlcnZpY2VfYXJlYV9idXNpbmVzc19wYWludGVyOmVuLVVTEhgaEgk7CD_TpU_CiRFi_nfhBo8LyDjXuT4,,New York,Manhattan,NY,,,google_lsa,new,2026-08-01T18:30:26.399+00:00
glsa:1192349010:manhattan,Best European Construction,painter,(646) 260-4269,,https://www.google.com/localservices/profile?cs=0&q=Best+European+Construction&spp=Ej4KEgjSmse4BBD_u_OsDBj_x6-gJRIoeGNhdDpzZXJ2aWNlX2FyZWFfYnVzaW5lc3NfcGFpbnRlcjplbi1VUw&scp=Cih4Y2F0OnNlcnZpY2VfYXJlYV9idXNpbmVzc19wYWludGVyOmVuLVVTEhgaEgk7CD_TpU_CiRFi_nfhBo8LyDjXuT4,,New York,Manhattan,NY,,,google_lsa,new,2026-08-01T18:30:26.399+00:00
glsa:7743086068:manhattan,Flixermen,painter,(646) 355-8160,,https://www.google.com/localservices/profile?cs=0&q=Flixermen&spp=Ej4KEgj0u5jsHBCg7vbsKBj_x6-gJRIoeGNhdDpzZXJ2aWNlX2FyZWFfYnVzaW5lc3NfcGFpbnRlcjplbi1VUw&scp=Cih4Y2F0OnNlcnZpY2VfYXJlYV9idXNpbmVzc19wYWludGVyOmVuLVVTEhgaEgk7CD_TpU_CiRFi_nfhBo8LyDjXuT4,,New York,Manhattan,NY,,,google_lsa,new,2026-08-01T18:30:26.399+00:00
glsa:7537035000:manhattan,Feel Flow Space,painter,(332) 333-3036,,https://www.google.com/localservices/profile?cs=0&q=Feel+Flow+Space&spp=Ej4KEgj4jfiJHBDUzbnhKBj_x6-gJRIoeGNhdDpzZXJ2aWNlX2FyZWFfYnVzaW5lc3NfcGFpbnRlcjplbi1VUw&scp=Cih4Y2F0OnNlcnZpY2VfYXJlYV9idXNpbmVzc19wYWludGVyOmVuLVVTEhgaEgk7CD_TpU_CiRFi_nfhBo8LyDjXuT4,,New York,Manhattan,NY,,,google_lsa,new,2026-08-01T18:30:26.399+00:00
glsa:8163072625:manhattan,Star Construction industries inc.,painter,(516) 998-4133,,https://www.google.com/localservices/profile?cs=0&q=Star+Construction+industries+inc.&spp=Ej4KEgjxtLq0HhCaxOf_KBj_x6-gJRIoeGNhdDpzZXJ2aWNlX2FyZWFfYnVzaW5lc3NfcGFpbnRlcjplbi1VUw&scp=Cih4Y2F0OnNlcnZpY2VfYXJlYV9idXNpbmVzc19wYWludGVyOmVuLVVTEhgaEgk7CD_TpU_CiRFi_nfhBo8LyDjXuT4,,New York,Manhattan,NY,,,google_lsa,new,2026-08-01T18:30:26.399+00:00
glsa:6955925242:manhattan,Juliotte Ent. LLC,painter,(347) 880-5585,,https://www.google.com/localservices/profile?cs=0&q=Juliotte+Ent.+LLC&spp=Ej4KEgj6_ev0GRCyiMHLKBj_x6-gJRIoeGNhdDpzZXJ2aWNlX2FyZWFfYnVzaW5lc3NfcGFpbnRlcjplbi1VUw&scp=Cih4Y2F0OnNlcnZpY2VfYXJlYV9idXNpbmVzc19wYWludGVyOmVuLVVTEhgaEgk7CD_TpU_CiRFi_nfhBo8LyDjXuT4,,New York,Manhattan,NY,,,google_lsa,new,2026-08-01T18:30:26.399+00:00
glsa:7044030875:manhattan,x-tra home remodeling inc,painter,(347) 681-3642,,https://www.google.com/localservices/profile?cs=0&q=x-tra+home+remodeling+inc&spp=Ej4KEgibw-2eGhCi9MDRKBj_x6-gJRIoeGNhdDpzZXJ2aWNlX2FyZWFfYnVzaW5lc3NfcGFpbnRlcjplbi1VUw&scp=Cih4Y2F0OnNlcnZpY2VfYXJlYV9idXNpbmVzc19wYWludGVyOmVuLVVTEhgaEgk7CD_TpU_CiRFi_nfhBo8LyDjXuT4,,New York,Manhattan,NY,,,google_lsa,new,2026-08-01T18:30:26.399+00:00
glsa:6909028680:manhattan,Spark Restoration Inc,painter,(914) 591-4188,,https://www.google.com/localservices/profile?cs=0&q=Spark+Restoration+Inc&spp=Ej4KEgjI0r3eGRC6lovIKBj_x6-gJRIoeGNhdDpzZXJ2aWNlX2FyZWFfYnVzaW5lc3NfcGFpbnRlcjplbi1VUw&scp=Cih4Y2F0OnNlcnZpY2VfYXJlYV9idXNpbmVzc19wYWludGVyOmVuLVVTEhgaEgk7CD_TpU_CiRFi_nfhBo8LyDjXuT4,,New York,Manhattan,NY,,,google_lsa,new,2026-08-01T18:30:26.399+00:00
glsa:8290282001:manhattan,Paint Squad NYC,painter,(646) 342-3743,,https://www.google.com/localservices/profile?cs=0&q=Paint+Squad+NYC&spp=Ej4KEgiR1I7xHhCFqK6JKRj_x6-gJRIoeGNhdDpzZXJ2aWNlX2FyZWFfYnVzaW5lc3NfcGFpbnRlcjplbi1VUw&scp=Cih4Y2F0OnNlcnZpY2VfYXJlYV9idXNpbmVzc19wYWludGVyOmVuLVVTEhgaEgk7CD_TpU_CiRFi_nfhBo8LyDjXuT4,,New York,Manhattan,NY,,,google_lsa,new,2026-08-01T18:30:26.399+00:00
glsa:6904540985:manhattan,Ariel Construction,painter,(917) 426-9611,,https://www.google.com/localservices/profile?cs=0&q=Ariel+Construction&spp=Ej4KEgi53qvcGRDuqN3JKBj_x6-gJRIoeGNhdDpzZXJ2aWNlX2FyZWFfYnVzaW5lc3NfcGFpbnRlcjplbi1VUw&scp=Cih4Y2F0OnNlcnZpY2VfYXJlYV9idXNpbmVzc19wYWludGVyOmVuLVVTEhgaEgk7CD_TpU_CiRFi_nfhBo8LyDjXuT4,,New York,Manhattan,NY,,,google_lsa,new,2026-08-01T18:30:26.399+00:00
glsa:578536934:manhattan,Be Colouring LLC,painter,(937) 553-1572,,https://www.google.com/localservices/profile?cs=0&q=Be+Colouring+LLC&spp=Ej4KEgjmi--TAhCOqaX-EBj_x6-gJRIoeGNhdDpzZXJ2aWNlX2FyZWFfYnVzaW5lc3NfcGFpbnRlcjplbi1VUw&scp=Cih4Y2F0OnNlcnZpY2VfYXJlYV9idXNpbmVzc19wYWludGVyOmVuLVVTEhgaEgk7CD_TpU_CiRFi_nfhBo8LyDjXuT4,,New York,Manhattan,NY,,,google_lsa,new,2026-08-01T18:30:26.399+00:00
glsa:362698769:manhattan,Top Line Reno Corp.,painter,(347) 524-6963,,https://www.google.com/localservices/profile?cs=0&q=Top+Line+Reno+Corp.&spp=Ej4KEgiRsPmsARCJhfeEIhj_x6-gJRIoeGNhdDpzZXJ2aWNlX2FyZWFfYnVzaW5lc3NfcGFpbnRlcjplbi1VUw&scp=Cih4Y2F0OnNlcnZpY2VfYXJlYV9idXNpbmVzc19wYWludGVyOmVuLVVTEhgaEgk7CD_TpU_CiRFi_nfhBo8LyDjXuT4,,New York,Manhattan,NY,,,google_lsa,new,2026-08-01T18:30:26.399+00:00
glsa:391291590:manhattan,ortt wallpapering,painter,(347) 907-2474,,https://www.google.com/localservices/profile?cs=0&q=ortt+wallpapering&spp=Ej4KEgjGxcq6ARCP1KvZJRj_x6-gJRIoeGNhdDpzZXJ2aWNlX2FyZWFfYnVzaW5lc3NfcGFpbnRlcjplbi1VUw&scp=Cih4Y2F0OnNlcnZpY2VfYXJlYV9idXNpbmVzc19wYWludGVyOmVuLVVTEhgaEgk7CD_TpU_CiRFi_nfhBo8LyDjXuT4,,New York,Manhattan,NY,,,google_lsa,new,2026-08-01T18:30:26.399+00:00
glsa:8437660262:manhattan,Quisqueya Contracting Group,painter,(929) 423-6707,,https://www.google.com/localservices/profile?cs=0&q=Quisqueya+Contracting+Group&spp=Ej4KEgjm9LG3HxDguN2PKRj_x6-gJRIoeGNhdDpzZXJ2aWNlX2FyZWFfYnVzaW5lc3NfcGFpbnRlcjplbi1VUw&scp=Cih4Y2F0OnNlcnZpY2VfYXJlYV9idXNpbmVzc19wYWludGVyOmVuLVVTEhgaEgk7CD_TpU_CiRFi_nfhBo8LyDjXuT4,,New York,Manhattan,NY,,,google_lsa,new,2026-08-01T18:30:26.399+00:00
glsa:6963291758:manhattan,"In & Out Construction, LLC",painter,(917) 642-1804,,"https://www.google.com/localservices/profile?cs=0&q=In+%26+Out+Construction,+LLC&spp=Ej4KEgjuzK34GRDzionMKBj_x6-gJRIoeGNhdDpzZXJ2aWNlX2FyZWFfYnVzaW5lc3NfcGFpbnRlcjplbi1VUw&scp=Cih4Y2F0OnNlcnZpY2VfYXJlYV9idXNpbmVzc19wYWludGVyOmVuLVVTEhgaEgk7CD_TpU_CiRFi_nfhBo8LyDjXuT4",,New York,Manhattan,NY,,,google_lsa,new,2026-08-01T18:30:26.399+00:00
glsa:7941073129:manhattan,Fiuza Propainters,painter,(570) 780-8331,,https://www.google.com/localservices/profile?cs=0&q=Fiuza+Propainters&spp=Ej4KEgjp0czKHRCI5sD0KBj_x6-gJRIoeGNhdDpzZXJ2aWNlX2FyZWFfYnVzaW5lc3NfcGFpbnRlcjplbi1VUw&scp=Cih4Y2F0OnNlcnZpY2VfYXJlYV9idXNpbmVzc19wYWludGVyOmVuLVVTEhgaEgk7CD_TpU_CiRFi_nfhBo8LyDjXuT4,,New York,Manhattan,NY,,,google_lsa,new,2026-08-01T18:30:26.399+00:00
glsa:6796127490:manhattan,Making Looks Good Corp,painter,(347) 760-7551,,https://www.google.com/localservices/profile?cs=0&q=Making+Looks+Good+Corp&spp=Ej4KEgiC2tKoGRCu-4ayIhj_x6-gJRIoeGNhdDpzZXJ2aWNlX2FyZWFfYnVzaW5lc3NfcGFpbnRlcjplbi1VUw&scp=Cih4Y2F0OnNlcnZpY2VfYXJlYV9idXNpbmVzc19wYWludGVyOmVuLVVTEhgaEgk7CD_TpU_CiRFi_nfhBo8LyDjXuT4,,New York,Manhattan,NY,,,google_lsa,new,2026-08-01T18:30:26.399+00:00
glsa:6685914638:manhattan,Air Duct Co- Drywall & Painting,painter,(888) 802-4738,,https://www.google.com/localservices/profile?cs=0&q=Air+Duct+Co-+Drywall+%26+Painting&spp=Ej4KEgiO7Iv0GBC81pKpHhj_x6-gJRIoeGNhdDpzZXJ2aWNlX2FyZWFfYnVzaW5lc3NfcGFpbnRlcjplbi1VUw&scp=Cih4Y2F0OnNlcnZpY2VfYXJlYV9idXNpbmVzc19wYWludGVyOmVuLVVTEhgaEgk7CD_TpU_CiRFi_nfhBo8LyDjXuT4,,New York,Manhattan,NY,,,google_lsa,new,2026-08-01T18:30:26.399+00:00
glsa:1591082345:manhattan,Home Improvement NY NJ,painter,(646) 820-4212,,https://www.google.com/localservices/profile?cs=0&q=Home+Improvement+NY+NJ&spp=Ej4KEgjp-tf2BRD8zPWRFxj_x6-gJRIoeGNhdDpzZXJ2aWNlX2FyZWFfYnVzaW5lc3NfcGFpbnRlcjplbi1VUw&scp=Cih4Y2F0OnNlcnZpY2VfYXJlYV9idXNpbmVzc19wYWludGVyOmVuLVVTEhgaEgk7CD_TpU_CiRFi_nfhBo8LyDjXuT4,,New York,Manhattan,NY,,,google_lsa,new,2026-08-01T18:30:26.399+00:00
glsa:6658711395:manhattan,Accredited Locksmith,locksmith,(917) 810-3489,,https://www.google.com/localservices/profile?cs=0&q=Accredited+Locksmith&spp=EkAKEgjjvo_nGBD25eK2HRj_x6-gJRIqeGNhdDpzZXJ2aWNlX2FyZWFfYnVzaW5lc3NfbG9ja3NtaXRoOmVuLVVT&scp=Cip4Y2F0OnNlcnZpY2VfYXJlYV9idXNpbmVzc19sb2Nrc21pdGg6ZW4tVVMSGBoSCTsIP9OlT8KJEWL-d-EGjwvIONe5Pg,,New York,Manhattan,NY,,,google_lsa,new,2026-08-01T18:15:39.597+00:00
glsa:237919080:manhattan,Larry The Locksmith Security and Hardware,locksmith,(718) 543-2095,,https://www.google.com/localservices/profile?cs=0&q=Larry+The+Locksmith+Security+and+Hardware&spp=Ej8KEQjotrlxEOfriasJGPX_yasJEip4Y2F0OnNlcnZpY2VfYXJlYV9idXNpbmVzc19sb2Nrc21pdGg6ZW4tVVM&scp=Cip4Y2F0OnNlcnZpY2VfYXJlYV9idXNpbmVzc19sb2Nrc21pdGg6ZW4tVVMSGBoSCTsIP9OlT8KJEWL-d-EGjwvIONe5Pg,,New York,Manhattan,NY,,,google_lsa,new,2026-08-01T18:15:39.597+00:00
glsa:238065821:manhattan,"MYA LOCKSMITH - Peekskill, NY",locksmith,(914) 888-6200,,"https://www.google.com/localservices/profile?cs=0&q=MYA+LOCKSMITH+-+Peekskill,+NY&spp=Ej8KEQidscJxEJOMkasJGOfGyqsJEip4Y2F0OnNlcnZpY2VfYXJlYV9idXNpbmVzc19sb2Nrc21pdGg6ZW4tVVM&scp=Cip4Y2F0OnNlcnZpY2VfYXJlYV9idXNpbmVzc19sb2Nrc21pdGg6ZW4tVVMSGBoSCTsIP9OlT8KJEWL-d-EGjwvIONe5Pg",,New York,Manhattan,NY,,,google_lsa,new,2026-08-01T18:15:39.597+00:00
glsa:237926144:manhattan,All City Locksmith Inc,locksmith,(914) 966-8000,,https://www.google.com/localservices/profile?cs=0&q=All+City+Locksmith+Inc&spp=Ej8KEQiA7rlxENyKkasJGNqmyKsJEip4Y2F0OnNlcnZpY2VfYXJlYV9idXNpbmVzc19sb2Nrc21pdGg6ZW4tVVM&scp=Cip4Y2F0OnNlcnZpY2VfYXJlYV9idXNpbmVzc19sb2Nrc21pdGg6ZW4tVVMSGBoSCTsIP9OlT8KJEWL-d-EGjwvIONe5Pg,,New York,Manhattan,NY,,,google_lsa,new,2026-08-01T18:15:39.597+00:00
glsa:269801927:manhattan,Hoblin Locksmiths,locksmith,(914) 723-3454,,https://www.google.com/localservices/profile?cs=0&q=Hoblin+Locksmiths&spp=EkAKEgjHs9OAARDg4_6sCRijne6tCRIqeGNhdDpzZXJ2aWNlX2FyZWFfYnVzaW5lc3NfbG9ja3NtaXRoOmVuLVVT&scp=Cip4Y2F0OnNlcnZpY2VfYXJlYV9idXNpbmVzc19sb2Nrc21pdGg6ZW4tVVMSGBoSCTsIP9OlT8KJEWL-d-EGjwvIONe5Pg,,New York,Manhattan,NY,,,google_lsa,new,2026-08-01T18:15:39.597+00:00
glsa:237924431:manhattan,ABCO-Master Lock & Key Co,locksmith,(718) 544-8347,,https://www.google.com/localservices/profile?cs=0&q=ABCO-Master+Lock+%26+Key+Co&spp=Ej8KEQjP4LlxEM3Ri6sJGK2myKsJEip4Y2F0OnNlcnZpY2VfYXJlYV9idXNpbmVzc19sb2Nrc21pdGg6ZW4tVVM&scp=Cip4Y2F0OnNlcnZpY2VfYXJlYV9idXNpbmVzc19sb2Nrc21pdGg6ZW4tVVMSGBoSCTsIP9OlT8KJEWL-d-EGjwvIONe5Pg,,New York,Manhattan,NY,,,google_lsa,new,2026-08-01T18:15:39.597+00:00
glsa:237924632:manhattan,Highgate Doors,locksmith,(212) 860-5477,,https://www.google.com/localservices/profile?cs=0&q=Highgate+Doors&spp=Ej8KEQiY4rlxEIbSi6sJGMaAyqsJEip4Y2F0OnNlcnZpY2VfYXJlYV9idXNpbmVzc19sb2Nrc21pdGg6ZW4tVVM&scp=Cip4Y2F0OnNlcnZpY2VfYXJlYV9idXNpbmVzc19sb2Nrc21pdGg6ZW4tVVMSGBoSCTsIP9OlT8KJEWL-d-EGjwvIONe5Pg,,New York,Manhattan,NY,,,google_lsa,new,2026-08-01T18:15:39.597+00:00
glsa:1210306238:manhattan,MonKey's Locksmith corp.,locksmith,(929) 459-9909,,https://www.google.com/localservices/profile?cs=0&q=MonKey's+Locksmith+corp.&spp=EkAKEgi-nY_BBBCeuqnoDBj_x6-gJRIqeGNhdDpzZXJ2aWNlX2FyZWFfYnVzaW5lc3NfbG9ja3NtaXRoOmVuLVVT&scp=Cip4Y2F0OnNlcnZpY2VfYXJlYV9idXNpbmVzc19sb2Nrc21pdGg6ZW4tVVMSGBoSCTsIP9OlT8KJEWL-d-EGjwvIONe5Pg,,New York,Manhattan,NY,,,google_lsa,new,2026-08-01T18:15:39.597+00:00
glsa:1387273589:manhattan,Queens County Locksmith,locksmith,(929) 381-8524,,https://www.google.com/localservices/profile?cs=0&q=Queens+County+Locksmith&spp=EkAKEgj1usCVBRD7q-q9Hhj_x6-gJRIqeGNhdDpzZXJ2aWNlX2FyZWFfYnVzaW5lc3NfbG9ja3NtaXRoOmVuLVVT&scp=Cip4Y2F0OnNlcnZpY2VfYXJlYV9idXNpbmVzc19sb2Nrc21pdGg6ZW4tVVMSGBoSCTsIP9OlT8KJEWL-d-EGjwvIONe5Pg,,New York,Manhattan,NY,,,google_lsa,new,2026-08-01T18:15:39.597+00:00
glsa:7824428790:manhattan,Solex mobile locksmith,locksmith,(934) 222-1575,,https://www.google.com/localservices/profile?cs=0&q=Solex+mobile+locksmith&spp=EkAKEgj2nf2SHRDE16zvKBj_x6-gJRIqeGNhdDpzZXJ2aWNlX2FyZWFfYnVzaW5lc3NfbG9ja3NtaXRoOmVuLVVT&scp=Cip4Y2F0OnNlcnZpY2VfYXJlYV9idXNpbmVzc19sb2Nrc21pdGg6ZW4tVVMSGBoSCTsIP9OlT8KJEWL-d-EGjwvIONe5Pg,,New York,Manhattan,NY,,,google_lsa,new,2026-08-01T18:15:39.597+00:00
glsa:6675126366:manhattan,AI Locksmith,locksmith,(929) 670-2436,,https://www.google.com/localservices/profile?cs=0&q=AI+Locksmith&spp=EkAKEgjesPnuGBDFqI2oHhj_x6-gJRIqeGNhdDpzZXJ2aWNlX2FyZWFfYnVzaW5lc3NfbG9ja3NtaXRoOmVuLVVT&scp=Cip4Y2F0OnNlcnZpY2VfYXJlYV9idXNpbmVzc19sb2Nrc21pdGg6ZW4tVVMSGBoSCTsIP9OlT8KJEWL-d-EGjwvIONe5Pg,,New York,Manhattan,NY,,,google_lsa,new,2026-08-01T18:15:39.597+00:00
glsa:317045198:manhattan,Village Lock and Key,locksmith,(212) 488-4888,,https://www.google.com/localservices/profile?cs=0&q=Village+Lock+and+Key&spp=EkAKEgjO85aXARCj4PyvCRjh_tixCRIqeGNhdDpzZXJ2aWNlX2FyZWFfYnVzaW5lc3NfbG9ja3NtaXRoOmVuLVVT&scp=Cip4Y2F0OnNlcnZpY2VfYXJlYV9idXNpbmVzc19sb2Nrc21pdGg6ZW4tVVMSGBoSCTsIP9OlT8KJEWL-d-EGjwvIONe5Pg,,New York,Manhattan,NY,,,google_lsa,new,2026-08-01T18:15:39.597+00:00
glsa:237924686:manhattan,J. Stein Locksmith,locksmith,(718) 523-5425,,https://www.google.com/localservices/profile?cs=0&q=J.+Stein+Locksmith&spp=Ej8KEQjO4rlxEOvRi6sJGLGAyqsJEip4Y2F0OnNlcnZpY2VfYXJlYV9idXNpbmVzc19sb2Nrc21pdGg6ZW4tVVM&scp=Cip4Y2F0OnNlcnZpY2VfYXJlYV9idXNpbmVzc19sb2Nrc21pdGg6ZW4tVVMSGBoSCTsIP9OlT8KJEWL-d-EGjwvIONe5Pg,,New York,Manhattan,NY,,,google_lsa,new,2026-08-01T18:15:39.597+00:00
glsa:237925178:manhattan,S and S Locksmiths Inc.,locksmith,(718) 835-7333,,https://www.google.com/localservices/profile?cs=0&q=S+and+S+Locksmiths+Inc.&spp=Ej8KEQi65rlxEKK5jKsJGI6ByqsJEip4Y2F0OnNlcnZpY2VfYXJlYV9idXNpbmVzc19sb2Nrc21pdGg6ZW4tVVM&scp=Cip4Y2F0OnNlcnZpY2VfYXJlYV9idXNpbmVzc19sb2Nrc21pdGg6ZW4tVVMSGBoSCTsIP9OlT8KJEWL-d-EGjwvIONe5Pg,,New York,Manhattan,NY,,,google_lsa,new,2026-08-01T18:15:39.597+00:00
glsa:267699811:manhattan,Security Lock & CCTV Installations,locksmith,(856) 566-8300,,https://www.google.com/localservices/profile?cs=0&q=Security+Lock+%26+CCTV+Installations&spp=Ej8KEQjjjNN_EJuT9KwJGIT1260JEip4Y2F0OnNlcnZpY2VfYXJlYV9idXNpbmVzc19sb2Nrc21pdGg6ZW4tVVM&scp=Cip4Y2F0OnNlcnZpY2VfYXJlYV9idXNpbmVzc19sb2Nrc21pdGg6ZW4tVVMSGBoSCTsIP9OlT8KJEWL-d-EGjwvIONe5Pg,,New York,Manhattan,NY,,,google_lsa,new,2026-08-01T18:15:39.597+00:00
glsa:237919854:manhattan,Homeland Locksmith LLC,locksmith,(212) 228-2888,,https://www.google.com/localservices/profile?cs=0&q=Homeland+Locksmith+LLC&spp=Ej8KEQjuvLlxEKW5jKsJGJGByqsJEip4Y2F0OnNlcnZpY2VfYXJlYV9idXNpbmVzc19sb2Nrc21pdGg6ZW4tVVM&scp=Cip4Y2F0OnNlcnZpY2VfYXJlYV9idXNpbmVzc19sb2Nrc21pdGg6ZW4tVVMSGBoSCTsIP9OlT8KJEWL-d-EGjwvIONe5Pg,,New York,Manhattan,NY,,,google_lsa,new,2026-08-01T18:15:39.597+00:00
glsa:886739190:manhattan,Mars Locksmith and Doors,locksmith,(929) 499-2566,,https://www.google.com/localservices/profile?cs=0&q=Mars+Locksmith+and+Doors&spp=EkAKEgj2oeqmAxCr9tHcCRj_x6-gJRIqeGNhdDpzZXJ2aWNlX2FyZWFfYnVzaW5lc3NfbG9ja3NtaXRoOmVuLVVT&scp=Cip4Y2F0OnNlcnZpY2VfYXJlYV9idXNpbmVzc19sb2Nrc21pdGg6ZW4tVVMSGBoSCTsIP9OlT8KJEWL-d-EGjwvIONe5Pg,,New York,Manhattan,NY,,,google_lsa,new,2026-08-01T18:15:39.597+00:00
glsa:237918864:manhattan,Sky Locksmith Hardware,locksmith,(212) 288-7773,,https://www.google.com/localservices/profile?cs=0&q=Sky+Locksmith+Hardware&spp=Ej8KEQiQtblxEMS0jKsJGJumyKsJEip4Y2F0OnNlcnZpY2VfYXJlYV9idXNpbmVzc19sb2Nrc21pdGg6ZW4tVVM&scp=Cip4Y2F0OnNlcnZpY2VfYXJlYV9idXNpbmVzc19sb2Nrc21pdGg6ZW4tVVMSGBoSCTsIP9OlT8KJEWL-d-EGjwvIONe5Pg,,New York,Manhattan,NY,,,google_lsa,new,2026-08-01T18:15:39.597+00:00
glsa:238035762:manhattan,Pop A Lock - Staten Island,locksmith,(718) 448-3333,,https://www.google.com/localservices/profile?cs=0&q=Pop+A+Lock+-+Staten+Island&spp=Ej8KEQiyxsBxEOXwjqsJGLiRyqsJEip4Y2F0OnNlcnZpY2VfYXJlYV9idXNpbmVzc19sb2Nrc21pdGg6ZW4tVVM&scp=Cip4Y2F0OnNlcnZpY2VfYXJlYV9idXNpbmVzc19sb2Nrc21pdGg6ZW4tVVMSGBoSCTsIP9OlT8KJEWL-d-EGjwvIONe5Pg,,New York,Manhattan,NY,,,google_lsa,new,2026-08-01T18:15:39.597+00:00
glsa:238065794:manhattan,"East Island Locksmiths, Inc",locksmith,(631) 932-5625,,"https://www.google.com/localservices/profile?cs=0&q=East+Island+Locksmiths,+Inc&spp=Ej8KEQiCscJxEIqMkasJGPeUyasJEip4Y2F0OnNlcnZpY2VfYXJlYV9idXNpbmVzc19sb2Nrc21pdGg6ZW4tVVM&scp=Cip4Y2F0OnNlcnZpY2VfYXJlYV9idXNpbmVzc19sb2Nrc21pdGg6ZW4tVVMSGBoSCTsIP9OlT8KJEWL-d-EGjwvIONe5Pg",,New York,Manhattan,NY,,,google_lsa,new,2026-08-01T18:15:39.597+00:00
glsa:354188851:manhattan,RT Relocation,mover,(833) 668-3978,,https://www.google.com/localservices/profile?cs=0&q=RT+Relocation&spp=EjwKEgiz_PGoARD6v9qxCRiAq-WzCRImeGNhdDpzZXJ2aWNlX2FyZWFfYnVzaW5lc3NfbW92ZXI6ZW4tVVM&scp=CiZ4Y2F0OnNlcnZpY2VfYXJlYV9idXNpbmVzc19tb3Zlcjplbi1VUxIYGhIJOwg_06VPwokRYv534QaPC8g417k-,,New York,Manhattan,NY,,,google_lsa,new,2026-08-01T18:15:03.126+00:00
glsa:7748032311:manhattan,Wildcat Van Lines,mover,(859) 519-0766,,https://www.google.com/localservices/profile?cs=0&q=Wildcat+Van+Lines&spp=EjwKEgi3rsbuHBDuyeTrKBj_x6-gJRImeGNhdDpzZXJ2aWNlX2FyZWFfYnVzaW5lc3NfbW92ZXI6ZW4tVVM&scp=CiZ4Y2F0OnNlcnZpY2VfYXJlYV9idXNpbmVzc19tb3Zlcjplbi1VUxIYGhIJOwg_06VPwokRYv534QaPC8g417k-,,New York,Manhattan,NY,,,google_lsa,new,2026-08-01T18:15:03.126+00:00
glsa:74918374:manhattan,West Side Movers,mover,(212) 874-3800,,https://www.google.com/localservices/profile?cs=0&q=West+Side+Movers&spp=EjsKEQjm09wjEIHAorUJGP_Hr6AlEiZ4Y2F0OnNlcnZpY2VfYXJlYV9idXNpbmVzc19tb3Zlcjplbi1VUw&scp=CiZ4Y2F0OnNlcnZpY2VfYXJlYV9idXNpbmVzc19tb3Zlcjplbi1VUxIYGhIJOwg_06VPwokRYv534QaPC8g417k-,,New York,Manhattan,NY,,,google_lsa,new,2026-08-01T18:15:03.126+00:00
glsa:14142163:manhattan,Big apple Moving & Storage,mover,(212) 365-0707,,https://www.google.com/localservices/profile?cs=0&q=Big+apple+Moving+%26+Storage&spp=EjsKEQjTld8GEMv_y9IJGP_Hr6AlEiZ4Y2F0OnNlcnZpY2VfYXJlYV9idXNpbmVzc19tb3Zlcjplbi1VUw&scp=CiZ4Y2F0OnNlcnZpY2VfYXJlYV9idXNpbmVzc19tb3Zlcjplbi1VUxIYGhIJOwg_06VPwokRYv534QaPC8g417k-,,New York,Manhattan,NY,,,google_lsa,new,2026-08-01T18:15:03.126+00:00
glsa:7712301803:manhattan,(Out Of State Only) Best US Moving Inc,mover,(610) 871-3005,,https://www.google.com/localservices/profile?cs=0&q=(Out+Of+State+Only)+Best+US+Moving+Inc&spp=EjwKEgjrxcHdHBDt9I7oKBj_x6-gJRImeGNhdDpzZXJ2aWNlX2FyZWFfYnVzaW5lc3NfbW92ZXI6ZW4tVVM&scp=CiZ4Y2F0OnNlcnZpY2VfYXJlYV9idXNpbmVzc19tb3Zlcjplbi1VUxIYGhIJOwg_06VPwokRYv534QaPC8g417k-,,New York,Manhattan,NY,,,google_lsa,new,2026-08-01T18:15:03.126+00:00
glsa:8272073884:manhattan,Pure Relocation Services - Long Distance & Out of State Movers,mover,(888) 618-3383,,https://www.google.com/localservices/profile?cs=0&q=Pure+Relocation+Services+-+Long+Distance+%26+Out+of+State+Movers&spp=EjwKEgicqbfoHhDOpZqGKRj_x6-gJRImeGNhdDpzZXJ2aWNlX2FyZWFfYnVzaW5lc3NfbW92ZXI6ZW4tVVM&scp=CiZ4Y2F0OnNlcnZpY2VfYXJlYV9idXNpbmVzc19tb3Zlcjplbi1VUxIYGhIJOwg_06VPwokRYv534QaPC8g417k-,,New York,Manhattan,NY,,,google_lsa,new,2026-08-01T18:15:03.126+00:00
glsa:1378565958:manhattan,State to State Movers,mover,(888) 794-1112,,https://www.google.com/localservices/profile?cs=0&q=State+to+State+Movers&spp=EjwKEgjG_qyRBRDim5jXDxj_x6-gJRImeGNhdDpzZXJ2aWNlX2FyZWFfYnVzaW5lc3NfbW92ZXI6ZW4tVVM&scp=CiZ4Y2F0OnNlcnZpY2VfYXJlYV9idXNpbmVzc19tb3Zlcjplbi1VUxIYGhIJOwg_06VPwokRYv534QaPC8g417k-,,New York,Manhattan,NY,,,google_lsa,new,2026-08-01T18:15:03.126+00:00
glsa:303393532:manhattan,Maffucci Moving & Storage,mover,(866) 228-6400,,https://www.google.com/localservices/profile?cs=0&q=Maffucci+Moving+%26+Storage&spp=EjwKEgj81dWQARC8wpavCRjRo8ywCRImeGNhdDpzZXJ2aWNlX2FyZWFfYnVzaW5lc3NfbW92ZXI6ZW4tVVM&scp=CiZ4Y2F0OnNlcnZpY2VfYXJlYV9idXNpbmVzc19tb3Zlcjplbi1VUxIYGhIJOwg_06VPwokRYv534QaPC8g417k-,,New York,Manhattan,NY,,,google_lsa,new,2026-08-01T18:15:03.126+00:00
glsa:6664839733:manhattan,United Long Distance Movers,mover,(888) 342-9311,,https://www.google.com/localservices/profile?cs=0&q=United+Long+Distance+Movers&spp=EjwKEgi1xIXqGBDujcO3HRj_x6-gJRImeGNhdDpzZXJ2aWNlX2FyZWFfYnVzaW5lc3NfbW92ZXI6ZW4tVVM&scp=CiZ4Y2F0OnNlcnZpY2VfYXJlYV9idXNpbmVzc19tb3Zlcjplbi1VUxIYGhIJOwg_06VPwokRYv534QaPC8g417k-,,New York,Manhattan,NY,,,google_lsa,new,2026-08-01T18:15:03.126+00:00
glsa:413236451:manhattan,Imperial Moving and Storage,mover,(212) 879-6683,,https://www.google.com/localservices/profile?cs=0&q=Imperial+Moving+and+Storage&spp=EjwKEgjj-YXFARD42Ky1CRj_x6-gJRImeGNhdDpzZXJ2aWNlX2FyZWFfYnVzaW5lc3NfbW92ZXI6ZW4tVVM&scp=CiZ4Y2F0OnNlcnZpY2VfYXJlYV9idXNpbmVzc19tb3Zlcjplbi1VUxIYGhIJOwg_06VPwokRYv534QaPC8g417k-,,New York,Manhattan,NY,,,google_lsa,new,2026-08-01T18:15:03.126+00:00
glsa:8119246221:manhattan,Community Moving & Storage Inc,mover,(281) 552-7220,,https://www.google.com/localservices/profile?cs=0&q=Community+Moving+%26+Storage+Inc&spp=EjwKEgiNu8efHhCG5tD9KBj_x6-gJRImeGNhdDpzZXJ2aWNlX2FyZWFfYnVzaW5lc3NfbW92ZXI6ZW4tVVM&scp=CiZ4Y2F0OnNlcnZpY2VfYXJlYV9idXNpbmVzc19tb3Zlcjplbi1VUxIYGhIJOwg_06VPwokRYv534QaPC8g417k-,,New York,Manhattan,NY,,,google_lsa,new,2026-08-01T18:15:03.126+00:00
glsa:711984412:manhattan,Flex Moving and Storage,mover,(929) 699-3370,,https://www.google.com/localservices/profile?cs=0&q=Flex+Moving+and+Storage&spp=EjwKEgicisDTAhDUoZfYCRj_x6-gJRImeGNhdDpzZXJ2aWNlX2FyZWFfYnVzaW5lc3NfbW92ZXI6ZW4tVVM&scp=CiZ4Y2F0OnNlcnZpY2VfYXJlYV9idXNpbmVzc19tb3Zlcjplbi1VUxIYGhIJOwg_06VPwokRYv534QaPC8g417k-,,New York,Manhattan,NY,,,google_lsa,new,2026-08-01T18:15:03.126+00:00
glsa:36172309:manhattan,MMS Piano Movers,mover,(201) 444-5512,,https://www.google.com/localservices/profile?cs=0&q=MMS+Piano+Movers&spp=EjsKEQiV5J8REI6bheMJGP_Hr6AlEiZ4Y2F0OnNlcnZpY2VfYXJlYV9idXNpbmVzc19tb3Zlcjplbi1VUw&scp=CiZ4Y2F0OnNlcnZpY2VfYXJlYV9idXNpbmVzc19tb3Zlcjplbi1VUxIYGhIJOwg_06VPwokRYv534QaPC8g417k-,,New York,Manhattan,NY,,,google_lsa,new,2026-08-01T18:15:03.126+00:00
glsa:126185588:manhattan,Gom Moving,mover,(201) 665-2424,,https://www.google.com/localservices/profile?cs=0&q=Gom+Moving&spp=EjsKEQj04JU8EKTgiOgMGP_Hr6AlEiZ4Y2F0OnNlcnZpY2VfYXJlYV9idXNpbmVzc19tb3Zlcjplbi1VUw&scp=CiZ4Y2F0OnNlcnZpY2VfYXJlYV9idXNpbmVzc19tb3Zlcjplbi1VUxIYGhIJOwg_06VPwokRYv534QaPC8g417k-,,New York,Manhattan,NY,,,google_lsa,new,2026-08-01T18:15:03.126+00:00
glsa:67291857:manhattan,Marcelo's Movers,mover,(646) 887-3578,,https://www.google.com/localservices/profile?cs=0&q=Marcelo's+Movers&spp=EjsKEQjRlYsgEI7Q-v0JGP_Hr6AlEiZ4Y2F0OnNlcnZpY2VfYXJlYV9idXNpbmVzc19tb3Zlcjplbi1VUw&scp=CiZ4Y2F0OnNlcnZpY2VfYXJlYV9idXNpbmVzc19tb3Zlcjplbi1VUxIYGhIJOwg_06VPwokRYv534QaPC8g417k-,,New York,Manhattan,NY,,,google_lsa,new,2026-08-01T18:15:03.126+00:00
glsa:6664503755:manhattan,Up n' Go moving LLC,mover,(212) 744-6683,,https://www.google.com/localservices/profile?cs=0&q=Up+n'+Go+moving+LLC&spp=EjwKEgjLg_HpGBD3g7m4HRj_x6-gJRImeGNhdDpzZXJ2aWNlX2FyZWFfYnVzaW5lc3NfbW92ZXI6ZW4tVVM&scp=CiZ4Y2F0OnNlcnZpY2VfYXJlYV9idXNpbmVzc19tb3Zlcjplbi1VUxIYGhIJOwg_06VPwokRYv534QaPC8g417k-,,New York,Manhattan,NY,,,google_lsa,new,2026-08-01T18:15:03.126+00:00
glsa:8368905027:manhattan,Pro Moving,mover,(980) 380-5077,,https://www.google.com/localservices/profile?cs=0&q=Pro+Moving&spp=EjwKEgjDts2WHxD97rmNKRj_x6-gJRImeGNhdDpzZXJ2aWNlX2FyZWFfYnVzaW5lc3NfbW92ZXI6ZW4tVVM&scp=CiZ4Y2F0OnNlcnZpY2VfYXJlYV9idXNpbmVzc19tb3Zlcjplbi1VUxIYGhIJOwg_06VPwokRYv534QaPC8g417k-,,New York,Manhattan,NY,,,google_lsa,new,2026-08-01T18:15:03.126+00:00
glsa:402955342:manhattan,"Expert Movers, LLC",mover,(833) 333-0450,,"https://www.google.com/localservices/profile?cs=0&q=Expert+Movers,+LLC&spp=EjwKEgjOuJLAARCw6MG0CRj_x6-gJRImeGNhdDpzZXJ2aWNlX2FyZWFfYnVzaW5lc3NfbW92ZXI6ZW4tVVM&scp=CiZ4Y2F0OnNlcnZpY2VfYXJlYV9idXNpbmVzc19tb3Zlcjplbi1VUxIYGhIJOwg_06VPwokRYv534QaPC8g417k-",,New York,Manhattan,NY,,,google_lsa,new,2026-08-01T18:15:03.126+00:00
glsa:966381762:manhattan,CroMont Moving & Storage,mover,(646) 221-2111,,https://www.google.com/localservices/profile?cs=0&q=CroMont+Moving+%26+Storage&spp=EjwKEgjCoefMAxDw0JbiCRj_x6-gJRImeGNhdDpzZXJ2aWNlX2FyZWFfYnVzaW5lc3NfbW92ZXI6ZW4tVVM&scp=CiZ4Y2F0OnNlcnZpY2VfYXJlYV9idXNpbmVzc19tb3Zlcjplbi1VUxIYGhIJOwg_06VPwokRYv534QaPC8g417k-,,New York,Manhattan,NY,,,google_lsa,new,2026-08-01T18:15:03.126+00:00
glsa:1065519811:manhattan,Art of Living Moving & Storage,mover,(929) 250-2929,,https://www.google.com/localservices/profile?cs=0&q=Art+of+Living+Moving+%26+Storage&spp=EjwKEgjDlYr8AxD9vr7PDxj_x6-gJRImeGNhdDpzZXJ2aWNlX2FyZWFfYnVzaW5lc3NfbW92ZXI6ZW4tVVM&scp=CiZ4Y2F0OnNlcnZpY2VfYXJlYV9idXNpbmVzc19tb3Zlcjplbi1VUxIYGhIJOwg_06VPwokRYv534QaPC8g417k-,,New York,Manhattan,NY,,,google_lsa,new,2026-08-01T18:15:03.126+00:00
glsa:7692292277:manhattan,The Marine Park Handyman,handyman,(917) 538-9488,,https://www.google.com/localservices/profile?cs=0&q=The+Marine+Park+Handyman&spp=Ej8KEgi1ofzTHBCB_4zvKBj_x6-gJRIpeGNhdDpzZXJ2aWNlX2FyZWFfYnVzaW5lc3NfaGFuZHltYW46ZW4tVVM&scp=Cil4Y2F0OnNlcnZpY2VfYXJlYV9idXNpbmVzc19oYW5keW1hbjplbi1VUxIYGhIJOwg_06VPwokRYv534QaPC8g417k-,,New York,Manhattan,NY,,,google_lsa,new,2026-08-01T18:01:26.938+00:00
glsa:7827235398:manhattan,Level Up Masonry Work,handyman,(914) 497-7103,,https://www.google.com/localservices/profile?cs=0&q=Level+Up+Masonry+Work&spp=Ej8KEgjGxKiUHRCL_qvtKBj_x6-gJRIpeGNhdDpzZXJ2aWNlX2FyZWFfYnVzaW5lc3NfaGFuZHltYW46ZW4tVVM&scp=Cil4Y2F0OnNlcnZpY2VfYXJlYV9idXNpbmVzc19oYW5keW1hbjplbi1VUxIYGhIJOwg_06VPwokRYv534QaPC8g417k-,,New York,Manhattan,NY,,,google_lsa,new,2026-08-01T18:01:26.938+00:00
glsa:757263804:manhattan,C&S Handyman Service LLC,handyman,(551) 262-9427,,https://www.google.com/localservices/profile?cs=0&q=C%26S+Handyman+Service+LLC&spp=Ej8KEgi824vpAhDeiceEIhj_x6-gJRIpeGNhdDpzZXJ2aWNlX2FyZWFfYnVzaW5lc3NfaGFuZHltYW46ZW4tVVM&scp=Cil4Y2F0OnNlcnZpY2VfYXJlYV9idXNpbmVzc19oYW5keW1hbjplbi1VUxIYGhIJOwg_06VPwokRYv534QaPC8g417k-,,New York,Manhattan,NY,,,google_lsa,new,2026-08-01T18:01:26.938+00:00
glsa:6639793344:manhattan,MK Welding & Solutions,handyman,(315) 404-5254,,https://www.google.com/localservices/profile?cs=0&q=MK+Welding+%26+Solutions&spp=Ej8KEgjA6YzeGBDBtOTzHBj_x6-gJRIpeGNhdDpzZXJ2aWNlX2FyZWFfYnVzaW5lc3NfaGFuZHltYW46ZW4tVVM&scp=Cil4Y2F0OnNlcnZpY2VfYXJlYV9idXNpbmVzc19oYW5keW1hbjplbi1VUxIYGhIJOwg_06VPwokRYv534QaPC8g417k-,,New York,Manhattan,NY,,,google_lsa,new,2026-08-01T18:01:26.938+00:00
glsa:7753790063:manhattan,AAA Abatement,handyman,(413) 355-0575,,https://www.google.com/localservices/profile?cs=0&q=AAA+Abatement&spp=Ej8KEgjv5KXxHBDtw4nsKBj_x6-gJRIpeGNhdDpzZXJ2aWNlX2FyZWFfYnVzaW5lc3NfaGFuZHltYW46ZW4tVVM&scp=Cil4Y2F0OnNlcnZpY2VfYXJlYV9idXNpbmVzc19oYW5keW1hbjplbi1VUxIYGhIJOwg_06VPwokRYv534QaPC8g417k-,,New York,Manhattan,NY,,,google_lsa,new,2026-08-01T18:01:26.938+00:00
glsa:51322916:manhattan,ECD Solutions,handyman,(212) 389-2738,,https://www.google.com/localservices/profile?cs=0&q=ECD+Solutions&spp=Ej4KEQikwLwYELvJ8NEJGP_Hr6AlEil4Y2F0OnNlcnZpY2VfYXJlYV9idXNpbmVzc19oYW5keW1hbjplbi1VUw&scp=Cil4Y2F0OnNlcnZpY2VfYXJlYV9idXNpbmVzc19oYW5keW1hbjplbi1VUxIYGhIJOwg_06VPwokRYv534QaPC8g417k-,,New York,Manhattan,NY,,,google_lsa,new,2026-08-01T18:01:26.938+00:00
glsa:6708638827:manhattan,Shestakoff&ko LLC,handyman,(929) 732-3000,,https://www.google.com/localservices/profile?cs=0&q=Shestakoff%26ko+LLC&spp=Ej8KEgjr6Pb-GBCqwuGNHxj_x6-gJRIpeGNhdDpzZXJ2aWNlX2FyZWFfYnVzaW5lc3NfaGFuZHltYW46ZW4tVVM&scp=Cil4Y2F0OnNlcnZpY2VfYXJlYV9idXNpbmVzc19oYW5keW1hbjplbi1VUxIYGhIJOwg_06VPwokRYv534QaPC8g417k-,,New York,Manhattan,NY,,,google_lsa,new,2026-08-01T18:01:26.937+00:00
glsa:1598278768:manhattan,Empire Cleaning & Pro Services,handyman,(646) 320-9076,,https://www.google.com/localservices/profile?cs=0&q=Empire+Cleaning+%26+Pro+Services&spp=Ej8KEgjwmI_6BRCNvb6rFxj_x6-gJRIpeGNhdDpzZXJ2aWNlX2FyZWFfYnVzaW5lc3NfaGFuZHltYW46ZW4tVVM&scp=Cil4Y2F0OnNlcnZpY2VfYXJlYV9idXNpbmVzc19oYW5keW1hbjplbi1VUxIYGhIJOwg_06VPwokRYv534QaPC8g417k-,,New York,Manhattan,NY,,,google_lsa,new,2026-08-01T18:01:26.937+00:00
glsa:858926876:manhattan,FixTman LLC,handyman,(888) 493-0064,,https://www.google.com/localservices/profile?cs=0&q=FixTman+LLC&spp=Ej8KEgic3siZAxCOo-vYCRj_x6-gJRIpeGNhdDpzZXJ2aWNlX2FyZWFfYnVzaW5lc3NfaGFuZHltYW46ZW4tVVM&scp=Cil4Y2F0OnNlcnZpY2VfYXJlYV9idXNpbmVzc19oYW5keW1hbjplbi1VUxIYGhIJOwg_06VPwokRYv534QaPC8g417k-,,New York,Manhattan,NY,,,google_lsa,new,2026-08-01T18:01:26.937+00:00
glsa:8143664631:manhattan,Prestige Roofing,handyman,(845) 459-7761,,https://www.google.com/localservices/profile?cs=0&q=Prestige+Roofing&spp=Ej8KEgj365mrHhCR5-j8KBj_x6-gJRIpeGNhdDpzZXJ2aWNlX2FyZWFfYnVzaW5lc3NfaGFuZHltYW46ZW4tVVM&scp=Cil4Y2F0OnNlcnZpY2VfYXJlYV9idXNpbmVzc19oYW5keW1hbjplbi1VUxIYGhIJOwg_06VPwokRYv534QaPC8g417k-,,New York,Manhattan,NY,,,google_lsa,new,2026-08-01T18:01:26.937+00:00
glsa:238065834:manhattan,MSP Electrical Contracting LLC,electrician,(732) 634-6220,,https://www.google.com/localservices/profile?cs=0&q=MSP+Electrical+Contracting+LLC&spp=EkEKEQiqscJxEIaMkqsJGMTHyqsJEix4Y2F0OnNlcnZpY2VfYXJlYV9idXNpbmVzc19lbGVjdHJpY2lhbjplbi1VUw&scp=Cix4Y2F0OnNlcnZpY2VfYXJlYV9idXNpbmVzc19lbGVjdHJpY2lhbjplbi1VUxIYGhIJOwg_06VPwokRYv534QaPC8g417k-,,New York,Manhattan,NY,,,google_lsa,new,2026-08-01T18:00:21.431+00:00
glsa:238070297:manhattan,H&A Long Island Electrician,electrician,(516) 350-5489,,https://www.google.com/localservices/profile?cs=0&q=H%26A+Long+Island+Electrician&spp=EkEKEQiZ1MJxEMqCkqsJGM-8z6sJEix4Y2F0OnNlcnZpY2VfYXJlYV9idXNpbmVzc19lbGVjdHJpY2lhbjplbi1VUw&scp=Cix4Y2F0OnNlcnZpY2VfYXJlYV9idXNpbmVzc19lbGVjdHJpY2lhbjplbi1VUxIYGhIJOwg_06VPwokRYv534QaPC8g417k-,,New York,Manhattan,NY,,,google_lsa,new,2026-08-01T18:00:21.431+00:00
glsa:238063573:manhattan,York Electrical Contractors,electrician,(718) 353-7227,,https://www.google.com/localservices/profile?cs=0&q=York+Electrical+Contractors&spp=EkEKEQjVn8JxEM6LkasJGNe0zasJEix4Y2F0OnNlcnZpY2VfYXJlYV9idXNpbmVzc19lbGVjdHJpY2lhbjplbi1VUw&scp=Cix4Y2F0OnNlcnZpY2VfYXJlYV9idXNpbmVzc19lbGVjdHJpY2lhbjplbi1VUxIYGhIJOwg_06VPwokRYv534QaPC8g417k-,,New York,Manhattan,NY,,,google_lsa,new,2026-08-01T18:00:21.431+00:00
glsa:57833876:manhattan,"Bilco Electric and Datacom, LLC",electrician,(347) 476-6845,,"https://www.google.com/localservices/profile?cs=0&q=Bilco+Electric+and+Datacom,+LLC&spp=EkEKEQiU88kbEPqRqK8JGODt5bAJEix4Y2F0OnNlcnZpY2VfYXJlYV9idXNpbmVzc19lbGVjdHJpY2lhbjplbi1VUw&scp=Cix4Y2F0OnNlcnZpY2VfYXJlYV9idXNpbmVzc19lbGVjdHJpY2lhbjplbi1VUxIYGhIJOwg_06VPwokRYv534QaPC8g417k-",,New York,Manhattan,NY,,,google_lsa,new,2026-08-01T18:00:21.431+00:00
glsa:267287207:manhattan,R. Piro Electric,electrician,(203) 650-9216,,https://www.google.com/localservices/profile?cs=0&q=R.+Piro+Electric&spp=EkEKEQin9bl_EJn07qwJGOfg1K0JEix4Y2F0OnNlcnZpY2VfYXJlYV9idXNpbmVzc19lbGVjdHJpY2lhbjplbi1VUw&scp=Cix4Y2F0OnNlcnZpY2VfYXJlYV9idXNpbmVzc19lbGVjdHJpY2lhbjplbi1VUxIYGhIJOwg_06VPwokRYv534QaPC8g417k-,,New York,Manhattan,NY,,,google_lsa,new,2026-08-01T18:00:21.431+00:00
glsa:757532336:manhattan,Rella Electric,electrician,(914) 529-6908,,https://www.google.com/localservices/profile?cs=0&q=Rella+Electric&spp=EkIKEgiwjZzpAhD4xrrUCRj_x6-gJRIseGNhdDpzZXJ2aWNlX2FyZWFfYnVzaW5lc3NfZWxlY3RyaWNpYW46ZW4tVVM&scp=Cix4Y2F0OnNlcnZpY2VfYXJlYV9idXNpbmVzc19lbGVjdHJpY2lhbjplbi1VUxIYGhIJOwg_06VPwokRYv534QaPC8g417k-,,New York,Manhattan,NY,,,google_lsa,new,2026-08-01T18:00:21.431+00:00
glsa:238064803:manhattan,Top Brooklyn Electrician,electrician,(718) 925-4854,,https://www.google.com/localservices/profile?cs=0&q=Top+Brooklyn+Electrician&spp=EkEKEQijqcJxEOn6kasJGLuc0KsJEix4Y2F0OnNlcnZpY2VfYXJlYV9idXNpbmVzc19lbGVjdHJpY2lhbjplbi1VUw&scp=Cix4Y2F0OnNlcnZpY2VfYXJlYV9idXNpbmVzc19lbGVjdHJpY2lhbjplbi1VUxIYGhIJOwg_06VPwokRYv534QaPC8g417k-,,New York,Manhattan,NY,,,google_lsa,new,2026-08-01T18:00:21.431+00:00
glsa:267282931:manhattan,Nextgen Electric LLC,electrician,(201) 639-2211,,https://www.google.com/localservices/profile?cs=0&q=Nextgen+Electric+LLC&spp=EkEKEQjz07l_EMLc6qwJGM-z1a0JEix4Y2F0OnNlcnZpY2VfYXJlYV9idXNpbmVzc19lbGVjdHJpY2lhbjplbi1VUw&scp=Cix4Y2F0OnNlcnZpY2VfYXJlYV9idXNpbmVzc19lbGVjdHJpY2lhbjplbi1VUxIYGhIJOwg_06VPwokRYv534QaPC8g417k-,,New York,Manhattan,NY,,,google_lsa,new,2026-08-01T18:00:21.431+00:00
glsa:237923513:manhattan,Conquest Electric,electrician,(212) 301-6225,,https://www.google.com/localservices/profile?cs=0&q=Conquest+Electric&spp=EkEKEQi52blxEITui6sJGOz_yasJEix4Y2F0OnNlcnZpY2VfYXJlYV9idXNpbmVzc19lbGVjdHJpY2lhbjplbi1VUw&scp=Cix4Y2F0OnNlcnZpY2VfYXJlYV9idXNpbmVzc19lbGVjdHJpY2lhbjplbi1VUxIYGhIJOwg_06VPwokRYv534QaPC8g417k-,,New York,Manhattan,NY,,,google_lsa,new,2026-08-01T18:00:21.431+00:00
glsa:6886270555:manhattan,Power Flow Electric,electrician,(718) 690-2750,,https://www.google.com/localservices/profile?cs=0&q=Power+Flow+Electric&spp=EkIKEgjbzNDTGRCn2vnIKBj_x6-gJRIseGNhdDpzZXJ2aWNlX2FyZWFfYnVzaW5lc3NfZWxlY3RyaWNpYW46ZW4tVVM&scp=Cix4Y2F0OnNlcnZpY2VfYXJlYV9idXNpbmVzc19lbGVjdHJpY2lhbjplbi1VUxIYGhIJOwg_06VPwokRYv534QaPC8g417k-,,New York,Manhattan,NY,,,google_lsa,new,2026-08-01T18:00:21.431+00:00
glsa:238063330:manhattan,"Sean Harland Electric, Inc.",electrician,(732) 809-2221,,"https://www.google.com/localservices/profile?cs=0&q=Sean+Harland+Electric,+Inc.&spp=EkEKEQjincJxEJ3siasJGLO0zasJEix4Y2F0OnNlcnZpY2VfYXJlYV9idXNpbmVzc19lbGVjdHJpY2lhbjplbi1VUw&scp=Cix4Y2F0OnNlcnZpY2VfYXJlYV9idXNpbmVzc19lbGVjdHJpY2lhbjplbi1VUxIYGhIJOwg_06VPwokRYv534QaPC8g417k-",,New York,Manhattan,NY,,,google_lsa,new,2026-08-01T18:00:21.431+00:00
glsa:238068466:manhattan,A Team Electrical Contractors Corp,electrician,(201) 707-9001,,https://www.google.com/localservices/profile?cs=0&q=A+Team+Electrical+Contractors+Corp&spp=EkEKEQjyxcJxEJGCkqsJGKSVyasJEix4Y2F0OnNlcnZpY2VfYXJlYV9idXNpbmVzc19lbGVjdHJpY2lhbjplbi1VUw&scp=Cix4Y2F0OnNlcnZpY2VfYXJlYV9idXNpbmVzc19lbGVjdHJpY2lhbjplbi1VUxIYGhIJOwg_06VPwokRYv534QaPC8g417k-,,New York,Manhattan,NY,,,google_lsa,new,2026-08-01T18:00:21.431+00:00
glsa:238170853:manhattan,Greenway Electric,electrician,(973) 743-4040,,https://www.google.com/localservices/profile?cs=0&q=Greenway+Electric&spp=EkEKEQjl5chxEPTlkqsJGJWh0KsJEix4Y2F0OnNlcnZpY2VfYXJlYV9idXNpbmVzc19lbGVjdHJpY2lhbjplbi1VUw&scp=Cix4Y2F0OnNlcnZpY2VfYXJlYV9idXNpbmVzc19lbGVjdHJpY2lhbjplbi1VUxIYGhIJOwg_06VPwokRYv534QaPC8g417k-,,New York,Manhattan,NY,,,google_lsa,new,2026-08-01T18:00:21.431+00:00
glsa:267282883:manhattan,"Watts-Up Electrical Contractor, LLC",electrician,(973) 461-9942,,"https://www.google.com/localservices/profile?cs=0&q=Watts-Up+Electrical+Contractor,+LLC&spp=EkEKEQjD07l_EKTc6qwJGNWQ1K0JEix4Y2F0OnNlcnZpY2VfYXJlYV9idXNpbmVzc19lbGVjdHJpY2lhbjplbi1VUw&scp=Cix4Y2F0OnNlcnZpY2VfYXJlYV9idXNpbmVzc19lbGVjdHJpY2lhbjplbi1VUxIYGhIJOwg_06VPwokRYv534QaPC8g417k-",,New York,Manhattan,NY,,,google_lsa,new,2026-08-01T18:00:21.431+00:00
glsa:267283342:manhattan,Mr. Wonderful's Electric,electrician,(516) 544-2548,,https://www.google.com/localservices/profile?cs=0&q=Mr.+Wonderful's+Electric&spp=EkEKEQiO17l_EN6k6qwJGIjh1K0JEix4Y2F0OnNlcnZpY2VfYXJlYV9idXNpbmVzc19lbGVjdHJpY2lhbjplbi1VUw&scp=Cix4Y2F0OnNlcnZpY2VfYXJlYV9idXNpbmVzc19lbGVjdHJpY2lhbjplbi1VUxIYGhIJOwg_06VPwokRYv534QaPC8g417k-,,New York,Manhattan,NY,,,google_lsa,new,2026-08-01T18:00:21.431+00:00
glsa:238070525:manhattan,Sapienza Electric,electrician,(516) 771-1075,,https://www.google.com/localservices/profile?cs=0&q=Sapienza+Electric&spp=EkEKEQj91cJxEPaHkqsJGKC9z6sJEix4Y2F0OnNlcnZpY2VfYXJlYV9idXNpbmVzc19lbGVjdHJpY2lhbjplbi1VUw&scp=Cix4Y2F0OnNlcnZpY2VfYXJlYV9idXNpbmVzc19lbGVjdHJpY2lhbjplbi1VUxIYGhIJOwg_06VPwokRYv534QaPC8g417k-,,New York,Manhattan,NY,,,google_lsa,new,2026-08-01T18:00:21.431+00:00
glsa:238064106:manhattan,Abacus Electric & Plumbing,electrician,(908) 269-8057,,https://www.google.com/localservices/profile?cs=0&q=Abacus+Electric+%26+Plumbing&spp=EkEKEQjqo8JxEIuCkqsJGP6d0KsJEix4Y2F0OnNlcnZpY2VfYXJlYV9idXNpbmVzc19lbGVjdHJpY2lhbjplbi1VUw&scp=Cix4Y2F0OnNlcnZpY2VfYXJlYV9idXNpbmVzc19lbGVjdHJpY2lhbjplbi1VUxIYGhIJOwg_06VPwokRYv534QaPC8g417k-,,New York,Manhattan,NY,,,google_lsa,new,2026-08-01T18:00:21.431+00:00
glsa:238064043:manhattan,Campbell Electric Service,electrician,(718) 345-1750,,https://www.google.com/localservices/profile?cs=0&q=Campbell+Electric+Service&spp=EkEKEQiro8JxEJrvi6sJGOmd0KsJEix4Y2F0OnNlcnZpY2VfYXJlYV9idXNpbmVzc19lbGVjdHJpY2lhbjplbi1VUw&scp=Cix4Y2F0OnNlcnZpY2VfYXJlYV9idXNpbmVzc19lbGVjdHJpY2lhbjplbi1VUxIYGhIJOwg_06VPwokRYv534QaPC8g417k-,,New York,Manhattan,NY,,,google_lsa,new,2026-08-01T18:00:21.431+00:00
glsa:238066463:manhattan,MDL Electric LLC,electrician,(973) 396-7680,,https://www.google.com/localservices/profile?cs=0&q=MDL+Electric+LLC&spp=EkEKEQiftsJxEO_6kasJGMGc0KsJEix4Y2F0OnNlcnZpY2VfYXJlYV9idXNpbmVzc19lbGVjdHJpY2lhbjplbi1VUw&scp=Cix4Y2F0OnNlcnZpY2VfYXJlYV9idXNpbmVzc19lbGVjdHJpY2lhbjplbi1VUxIYGhIJOwg_06VPwokRYv534QaPC8g417k-,,New York,Manhattan,NY,,,google_lsa,new,2026-08-01T18:00:21.431+00:00
glsa:238068205:manhattan,Nair Electric Corp,electrician,(718) 323-1408,,https://www.google.com/localservices/profile?cs=0&q=Nair+Electric+Corp&spp=EkEKEQjtw8JxEMHsiasJGNed0KsJEix4Y2F0OnNlcnZpY2VfYXJlYV9idXNpbmVzc19lbGVjdHJpY2lhbjplbi1VUw&scp=Cix4Y2F0OnNlcnZpY2VfYXJlYV9idXNpbmVzc19lbGVjdHJpY2lhbjplbi1VUxIYGhIJOwg_06VPwokRYv534QaPC8g417k-,,New York,Manhattan,NY,,,google_lsa,new,2026-08-01T18:00:21.431+00:00
glsa:321809242:manhattan,Rite Plumbing & Heating,plumber,(347) 502-6441,,https://www.google.com/localservices/profile?cs=0&q=Rite+Plumbing+%26+Heating&spp=Ej4KEgja1rmZARDZ15-wCRjQgYiyCRIoeGNhdDpzZXJ2aWNlX2FyZWFfYnVzaW5lc3NfcGx1bWJlcjplbi1VUw&scp=Cih4Y2F0OnNlcnZpY2VfYXJlYV9idXNpbmVzc19wbHVtYmVyOmVuLVVTEhgaEgk7CD_TpU_CiRFi_nfhBo8LyDjXuT4,,New York,Manhattan,NY,,,google_lsa,new,2026-08-01T18:00:18.194+00:00
glsa:231963569:manhattan,"Vigilante Plumbing, Heating & Air Conditioning",plumber,(718) 522-6111,,"https://www.google.com/localservices/profile?cs=0&q=Vigilante+Plumbing,+Heating+%26+Air+Conditioning&spp=Ej0KEQix981uEMHQ_aoJGMn4uKsJEih4Y2F0OnNlcnZpY2VfYXJlYV9idXNpbmVzc19wbHVtYmVyOmVuLVVT&scp=Cih4Y2F0OnNlcnZpY2VfYXJlYV9idXNpbmVzc19wbHVtYmVyOmVuLVVTEhgaEgk7CD_TpU_CiRFi_nfhBo8LyDjXuT4",,New York,Manhattan,NY,,,google_lsa,new,2026-08-01T18:00:18.194+00:00
glsa:237926551:manhattan,G&M Construction Group Of NY,plumber,(516) 491-2981,,https://www.google.com/localservices/profile?cs=0&q=G%26M+Construction+Group+Of+NY&spp=Ej0KEQiX8blxENHSi6sJGMimyKsJEih4Y2F0OnNlcnZpY2VfYXJlYV9idXNpbmVzc19wbHVtYmVyOmVuLVVT&scp=Cih4Y2F0OnNlcnZpY2VfYXJlYV9idXNpbmVzc19wbHVtYmVyOmVuLVVTEhgaEgk7CD_TpU_CiRFi_nfhBo8LyDjXuT4,,New York,Manhattan,NY,,,google_lsa,new,2026-08-01T18:00:18.194+00:00
glsa:6678998574:manhattan,Winners Sewer & Drain,plumber,(914) 435-6026,,https://www.google.com/localservices/profile?cs=0&q=Winners+Sewer+%26+Drain&spp=Ej4KEgiu3OXwGBCA8JapHhj_x6-gJRIoeGNhdDpzZXJ2aWNlX2FyZWFfYnVzaW5lc3NfcGx1bWJlcjplbi1VUw&scp=Cih4Y2F0OnNlcnZpY2VfYXJlYV9idXNpbmVzc19wbHVtYmVyOmVuLVVTEhgaEgk7CD_TpU_CiRFi_nfhBo8LyDjXuT4,,New York,Manhattan,NY,,,google_lsa,new,2026-08-01T18:00:18.194+00:00
glsa:6790603850:manhattan,GO2 Piping LLC,plumber,(347) 488-8501,,https://www.google.com/localservices/profile?cs=0&q=GO2+Piping+LLC&spp=Ej4KEgjKyIGmGRD51PnjKBj_x6-gJRIoeGNhdDpzZXJ2aWNlX2FyZWFfYnVzaW5lc3NfcGx1bWJlcjplbi1VUw&scp=Cih4Y2F0OnNlcnZpY2VfYXJlYV9idXNpbmVzc19wbHVtYmVyOmVuLVVTEhgaEgk7CD_TpU_CiRFi_nfhBo8LyDjXuT4,,New York,Manhattan,NY,,,google_lsa,new,2026-08-01T18:00:18.194+00:00
glsa:238064055:manhattan,Exquisite Painting Plus,plumber,(914) 564-0797,,https://www.google.com/localservices/profile?cs=0&q=Exquisite+Painting+Plus&spp=Ej0KEQi3o8JxEPaBkqsJGO-d0KsJEih4Y2F0OnNlcnZpY2VfYXJlYV9idXNpbmVzc19wbHVtYmVyOmVuLVVT&scp=Cih4Y2F0OnNlcnZpY2VfYXJlYV9idXNpbmVzc19wbHVtYmVyOmVuLVVTEhgaEgk7CD_TpU_CiRFi_nfhBo8LyDjXuT4,,New York,Manhattan,NY,,,google_lsa,new,2026-08-01T18:00:18.194+00:00
glsa:238165389:manhattan,rooterman,plumber,(914) 965-4031,,https://www.google.com/localservices/profile?cs=0&q=rooterman&spp=Ej0KEQiNu8hxEPmakasJGI2l0KsJEih4Y2F0OnNlcnZpY2VfYXJlYV9idXNpbmVzc19wbHVtYmVyOmVuLVVT&scp=Cih4Y2F0OnNlcnZpY2VfYXJlYV9idXNpbmVzc19wbHVtYmVyOmVuLVVTEhgaEgk7CD_TpU_CiRFi_nfhBo8LyDjXuT4,,New York,Manhattan,NY,,,google_lsa,new,2026-08-01T18:00:18.194+00:00
glsa:238065783:manhattan,MD Plumbing & Heating LLC,plumber,(631) 335-7123,,https://www.google.com/localservices/profile?cs=0&q=MD+Plumbing+%26+Heating+LLC&spp=Ej0KEQj3sMJxEP2LkqsJGMuVyasJEih4Y2F0OnNlcnZpY2VfYXJlYV9idXNpbmVzc19wbHVtYmVyOmVuLVVT&scp=Cih4Y2F0OnNlcnZpY2VfYXJlYV9idXNpbmVzc19wbHVtYmVyOmVuLVVTEhgaEgk7CD_TpU_CiRFi_nfhBo8LyDjXuT4,,New York,Manhattan,NY,,,google_lsa,new,2026-08-01T18:00:18.194+00:00
glsa:238174745:manhattan,Robert Schiff Plumbing & Heating,plumber,(551) 206-3629,,https://www.google.com/localservices/profile?cs=0&q=Robert+Schiff+Plumbing+%26+Heating&spp=Ej0KEQiZhMlxEK3FkqsJGPWGz6sJEih4Y2F0OnNlcnZpY2VfYXJlYV9idXNpbmVzc19wbHVtYmVyOmVuLVVT&scp=Cih4Y2F0OnNlcnZpY2VfYXJlYV9idXNpbmVzc19wbHVtYmVyOmVuLVVTEhgaEgk7CD_TpU_CiRFi_nfhBo8LyDjXuT4,,New York,Manhattan,NY,,,google_lsa,new,2026-08-01T18:00:18.194+00:00
glsa:239370361:manhattan,RR Plumbing Roto-Rooter Plumbing & Water Cleanup,plumber,(212) 675-7542,,https://www.google.com/localservices/profile?cs=0&q=RR+Plumbing+Roto-Rooter+Plumbing+%26+Water+Cleanup&spp=Ej0KEQj5gJJyELfVm6sJGNT12qsJEih4Y2F0OnNlcnZpY2VfYXJlYV9idXNpbmVzc19wbHVtYmVyOmVuLVVT&scp=Cih4Y2F0OnNlcnZpY2VfYXJlYV9idXNpbmVzc19wbHVtYmVyOmVuLVVTEhgaEgk7CD_TpU_CiRFi_nfhBo8LyDjXuT4,,New York,Manhattan,NY,,,google_lsa,new,2026-08-01T18:00:18.194+00:00
glsa:622395811:manhattan,Philco Plumbing,plumber,(718) 605-0450,,https://www.google.com/localservices/profile?cs=0&q=Philco+Plumbing&spp=Ej4KEgijg-SoAhDah_-9CRj_x6-gJRIoeGNhdDpzZXJ2aWNlX2FyZWFfYnVzaW5lc3NfcGx1bWJlcjplbi1VUw&scp=Cih4Y2F0OnNlcnZpY2VfYXJlYV9idXNpbmVzc19wbHVtYmVyOmVuLVVTEhgaEgk7CD_TpU_CiRFi_nfhBo8LyDjXuT4,,New York,Manhattan,NY,,,google_lsa,new,2026-08-01T18:00:18.194+00:00
glsa:100642097:manhattan,Empire Sewer And Water,plumber,(718) 715-4763,,https://www.google.com/localservices/profile?cs=0&q=Empire+Sewer+And+Water&spp=Ej0KEQix2v4vENqrsrIJGPGpu7QJEih4Y2F0OnNlcnZpY2VfYXJlYV9idXNpbmVzc19wbHVtYmVyOmVuLVVT&scp=Cih4Y2F0OnNlcnZpY2VfYXJlYV9idXNpbmVzc19wbHVtYmVyOmVuLVVTEhgaEgk7CD_TpU_CiRFi_nfhBo8LyDjXuT4,,New York,Manhattan,NY,,,google_lsa,new,2026-08-01T18:00:18.194+00:00
glsa:238058544:manhattan,Balkan Sewer And Drain Cleaning,plumber,(718) 641-1222,,https://www.google.com/localservices/profile?cs=0&q=Balkan+Sewer+And+Drain+Cleaning&spp=Ej0KEQiw-MFxEOG5jKsJGJu0zasJEih4Y2F0OnNlcnZpY2VfYXJlYV9idXNpbmVzc19wbHVtYmVyOmVuLVVT&scp=Cih4Y2F0OnNlcnZpY2VfYXJlYV9idXNpbmVzc19wbHVtYmVyOmVuLVVTEhgaEgk7CD_TpU_CiRFi_nfhBo8LyDjXuT4,,New York,Manhattan,NY,,,google_lsa,new,2026-08-01T18:00:18.194+00:00
glsa:394050633:manhattan,NYC Sewer And Drain Pro Solutions LLC,plumber,(718) 500-5717,,https://www.google.com/localservices/profile?cs=0&q=NYC+Sewer+And+Drain+Pro+Solutions+LLC&spp=Ej4KEgjJ-PK7ARDbv-O3CRj_x6-gJRIoeGNhdDpzZXJ2aWNlX2FyZWFfYnVzaW5lc3NfcGx1bWJlcjplbi1VUw&scp=Cih4Y2F0OnNlcnZpY2VfYXJlYV9idXNpbmVzc19wbHVtYmVyOmVuLVVTEhgaEgk7CD_TpU_CiRFi_nfhBo8LyDjXuT4,,New York,Manhattan,NY,,,google_lsa,new,2026-08-01T18:00:18.194+00:00
glsa:1244282830:manhattan,Snake Guys Sewer & Drain,plumber,(914) 803-6062,,https://www.google.com/localservices/profile?cs=0&q=Snake+Guys+Sewer+%26+Drain&spp=Ej4KEgjO_6jRBBD2xPLCDRj_x6-gJRIoeGNhdDpzZXJ2aWNlX2FyZWFfYnVzaW5lc3NfcGx1bWJlcjplbi1VUw&scp=Cih4Y2F0OnNlcnZpY2VfYXJlYV9idXNpbmVzc19wbHVtYmVyOmVuLVVTEhgaEgk7CD_TpU_CiRFi_nfhBo8LyDjXuT4,,New York,Manhattan,NY,,,google_lsa,new,2026-08-01T18:00:18.194+00:00
glsa:238071533:manhattan,Georges Sewer Cleaning,plumber,(718) 253-5652,,https://www.google.com/localservices/profile?cs=0&q=Georges+Sewer+Cleaning&spp=Ej0KEQjt3cJxEOuLkqsJGIGq0KsJEih4Y2F0OnNlcnZpY2VfYXJlYV9idXNpbmVzc19wbHVtYmVyOmVuLVVT&scp=Cih4Y2F0OnNlcnZpY2VfYXJlYV9idXNpbmVzc19wbHVtYmVyOmVuLVVTEhgaEgk7CD_TpU_CiRFi_nfhBo8LyDjXuT4,,New York,Manhattan,NY,,,google_lsa,new,2026-08-01T18:00:18.194+00:00
glsa:207904443:manhattan,"Petri Plumbing, Heating Cooling & Drain Cleaning",plumber,(718) 748-1254,,"https://www.google.com/localservices/profile?cs=0&q=Petri+Plumbing,+Heating+Cooling+%26+Drain+Cleaning&spp=Ej0KEQi7vZFjEOyAxasJGOumiKwJEih4Y2F0OnNlcnZpY2VfYXJlYV9idXNpbmVzc19wbHVtYmVyOmVuLVVT&scp=Cih4Y2F0OnNlcnZpY2VfYXJlYV9idXNpbmVzc19wbHVtYmVyOmVuLVVTEhgaEgk7CD_TpU_CiRFi_nfhBo8LyDjXuT4",,New York,Manhattan,NY,,,google_lsa,new,2026-08-01T18:00:18.194+00:00
glsa:8111697344:manhattan,MC Drain & Plumbing,plumber,(914) 462-6269,,https://www.google.com/localservices/profile?cs=0&q=MC+Drain+%26+Plumbing&spp=Ej4KEgjA2_qbHhCz4Jr9KBj_x6-gJRIoeGNhdDpzZXJ2aWNlX2FyZWFfYnVzaW5lc3NfcGx1bWJlcjplbi1VUw&scp=Cih4Y2F0OnNlcnZpY2VfYXJlYV9idXNpbmVzc19wbHVtYmVyOmVuLVVTEhgaEgk7CD_TpU_CiRFi_nfhBo8LyDjXuT4,,New York,Manhattan,NY,,,google_lsa,new,2026-08-01T18:00:18.194+00:00
glsa:7618036235:manhattan,Glenn's Plumbing,plumber,(646) 963-2616,,https://www.google.com/localservices/profile?cs=0&q=Glenn's+Plumbing&spp=Ej4KEgiLhMiwHBD-q9jmKBj_x6-gJRIoeGNhdDpzZXJ2aWNlX2FyZWFfYnVzaW5lc3NfcGx1bWJlcjplbi1VUw&scp=Cih4Y2F0OnNlcnZpY2VfYXJlYV9idXNpbmVzc19wbHVtYmVyOmVuLVVTEhgaEgk7CD_TpU_CiRFi_nfhBo8LyDjXuT4,,New York,Manhattan,NY,,,google_lsa,new,2026-08-01T18:00:18.194+00:00
glsa:7613481102:manhattan,The Painting School,tutor,(917) 671-8216,,https://www.google.com/localservices/profile?cs=0&q=The+Painting+School&spp=EjwKEgiOgbKuHBC44ZfmKBj_x6-gJRImeGNhdDpzZXJ2aWNlX2FyZWFfYnVzaW5lc3NfdHV0b3I6ZW4tVVM&scp=CiZ4Y2F0OnNlcnZpY2VfYXJlYV9idXNpbmVzc190dXRvcjplbi1VUxIYGhIJOwg_06VPwokRYv534QaPC8g417k-,,New York,Manhattan,NY,,,google_lsa,new,2026-08-01T18:00:04.767+00:00
glsa:840700745:manhattan,Brainiac In-Home Tutoring,tutor,(248) 242-7733,,https://www.google.com/localservices/profile?cs=0&q=Brainiac+In-Home+Tutoring&spp=EjwKEgjJpvCQAxDivPPREhj_x6-gJRImeGNhdDpzZXJ2aWNlX2FyZWFfYnVzaW5lc3NfdHV0b3I6ZW4tVVM&scp=CiZ4Y2F0OnNlcnZpY2VfYXJlYV9idXNpbmVzc190dXRvcjplbi1VUxIYGhIJOwg_06VPwokRYv534QaPC8g417k-,,New York,Manhattan,NY,,,google_lsa,new,2026-08-01T18:00:04.767+00:00
glsa:82114783:manhattan,ibidPREP,tutor,(212) 787-0374,,https://www.google.com/localservices/profile?cs=0&q=ibidPREP&spp=EjsKEQjf8ZMnEMP75PQJGP_Hr6AlEiZ4Y2F0OnNlcnZpY2VfYXJlYV9idXNpbmVzc190dXRvcjplbi1VUw&scp=CiZ4Y2F0OnNlcnZpY2VfYXJlYV9idXNpbmVzc190dXRvcjplbi1VUxIYGhIJOwg_06VPwokRYv534QaPC8g417k-,,New York,Manhattan,NY,,,google_lsa,new,2026-08-01T18:00:04.767+00:00
glsa:1109424841:manhattan,The Best Test Prep,tutor,(844) 672-7737,,https://www.google.com/localservices/profile?cs=0&q=The+Best+Test+Prep&spp=EjwKEgjJ9YGRBBDOxZ-NJhj_x6-gJRImeGNhdDpzZXJ2aWNlX2FyZWFfYnVzaW5lc3NfdHV0b3I6ZW4tVVM&scp=CiZ4Y2F0OnNlcnZpY2VfYXJlYV9idXNpbmVzc190dXRvcjplbi1VUxIYGhIJOwg_06VPwokRYv534QaPC8g417k-,,New York,Manhattan,NY,,,google_lsa,new,2026-08-01T18:00:04.767+00:00
glsa:7331097522:manhattan,TechWaves Consulting LLC,tutor,(910) 745-7241,,https://www.google.com/localservices/profile?cs=0&q=TechWaves+Consulting+LLC&spp=EjwKEgiy196nGxDK8r3YKBj_x6-gJRImeGNhdDpzZXJ2aWNlX2FyZWFfYnVzaW5lc3NfdHV0b3I6ZW4tVVM&scp=CiZ4Y2F0OnNlcnZpY2VfYXJlYV9idXNpbmVzc190dXRvcjplbi1VUxIYGhIJOwg_06VPwokRYv534QaPC8g417k-,,New York,Manhattan,NY,,,google_lsa,new,2026-08-01T18:00:04.767+00:00
glsa:8199641213:manhattan,AoPS Academy Upper West Side,tutor,(332) 286-9590,,https://www.google.com/localservices/profile?cs=0&q=AoPS+Academy+Upper+West+Side&spp=EjwKEgj9sPLFHhDF7aOCKRj_x6-gJRImeGNhdDpzZXJ2aWNlX2FyZWFfYnVzaW5lc3NfdHV0b3I6ZW4tVVM&scp=CiZ4Y2F0OnNlcnZpY2VfYXJlYV9idXNpbmVzc190dXRvcjplbi1VUxIYGhIJOwg_06VPwokRYv534QaPC8g417k-,,New York,Manhattan,NY,,,google_lsa,new,2026-08-01T18:00:04.767+00:00
glsa:8106890553:manhattan,Bright Kids NYC Inc.,tutor,(646) 434-1084,,https://www.google.com/localservices/profile?cs=0&q=Bright+Kids+NYC+Inc.&spp=EjwKEgi5qtWZHhC-yfL6KBj_x6-gJRImeGNhdDpzZXJ2aWNlX2FyZWFfYnVzaW5lc3NfdHV0b3I6ZW4tVVM&scp=CiZ4Y2F0OnNlcnZpY2VfYXJlYV9idXNpbmVzc190dXRvcjplbi1VUxIYGhIJOwg_06VPwokRYv534QaPC8g417k-,,New York,Manhattan,NY,,,google_lsa,new,2026-08-01T18:00:04.767+00:00
glsa:7075409911:manhattan,Sewho Studio,tutor,(917) 715-8835,,https://www.google.com/localservices/profile?cs=0&q=Sewho+Studio&spp=EjwKEgj33-itGhCcw_nQKBj_x6-gJRImeGNhdDpzZXJ2aWNlX2FyZWFfYnVzaW5lc3NfdHV0b3I6ZW4tVVM&scp=CiZ4Y2F0OnNlcnZpY2VfYXJlYV9idXNpbmVzc190dXRvcjplbi1VUxIYGhIJOwg_06VPwokRYv534QaPC8g417k-,,New York,Manhattan,NY,,,google_lsa,new,2026-08-01T18:00:04.767+00:00
glsa:525954888:manhattan,Highland Park Guitar Lessons,tutor,(469) 879-4647,,https://www.google.com/localservices/profile?cs=0&q=Highland+Park+Guitar+Lessons&spp=EjwKEgjI3uX6ARD2w4LTCRj_x6-gJRImeGNhdDpzZXJ2aWNlX2FyZWFfYnVzaW5lc3NfdHV0b3I6ZW4tVVM&scp=CiZ4Y2F0OnNlcnZpY2VfYXJlYV9idXNpbmVzc190dXRvcjplbi1VUxIYGhIJOwg_06VPwokRYv534QaPC8g417k-,,New York,Manhattan,NY,,,google_lsa,new,2026-08-01T18:00:04.767+00:00
glsa:7350165285:manhattan,Educo: Test Prep & Admissions,tutor,(212) 347-3210,,https://www.google.com/localservices/profile?cs=0&q=Educo:+Test+Prep+%26+Admissions&spp=EjwKEgilvuqwGxCjldP9KBj_x6-gJRImeGNhdDpzZXJ2aWNlX2FyZWFfYnVzaW5lc3NfdHV0b3I6ZW4tVVM&scp=CiZ4Y2F0OnNlcnZpY2VfYXJlYV9idXNpbmVzc190dXRvcjplbi1VUxIYGhIJOwg_06VPwokRYv534QaPC8g417k-,,New York,Manhattan,NY,,,google_lsa,new,2026-08-01T18:00:04.767+00:00
glsa:7346026066:manhattan,Custom Tutoring by Chris,tutor,(310) 362-6583,,https://www.google.com/localservices/profile?cs=0&q=Custom+Tutoring+by+Chris&spp=EjwKEgjS7O2uGxDT-OraKBj_x6-gJRImeGNhdDpzZXJ2aWNlX2FyZWFfYnVzaW5lc3NfdHV0b3I6ZW4tVVM&scp=CiZ4Y2F0OnNlcnZpY2VfYXJlYV9idXNpbmVzc190dXRvcjplbi1VUxIYGhIJOwg_06VPwokRYv534QaPC8g417k-,,New York,Manhattan,NY,,,google_lsa,new,2026-08-01T18:00:04.767+00:00
glsa:7941073129:newyork,Fiuza Propainters,painter,(570) 780-8331,,https://www.google.com/localservices/profile?cs=0&q=Fiuza+Propainters&spp=Ej4KEgjp0czKHRCI5sD0KBj_x6-gJRIoeGNhdDpzZXJ2aWNlX2FyZWFfYnVzaW5lc3NfcGFpbnRlcjplbi1VUw&scp=Cih4Y2F0OnNlcnZpY2VfYXJlYV9idXNpbmVzc19wYWludGVyOmVuLVVTEhgaEgk7CD_TpU_CiRFi_nfhBo8LyDjXuT4,,New York,New York,NY,,,google_lsa,new,2026-08-01T17:57:36.66+00:00
glsa:6904540985:newyork,Ariel Construction,painter,(917) 426-9611,,https://www.google.com/localservices/profile?cs=0&q=Ariel+Construction&spp=Ej4KEgi53qvcGRDuqN3JKBj_x6-gJRIoeGNhdDpzZXJ2aWNlX2FyZWFfYnVzaW5lc3NfcGFpbnRlcjplbi1VUw&scp=Cih4Y2F0OnNlcnZpY2VfYXJlYV9idXNpbmVzc19wYWludGVyOmVuLVVTEhgaEgk7CD_TpU_CiRFi_nfhBo8LyDjXuT4,,New York,New York,NY,,,google_lsa,new,2026-08-01T17:57:36.66+00:00
glsa:6683444366:newyork,Monarch Contracting Group,painter,(212) 540-1195,,https://www.google.com/localservices/profile?cs=0&q=Monarch+Contracting+Group&spp=Ej4KEgiOifXyGBDy67yGIhj_x6-gJRIoeGNhdDpzZXJ2aWNlX2FyZWFfYnVzaW5lc3NfcGFpbnRlcjplbi1VUw&scp=Cih4Y2F0OnNlcnZpY2VfYXJlYV9idXNpbmVzc19wYWludGVyOmVuLVVTEhgaEgk7CD_TpU_CiRFi_nfhBo8LyDjXuT4,,New York,New York,NY,,,google_lsa,new,2026-08-01T17:57:36.66+00:00
glsa:7743086068:newyork,Flixermen,painter,(646) 355-8160,,https://www.google.com/localservices/profile?cs=0&q=Flixermen&spp=Ej4KEgj0u5jsHBCg7vbsKBj_x6-gJRIoeGNhdDpzZXJ2aWNlX2FyZWFfYnVzaW5lc3NfcGFpbnRlcjplbi1VUw&scp=Cih4Y2F0OnNlcnZpY2VfYXJlYV9idXNpbmVzc19wYWludGVyOmVuLVVTEhgaEgk7CD_TpU_CiRFi_nfhBo8LyDjXuT4,,New York,New York,NY,,,google_lsa,new,2026-08-01T17:57:36.66+00:00
glsa:1192349010:newyork,Best European Construction,painter,(646) 260-4269,,https://www.google.com/localservices/profile?cs=0&q=Best+European+Construction&spp=Ej4KEgjSmse4BBD_u_OsDBj_x6-gJRIoeGNhdDpzZXJ2aWNlX2FyZWFfYnVzaW5lc3NfcGFpbnRlcjplbi1VUw&scp=Cih4Y2F0OnNlcnZpY2VfYXJlYV9idXNpbmVzc19wYWludGVyOmVuLVVTEhgaEgk7CD_TpU_CiRFi_nfhBo8LyDjXuT4,,New York,New York,NY,,,google_lsa,new,2026-08-01T17:57:36.66+00:00
glsa:6894649348:newyork,GJ Remodeling LLC,painter,(718) 603-3732,,https://www.google.com/localservices/profile?cs=0&q=GJ+Remodeling+LLC&spp=Ej4KEgiEgNDXGRDGmZ_HKBj_x6-gJRIoeGNhdDpzZXJ2aWNlX2FyZWFfYnVzaW5lc3NfcGFpbnRlcjplbi1VUw&scp=Cih4Y2F0OnNlcnZpY2VfYXJlYV9idXNpbmVzc19wYWludGVyOmVuLVVTEhgaEgk7CD_TpU_CiRFi_nfhBo8LyDjXuT4,,New York,New York,NY,,,google_lsa,new,2026-08-01T17:57:36.66+00:00
glsa:6685914638:newyork,Air Duct Co- Drywall & Painting,painter,(888) 802-4738,,https://www.google.com/localservices/profile?cs=0&q=Air+Duct+Co-+Drywall+%26+Painting&spp=Ej4KEgiO7Iv0GBC81pKpHhj_x6-gJRIoeGNhdDpzZXJ2aWNlX2FyZWFfYnVzaW5lc3NfcGFpbnRlcjplbi1VUw&scp=Cih4Y2F0OnNlcnZpY2VfYXJlYV9idXNpbmVzc19wYWludGVyOmVuLVVTEhgaEgk7CD_TpU_CiRFi_nfhBo8LyDjXuT4,,New York,New York,NY,,,google_lsa,new,2026-08-01T17:57:36.66+00:00
glsa:1591082345:newyork,Home Improvement NY NJ,painter,(646) 820-4212,,https://www.google.com/localservices/profile?cs=0&q=Home+Improvement+NY+NJ&spp=Ej4KEgjp-tf2BRD8zPWRFxj_x6-gJRIoeGNhdDpzZXJ2aWNlX2FyZWFfYnVzaW5lc3NfcGFpbnRlcjplbi1VUw&scp=Cih4Y2F0OnNlcnZpY2VfYXJlYV9idXNpbmVzc19wYWludGVyOmVuLVVTEhgaEgk7CD_TpU_CiRFi_nfhBo8LyDjXuT4,,New York,New York,NY,,,google_lsa,new,2026-08-01T17:57:36.66+00:00
glsa:6955925242:newyork,Juliotte Ent. LLC,painter,(347) 880-5585,,https://www.google.com/localservices/profile?cs=0&q=Juliotte+Ent.+LLC&spp=Ej4KEgj6_ev0GRCyiMHLKBj_x6-gJRIoeGNhdDpzZXJ2aWNlX2FyZWFfYnVzaW5lc3NfcGFpbnRlcjplbi1VUw&scp=Cih4Y2F0OnNlcnZpY2VfYXJlYV9idXNpbmVzc19wYWludGVyOmVuLVVTEhgaEgk7CD_TpU_CiRFi_nfhBo8LyDjXuT4,,New York,New York,NY,,,google_lsa,new,2026-08-01T17:57:36.66+00:00
glsa:6963291758:newyork,"In & Out Construction, LLC",painter,(917) 642-1804,,"https://www.google.com/localservices/profile?cs=0&q=In+%26+Out+Construction,+LLC&spp=Ej4KEgjuzK34GRDzionMKBj_x6-gJRIoeGNhdDpzZXJ2aWNlX2FyZWFfYnVzaW5lc3NfcGFpbnRlcjplbi1VUw&scp=Cih4Y2F0OnNlcnZpY2VfYXJlYV9idXNpbmVzc19wYWludGVyOmVuLVVTEhgaEgk7CD_TpU_CiRFi_nfhBo8LyDjXuT4",,New York,New York,NY,,,google_lsa,new,2026-08-01T17:57:36.66+00:00
glsa:8163072625:newyork,Star Construction industries inc.,painter,(516) 998-4133,,https://www.google.com/localservices/profile?cs=0&q=Star+Construction+industries+inc.&spp=Ej4KEgjxtLq0HhCaxOf_KBj_x6-gJRIoeGNhdDpzZXJ2aWNlX2FyZWFfYnVzaW5lc3NfcGFpbnRlcjplbi1VUw&scp=Cih4Y2F0OnNlcnZpY2VfYXJlYV9idXNpbmVzc19wYWludGVyOmVuLVVTEhgaEgk7CD_TpU_CiRFi_nfhBo8LyDjXuT4,,New York,New York,NY,,,google_lsa,new,2026-08-01T17:57:36.66+00:00
glsa:391291590:newyork,ortt wallpapering,painter,(347) 907-2474,,https://www.google.com/localservices/profile?cs=0&q=ortt+wallpapering&spp=Ej4KEgjGxcq6ARCP1KvZJRj_x6-gJRIoeGNhdDpzZXJ2aWNlX2FyZWFfYnVzaW5lc3NfcGFpbnRlcjplbi1VUw&scp=Cih4Y2F0OnNlcnZpY2VfYXJlYV9idXNpbmVzc19wYWludGVyOmVuLVVTEhgaEgk7CD_TpU_CiRFi_nfhBo8LyDjXuT4,,New York,New York,NY,,,google_lsa,new,2026-08-01T17:57:36.659+00:00
glsa:578536934:newyork,Be Colouring LLC,painter,(937) 553-1572,,https://www.google.com/localservices/profile?cs=0&q=Be+Colouring+LLC&spp=Ej4KEgjmi--TAhCOqaX-EBj_x6-gJRIoeGNhdDpzZXJ2aWNlX2FyZWFfYnVzaW5lc3NfcGFpbnRlcjplbi1VUw&scp=Cih4Y2F0OnNlcnZpY2VfYXJlYV9idXNpbmVzc19wYWludGVyOmVuLVVTEhgaEgk7CD_TpU_CiRFi_nfhBo8LyDjXuT4,,New York,New York,NY,,,google_lsa,new,2026-08-01T17:57:36.659+00:00
glsa:8290282001:newyork,Paint Squad NYC,painter,(646) 342-3743,,https://www.google.com/localservices/profile?cs=0&q=Paint+Squad+NYC&spp=Ej4KEgiR1I7xHhCFqK6JKRj_x6-gJRIoeGNhdDpzZXJ2aWNlX2FyZWFfYnVzaW5lc3NfcGFpbnRlcjplbi1VUw&scp=Cih4Y2F0OnNlcnZpY2VfYXJlYV9idXNpbmVzc19wYWludGVyOmVuLVVTEhgaEgk7CD_TpU_CiRFi_nfhBo8LyDjXuT4,,New York,New York,NY,,,google_lsa,new,2026-08-01T17:57:36.659+00:00
glsa:6909028680:newyork,Spark Restoration Inc,painter,(914) 591-4188,,https://www.google.com/localservices/profile?cs=0&q=Spark+Restoration+Inc&spp=Ej4KEgjI0r3eGRC6lovIKBj_x6-gJRIoeGNhdDpzZXJ2aWNlX2FyZWFfYnVzaW5lc3NfcGFpbnRlcjplbi1VUw&scp=Cih4Y2F0OnNlcnZpY2VfYXJlYV9idXNpbmVzc19wYWludGVyOmVuLVVTEhgaEgk7CD_TpU_CiRFi_nfhBo8LyDjXuT4,,New York,New York,NY,,,google_lsa,new,2026-08-01T17:57:36.659+00:00
glsa:6796127490:newyork,Making Looks Good Corp,painter,(347) 760-7551,,https://www.google.com/localservices/profile?cs=0&q=Making+Looks+Good+Corp&spp=Ej4KEgiC2tKoGRCu-4ayIhj_x6-gJRIoeGNhdDpzZXJ2aWNlX2FyZWFfYnVzaW5lc3NfcGFpbnRlcjplbi1VUw&scp=Cih4Y2F0OnNlcnZpY2VfYXJlYV9idXNpbmVzc19wYWludGVyOmVuLVVTEhgaEgk7CD_TpU_CiRFi_nfhBo8LyDjXuT4,,New York,New York,NY,,,google_lsa,new,2026-08-01T17:57:36.659+00:00
glsa:362698769:newyork,Top Line Reno Corp.,painter,(347) 524-6963,,https://www.google.com/localservices/profile?cs=0&q=Top+Line+Reno+Corp.&spp=Ej4KEgiRsPmsARCJhfeEIhj_x6-gJRIoeGNhdDpzZXJ2aWNlX2FyZWFfYnVzaW5lc3NfcGFpbnRlcjplbi1VUw&scp=Cih4Y2F0OnNlcnZpY2VfYXJlYV9idXNpbmVzc19wYWludGVyOmVuLVVTEhgaEgk7CD_TpU_CiRFi_nfhBo8LyDjXuT4,,New York,New York,NY,,,google_lsa,new,2026-08-01T17:57:36.659+00:00
glsa:7537035000:newyork,Feel Flow Space,painter,(332) 333-3036,,https://www.google.com/localservices/profile?cs=0&q=Feel+Flow+Space&spp=Ej4KEgj4jfiJHBDUzbnhKBj_x6-gJRIoeGNhdDpzZXJ2aWNlX2FyZWFfYnVzaW5lc3NfcGFpbnRlcjplbi1VUw&scp=Cih4Y2F0OnNlcnZpY2VfYXJlYV9idXNpbmVzc19wYWludGVyOmVuLVVTEhgaEgk7CD_TpU_CiRFi_nfhBo8LyDjXuT4,,New York,New York,NY,,,google_lsa,new,2026-08-01T17:57:36.659+00:00
glsa:7044030875:newyork,x-tra home remodeling inc,painter,(347) 681-3642,,https://www.google.com/localservices/profile?cs=0&q=x-tra+home+remodeling+inc&spp=Ej4KEgibw-2eGhCi9MDRKBj_x6-gJRIoeGNhdDpzZXJ2aWNlX2FyZWFfYnVzaW5lc3NfcGFpbnRlcjplbi1VUw&scp=Cih4Y2F0OnNlcnZpY2VfYXJlYV9idXNpbmVzc19wYWludGVyOmVuLVVTEhgaEgk7CD_TpU_CiRFi_nfhBo8LyDjXuT4,,New York,New York,NY,,,google_lsa,new,2026-08-01T17:57:36.659+00:00
glsa:8437660262:newyork,Quisqueya Contracting Group,painter,(929) 423-6707,,https://www.google.com/localservices/profile?cs=0&q=Quisqueya+Contracting+Group&spp=Ej4KEgjm9LG3HxDguN2PKRj_x6-gJRIoeGNhdDpzZXJ2aWNlX2FyZWFfYnVzaW5lc3NfcGFpbnRlcjplbi1VUw&scp=Cih4Y2F0OnNlcnZpY2VfYXJlYV9idXNpbmVzc19wYWludGVyOmVuLVVTEhgaEgk7CD_TpU_CiRFi_nfhBo8LyDjXuT4,,New York,New York,NY,,,google_lsa,new,2026-08-01T17:57:36.658+00:00
glsa:1210306238:newyork,MonKey's Locksmith corp.,locksmith,(929) 459-9909,,https://www.google.com/localservices/profile?cs=0&q=MonKey's+Locksmith+corp.&spp=EkAKEgi-nY_BBBCeuqnoDBj_x6-gJRIqeGNhdDpzZXJ2aWNlX2FyZWFfYnVzaW5lc3NfbG9ja3NtaXRoOmVuLVVT&scp=Cip4Y2F0OnNlcnZpY2VfYXJlYV9idXNpbmVzc19sb2Nrc21pdGg6ZW4tVVMSGBoSCTsIP9OlT8KJEWL-d-EGjwvIONe5Pg,,New York,New York,NY,,,google_lsa,new,2026-08-01T17:30:49.894+00:00
glsa:237919854:newyork,Homeland Locksmith LLC,locksmith,(212) 228-2888,,https://www.google.com/localservices/profile?cs=0&q=Homeland+Locksmith+LLC&spp=Ej8KEQjuvLlxEKW5jKsJGJGByqsJEip4Y2F0OnNlcnZpY2VfYXJlYV9idXNpbmVzc19sb2Nrc21pdGg6ZW4tVVM&scp=Cip4Y2F0OnNlcnZpY2VfYXJlYV9idXNpbmVzc19sb2Nrc21pdGg6ZW4tVVMSGBoSCTsIP9OlT8KJEWL-d-EGjwvIONe5Pg,,New York,New York,NY,,,google_lsa,new,2026-08-01T17:30:49.894+00:00
glsa:237924632:newyork,Highgate Doors,locksmith,(212) 860-5477,,https://www.google.com/localservices/profile?cs=0&q=Highgate+Doors&spp=Ej8KEQiY4rlxEIbSi6sJGMaAyqsJEip4Y2F0OnNlcnZpY2VfYXJlYV9idXNpbmVzc19sb2Nrc21pdGg6ZW4tVVM&scp=Cip4Y2F0OnNlcnZpY2VfYXJlYV9idXNpbmVzc19sb2Nrc21pdGg6ZW4tVVMSGBoSCTsIP9OlT8KJEWL-d-EGjwvIONe5Pg,,New York,New York,NY,,,google_lsa,new,2026-08-01T17:30:49.894+00:00
glsa:237924686:newyork,J. Stein Locksmith,locksmith,(718) 523-5425,,https://www.google.com/localservices/profile?cs=0&q=J.+Stein+Locksmith&spp=Ej8KEQjO4rlxEOvRi6sJGLGAyqsJEip4Y2F0OnNlcnZpY2VfYXJlYV9idXNpbmVzc19sb2Nrc21pdGg6ZW4tVVM&scp=Cip4Y2F0OnNlcnZpY2VfYXJlYV9idXNpbmVzc19sb2Nrc21pdGg6ZW4tVVMSGBoSCTsIP9OlT8KJEWL-d-EGjwvIONe5Pg,,New York,New York,NY,,,google_lsa,new,2026-08-01T17:30:49.894+00:00
glsa:238065821:newyork,"MYA LOCKSMITH - Peekskill, NY",locksmith,(914) 888-6200,,"https://www.google.com/localservices/profile?cs=0&q=MYA+LOCKSMITH+-+Peekskill,+NY&spp=Ej8KEQidscJxEJOMkasJGOfGyqsJEip4Y2F0OnNlcnZpY2VfYXJlYV9idXNpbmVzc19sb2Nrc21pdGg6ZW4tVVM&scp=Cip4Y2F0OnNlcnZpY2VfYXJlYV9idXNpbmVzc19sb2Nrc21pdGg6ZW4tVVMSGBoSCTsIP9OlT8KJEWL-d-EGjwvIONe5Pg",,New York,New York,NY,,,google_lsa,new,2026-08-01T17:30:49.894+00:00
glsa:237926144:newyork,All City Locksmith Inc,locksmith,(914) 966-8000,,https://www.google.com/localservices/profile?cs=0&q=All+City+Locksmith+Inc&spp=Ej8KEQiA7rlxENyKkasJGNqmyKsJEip4Y2F0OnNlcnZpY2VfYXJlYV9idXNpbmVzc19sb2Nrc21pdGg6ZW4tVVM&scp=Cip4Y2F0OnNlcnZpY2VfYXJlYV9idXNpbmVzc19sb2Nrc21pdGg6ZW4tVVMSGBoSCTsIP9OlT8KJEWL-d-EGjwvIONe5Pg,,New York,New York,NY,,,google_lsa,new,2026-08-01T17:30:49.894+00:00
glsa:269801927:newyork,Hoblin Locksmiths,locksmith,(914) 723-3454,,https://www.google.com/localservices/profile?cs=0&q=Hoblin+Locksmiths&spp=EkAKEgjHs9OAARDg4_6sCRijne6tCRIqeGNhdDpzZXJ2aWNlX2FyZWFfYnVzaW5lc3NfbG9ja3NtaXRoOmVuLVVT&scp=Cip4Y2F0OnNlcnZpY2VfYXJlYV9idXNpbmVzc19sb2Nrc21pdGg6ZW4tVVMSGBoSCTsIP9OlT8KJEWL-d-EGjwvIONe5Pg,,New York,New York,NY,,,google_lsa,new,2026-08-01T17:30:49.894+00:00
glsa:317045198:newyork,Village Lock and Key,locksmith,(212) 488-4888,,https://www.google.com/localservices/profile?cs=0&q=Village+Lock+and+Key&spp=EkAKEgjO85aXARCj4PyvCRjh_tixCRIqeGNhdDpzZXJ2aWNlX2FyZWFfYnVzaW5lc3NfbG9ja3NtaXRoOmVuLVVT&scp=Cip4Y2F0OnNlcnZpY2VfYXJlYV9idXNpbmVzc19sb2Nrc21pdGg6ZW4tVVMSGBoSCTsIP9OlT8KJEWL-d-EGjwvIONe5Pg,,New York,New York,NY,,,google_lsa,new,2026-08-01T17:30:49.894+00:00
glsa:237918864:newyork,Sky Locksmith Hardware,locksmith,(212) 288-7773,,https://www.google.com/localservices/profile?cs=0&q=Sky+Locksmith+Hardware&spp=Ej8KEQiQtblxEMS0jKsJGJumyKsJEip4Y2F0OnNlcnZpY2VfYXJlYV9idXNpbmVzc19sb2Nrc21pdGg6ZW4tVVM&scp=Cip4Y2F0OnNlcnZpY2VfYXJlYV9idXNpbmVzc19sb2Nrc21pdGg6ZW4tVVMSGBoSCTsIP9OlT8KJEWL-d-EGjwvIONe5Pg,,New York,New York,NY,,,google_lsa,new,2026-08-01T17:30:49.894+00:00
glsa:237924431:newyork,ABCO-Master Lock & Key Co,locksmith,(718) 544-8347,,https://www.google.com/localservices/profile?cs=0&q=ABCO-Master+Lock+%26+Key+Co&spp=Ej8KEQjP4LlxEM3Ri6sJGK2myKsJEip4Y2F0OnNlcnZpY2VfYXJlYV9idXNpbmVzc19sb2Nrc21pdGg6ZW4tVVM&scp=Cip4Y2F0OnNlcnZpY2VfYXJlYV9idXNpbmVzc19sb2Nrc21pdGg6ZW4tVVMSGBoSCTsIP9OlT8KJEWL-d-EGjwvIONe5Pg,,New York,New York,NY,,,google_lsa,new,2026-08-01T17:30:49.894+00:00
glsa:237925178:newyork,S and S Locksmiths Inc.,locksmith,(718) 835-7333,,https://www.google.com/localservices/profile?cs=0&q=S+and+S+Locksmiths+Inc.&spp=Ej8KEQi65rlxEKK5jKsJGI6ByqsJEip4Y2F0OnNlcnZpY2VfYXJlYV9idXNpbmVzc19sb2Nrc21pdGg6ZW4tVVM&scp=Cip4Y2F0OnNlcnZpY2VfYXJlYV9idXNpbmVzc19sb2Nrc21pdGg6ZW4tVVMSGBoSCTsIP9OlT8KJEWL-d-EGjwvIONe5Pg,,New York,New York,NY,,,google_lsa,new,2026-08-01T17:30:49.894+00:00
glsa:886739190:newyork,Mars Locksmith and Doors,locksmith,(929) 499-2566,,https://www.google.com/localservices/profile?cs=0&q=Mars+Locksmith+and+Doors&spp=EkAKEgj2oeqmAxCr9tHcCRj_x6-gJRIqeGNhdDpzZXJ2aWNlX2FyZWFfYnVzaW5lc3NfbG9ja3NtaXRoOmVuLVVT&scp=Cip4Y2F0OnNlcnZpY2VfYXJlYV9idXNpbmVzc19sb2Nrc21pdGg6ZW4tVVMSGBoSCTsIP9OlT8KJEWL-d-EGjwvIONe5Pg,,New York,New York,NY,,,google_lsa,new,2026-08-01T17:30:49.894+00:00
glsa:267699811:newyork,Security Lock & CCTV Installations,locksmith,(856) 566-8300,,https://www.google.com/localservices/profile?cs=0&q=Security+Lock+%26+CCTV+Installations&spp=Ej8KEQjjjNN_EJuT9KwJGIT1260JEip4Y2F0OnNlcnZpY2VfYXJlYV9idXNpbmVzc19sb2Nrc21pdGg6ZW4tVVM&scp=Cip4Y2F0OnNlcnZpY2VfYXJlYV9idXNpbmVzc19sb2Nrc21pdGg6ZW4tVVMSGBoSCTsIP9OlT8KJEWL-d-EGjwvIONe5Pg,,New York,New York,NY,,,google_lsa,new,2026-08-01T17:30:49.894+00:00
glsa:238065794:newyork,"East Island Locksmiths, Inc",locksmith,(631) 932-5625,,"https://www.google.com/localservices/profile?cs=0&q=East+Island+Locksmiths,+Inc&spp=Ej8KEQiCscJxEIqMkasJGPeUyasJEip4Y2F0OnNlcnZpY2VfYXJlYV9idXNpbmVzc19sb2Nrc21pdGg6ZW4tVVM&scp=Cip4Y2F0OnNlcnZpY2VfYXJlYV9idXNpbmVzc19sb2Nrc21pdGg6ZW4tVVMSGBoSCTsIP9OlT8KJEWL-d-EGjwvIONe5Pg",,New York,New York,NY,,,google_lsa,new,2026-08-01T17:30:49.894+00:00
glsa:1387273589:newyork,Queens County Locksmith,locksmith,(929) 381-8524,,https://www.google.com/localservices/profile?cs=0&q=Queens+County+Locksmith&spp=EkAKEgj1usCVBRD7q-q9Hhj_x6-gJRIqeGNhdDpzZXJ2aWNlX2FyZWFfYnVzaW5lc3NfbG9ja3NtaXRoOmVuLVVT&scp=Cip4Y2F0OnNlcnZpY2VfYXJlYV9idXNpbmVzc19sb2Nrc21pdGg6ZW4tVVMSGBoSCTsIP9OlT8KJEWL-d-EGjwvIONe5Pg,,New York,New York,NY,,,google_lsa,new,2026-08-01T17:30:49.893+00:00
glsa:6658711395:newyork,Accredited Locksmith,locksmith,(917) 810-3489,,https://www.google.com/localservices/profile?cs=0&q=Accredited+Locksmith&spp=EkAKEgjjvo_nGBD25eK2HRj_x6-gJRIqeGNhdDpzZXJ2aWNlX2FyZWFfYnVzaW5lc3NfbG9ja3NtaXRoOmVuLVVT&scp=Cip4Y2F0OnNlcnZpY2VfYXJlYV9idXNpbmVzc19sb2Nrc21pdGg6ZW4tVVMSGBoSCTsIP9OlT8KJEWL-d-EGjwvIONe5Pg,,New York,New York,NY,,,google_lsa,new,2026-08-01T17:30:49.893+00:00
glsa:6675126366:newyork,AI Locksmith,locksmith,(929) 670-2436,,https://www.google.com/localservices/profile?cs=0&q=AI+Locksmith&spp=EkAKEgjesPnuGBDFqI2oHhj_x6-gJRIqeGNhdDpzZXJ2aWNlX2FyZWFfYnVzaW5lc3NfbG9ja3NtaXRoOmVuLVVT&scp=Cip4Y2F0OnNlcnZpY2VfYXJlYV9idXNpbmVzc19sb2Nrc21pdGg6ZW4tVVMSGBoSCTsIP9OlT8KJEWL-d-EGjwvIONe5Pg,,New York,New York,NY,,,google_lsa,new,2026-08-01T17:30:49.893+00:00
glsa:7824428790:newyork,Solex mobile locksmith,locksmith,(934) 222-1575,,https://www.google.com/localservices/profile?cs=0&q=Solex+mobile+locksmith&spp=EkAKEgj2nf2SHRDE16zvKBj_x6-gJRIqeGNhdDpzZXJ2aWNlX2FyZWFfYnVzaW5lc3NfbG9ja3NtaXRoOmVuLVVT&scp=Cip4Y2F0OnNlcnZpY2VfYXJlYV9idXNpbmVzc19sb2Nrc21pdGg6ZW4tVVMSGBoSCTsIP9OlT8KJEWL-d-EGjwvIONe5Pg,,New York,New York,NY,,,google_lsa,new,2026-08-01T17:30:49.893+00:00
glsa:238035762:newyork,Pop A Lock - Staten Island,locksmith,(718) 448-3333,,https://www.google.com/localservices/profile?cs=0&q=Pop+A+Lock+-+Staten+Island&spp=Ej8KEQiyxsBxEOXwjqsJGLiRyqsJEip4Y2F0OnNlcnZpY2VfYXJlYV9idXNpbmVzc19sb2Nrc21pdGg6ZW4tVVM&scp=Cip4Y2F0OnNlcnZpY2VfYXJlYV9idXNpbmVzc19sb2Nrc21pdGg6ZW4tVVMSGBoSCTsIP9OlT8KJEWL-d-EGjwvIONe5Pg,,New York,New York,NY,,,google_lsa,new,2026-08-01T17:30:49.893+00:00
glsa:237919080:newyork,Larry The Locksmith Security and Hardware,locksmith,(718) 543-2095,,https://www.google.com/localservices/profile?cs=0&q=Larry+The+Locksmith+Security+and+Hardware&spp=Ej8KEQjotrlxEOfriasJGPX_yasJEip4Y2F0OnNlcnZpY2VfYXJlYV9idXNpbmVzc19sb2Nrc21pdGg6ZW4tVVM&scp=Cip4Y2F0OnNlcnZpY2VfYXJlYV9idXNpbmVzc19sb2Nrc21pdGg6ZW4tVVMSGBoSCTsIP9OlT8KJEWL-d-EGjwvIONe5Pg,,New York,New York,NY,,,google_lsa,new,2026-08-01T17:30:49.893+00:00
glsa:6664503755:newyork,Up n' Go moving LLC,mover,(212) 744-6683,,https://www.google.com/localservices/profile?cs=0&q=Up+n'+Go+moving+LLC&spp=EjwKEgjLg_HpGBD3g7m4HRj_x6-gJRImeGNhdDpzZXJ2aWNlX2FyZWFfYnVzaW5lc3NfbW92ZXI6ZW4tVVM&scp=CiZ4Y2F0OnNlcnZpY2VfYXJlYV9idXNpbmVzc19tb3Zlcjplbi1VUxIYGhIJOwg_06VPwokRYv534QaPC8g417k-,,New York,New York,NY,,,google_lsa,new,2026-08-01T17:15:03.517+00:00
glsa:354188851:newyork,RT Relocation,mover,(833) 668-3978,,https://www.google.com/localservices/profile?cs=0&q=RT+Relocation&spp=EjwKEgiz_PGoARD6v9qxCRiAq-WzCRImeGNhdDpzZXJ2aWNlX2FyZWFfYnVzaW5lc3NfbW92ZXI6ZW4tVVM&scp=CiZ4Y2F0OnNlcnZpY2VfYXJlYV9idXNpbmVzc19tb3Zlcjplbi1VUxIYGhIJOwg_06VPwokRYv534QaPC8g417k-,,New York,New York,NY,,,google_lsa,new,2026-08-01T17:15:03.517+00:00
glsa:1065519811:newyork,Art of Living Moving & Storage,mover,(929) 250-2929,,https://www.google.com/localservices/profile?cs=0&q=Art+of+Living+Moving+%26+Storage&spp=EjwKEgjDlYr8AxD9vr7PDxj_x6-gJRImeGNhdDpzZXJ2aWNlX2FyZWFfYnVzaW5lc3NfbW92ZXI6ZW4tVVM&scp=CiZ4Y2F0OnNlcnZpY2VfYXJlYV9idXNpbmVzc19tb3Zlcjplbi1VUxIYGhIJOwg_06VPwokRYv534QaPC8g417k-,,New York,New York,NY,,,google_lsa,new,2026-08-01T17:15:03.517+00:00
glsa:74918374:newyork,West Side Movers,mover,(212) 874-3800,,https://www.google.com/localservices/profile?cs=0&q=West+Side+Movers&spp=EjsKEQjm09wjEIHAorUJGP_Hr6AlEiZ4Y2F0OnNlcnZpY2VfYXJlYV9idXNpbmVzc19tb3Zlcjplbi1VUw&scp=CiZ4Y2F0OnNlcnZpY2VfYXJlYV9idXNpbmVzc19tb3Zlcjplbi1VUxIYGhIJOwg_06VPwokRYv534QaPC8g417k-,,New York,New York,NY,,,google_lsa,new,2026-08-01T17:15:03.517+00:00
glsa:8368905027:newyork,Pro Moving,mover,(980) 380-5077,,https://www.google.com/localservices/profile?cs=0&q=Pro+Moving&spp=EjwKEgjDts2WHxD97rmNKRj_x6-gJRImeGNhdDpzZXJ2aWNlX2FyZWFfYnVzaW5lc3NfbW92ZXI6ZW4tVVM&scp=CiZ4Y2F0OnNlcnZpY2VfYXJlYV9idXNpbmVzc19tb3Zlcjplbi1VUxIYGhIJOwg_06VPwokRYv534QaPC8g417k-,,New York,New York,NY,,,google_lsa,new,2026-08-01T17:15:03.516+00:00
glsa:67291857:newyork,Marcelo's Movers,mover,(646) 887-3578,,https://www.google.com/localservices/profile?cs=0&q=Marcelo's+Movers&spp=EjsKEQjRlYsgEI7Q-v0JGP_Hr6AlEiZ4Y2F0OnNlcnZpY2VfYXJlYV9idXNpbmVzc19tb3Zlcjplbi1VUw&scp=CiZ4Y2F0OnNlcnZpY2VfYXJlYV9idXNpbmVzc19tb3Zlcjplbi1VUxIYGhIJOwg_06VPwokRYv534QaPC8g417k-,,New York,New York,NY,,,google_lsa,new,2026-08-01T17:15:03.516+00:00
glsa:126185588:newyork,Gom Moving,mover,(201) 665-2424,,https://www.google.com/localservices/profile?cs=0&q=Gom+Moving&spp=EjsKEQj04JU8EKTgiOgMGP_Hr6AlEiZ4Y2F0OnNlcnZpY2VfYXJlYV9idXNpbmVzc19tb3Zlcjplbi1VUw&scp=CiZ4Y2F0OnNlcnZpY2VfYXJlYV9idXNpbmVzc19tb3Zlcjplbi1VUxIYGhIJOwg_06VPwokRYv534QaPC8g417k-,,New York,New York,NY,,,google_lsa,new,2026-08-01T17:15:03.516+00:00
glsa:36172309:newyork,MMS Piano Movers,mover,(201) 444-5512,,https://www.google.com/localservices/profile?cs=0&q=MMS+Piano+Movers&spp=EjsKEQiV5J8REI6bheMJGP_Hr6AlEiZ4Y2F0OnNlcnZpY2VfYXJlYV9idXNpbmVzc19tb3Zlcjplbi1VUw&scp=CiZ4Y2F0OnNlcnZpY2VfYXJlYV9idXNpbmVzc19tb3Zlcjplbi1VUxIYGhIJOwg_06VPwokRYv534QaPC8g417k-,,New York,New York,NY,,,google_lsa,new,2026-08-01T17:15:03.516+00:00
glsa:413236451:newyork,Imperial Moving and Storage,mover,(212) 879-6683,,https://www.google.com/localservices/profile?cs=0&q=Imperial+Moving+and+Storage&spp=EjwKEgjj-YXFARD42Ky1CRj_x6-gJRImeGNhdDpzZXJ2aWNlX2FyZWFfYnVzaW5lc3NfbW92ZXI6ZW4tVVM&scp=CiZ4Y2F0OnNlcnZpY2VfYXJlYV9idXNpbmVzc19tb3Zlcjplbi1VUxIYGhIJOwg_06VPwokRYv534QaPC8g417k-,,New York,New York,NY,,,google_lsa,new,2026-08-01T17:15:03.516+00:00
glsa:6664839733:newyork,United Long Distance Movers,mover,(888) 342-9311,,https://www.google.com/localservices/profile?cs=0&q=United+Long+Distance+Movers&spp=EjwKEgi1xIXqGBDujcO3HRj_x6-gJRImeGNhdDpzZXJ2aWNlX2FyZWFfYnVzaW5lc3NfbW92ZXI6ZW4tVVM&scp=CiZ4Y2F0OnNlcnZpY2VfYXJlYV9idXNpbmVzc19tb3Zlcjplbi1VUxIYGhIJOwg_06VPwokRYv534QaPC8g417k-,,New York,New York,NY,,,google_lsa,new,2026-08-01T17:15:03.516+00:00
glsa:1378565958:newyork,State to State Movers,mover,(888) 794-1112,,https://www.google.com/localservices/profile?cs=0&q=State+to+State+Movers&spp=EjwKEgjG_qyRBRDim5jXDxj_x6-gJRImeGNhdDpzZXJ2aWNlX2FyZWFfYnVzaW5lc3NfbW92ZXI6ZW4tVVM&scp=CiZ4Y2F0OnNlcnZpY2VfYXJlYV9idXNpbmVzc19tb3Zlcjplbi1VUxIYGhIJOwg_06VPwokRYv534QaPC8g417k-,,New York,New York,NY,,,google_lsa,new,2026-08-01T17:15:03.516+00:00
glsa:8272073884:newyork,Pure Relocation Services - Long Distance & Out of State Movers,mover,(888) 618-3383,,https://www.google.com/localservices/profile?cs=0&q=Pure+Relocation+Services+-+Long+Distance+%26+Out+of+State+Movers&spp=EjwKEgicqbfoHhDOpZqGKRj_x6-gJRImeGNhdDpzZXJ2aWNlX2FyZWFfYnVzaW5lc3NfbW92ZXI6ZW4tVVM&scp=CiZ4Y2F0OnNlcnZpY2VfYXJlYV9idXNpbmVzc19tb3Zlcjplbi1VUxIYGhIJOwg_06VPwokRYv534QaPC8g417k-,,New York,New York,NY,,,google_lsa,new,2026-08-01T17:15:03.516+00:00
glsa:7748032311:newyork,Wildcat Van Lines,mover,(859) 519-0766,,https://www.google.com/localservices/profile?cs=0&q=Wildcat+Van+Lines&spp=EjwKEgi3rsbuHBDuyeTrKBj_x6-gJRImeGNhdDpzZXJ2aWNlX2FyZWFfYnVzaW5lc3NfbW92ZXI6ZW4tVVM&scp=CiZ4Y2F0OnNlcnZpY2VfYXJlYV9idXNpbmVzc19tb3Zlcjplbi1VUxIYGhIJOwg_06VPwokRYv534QaPC8g417k-,,New York,New York,NY,,,google_lsa,new,2026-08-01T17:15:03.516+00:00
glsa:14142163:newyork,Big apple Moving & Storage,mover,(212) 365-0707,,https://www.google.com/localservices/profile?cs=0&q=Big+apple+Moving+%26+Storage&spp=EjsKEQjTld8GEMv_y9IJGP_Hr6AlEiZ4Y2F0OnNlcnZpY2VfYXJlYV9idXNpbmVzc19tb3Zlcjplbi1VUw&scp=CiZ4Y2F0OnNlcnZpY2VfYXJlYV9idXNpbmVzc19tb3Zlcjplbi1VUxIYGhIJOwg_06VPwokRYv534QaPC8g417k-,,New York,New York,NY,,,google_lsa,new,2026-08-01T17:15:03.516+00:00
glsa:303393532:newyork,Maffucci Moving & Storage,mover,(866) 228-6400,,https://www.google.com/localservices/profile?cs=0&q=Maffucci+Moving+%26+Storage&spp=EjwKEgj81dWQARC8wpavCRjRo8ywCRImeGNhdDpzZXJ2aWNlX2FyZWFfYnVzaW5lc3NfbW92ZXI6ZW4tVVM&scp=CiZ4Y2F0OnNlcnZpY2VfYXJlYV9idXNpbmVzc19tb3Zlcjplbi1VUxIYGhIJOwg_06VPwokRYv534QaPC8g417k-,,New York,New York,NY,,,google_lsa,new,2026-08-01T17:15:03.516+00:00
glsa:8119246221:newyork,Community Moving & Storage Inc,mover,(281) 552-7220,,https://www.google.com/localservices/profile?cs=0&q=Community+Moving+%26+Storage+Inc&spp=EjwKEgiNu8efHhCG5tD9KBj_x6-gJRImeGNhdDpzZXJ2aWNlX2FyZWFfYnVzaW5lc3NfbW92ZXI6ZW4tVVM&scp=CiZ4Y2F0OnNlcnZpY2VfYXJlYV9idXNpbmVzc19tb3Zlcjplbi1VUxIYGhIJOwg_06VPwokRYv534QaPC8g417k-,,New York,New York,NY,,,google_lsa,new,2026-08-01T17:15:03.516+00:00
glsa:711984412:newyork,Flex Moving and Storage,mover,(929) 699-3370,,https://www.google.com/localservices/profile?cs=0&q=Flex+Moving+and+Storage&spp=EjwKEgicisDTAhDUoZfYCRj_x6-gJRImeGNhdDpzZXJ2aWNlX2FyZWFfYnVzaW5lc3NfbW92ZXI6ZW4tVVM&scp=CiZ4Y2F0OnNlcnZpY2VfYXJlYV9idXNpbmVzc19tb3Zlcjplbi1VUxIYGhIJOwg_06VPwokRYv534QaPC8g417k-,,New York,New York,NY,,,google_lsa,new,2026-08-01T17:15:03.516+00:00
glsa:7712301803:newyork,(Out Of State Only) Best US Moving Inc,mover,(610) 871-3005,,https://www.google.com/localservices/profile?cs=0&q=(Out+Of+State+Only)+Best+US+Moving+Inc&spp=EjwKEgjrxcHdHBDt9I7oKBj_x6-gJRImeGNhdDpzZXJ2aWNlX2FyZWFfYnVzaW5lc3NfbW92ZXI6ZW4tVVM&scp=CiZ4Y2F0OnNlcnZpY2VfYXJlYV9idXNpbmVzc19tb3Zlcjplbi1VUxIYGhIJOwg_06VPwokRYv534QaPC8g417k-,,New York,New York,NY,,,google_lsa,new,2026-08-01T17:15:03.516+00:00
glsa:966381762:newyork,CroMont Moving & Storage,mover,(646) 221-2111,,https://www.google.com/localservices/profile?cs=0&q=CroMont+Moving+%26+Storage&spp=EjwKEgjCoefMAxDw0JbiCRj_x6-gJRImeGNhdDpzZXJ2aWNlX2FyZWFfYnVzaW5lc3NfbW92ZXI6ZW4tVVM&scp=CiZ4Y2F0OnNlcnZpY2VfYXJlYV9idXNpbmVzc19tb3Zlcjplbi1VUxIYGhIJOwg_06VPwokRYv534QaPC8g417k-,,New York,New York,NY,,,google_lsa,new,2026-08-01T17:15:03.516+00:00
glsa:402955342:newyork,"Expert Movers, LLC",mover,(833) 333-0450,,"https://www.google.com/localservices/profile?cs=0&q=Expert+Movers,+LLC&spp=EjwKEgjOuJLAARCw6MG0CRj_x6-gJRImeGNhdDpzZXJ2aWNlX2FyZWFfYnVzaW5lc3NfbW92ZXI6ZW4tVVM&scp=CiZ4Y2F0OnNlcnZpY2VfYXJlYV9idXNpbmVzc19tb3Zlcjplbi1VUxIYGhIJOwg_06VPwokRYv534QaPC8g417k-",,New York,New York,NY,,,google_lsa,new,2026-08-01T17:15:03.515+00:00
glsa:6639793344:newyork,MK Welding & Solutions,handyman,(315) 404-5254,,https://www.google.com/localservices/profile?cs=0&q=MK+Welding+%26+Solutions&spp=Ej8KEgjA6YzeGBDBtOTzHBj_x6-gJRIpeGNhdDpzZXJ2aWNlX2FyZWFfYnVzaW5lc3NfaGFuZHltYW46ZW4tVVM&scp=Cil4Y2F0OnNlcnZpY2VfYXJlYV9idXNpbmVzc19oYW5keW1hbjplbi1VUxIYGhIJOwg_06VPwokRYv534QaPC8g417k-,,New York,New York,NY,,,google_lsa,new,2026-08-01T16:00:12.313+00:00
glsa:7827235398:newyork,Level Up Masonry Work,handyman,(914) 497-7103,,https://www.google.com/localservices/profile?cs=0&q=Level+Up+Masonry+Work&spp=Ej8KEgjGxKiUHRCL_qvtKBj_x6-gJRIpeGNhdDpzZXJ2aWNlX2FyZWFfYnVzaW5lc3NfaGFuZHltYW46ZW4tVVM&scp=Cil4Y2F0OnNlcnZpY2VfYXJlYV9idXNpbmVzc19oYW5keW1hbjplbi1VUxIYGhIJOwg_06VPwokRYv534QaPC8g417k-,,New York,New York,NY,,,google_lsa,new,2026-08-01T16:00:12.313+00:00
glsa:51322916:newyork,ECD Solutions,handyman,(212) 389-2738,,https://www.google.com/localservices/profile?cs=0&q=ECD+Solutions&spp=Ej4KEQikwLwYELvJ8NEJGP_Hr6AlEil4Y2F0OnNlcnZpY2VfYXJlYV9idXNpbmVzc19oYW5keW1hbjplbi1VUw&scp=Cil4Y2F0OnNlcnZpY2VfYXJlYV9idXNpbmVzc19oYW5keW1hbjplbi1VUxIYGhIJOwg_06VPwokRYv534QaPC8g417k-,,New York,New York,NY,,,google_lsa,new,2026-08-01T16:00:12.313+00:00
glsa:7753790063:newyork,AAA Abatement,handyman,(413) 355-0575,,https://www.google.com/localservices/profile?cs=0&q=AAA+Abatement&spp=Ej8KEgjv5KXxHBDtw4nsKBj_x6-gJRIpeGNhdDpzZXJ2aWNlX2FyZWFfYnVzaW5lc3NfaGFuZHltYW46ZW4tVVM&scp=Cil4Y2F0OnNlcnZpY2VfYXJlYV9idXNpbmVzc19oYW5keW1hbjplbi1VUxIYGhIJOwg_06VPwokRYv534QaPC8g417k-,,New York,New York,NY,,,google_lsa,new,2026-08-01T16:00:12.313+00:00
glsa:858926876:newyork,FixTman LLC,handyman,(888) 493-0064,,https://www.google.com/localservices/profile?cs=0&q=FixTman+LLC&spp=Ej8KEgic3siZAxCOo-vYCRj_x6-gJRIpeGNhdDpzZXJ2aWNlX2FyZWFfYnVzaW5lc3NfaGFuZHltYW46ZW4tVVM&scp=Cil4Y2F0OnNlcnZpY2VfYXJlYV9idXNpbmVzc19oYW5keW1hbjplbi1VUxIYGhIJOwg_06VPwokRYv534QaPC8g417k-,,New York,New York,NY,,,google_lsa,new,2026-08-01T16:00:12.313+00:00
glsa:7692292277:newyork,The Marine Park Handyman,handyman,(917) 538-9488,,https://www.google.com/localservices/profile?cs=0&q=The+Marine+Park+Handyman&spp=Ej8KEgi1ofzTHBCB_4zvKBj_x6-gJRIpeGNhdDpzZXJ2aWNlX2FyZWFfYnVzaW5lc3NfaGFuZHltYW46ZW4tVVM&scp=Cil4Y2F0OnNlcnZpY2VfYXJlYV9idXNpbmVzc19oYW5keW1hbjplbi1VUxIYGhIJOwg_06VPwokRYv534QaPC8g417k-,,New York,New York,NY,,,google_lsa,new,2026-08-01T16:00:12.313+00:00
glsa:757263804:newyork,C&S Handyman Service LLC,handyman,(551) 262-9427,,https://www.google.com/localservices/profile?cs=0&q=C%26S+Handyman+Service+LLC&spp=Ej8KEgi824vpAhDeiceEIhj_x6-gJRIpeGNhdDpzZXJ2aWNlX2FyZWFfYnVzaW5lc3NfaGFuZHltYW46ZW4tVVM&scp=Cil4Y2F0OnNlcnZpY2VfYXJlYV9idXNpbmVzc19oYW5keW1hbjplbi1VUxIYGhIJOwg_06VPwokRYv534QaPC8g417k-,,New York,New York,NY,,,google_lsa,new,2026-08-01T16:00:12.313+00:00
glsa:6708638827:newyork,Shestakoff&ko LLC,handyman,(929) 732-3000,,https://www.google.com/localservices/profile?cs=0&q=Shestakoff%26ko+LLC&spp=Ej8KEgjr6Pb-GBCqwuGNHxj_x6-gJRIpeGNhdDpzZXJ2aWNlX2FyZWFfYnVzaW5lc3NfaGFuZHltYW46ZW4tVVM&scp=Cil4Y2F0OnNlcnZpY2VfYXJlYV9idXNpbmVzc19oYW5keW1hbjplbi1VUxIYGhIJOwg_06VPwokRYv534QaPC8g417k-,,New York,New York,NY,,,google_lsa,new,2026-08-01T16:00:12.312+00:00
glsa:8143664631:newyork,Prestige Roofing,handyman,(845) 459-7761,,https://www.google.com/localservices/profile?cs=0&q=Prestige+Roofing&spp=Ej8KEgj365mrHhCR5-j8KBj_x6-gJRIpeGNhdDpzZXJ2aWNlX2FyZWFfYnVzaW5lc3NfaGFuZHltYW46ZW4tVVM&scp=Cil4Y2F0OnNlcnZpY2VfYXJlYV9idXNpbmVzc19oYW5keW1hbjplbi1VUxIYGhIJOwg_06VPwokRYv534QaPC8g417k-,,New York,New York,NY,,,google_lsa,new,2026-08-01T16:00:12.312+00:00
glsa:1598278768:newyork,Empire Cleaning & Pro Services,handyman,(646) 320-9076,,https://www.google.com/localservices/profile?cs=0&q=Empire+Cleaning+%26+Pro+Services&spp=Ej8KEgjwmI_6BRCNvb6rFxj_x6-gJRIpeGNhdDpzZXJ2aWNlX2FyZWFfYnVzaW5lc3NfaGFuZHltYW46ZW4tVVM&scp=Cil4Y2F0OnNlcnZpY2VfYXJlYV9idXNpbmVzc19oYW5keW1hbjplbi1VUxIYGhIJOwg_06VPwokRYv534QaPC8g417k-,,New York,New York,NY,,,google_lsa,new,2026-08-01T16:00:12.312+00:00
glsa:238066463:newyork,MDL Electric LLC,electrician,(973) 396-7680,,https://www.google.com/localservices/profile?cs=0&q=MDL+Electric+LLC&spp=EkEKEQiftsJxEO_6kasJGMGc0KsJEix4Y2F0OnNlcnZpY2VfYXJlYV9idXNpbmVzc19lbGVjdHJpY2lhbjplbi1VUw&scp=Cix4Y2F0OnNlcnZpY2VfYXJlYV9idXNpbmVzc19lbGVjdHJpY2lhbjplbi1VUxIYGhIJOwg_06VPwokRYv534QaPC8g417k-,,New York,New York,NY,,,google_lsa,new,2026-08-01T16:00:10.925+00:00
glsa:238174952:newyork,Sully Electric LLC,electrician,(732) 251-6173,,https://www.google.com/localservices/profile?cs=0&q=Sully+Electric+LLC&spp=EkEKEQjohclxEKmKkKsJGKiW0KsJEix4Y2F0OnNlcnZpY2VfYXJlYV9idXNpbmVzc19lbGVjdHJpY2lhbjplbi1VUw&scp=Cix4Y2F0OnNlcnZpY2VfYXJlYV9idXNpbmVzc19lbGVjdHJpY2lhbjplbi1VUxIYGhIJOwg_06VPwokRYv534QaPC8g417k-,,New York,New York,NY,,,google_lsa,new,2026-08-01T16:00:10.925+00:00
glsa:7733530710:newyork,G&R Electrical Contractors Inc,electrician,(646) 823-1161,,https://www.google.com/localservices/profile?cs=0&q=G%26R+Electrical+Contractors+Inc&spp=EkIKEgjWoNHnHBDw_4_rKBj_x6-gJRIseGNhdDpzZXJ2aWNlX2FyZWFfYnVzaW5lc3NfZWxlY3RyaWNpYW46ZW4tVVM&scp=Cix4Y2F0OnNlcnZpY2VfYXJlYV9idXNpbmVzc19lbGVjdHJpY2lhbjplbi1VUxIYGhIJOwg_06VPwokRYv534QaPC8g417k-,,New York,New York,NY,,,google_lsa,new,2026-08-01T16:00:10.924+00:00
glsa:238065834:newyork,MSP Electrical Contracting LLC,electrician,(732) 634-6220,,https://www.google.com/localservices/profile?cs=0&q=MSP+Electrical+Contracting+LLC&spp=EkEKEQiqscJxEIaMkqsJGMTHyqsJEix4Y2F0OnNlcnZpY2VfYXJlYV9idXNpbmVzc19lbGVjdHJpY2lhbjplbi1VUw&scp=Cix4Y2F0OnNlcnZpY2VfYXJlYV9idXNpbmVzc19lbGVjdHJpY2lhbjplbi1VUxIYGhIJOwg_06VPwokRYv534QaPC8g417k-,,New York,New York,NY,,,google_lsa,new,2026-08-01T16:00:10.924+00:00
glsa:238173548:newyork,PRM Electric,electrician,(516) 606-2902,,https://www.google.com/localservices/profile?cs=0&q=PRM+Electric&spp=EkEKEQjs-shxEMrlkqsJGLOGz6sJEix4Y2F0OnNlcnZpY2VfYXJlYV9idXNpbmVzc19lbGVjdHJpY2lhbjplbi1VUw&scp=Cix4Y2F0OnNlcnZpY2VfYXJlYV9idXNpbmVzc19lbGVjdHJpY2lhbjplbi1VUxIYGhIJOwg_06VPwokRYv534QaPC8g417k-,,New York,New York,NY,,,google_lsa,new,2026-08-01T16:00:10.924+00:00
glsa:267282883:newyork,"Watts-Up Electrical Contractor, LLC",electrician,(973) 461-9942,,"https://www.google.com/localservices/profile?cs=0&q=Watts-Up+Electrical+Contractor,+LLC&spp=EkEKEQjD07l_EKTc6qwJGNWQ1K0JEix4Y2F0OnNlcnZpY2VfYXJlYV9idXNpbmVzc19lbGVjdHJpY2lhbjplbi1VUw&scp=Cix4Y2F0OnNlcnZpY2VfYXJlYV9idXNpbmVzc19lbGVjdHJpY2lhbjplbi1VUxIYGhIJOwg_06VPwokRYv534QaPC8g417k-",,New York,New York,NY,,,google_lsa,new,2026-08-01T16:00:10.924+00:00
glsa:238068466:newyork,A Team Electrical Contractors Corp,electrician,(201) 707-9001,,https://www.google.com/localservices/profile?cs=0&q=A+Team+Electrical+Contractors+Corp&spp=EkEKEQjyxcJxEJGCkqsJGKSVyasJEix4Y2F0OnNlcnZpY2VfYXJlYV9idXNpbmVzc19lbGVjdHJpY2lhbjplbi1VUw&scp=Cix4Y2F0OnNlcnZpY2VfYXJlYV9idXNpbmVzc19lbGVjdHJpY2lhbjplbi1VUxIYGhIJOwg_06VPwokRYv534QaPC8g417k-,,New York,New York,NY,,,google_lsa,new,2026-08-01T16:00:10.924+00:00
glsa:237923513:newyork,Conquest Electric,electrician,(212) 301-6225,,https://www.google.com/localservices/profile?cs=0&q=Conquest+Electric&spp=EkEKEQi52blxEITui6sJGOz_yasJEix4Y2F0OnNlcnZpY2VfYXJlYV9idXNpbmVzc19lbGVjdHJpY2lhbjplbi1VUw&scp=Cix4Y2F0OnNlcnZpY2VfYXJlYV9idXNpbmVzc19lbGVjdHJpY2lhbjplbi1VUxIYGhIJOwg_06VPwokRYv534QaPC8g417k-,,New York,New York,NY,,,google_lsa,new,2026-08-01T16:00:10.924+00:00
glsa:267282931:newyork,Nextgen Electric LLC,electrician,(201) 639-2211,,https://www.google.com/localservices/profile?cs=0&q=Nextgen+Electric+LLC&spp=EkEKEQjz07l_EMLc6qwJGM-z1a0JEix4Y2F0OnNlcnZpY2VfYXJlYV9idXNpbmVzc19lbGVjdHJpY2lhbjplbi1VUw&scp=Cix4Y2F0OnNlcnZpY2VfYXJlYV9idXNpbmVzc19lbGVjdHJpY2lhbjplbi1VUxIYGhIJOwg_06VPwokRYv534QaPC8g417k-,,New York,New York,NY,,,google_lsa,new,2026-08-01T16:00:10.924+00:00
glsa:238064803:newyork,Top Brooklyn Electrician,electrician,(718) 925-4854,,https://www.google.com/localservices/profile?cs=0&q=Top+Brooklyn+Electrician&spp=EkEKEQijqcJxEOn6kasJGLuc0KsJEix4Y2F0OnNlcnZpY2VfYXJlYV9idXNpbmVzc19lbGVjdHJpY2lhbjplbi1VUw&scp=Cix4Y2F0OnNlcnZpY2VfYXJlYV9idXNpbmVzc19lbGVjdHJpY2lhbjplbi1VUxIYGhIJOwg_06VPwokRYv534QaPC8g417k-,,New York,New York,NY,,,google_lsa,new,2026-08-01T16:00:10.924+00:00
glsa:757532336:newyork,Rella Electric,electrician,(914) 529-6908,,https://www.google.com/localservices/profile?cs=0&q=Rella+Electric&spp=EkIKEgiwjZzpAhD4xrrUCRj_x6-gJRIseGNhdDpzZXJ2aWNlX2FyZWFfYnVzaW5lc3NfZWxlY3RyaWNpYW46ZW4tVVM&scp=Cix4Y2F0OnNlcnZpY2VfYXJlYV9idXNpbmVzc19lbGVjdHJpY2lhbjplbi1VUxIYGhIJOwg_06VPwokRYv534QaPC8g417k-,,New York,New York,NY,,,google_lsa,new,2026-08-01T16:00:10.924+00:00
glsa:267287207:newyork,R. Piro Electric,electrician,(203) 650-9216,,https://www.google.com/localservices/profile?cs=0&q=R.+Piro+Electric&spp=EkEKEQin9bl_EJn07qwJGOfg1K0JEix4Y2F0OnNlcnZpY2VfYXJlYV9idXNpbmVzc19lbGVjdHJpY2lhbjplbi1VUw&scp=Cix4Y2F0OnNlcnZpY2VfYXJlYV9idXNpbmVzc19lbGVjdHJpY2lhbjplbi1VUxIYGhIJOwg_06VPwokRYv534QaPC8g417k-,,New York,New York,NY,,,google_lsa,new,2026-08-01T16:00:10.924+00:00
glsa:57833876:newyork,"Bilco Electric and Datacom, LLC",electrician,(347) 476-6845,,"https://www.google.com/localservices/profile?cs=0&q=Bilco+Electric+and+Datacom,+LLC&spp=EkEKEQiU88kbEPqRqK8JGODt5bAJEix4Y2F0OnNlcnZpY2VfYXJlYV9idXNpbmVzc19lbGVjdHJpY2lhbjplbi1VUw&scp=Cix4Y2F0OnNlcnZpY2VfYXJlYV9idXNpbmVzc19lbGVjdHJpY2lhbjplbi1VUxIYGhIJOwg_06VPwokRYv534QaPC8g417k-",,New York,New York,NY,,,google_lsa,new,2026-08-01T16:00:10.924+00:00
glsa:238063330:newyork,"Sean Harland Electric, Inc.",electrician,(732) 809-2221,,"https://www.google.com/localservices/profile?cs=0&q=Sean+Harland+Electric,+Inc.&spp=EkEKEQjincJxEJ3siasJGLO0zasJEix4Y2F0OnNlcnZpY2VfYXJlYV9idXNpbmVzc19lbGVjdHJpY2lhbjplbi1VUw&scp=Cix4Y2F0OnNlcnZpY2VfYXJlYV9idXNpbmVzc19lbGVjdHJpY2lhbjplbi1VUxIYGhIJOwg_06VPwokRYv534QaPC8g417k-",,New York,New York,NY,,,google_lsa,new,2026-08-01T16:00:10.924+00:00
glsa:238070525:newyork,Sapienza Electric,electrician,(516) 771-1075,,https://www.google.com/localservices/profile?cs=0&q=Sapienza+Electric&spp=EkEKEQj91cJxEPaHkqsJGKC9z6sJEix4Y2F0OnNlcnZpY2VfYXJlYV9idXNpbmVzc19lbGVjdHJpY2lhbjplbi1VUw&scp=Cix4Y2F0OnNlcnZpY2VfYXJlYV9idXNpbmVzc19lbGVjdHJpY2lhbjplbi1VUxIYGhIJOwg_06VPwokRYv534QaPC8g417k-,,New York,New York,NY,,,google_lsa,new,2026-08-01T16:00:10.924+00:00
glsa:267283342:newyork,Mr. Wonderful's Electric,electrician,(516) 544-2548,,https://www.google.com/localservices/profile?cs=0&q=Mr.+Wonderful's+Electric&spp=EkEKEQiO17l_EN6k6qwJGIjh1K0JEix4Y2F0OnNlcnZpY2VfYXJlYV9idXNpbmVzc19lbGVjdHJpY2lhbjplbi1VUw&scp=Cix4Y2F0OnNlcnZpY2VfYXJlYV9idXNpbmVzc19lbGVjdHJpY2lhbjplbi1VUxIYGhIJOwg_06VPwokRYv534QaPC8g417k-,,New York,New York,NY,,,google_lsa,new,2026-08-01T16:00:10.924+00:00
glsa:238064106:newyork,Abacus Electric & Plumbing,electrician,(908) 269-8057,,https://www.google.com/localservices/profile?cs=0&q=Abacus+Electric+%26+Plumbing&spp=EkEKEQjqo8JxEIuCkqsJGP6d0KsJEix4Y2F0OnNlcnZpY2VfYXJlYV9idXNpbmVzc19lbGVjdHJpY2lhbjplbi1VUw&scp=Cix4Y2F0OnNlcnZpY2VfYXJlYV9idXNpbmVzc19lbGVjdHJpY2lhbjplbi1VUxIYGhIJOwg_06VPwokRYv534QaPC8g417k-,,New York,New York,NY,,,google_lsa,new,2026-08-01T16:00:10.924+00:00
glsa:238064043:newyork,Campbell Electric Service,electrician,(718) 345-1750,,https://www.google.com/localservices/profile?cs=0&q=Campbell+Electric+Service&spp=EkEKEQiro8JxEJrvi6sJGOmd0KsJEix4Y2F0OnNlcnZpY2VfYXJlYV9idXNpbmVzc19lbGVjdHJpY2lhbjplbi1VUw&scp=Cix4Y2F0OnNlcnZpY2VfYXJlYV9idXNpbmVzc19lbGVjdHJpY2lhbjplbi1VUxIYGhIJOwg_06VPwokRYv534QaPC8g417k-,,New York,New York,NY,,,google_lsa,new,2026-08-01T16:00:10.924+00:00
glsa:238070297:newyork,H&A Long Island Electrician,electrician,(516) 350-5489,,https://www.google.com/localservices/profile?cs=0&q=H%26A+Long+Island+Electrician&spp=EkEKEQiZ1MJxEMqCkqsJGM-8z6sJEix4Y2F0OnNlcnZpY2VfYXJlYV9idXNpbmVzc19lbGVjdHJpY2lhbjplbi1VUw&scp=Cix4Y2F0OnNlcnZpY2VfYXJlYV9idXNpbmVzc19lbGVjdHJpY2lhbjplbi1VUxIYGhIJOwg_06VPwokRYv534QaPC8g417k-,,New York,New York,NY,,,google_lsa,new,2026-08-01T16:00:10.923+00:00
glsa:238063573:newyork,York Electrical Contractors,electrician,(718) 353-7227,,https://www.google.com/localservices/profile?cs=0&q=York+Electrical+Contractors&spp=EkEKEQjVn8JxEM6LkasJGNe0zasJEix4Y2F0OnNlcnZpY2VfYXJlYV9idXNpbmVzc19lbGVjdHJpY2lhbjplbi1VUw&scp=Cix4Y2F0OnNlcnZpY2VfYXJlYV9idXNpbmVzc19lbGVjdHJpY2lhbjplbi1VUxIYGhIJOwg_06VPwokRYv534QaPC8g417k-,,New York,New York,NY,,,google_lsa,new,2026-08-01T16:00:10.923+00:00
glsa:238174745:newyork,Robert Schiff Plumbing & Heating,plumber,(551) 206-3629,,https://www.google.com/localservices/profile?cs=0&q=Robert+Schiff+Plumbing+%26+Heating&spp=Ej0KEQiZhMlxEK3FkqsJGPWGz6sJEih4Y2F0OnNlcnZpY2VfYXJlYV9idXNpbmVzc19wbHVtYmVyOmVuLVVT&scp=Cih4Y2F0OnNlcnZpY2VfYXJlYV9idXNpbmVzc19wbHVtYmVyOmVuLVVTEhgaEgk7CD_TpU_CiRFi_nfhBo8LyDjXuT4,,New York,New York,NY,,,google_lsa,new,2026-08-01T16:00:10.133+00:00
glsa:207904443:newyork,"Petri Plumbing, Heating Cooling & Drain Cleaning",plumber,(718) 748-1254,,"https://www.google.com/localservices/profile?cs=0&q=Petri+Plumbing,+Heating+Cooling+%26+Drain+Cleaning&spp=Ej0KEQi7vZFjEOyAxasJGOumiKwJEih4Y2F0OnNlcnZpY2VfYXJlYV9idXNpbmVzc19wbHVtYmVyOmVuLVVT&scp=Cih4Y2F0OnNlcnZpY2VfYXJlYV9idXNpbmVzc19wbHVtYmVyOmVuLVVTEhgaEgk7CD_TpU_CiRFi_nfhBo8LyDjXuT4",,New York,New York,NY,,,google_lsa,new,2026-08-01T16:00:10.133+00:00
glsa:231963569:newyork,"Vigilante Plumbing, Heating & Air Conditioning",plumber,(718) 522-6111,,"https://www.google.com/localservices/profile?cs=0&q=Vigilante+Plumbing,+Heating+%26+Air+Conditioning&spp=Ej0KEQix981uEMHQ_aoJGMn4uKsJEih4Y2F0OnNlcnZpY2VfYXJlYV9idXNpbmVzc19wbHVtYmVyOmVuLVVT&scp=Cih4Y2F0OnNlcnZpY2VfYXJlYV9idXNpbmVzc19wbHVtYmVyOmVuLVVTEhgaEgk7CD_TpU_CiRFi_nfhBo8LyDjXuT4",,New York,New York,NY,,,google_lsa,new,2026-08-01T16:00:10.133+00:00
glsa:237918915:newyork,"RR Plumbing Roto-Rooter - Bronx, NY",plumber,(718) 250-9230,,"https://www.google.com/localservices/profile?cs=0&q=RR+Plumbing+Roto-Rooter+-+Bronx,+NY&spp=Ej0KEQjDtblxEKzRi6sJGKemyKsJEih4Y2F0OnNlcnZpY2VfYXJlYV9idXNpbmVzc19wbHVtYmVyOmVuLVVT&scp=Cih4Y2F0OnNlcnZpY2VfYXJlYV9idXNpbmVzc19wbHVtYmVyOmVuLVVTEhgaEgk7CD_TpU_CiRFi_nfhBo8LyDjXuT4",,New York,New York,NY,,,google_lsa,new,2026-08-01T16:00:10.133+00:00
glsa:622395811:newyork,Philco Plumbing,plumber,(718) 605-0450,,https://www.google.com/localservices/profile?cs=0&q=Philco+Plumbing&spp=Ej4KEgijg-SoAhDah_-9CRj_x6-gJRIoeGNhdDpzZXJ2aWNlX2FyZWFfYnVzaW5lc3NfcGx1bWJlcjplbi1VUw&scp=Cih4Y2F0OnNlcnZpY2VfYXJlYV9idXNpbmVzc19wbHVtYmVyOmVuLVVTEhgaEgk7CD_TpU_CiRFi_nfhBo8LyDjXuT4,,New York,New York,NY,,,google_lsa,new,2026-08-01T16:00:10.133+00:00
glsa:100642097:newyork,Empire Sewer And Water,plumber,(718) 715-4763,,https://www.google.com/localservices/profile?cs=0&q=Empire+Sewer+And+Water&spp=Ej0KEQix2v4vENqrsrIJGPGpu7QJEih4Y2F0OnNlcnZpY2VfYXJlYV9idXNpbmVzc19wbHVtYmVyOmVuLVVT&scp=Cih4Y2F0OnNlcnZpY2VfYXJlYV9idXNpbmVzc19wbHVtYmVyOmVuLVVTEhgaEgk7CD_TpU_CiRFi_nfhBo8LyDjXuT4,,New York,New York,NY,,,google_lsa,new,2026-08-01T16:00:10.133+00:00
glsa:7618036235:newyork,Glenn's Plumbing,plumber,(646) 963-2616,,https://www.google.com/localservices/profile?cs=0&q=Glenn's+Plumbing&spp=Ej4KEgiLhMiwHBD-q9jmKBj_x6-gJRIoeGNhdDpzZXJ2aWNlX2FyZWFfYnVzaW5lc3NfcGx1bWJlcjplbi1VUw&scp=Cih4Y2F0OnNlcnZpY2VfYXJlYV9idXNpbmVzc19wbHVtYmVyOmVuLVVTEhgaEgk7CD_TpU_CiRFi_nfhBo8LyDjXuT4,,New York,New York,NY,,,google_lsa,new,2026-08-01T16:00:10.133+00:00
glsa:7080903734:newyork,Aqua Tech Plumbing Inc,plumber,(929) 472-2652,,https://www.google.com/localservices/profile?cs=0&q=Aqua+Tech+Plumbing+Inc&spp=Ej4KEgi2iLiwGhC-xKDTKBj_x6-gJRIoeGNhdDpzZXJ2aWNlX2FyZWFfYnVzaW5lc3NfcGx1bWJlcjplbi1VUw&scp=Cih4Y2F0OnNlcnZpY2VfYXJlYV9idXNpbmVzc19wbHVtYmVyOmVuLVVTEhgaEgk7CD_TpU_CiRFi_nfhBo8LyDjXuT4,,New York,New York,NY,,,google_lsa,new,2026-08-01T16:00:10.133+00:00
glsa:394050633:newyork,NYC Sewer And Drain Pro Solutions LLC,plumber,(718) 500-5717,,https://www.google.com/localservices/profile?cs=0&q=NYC+Sewer+And+Drain+Pro+Solutions+LLC&spp=Ej4KEgjJ-PK7ARDbv-O3CRj_x6-gJRIoeGNhdDpzZXJ2aWNlX2FyZWFfYnVzaW5lc3NfcGx1bWJlcjplbi1VUw&scp=Cih4Y2F0OnNlcnZpY2VfYXJlYV9idXNpbmVzc19wbHVtYmVyOmVuLVVTEhgaEgk7CD_TpU_CiRFi_nfhBo8LyDjXuT4,,New York,New York,NY,,,google_lsa,new,2026-08-01T16:00:10.133+00:00
glsa:238058544:newyork,Balkan Sewer And Drain Cleaning,plumber,(718) 641-1222,,https://www.google.com/localservices/profile?cs=0&q=Balkan+Sewer+And+Drain+Cleaning&spp=Ej0KEQiw-MFxEOG5jKsJGJu0zasJEih4Y2F0OnNlcnZpY2VfYXJlYV9idXNpbmVzc19wbHVtYmVyOmVuLVVT&scp=Cih4Y2F0OnNlcnZpY2VfYXJlYV9idXNpbmVzc19wbHVtYmVyOmVuLVVTEhgaEgk7CD_TpU_CiRFi_nfhBo8LyDjXuT4,,New York,New York,NY,,,google_lsa,new,2026-08-01T16:00:10.133+00:00
glsa:6790603850:newyork,GO2 Piping LLC,plumber,(347) 488-8501,,https://www.google.com/localservices/profile?cs=0&q=GO2+Piping+LLC&spp=Ej4KEgjKyIGmGRD51PnjKBj_x6-gJRIoeGNhdDpzZXJ2aWNlX2FyZWFfYnVzaW5lc3NfcGx1bWJlcjplbi1VUw&scp=Cih4Y2F0OnNlcnZpY2VfYXJlYV9idXNpbmVzc19wbHVtYmVyOmVuLVVTEhgaEgk7CD_TpU_CiRFi_nfhBo8LyDjXuT4,,New York,New York,NY,,,google_lsa,new,2026-08-01T16:00:10.133+00:00
glsa:237926551:newyork,G&M Construction Group Of NY,plumber,(516) 491-2981,,https://www.google.com/localservices/profile?cs=0&q=G%26M+Construction+Group+Of+NY&spp=Ej0KEQiX8blxENHSi6sJGMimyKsJEih4Y2F0OnNlcnZpY2VfYXJlYV9idXNpbmVzc19wbHVtYmVyOmVuLVVT&scp=Cih4Y2F0OnNlcnZpY2VfYXJlYV9idXNpbmVzc19wbHVtYmVyOmVuLVVTEhgaEgk7CD_TpU_CiRFi_nfhBo8LyDjXuT4,,New York,New York,NY,,,google_lsa,new,2026-08-01T16:00:10.133+00:00
glsa:238064055:newyork,Exquisite Painting Plus,plumber,(914) 564-0797,,https://www.google.com/localservices/profile?cs=0&q=Exquisite+Painting+Plus&spp=Ej0KEQi3o8JxEPaBkqsJGO-d0KsJEih4Y2F0OnNlcnZpY2VfYXJlYV9idXNpbmVzc19wbHVtYmVyOmVuLVVT&scp=Cih4Y2F0OnNlcnZpY2VfYXJlYV9idXNpbmVzc19wbHVtYmVyOmVuLVVTEhgaEgk7CD_TpU_CiRFi_nfhBo8LyDjXuT4,,New York,New York,NY,,,google_lsa,new,2026-08-01T16:00:10.133+00:00
glsa:238065783:newyork,MD Plumbing & Heating LLC,plumber,(631) 335-7123,,https://www.google.com/localservices/profile?cs=0&q=MD+Plumbing+%26+Heating+LLC&spp=Ej0KEQj3sMJxEP2LkqsJGMuVyasJEih4Y2F0OnNlcnZpY2VfYXJlYV9idXNpbmVzc19wbHVtYmVyOmVuLVVT&scp=Cih4Y2F0OnNlcnZpY2VfYXJlYV9idXNpbmVzc19wbHVtYmVyOmVuLVVTEhgaEgk7CD_TpU_CiRFi_nfhBo8LyDjXuT4,,New York,New York,NY,,,google_lsa,new,2026-08-01T16:00:10.133+00:00
glsa:622745460:newyork,NYCity Sewer & Drain LLC,plumber,(646) 353-5381,,https://www.google.com/localservices/profile?cs=0&q=NYCity+Sewer+%26+Drain+LLC&spp=Ej4KEgj0rvmoAhCqnOfCCRj_x6-gJRIoeGNhdDpzZXJ2aWNlX2FyZWFfYnVzaW5lc3NfcGx1bWJlcjplbi1VUw&scp=Cih4Y2F0OnNlcnZpY2VfYXJlYV9idXNpbmVzc19wbHVtYmVyOmVuLVVTEhgaEgk7CD_TpU_CiRFi_nfhBo8LyDjXuT4,,New York,New York,NY,,,google_lsa,new,2026-08-01T16:00:10.133+00:00
glsa:1083526219:newyork,"Emergency Plumbing, HVAC & Electric",plumber,(201) 881-6935,,"https://www.google.com/localservices/profile?cs=0&q=Emergency+Plumbing,+HVAC+%26+Electric&spp=Ej4KEgjLmNWEBBCL-M7qCRj_x6-gJRIoeGNhdDpzZXJ2aWNlX2FyZWFfYnVzaW5lc3NfcGx1bWJlcjplbi1VUw&scp=Cih4Y2F0OnNlcnZpY2VfYXJlYV9idXNpbmVzc19wbHVtYmVyOmVuLVVTEhgaEgk7CD_TpU_CiRFi_nfhBo8LyDjXuT4",,New York,New York,NY,,,google_lsa,new,2026-08-01T16:00:10.133+00:00
glsa:321809242:newyork,Rite Plumbing & Heating,plumber,(347) 502-6441,,https://www.google.com/localservices/profile?cs=0&q=Rite+Plumbing+%26+Heating&spp=Ej4KEgja1rmZARDZ15-wCRjQgYiyCRIoeGNhdDpzZXJ2aWNlX2FyZWFfYnVzaW5lc3NfcGx1bWJlcjplbi1VUw&scp=Cih4Y2F0OnNlcnZpY2VfYXJlYV9idXNpbmVzc19wbHVtYmVyOmVuLVVTEhgaEgk7CD_TpU_CiRFi_nfhBo8LyDjXuT4,,New York,New York,NY,,,google_lsa,new,2026-08-01T16:00:10.133+00:00
glsa:749736169:newyork,"Switch and Fix, LLC",plumber,(718) 841-9294,,"https://www.google.com/localservices/profile?cs=0&q=Switch+and+Fix,+LLC&spp=Ej4KEgjpocDlAhDDlrLlCRj_x6-gJRIoeGNhdDpzZXJ2aWNlX2FyZWFfYnVzaW5lc3NfcGx1bWJlcjplbi1VUw&scp=Cih4Y2F0OnNlcnZpY2VfYXJlYV9idXNpbmVzc19wbHVtYmVyOmVuLVVTEhgaEgk7CD_TpU_CiRFi_nfhBo8LyDjXuT4",,New York,New York,NY,,,google_lsa,new,2026-08-01T16:00:10.132+00:00
glsa:6494405651:newyork,TJB Plumbing LLC,plumber,(718) 829-5464,,https://www.google.com/localservices/profile?cs=0&q=TJB+Plumbing+LLC&spp=Ej4KEgiTiOOYGBCwmLO9GBj_x6-gJRIoeGNhdDpzZXJ2aWNlX2FyZWFfYnVzaW5lc3NfcGx1bWJlcjplbi1VUw&scp=Cih4Y2F0OnNlcnZpY2VfYXJlYV9idXNpbmVzc19wbHVtYmVyOmVuLVVTEhgaEgk7CD_TpU_CiRFi_nfhBo8LyDjXuT4,,New York,New York,NY,,,google_lsa,new,2026-08-01T16:00:10.132+00:00
glsa:8199641213:newyork,AoPS Academy Upper West Side,tutor,(332) 286-9590,,https://www.google.com/localservices/profile?cs=0&q=AoPS+Academy+Upper+West+Side&spp=EjwKEgj9sPLFHhDF7aOCKRj_x6-gJRImeGNhdDpzZXJ2aWNlX2FyZWFfYnVzaW5lc3NfdHV0b3I6ZW4tVVM&scp=CiZ4Y2F0OnNlcnZpY2VfYXJlYV9idXNpbmVzc190dXRvcjplbi1VUxIYGhIJOwg_06VPwokRYv534QaPC8g417k-,,New York,New York,NY,,,google_lsa,new,2026-08-01T15:46:18.468+00:00
glsa:82114783:newyork,ibidPREP,tutor,(212) 787-0374,,https://www.google.com/localservices/profile?cs=0&q=ibidPREP&spp=EjsKEQjf8ZMnEMP75PQJGP_Hr6AlEiZ4Y2F0OnNlcnZpY2VfYXJlYV9idXNpbmVzc190dXRvcjplbi1VUw&scp=CiZ4Y2F0OnNlcnZpY2VfYXJlYV9idXNpbmVzc190dXRvcjplbi1VUxIYGhIJOwg_06VPwokRYv534QaPC8g417k-,,New York,New York,NY,,,google_lsa,new,2026-08-01T15:46:18.468+00:00
glsa:7613481102:newyork,The Painting School,tutor,(917) 671-8216,,https://www.google.com/localservices/profile?cs=0&q=The+Painting+School&spp=EjwKEgiOgbKuHBC44ZfmKBj_x6-gJRImeGNhdDpzZXJ2aWNlX2FyZWFfYnVzaW5lc3NfdHV0b3I6ZW4tVVM&scp=CiZ4Y2F0OnNlcnZpY2VfYXJlYV9idXNpbmVzc190dXRvcjplbi1VUxIYGhIJOwg_06VPwokRYv534QaPC8g417k-,,New York,New York,NY,,,google_lsa,new,2026-08-01T15:46:18.468+00:00
glsa:7350165285:newyork,Educo: Test Prep & Admissions,tutor,(212) 347-3210,,https://www.google.com/localservices/profile?cs=0&q=Educo:+Test+Prep+%26+Admissions&spp=EjwKEgilvuqwGxCjldP9KBj_x6-gJRImeGNhdDpzZXJ2aWNlX2FyZWFfYnVzaW5lc3NfdHV0b3I6ZW4tVVM&scp=CiZ4Y2F0OnNlcnZpY2VfYXJlYV9idXNpbmVzc190dXRvcjplbi1VUxIYGhIJOwg_06VPwokRYv534QaPC8g417k-,,New York,New York,NY,,,google_lsa,new,2026-08-01T15:46:18.468+00:00
glsa:525954888:newyork,Highland Park Guitar Lessons,tutor,(469) 879-4647,,https://www.google.com/localservices/profile?cs=0&q=Highland+Park+Guitar+Lessons&spp=EjwKEgjI3uX6ARD2w4LTCRj_x6-gJRImeGNhdDpzZXJ2aWNlX2FyZWFfYnVzaW5lc3NfdHV0b3I6ZW4tVVM&scp=CiZ4Y2F0OnNlcnZpY2VfYXJlYV9idXNpbmVzc190dXRvcjplbi1VUxIYGhIJOwg_06VPwokRYv534QaPC8g417k-,,New York,New York,NY,,,google_lsa,new,2026-08-01T15:46:18.468+00:00
glsa:7075409911:newyork,Sewho Studio,tutor,(917) 715-8835,,https://www.google.com/localservices/profile?cs=0&q=Sewho+Studio&spp=EjwKEgj33-itGhCcw_nQKBj_x6-gJRImeGNhdDpzZXJ2aWNlX2FyZWFfYnVzaW5lc3NfdHV0b3I6ZW4tVVM&scp=CiZ4Y2F0OnNlcnZpY2VfYXJlYV9idXNpbmVzc190dXRvcjplbi1VUxIYGhIJOwg_06VPwokRYv534QaPC8g417k-,,New York,New York,NY,,,google_lsa,new,2026-08-01T15:46:18.468+00:00
glsa:8106890553:newyork,Bright Kids NYC Inc.,tutor,(646) 434-1084,,https://www.google.com/localservices/profile?cs=0&q=Bright+Kids+NYC+Inc.&spp=EjwKEgi5qtWZHhC-yfL6KBj_x6-gJRImeGNhdDpzZXJ2aWNlX2FyZWFfYnVzaW5lc3NfdHV0b3I6ZW4tVVM&scp=CiZ4Y2F0OnNlcnZpY2VfYXJlYV9idXNpbmVzc190dXRvcjplbi1VUxIYGhIJOwg_06VPwokRYv534QaPC8g417k-,,New York,New York,NY,,,google_lsa,new,2026-08-01T15:46:18.468+00:00
glsa:7346026066:newyork,Custom Tutoring by Chris,tutor,(310) 362-6583,,https://www.google.com/localservices/profile?cs=0&q=Custom+Tutoring+by+Chris&spp=EjwKEgjS7O2uGxDT-OraKBj_x6-gJRImeGNhdDpzZXJ2aWNlX2FyZWFfYnVzaW5lc3NfdHV0b3I6ZW4tVVM&scp=CiZ4Y2F0OnNlcnZpY2VfYXJlYV9idXNpbmVzc190dXRvcjplbi1VUxIYGhIJOwg_06VPwokRYv534QaPC8g417k-,,New York,New York,NY,,,google_lsa,new,2026-08-01T15:46:18.468+00:00
glsa:840700745:newyork,Brainiac In-Home Tutoring,tutor,(248) 242-7733,,https://www.google.com/localservices/profile?cs=0&q=Brainiac+In-Home+Tutoring&spp=EjwKEgjJpvCQAxDivPPREhj_x6-gJRImeGNhdDpzZXJ2aWNlX2FyZWFfYnVzaW5lc3NfdHV0b3I6ZW4tVVM&scp=CiZ4Y2F0OnNlcnZpY2VfYXJlYV9idXNpbmVzc190dXRvcjplbi1VUxIYGhIJOwg_06VPwokRYv534QaPC8g417k-,,New York,New York,NY,,,google_lsa,new,2026-08-01T15:46:18.468+00:00
glsa:1109424841:newyork,The Best Test Prep,tutor,(844) 672-7737,,https://www.google.com/localservices/profile?cs=0&q=The+Best+Test+Prep&spp=EjwKEgjJ9YGRBBDOxZ-NJhj_x6-gJRImeGNhdDpzZXJ2aWNlX2FyZWFfYnVzaW5lc3NfdHV0b3I6ZW4tVVM&scp=CiZ4Y2F0OnNlcnZpY2VfYXJlYV9idXNpbmVzc190dXRvcjplbi1VUxIYGhIJOwg_06VPwokRYv534QaPC8g417k-,,New York,New York,NY,,,google_lsa,new,2026-08-01T15:46:18.468+00:00
glsa:7331097522:newyork,TechWaves Consulting LLC,tutor,(910) 745-7241,,https://www.google.com/localservices/profile?cs=0&q=TechWaves+Consulting+LLC&spp=EjwKEgiy196nGxDK8r3YKBj_x6-gJRImeGNhdDpzZXJ2aWNlX2FyZWFfYnVzaW5lc3NfdHV0b3I6ZW4tVVM&scp=CiZ4Y2F0OnNlcnZpY2VfYXJlYV9idXNpbmVzc190dXRvcjplbi1VUxIYGhIJOwg_06VPwokRYv534QaPC8g417k-,,New York,New York,NY,,,google_lsa,new,2026-08-01T15:46:18.468+00:00