id,name,service_type,phone,owner_email,website_url,instagram,address,city,state,lat,lon,data_source,outreach_status,fetched_at
osm:node/9421141021,Medgar Evers School of Professional & Community Development,tutor,(718) 804-8850,,https://www.mec.cuny.edu/academic-affairs/centers/,,1534 Bedford Avenue New York NY,New York,NY,40.6706662,-73.955413,osm,new,2026-08-03T03:02:16.549+00:00
osm:node/9203459392,Infinity Educational Programs,tutor,(718) 336-1981,,https://www.infinityeducationalprograms.com/,,1972 East 34th Street Brooklyn NY,Brooklyn,NY,40.6089922,-73.9333091,osm,new,2026-08-03T03:02:16.474+00:00
osm:node/9123149741,Saint Francis College Office of Advancement Alumni Center,tutor,(718) 489-5361,,https://www.sfc.edu/alumni/contactus,,133 Remsen Street New York NY,New York,NY,40.69384,-73.993064,osm,new,2026-08-03T03:02:16.366+00:00
osm:node/8993667770,Cornell Cooperative Extension of Niagara County,tutor,(716) 433-8839,niagara@cornell.edu,https://cceniagaracounty.org/,,4487 Lake Avenue Lockport NY,Lockport,NY,43.1918954,-78.6735893,osm,new,2026-08-03T03:02:15.74+00:00
osm:node/8783504574,Reading Town Academy,tutor,(516) 873-8500,,https://www.readingtown.com/location/nassau/,,424 Hillside Avenue Williston Park NY,Williston Park,NY,40.7541073,-73.657025,osm,new,2026-08-03T03:02:15.436+00:00
osm:node/8783498621,Mathnasium,tutor,(516) 550-9031,greatneck@mathnasium.com,https://www.mathnasium.com/math-centers/greatneck,,11 Great Neck Road Great Neck NY,Great Neck,NY,40.7866074,-73.7273123,osm,new,2026-08-03T03:02:14.979+00:00
osm:node/8586600577,Easy Español,tutor,(646) 233-4235,hello@easyespanol.org,https://www.easyespanol.org,http://www.instagram.com/easyespanol1/,10 East 39th Street New York NY,New York,NY,40.7511092,-73.9815702,osm,new,2026-08-03T03:02:13.96+00:00
osm:node/8726300009,iKlass Tutoring,tutor,(718) 779-1700,,,,90-11 35th Avenue New York NY,New York,NY,40.7527243,-73.8771199,osm,new,2026-08-03T03:02:13.96+00:00
osm:node/8232868081,Literacy Zone,tutor,(518) 725-3308,,,,43 North Main Street Gloversville NY,Gloversville,NY,43.051779,-74.3449604,osm,new,2026-08-03T03:02:07.609+00:00
osm:node/7606819247,Royal Learning Institute,tutor,(212) 795-0500,,https://www.rli.edu/,,254 West 29th Street New York NY,New York,NY,40.7487963,-73.9953989,osm,new,2026-08-03T03:02:07.294+00:00
osm:way/822755602,Aim's Pack and Ship,mover,(607) 324-2824,,https://www.aimspacknship.com,,12 East Avenue Extension Hornell NY,Hornell,NY,42.3101051,-77.6510739,osm,new,2026-08-03T03:02:07.153+00:00
osm:node/5907394842,Mathnasium,tutor,(516) 569-1500,,,,414 Central Avenue Cedarhurst NY,Cedarhurst,NY,40.6198757,-73.7264758,osm,new,2026-08-03T03:02:07.142+00:00
osm:node/5853969352,Delta Learning Center,tutor,(718) 232-6068,,,,7704 17th Avenue New York NY,New York,NY,40.6136262,-73.9998333,osm,new,2026-08-03T03:02:07.142+00:00
osm:node/5816819675,Kumon,tutor,(516) 406-1000,,,,1586 Broadway Hewlett NY,Hewlett,NY,40.6451967,-73.6929581,osm,new,2026-08-03T03:02:07.142+00:00
osm:node/6498380201,Ulster and Orange BOCES,tutor,(845) 781-6715,,,,130 Dolson Avenue Middletown NY,Middletown,NY,41.4291753,-74.4271307,osm,new,2026-08-03T03:02:07.142+00:00
osm:node/5326013815,Huntington Learning Center,tutor,(718) 230-4600,,https://huntingtonhelps.com/center/park-slope,,808 Union Street Brooklyn NY,Brooklyn,NY,40.6743375,-73.9759341,osm,new,2026-08-03T03:02:07.136+00:00
osm:node/4454807339,KidsThrive NYC,tutor,(212) 685-3266,,https://www.kidsthrivenyc.com/,,303 5th Avenue New York NY,New York,NY,40.7465547,-73.9854766,osm,new,2026-08-03T03:02:07.053+00:00
osm:node/5190434702,Campus Midtown ESL & TOEFL,tutor,(646) 861-0006,,,,49 West 33rd Street New York NY,New York,NY,40.7488378,-73.987297,osm,new,2026-08-03T03:02:07.053+00:00
osm:node/4215954648,Bushra's Tutorial,tutor,(171) 848-0343,,http://bushrastutorial.weebly.com,,168-47 Hillside Avenue Jamaica NY,Jamaica,NY,40.7109465,-73.7933265,osm,new,2026-08-03T03:02:06.937+00:00
osm:node/4162400719,Bobby-Tariq Tutoring Center,tutor,(718) 210-3430,,https://www.bobbytariq.com/jamaica/,,171-16 Hillside Avenue Jamaica NY,Jamaica,NY,40.7114232,-73.790276,osm,new,2026-08-03T03:02:06.811+00:00
osm:node/3251326797,Levy Economics Institute,tutor,(845) 758-7700,,https://www.levyinstitute.org/,,Annandale-on-Hudson NY,Annandale-on-Hudson,NY,42.0208297,-73.9166644,osm,new,2026-08-03T03:02:06.38+00:00
osm:node/3225584695,Hannah Arendt Center,tutor,(845) 758-7878,,,,New York NY,New York,NY,42.0254836,-73.9063145,osm,new,2026-08-03T03:02:06.101+00:00
osm:node/3219606769,Bard MAT,tutor,(845) 758-7151,,https://www.bard.edu/mat/,,7401 South Broadway Red Hook NY,Red Hook,NY,41.991592,-73.8798229,osm,new,2026-08-03T03:02:06.101+00:00
osm:node/2959400324,Frontline Health,tutor,(212) 983-5389,mailer@frontlinehealth.com,https://www.frontlinehealth.com/,,555 8th Avenue New York NY,New York,NY,40.754632,-73.9919761,osm,new,2026-08-03T03:02:05.814+00:00
osm:node/2860239407,GMAT & GRE Math Tutor,tutor,(617) 329-1132,stephen@gmatmathtutor.com,http://gmatmathtutor.com,,281 Union Avenue 4B Brooklyn NY,Brooklyn,NY,40.7085398,-73.9509976,osm,new,2026-08-03T03:02:05.705+00:00
osm:node/2858129041,Mamun Tutorial,tutor,(347) 657-0530,mamunstutorials@gmail.com,https://www.mamuntutorial.com/,,1504 Olmstead Avenue Bronx NY,Bronx,NY,40.8363448,-73.855053,osm,new,2026-08-03T03:02:05.496+00:00
osm:node/2744863929,Robofun,tutor,(212) 245-0444,user@domain.com,https://www.robofun.org/,,110 West End Avenue New York NY,New York,NY,40.7749685,-73.9877514,osm,new,2026-08-03T03:02:05.379+00:00
osm:node/2695350395,Cornell Cooperative Extension,tutor,(845) 340-3990,ulster@cornell.edu,https://ulster.cce.cornell.edu/,,232 Plaza Road Kingston NY,Kingston,NY,41.9373477,-74.0172927,osm,new,2026-08-03T03:02:05.28+00:00
osm:node/2552919230,Kuei Luck Enrichment Center,tutor,(718) 679-9908,info@kueiluck.com,https://www.kueiluck.com/,,195-5 69th Avenue New York NY,New York,NY,40.7371492,-73.778305,osm,new,2026-08-03T03:02:05.111+00:00
osm:node/357616326,Manhattan Bible Institute of New York,tutor,(646) 907-1999,,https://www.facebook.com/ManhattanBibleInstitute/,,511 West 148th Street New York NY,New York,NY,40.8275716,-73.94688,osm,new,2026-08-03T03:02:04.664+00:00
osm:node/2427504766,Kumon,tutor,(315) 487-3483,,,,3704 Milton Avenue Camillus NY,Camillus,NY,43.0533953,-76.2614887,osm,new,2026-08-03T03:02:04.664+00:00
osm:node/2065151599,Reading Town,tutor,(718) 784-1234,,,,New York NY,New York,NY,40.744792,-73.929567,osm,new,2026-08-03T03:02:04.664+00:00
osm:way/283151670,The Moving Doctor,mover,(800) 515-6683,info@movingdr.com,https://www.movingdr.com,,108-20 180th Street Jamaica NY,Jamaica,NY,40.701163,-73.7762561,osm,new,2026-08-03T03:02:03.93+00:00
osm:way/686875394,Tri-State Movers,mover,(845) 344-2844,,,,8 Davidge Road Middletown NY,Middletown,NY,41.4613767,-74.4275176,osm,new,2026-08-03T03:02:03.93+00:00
osm:way/679611890,A W Express Inc Moving & Storage,mover,(548) 344-0844,,,,130 Wickham Avenue Middletown NY,Middletown,NY,41.4509104,-74.4135218,osm,new,2026-08-03T03:02:03.93+00:00
osm:way/248239433,U. Santini Moving & Storage,mover,(718) 768-6778,,https://usantini.com,,239 15th Street New York NY,New York,NY,40.6652454,-73.9882243,osm,new,2026-08-03T03:02:03.812+00:00
osm:node/13111871976,East Side Movers,mover,(914) 699-1122,sales@moveesm.com,https://moveesm.com,,525 South 4th Avenue Mt. Vernon NY,Mt. Vernon,NY,40.8987423,-73.8319322,osm,new,2026-08-03T03:02:03.744+00:00
osm:node/12255801440,ZippyShell Albany,mover,(888) 947-7974,,https://www.zippyshell.com/locations/new-york/albany,,55 Duanesburg Rd Schenectady NY,Schenectady,NY,42.7774555,-73.9782784,osm,new,2026-08-03T03:02:02.498+00:00
osm:node/12100445237,Two Men and a Truck,mover,(716) 245-4275,,https://twomenandatruck.com/movers/ny/buffalo,,3860 Broadway Cheektowaga NY,Cheektowaga,NY,42.9048425,-78.7325248,osm,new,2026-08-03T03:02:02.367+00:00
osm:node/12043489323,Two Men and a Truck,mover,(716) 202-8435,,https://twomenandatruck.com/movers/ny/syracuse,,6514 Basile Rowe East Syracuse NY,East Syracuse,NY,43.0607985,-76.0584541,osm,new,2026-08-03T03:02:02.362+00:00
osm:node/11395882121,"Movers, Not Shakers!",mover,(718) 571-8979,email@email.com,https://moversnotshakers.com/brooklyn/,,814 Williams Avenue Brooklyn NY,Brooklyn,NY,40.6554227,-73.8958042,osm,new,2026-08-03T03:02:02.357+00:00
osm:node/11380763295,Your Hometown Mover of Beacon,mover,(845) 402-7711,,https://yourhometownmover.com/,,291 Main Street Beacon NY,Beacon,NY,41.5058128,-73.9716143,osm,new,2026-08-03T03:02:02.272+00:00
osm:node/11375014473,Your Hometown Mover,mover,(845) 402-7710,,https://yourhometownmover.com,,101 Hurley Avenue Kingston NY,Kingston,NY,41.9376743,-74.0292766,osm,new,2026-08-03T03:02:02.199+00:00
osm:node/9665601383,Ez Bins Moving Boxes,mover,(808) 320-2300,,https://ezbins.com/,,34-12 38th Street Long Island City NY,Long Island City,NY,40.7567514,-73.9221739,osm,new,2026-08-03T03:02:02.019+00:00
osm:node/9440738952,Jeff's Express,mover,(718) 622-0263,,,,972 Dean Street Brooklyn NY,Brooklyn,NY,40.6779543,-73.9579265,osm,new,2026-08-03T03:02:01.99+00:00
osm:node/9165091371,Wright Brothers Transport,mover,(914) 592-6681,,https://www.wrightbrotherstransport.com/,,150 Clearbrook Road Elmsford NY,Elmsford,NY,41.073724,-73.813249,osm,new,2026-08-03T03:02:01.99+00:00
osm:node/8786011982,Two Men and a Truck,mover,(716) 243-3949,,https://twomenandatruck.com/movers/ny/rochester,,3495 Winton Place Rochester NY,Rochester,NY,43.0943274,-77.5750058,osm,new,2026-08-03T03:02:01.921+00:00
osm:node/8062789907,PRO Manhattan Movers,mover,(917) 300-0709,,https://pronycmovers.com,,257 West 12th Street New York NY,New York,NY,40.737788,-74.0029183,osm,new,2026-08-03T03:02:01.89+00:00
osm:node/5794987050,O'flaherty Moving & Storage Inc,mover,(631) 285-6401,,https://www.oflahertymovingstorage.com/,,2231 5th Avenue Ronkonkoma NY,Ronkonkoma,NY,40.7973337,-73.1366173,osm,new,2026-08-03T03:02:01.807+00:00
osm:node/5539498695,In Order to Succeed,mover,(212) 721-2222,,https://inordertosucceed.com/,,244 5th Avenue New York NY,New York,NY,40.7446434,-73.9876968,osm,new,2026-08-03T03:02:01.439+00:00
osm:node/2724006818,Big John's Moving,mover,(212) 734-3300,bigjohnsmoving@aol.com,https://storageandmovingcompanynyc.com/,,1602 1st Avenue New York NY,New York,NY,40.7749624,-73.9505604,osm,new,2026-08-03T03:01:59.781+00:00
osm:node/11674345069,The Color House,photographer,(212) 431-7100,order@thecolorhouseny.com,http://thecolorhouseny.com,,177 Lafayette Street New York NY,New York,NY,40.7204339,-73.9985361,osm,new,2026-08-03T03:01:44.693+00:00
osm:node/11156263714,Beacon Tintype,photographer,(917) 803-7895,user@domain.com,https://www.beacontintype.com,,149 Main Street Beacon NY,Beacon,NY,41.5082542,-73.9762755,osm,new,2026-08-03T03:01:43.305+00:00
osm:node/11068983326,Vinegar Hill Portrait Shop,photographer,(347) 687-9165,,https://vinegarhillportraitshop.com,,New York NY,New York,NY,40.7031595,-73.9810002,osm,new,2026-08-03T03:01:43.174+00:00
osm:node/10834368765,Meredith Zinner Photography,photographer,(646) 580-2558,user@domain.com,https://meredith-zinner-photography.com/,https://www.instagram.com/meredithzinnerphotography/,157 13th Street Brooklyn NY,Brooklyn,NY,40.6691899,-73.992287,osm,new,2026-08-03T03:01:43.147+00:00
osm:node/10825166991,Brilianna Photography,photographer,(847) 668-7728,irina@briliannaphotography.com,https://briliannaphotography.com,,105-21 Metropolitan Avenue New York NY,New York,NY,40.7100515,-73.84765,osm,new,2026-08-03T03:01:42.944+00:00
osm:node/10544147242,Juliet Lofaro Portrait Studio,photographer,(845) 684-0455,studio@julietlofaro.com,https://www.julietlofaro.com,,88B Mill Hill Road Woodstock NY,Woodstock,NY,42.0377381,-74.1123741,osm,new,2026-08-03T03:01:41.545+00:00
osm:node/10304551038,Clipping Path Arts Inc.,photographer,(347) 593-3975,,https://www.clippingpatharts.com/,,3751 86th Street Jackson Heights NY,Jackson Heights,NY,40.7487124,-73.8800493,osm,new,2026-08-03T03:01:41.381+00:00
osm:node/10245557213,Hom’s Photo,photographer,(718) 854-1198,,,,New York NY,New York,NY,40.6453723,-74.0098318,osm,new,2026-08-03T03:01:40.125+00:00
osm:node/10016233779,Saratoga Foto,photographer,(518) 290-0892,,https://www.saratogafoto.com/,,376 Broadway Saratoga Springs NY,Saratoga Springs,NY,43.0808845,-73.7853404,osm,new,2026-08-03T03:01:40.124+00:00
osm:node/9930566370,rGRAY photography,photographer,(631) 235-7391,rgrayphotog@rgrayphotography.com,https://www.rgrayphotography.com/contact,,320 Main Street Port Jefferson NY,Port Jefferson,NY,40.9445006,-73.0677928,osm,new,2026-08-03T03:01:40.114+00:00
osm:node/9929253678,Roberts Digital Lab,photographer,(718) 645-0990,,https://robertsdigitallab.com,,1612 Kings Highway Brooklyn NY,Brooklyn,NY,40.6091696,-73.9569605,osm,new,2026-08-03T03:01:39.778+00:00
osm:node/9749377433,Visual Captivity,photographer,(917) 775-3877,,https://visualcaptivity.com,,New York NY,New York,NY,40.6902977,-73.9955513,osm,new,2026-08-03T03:01:39.757+00:00
osm:node/9369797552,Moonshine Studio of Photography,photographer,(716) 445-8303,user@domain.com,https://moonshinestudioofphotography.com/,,69 Elmwood Avenue Buffalo NY,Buffalo,NY,42.8988865,-78.8769595,osm,new,2026-08-03T03:01:33.756+00:00
osm:node/9320145521,Scottiebe Photo,photographer,(716) 200-7240,,https://scottiebephoto.com/,,912 Elmwood Avenue Buffalo NY,Buffalo,NY,42.92196,-78.8772521,osm,new,2026-08-03T03:01:33.53+00:00
osm:node/9187969162,Eliz Digital,photographer,(212) 343-3669,,,,New York NY,New York,NY,40.7179194,-73.9962606,osm,new,2026-08-03T03:01:33.268+00:00
osm:node/8796715195,BestPhotoDesign,photographer,(800) 461-7735,,https://www.bestphotodesign.com/,,100 Cobblestone Court Drive Victor NY,Victor,NY,43.0315143,-77.4398023,osm,new,2026-08-03T03:01:33.268+00:00
osm:node/9120777743,George Anthony's Studio,photographer,(716) 440-9493,,,,2185 Niagara Falls Boulevard Buffalo NY,Buffalo,NY,43.0140428,-78.8218266,osm,new,2026-08-03T03:01:33.268+00:00
osm:node/8554626773,PhotoCenter,photographer,,nargyros@photocentertroy.org,https://www.photocentertroy.org/,,New York NY,New York,NY,42.7353388,-73.6874913,osm,new,2026-08-03T03:01:32.702+00:00
osm:node/7679342647,ROOT,photographer,(212) 645-2244,,https://rootnyc.com/,,443 West 18th Street New York NY,New York,NY,40.744281,-74.0052031,osm,new,2026-08-03T03:01:31.799+00:00
osm:node/6579114531,Portraits USA,photographer,,user@domain.com,https://www.portraitsusainc.com,,1254 Prospect Avenue New York NY,New York,NY,40.6525555,-73.976266,osm,new,2026-08-03T03:01:31.747+00:00
osm:node/6447434922,Parker Stone II Photography,photographer,(315) 463-0577,,http://parkerstonephotography.com,,6690 Hammersmith Drive East Syracuse NY,East Syracuse,NY,43.0828435,-76.0593386,osm,new,2026-08-03T03:01:31.639+00:00
osm:node/6436656509,9th & Smith Studio,photographer,(917) 318-4828,,https://www.9bkstudio.com,,59D 9th Street New York NY,New York,NY,40.6743426,-73.995161,osm,new,2026-08-03T03:01:31.632+00:00
osm:node/6257166685,Kornfeld Studios,photographer,(516) 678-7180,,http://www.kornfeldstudios.com,,24 Franklin Avenue Hewlett NY,Hewlett,NY,40.6371959,-73.7034149,osm,new,2026-08-03T03:01:31.473+00:00
osm:node/6148321844,Wedding Bells Video & Photography,photographer,(516) 777-0299,webmaster@theweddingbells.us,https://theweddingbells.us/,,255-19 Hillside Avenue New York NY,New York,NY,40.7366648,-73.7121718,osm,new,2026-08-03T03:01:31.468+00:00
osm:node/6122361485,Michelson Studio,photographer,(212) 633-1111,,http://michelsonstudio.com/,,163 Bank Street New York NY,New York,NY,40.7361444,-74.0095721,osm,new,2026-08-03T03:01:29.554+00:00
osm:node/6071606245,Accurate Photo Shop,photographer,(718) 832-8899,user@domain.com,https://www.accuratephotoshop.com/,,639 5th Avenue Brooklyn NY,Brooklyn,NY,40.6627877,-73.9914719,osm,new,2026-08-03T03:01:29.544+00:00
osm:node/6066607071,FotoCare,photographer,(212) 741-2990,,https://fotocare.com,,41 West 22nd Street New York NY,New York,NY,40.741965,-73.9923367,osm,new,2026-08-03T03:01:29.439+00:00
osm:node/6057297821,Picture Framing Unlimited LLC,photographer,(646) 831-5962,pictureframingunlimited@hotmail.com,https://pictureframingunlimited.com/,,2869 New York Route 9G Rhinebeck NY,Rhinebeck,NY,41.9044046,-73.8708744,osm,new,2026-08-03T03:01:28.783+00:00
osm:node/5972604193,Ron Jordan Natoli Photographic Studio,photographer,(718) 797-1913,,,,New York NY,New York,NY,40.6822135,-73.9961378,osm,new,2026-08-03T03:01:25.952+00:00
osm:node/5871006165,Your Day Photography,photographer,(845) 594-3130,help@smugmug.com,http://yourdayphoto.com,,11 River Park Drive New Paltz NY,New Paltz,NY,41.7157073,-74.1406736,osm,new,2026-08-03T03:01:25.952+00:00
osm:node/5867102445,Sherwood Photographers,photographer,(516) 921-2700,,http://sherwoodphotographers.com,,445 New York Avenue Huntington NY,Huntington,NY,40.8673417,-73.42486,osm,new,2026-08-03T03:01:25.583+00:00
osm:node/5737703866,Southern Fried Photo Studios | Portrait Studio,photographer,(334) 553-3642,,https://southernfriedphotostudios.com/,,120 Thames Street New York NY,New York,NY,40.7053657,-73.9279811,osm,new,2026-08-03T03:01:25.422+00:00
osm:node/5747291785,30 Mtos. Photo,photographer,(917) 771-2170,,,,New York NY,New York,NY,40.6419627,-74.0133788,osm,new,2026-08-03T03:01:25.422+00:00
osm:node/5736995987,The Imaging World,photographer,(718) 218-7903,info@theimagingworld.com,https://theimagingworld.com/,,102 Thames Street New York NY,New York,NY,40.7053301,-73.9284296,osm,new,2026-08-03T03:01:25.319+00:00
osm:node/5685234481,Ridgewood Photo & Wireless,photographer,(347) 889-5745,,http://ridgewoodprint.com/,,55-23 Myrtle Avenue New York NY,New York,NY,40.7000979,-73.9076862,osm,new,2026-08-03T03:01:25.102+00:00
osm:node/5634162470,Dirty Sugar LLC,photographer,(347) 948-9418,user@domain.com,http://dirtysugarphotography.com/,,17-17 Troutman Street New York NY,New York,NY,40.7101463,-73.9195255,osm,new,2026-08-03T03:01:24.667+00:00
osm:node/5593246277,One-Stop Wedding Plus Inc.,photographer,(718) 331-1188,,https://www.onestopweddingstudio.com/,,6822 18th Avenue Brooklyn NY,Brooklyn,NY,40.6170442,-73.9925125,osm,new,2026-08-03T03:01:24.427+00:00
osm:node/2494064794,Doo's Barber Shop,hair stylist,(718) 624-8769,,,,New York NY,New York,NY,40.6933169,-73.9682352,osm,new,2026-08-03T03:01:24.236+00:00
osm:node/2494057295,Fox & Jane Salon,hair stylist,(212) 837-2774,info@foxandjanesalon.com,https://foxandjanesalon.com/brooklyn/,,New York NY,New York,NY,40.6885382,-73.9894751,osm,new,2026-08-03T03:01:24.236+00:00
osm:node/2494088687,Naye African Hair Braiding,hair stylist,(718) 493-3302,,,,736 Nostrand Avenue New York NY,New York,NY,40.673563,-73.9503,osm,new,2026-08-03T03:01:24.236+00:00
osm:node/2494064903,Salon 718,hair stylist,(718) 802-9200,,,,New York NY,New York,NY,40.6931783,-73.9672471,osm,new,2026-08-03T03:01:24.236+00:00
osm:node/2494141668,Genesis Salon,hair stylist,(929) 289-5197,,,,New York NY,New York,NY,40.6962637,-73.9722484,osm,new,2026-08-03T03:01:24.236+00:00
osm:node/2494071336,Timbuktu,hair stylist,(718) 622-0180,,,,1178 Bedford Avenue New York NY,New York,NY,40.6838276,-73.9541687,osm,new,2026-08-03T03:01:24.236+00:00
osm:node/2429609659,Shear Global Salon,hair stylist,(585) 475-2041,,http://www.rit.edu/fa/globalvillage/services/shear-global-salon,,New York NY,New York,NY,43.0825925,-77.6808723,osm,new,2026-08-03T03:01:24.123+00:00
osm:node/2493984238,Franks Barbershop,hair stylist,(718) 928-7102,,,,66A Argyle Road New York NY,New York,NY,40.6480059,-73.9677316,osm,new,2026-08-03T03:01:24.123+00:00
osm:node/2493984243,El Angel,hair stylist,(718) 287-2783,,,,66B Argyle Road New York NY,New York,NY,40.6479626,-73.9677252,osm,new,2026-08-03T03:01:24.123+00:00
osm:node/5475307605,Michael Grecco Productions,photographer,(310) 251-4451,,https://michaelgrecco.com,,340 Eldert Street Brooklyn NY,Brooklyn,NY,40.6934173,-73.9061567,osm,new,2026-08-03T03:01:23.958+00:00
osm:node/5423484554,Blue Parallax Studios,photographer,(347) 825-8664,,http://blueparallaxstudios.com,,883 Wyckoff Avenue Ridgewood NY,Ridgewood,NY,40.6973158,-73.9069028,osm,new,2026-08-03T03:01:23.835+00:00
osm:node/5410399583,Mantione Studios Photography,photographer,(718) 497-3517,,http://www.mantione.com/,,68-12 Fresh Pond Road New York NY,New York,NY,40.704775,-73.8963085,osm,new,2026-08-03T03:01:23.828+00:00
osm:node/5335146981,Dreamlife Wedding Photos and Videos - USA,photographer,(917) 388-2835,,https://dreamlifewedding.com/,,New York NY,New York,NY,40.7483636,-73.9751973,osm,new,2026-08-03T03:01:23.738+00:00
osm:node/4316449895,567 Framing,photographer,(718) 381-3789,,,,"221, unit 8 McKibbin Street New York NY",New York,NY,40.7057234,-73.9376315,osm,new,2026-08-03T03:01:23.698+00:00
osm:node/4316479390,Imagic Studio Custom Framing,photographer,(718) 349-1667,,,,New York NY,New York,NY,40.7313491,-73.9546721,osm,new,2026-08-03T03:01:23.698+00:00
osm:node/4316480190,Brooklyn Archival,photographer,(401) 644-8222,,,,117 Grattan Street New York NY,New York,NY,40.7063546,-73.9282375,osm,new,2026-08-03T03:01:23.698+00:00
osm:node/4035695607,Pink Folder Film House,photographer,(347) 238-4450,,https://www.pinkfolderfilmhouse.com,,New York NY,New York,NY,40.6816224,-73.9570367,osm,new,2026-08-03T03:01:23.698+00:00
osm:node/2305827362,Gigi's Little Italy Salon,hair stylist,(315) 474-4447,,http://gigislittleitalysalon.com/,,613 North Salina Street Syracuse NY,Syracuse,NY,43.0595488,-76.15259,osm,new,2026-08-03T03:01:23.443+00:00
osm:node/2361025940,Kenny Styling,hair stylist,(212) 362-1001,,,,529 Amsterdam Avenue New York NY,New York,NY,40.7872676,-73.9750781,osm,new,2026-08-03T03:01:23.443+00:00
osm:node/2356709485,Hair Theatre,hair stylist,(315) 446-7045,,,,4308 1/2 East Genesee Street DeWitt NY,DeWitt,NY,43.0351468,-76.0688342,osm,new,2026-08-03T03:01:23.443+00:00
osm:node/2305827360,Exl Hair & Nails,hair stylist,(315) 423-3322,,,,602 North Salina Street Syracuse NY,Syracuse,NY,43.0595207,-76.1520867,osm,new,2026-08-03T03:01:23.422+00:00
osm:node/2298857453,Gerard Anthony Salon,hair stylist,(212) 932-8531,,https://www.gerardanthonysalon.com,,580 Amsterdam Avenue New York NY,New York,NY,40.7892029,-73.9741395,osm,new,2026-08-03T03:01:23.422+00:00
osm:node/2297734135,Salon West,hair stylist,(212) 579-8097,salonwest85@gmail.com,https://salonwestnyc.com,,625 Amsterdam Avenue New York NY,New York,NY,40.79051,-73.9726133,osm,new,2026-08-03T03:01:23.315+00:00
osm:node/3214617217,Bleecker Digital Solutions,photographer,(212) 254-4345,bleekerphoto@gmail.com,https://bleekerdigital.com,,85 Kenmare Street New York NY,New York,NY,40.7213822,-73.9968145,osm,new,2026-08-03T03:01:23.237+00:00
osm:node/2827514065,Le Studio NYC,photographer,(917) 819-6086,,https://www.lestudionyc.com/,,74 Verona Street Brooklyn NY,Brooklyn,NY,40.6792795,-74.0085518,osm,new,2026-08-03T03:01:22.835+00:00
osm:node/2825140901,Fairway Studios,photographer,(212) 279-2939,user@domain.com,http://www.studiofairway.com,,115 West 30th Street New York NY,New York,NY,40.7477227,-73.99041,osm,new,2026-08-03T03:01:22.8+00:00
osm:node/2195218438,Excellence Barber Shop,hair stylist,(212) 597-2743,user@domain.com,https://excellencenyc.com,,2487 Broadway New York NY,New York,NY,40.7925091,-73.973736,osm,new,2026-08-03T03:01:22.729+00:00
osm:node/2807588302,Star Photo Studio,photographer,(718) 294-0730,,http://starphotodigital.com,,106 East Burnside Avenue Bronx NY,Bronx,NY,40.8529721,-73.9054958,osm,new,2026-08-03T03:01:22.729+00:00
osm:node/2563514058,Church Photo Lab,photographer,(718) 284-8919,,,,2022 Church Avenue New York NY,New York,NY,40.6500648,-73.9602201,osm,new,2026-08-03T03:01:22.709+00:00
osm:node/2555136013,Le Studio NYC,photographer,(917) 819-6086,,https://www.lestudionyc.com,,873 Broadway New York NY,New York,NY,40.7380125,-73.9902216,osm,new,2026-08-03T03:01:22.709+00:00
osm:node/2550069742,Brindamour Studios,photographer,,rima@rimaphoto.com,https://brindamourstudios.com,,New York NY,New York,NY,40.6799735,-73.989353,osm,new,2026-08-03T03:01:22.594+00:00
osm:node/2183891967,George's Hair Styling,hair stylist,(212) 514-6302,,https://wallstreetbarber.com,,60 Beaver Street New York NY,New York,NY,40.7051259,-74.0096172,osm,new,2026-08-03T03:01:22.483+00:00
osm:node/2541818219,Portrait Innovations,photographer,(315) 484-7493,,http://www.portraitinnovations.com/location/205/NY%20/Syracuse/13219/Fairmount-Fair,,3439 West Genesee Street Syracuse NY,Syracuse,NY,43.0470887,-76.2296986,osm,new,2026-08-03T03:01:22.458+00:00
osm:node/2070980222,Solomon's Classic Barber Shop,hair stylist,(212) 663-6207,,,,104 West 96th Street New York NY,New York,NY,40.7929164,-73.9681306,osm,new,2026-08-03T03:01:22.426+00:00
osm:node/1827182563,Yissel Beauty Salon,hair stylist,(718) 783-2198,,,,728 Sterling Place New York NY,New York,NY,40.6726765,-73.954664,osm,new,2026-08-03T03:01:22.426+00:00
osm:node/2091641957,Daniel's Barbershop,hair stylist,(646) 429-8332,,,,230 West 99th Street New York NY,New York,NY,40.7963489,-73.9700723,osm,new,2026-08-03T03:01:22.426+00:00
osm:node/1825848803,José-Ismael Barber Shop,hair stylist,(646) 952-0113,,,,2587 Broadway New York NY,New York,NY,40.7956954,-73.9713639,osm,new,2026-08-03T03:01:22.426+00:00
osm:node/1758763766,Supercuts,hair stylist,(315) 251-2912,,http://locations.supercuts.com/ny/fayetteville/haircuts_fayetteville_ny_9451.html,,6831 East Genesee Street Fayetteville NY,Fayetteville,NY,43.0310327,-76.0496971,osm,new,2026-08-03T03:01:22.426+00:00
osm:node/1684177305,Industry Salon,hair stylist,(315) 476-0015,hello@industrysalon.com,https://www.industrysalon.com/,,258 West Jefferson Street Syracuse NY,Syracuse,NY,43.0476173,-76.1547364,osm,new,2026-08-03T03:01:22.421+00:00
osm:node/1640916349,Harlyn Barber Shop,hair stylist,(347) 365-5780,,,,New York NY,New York,NY,40.6758786,-73.963572,osm,new,2026-08-03T03:01:22.306+00:00
osm:node/1609006995,Great Clips,hair stylist,,customerservice@greatclips.com,https://www.greatclips.com/,,1075 Ridge Road Webster NY,Webster,NY,43.2096178,-77.4498222,osm,new,2026-08-03T03:01:22.306+00:00
osm:node/1338576188,Barry Gordin Hair Design,hair stylist,(212) 242-6209,,,,4 Morton Street New York NY,New York,NY,40.7313263,-74.0034046,osm,new,2026-08-03T03:01:22.154+00:00
osm:node/883069179,Giorgio's the Salon,hair stylist,(518) 785-3756,,,,3 Johnson Road Latham NY,Latham,NY,42.7617863,-73.7505076,osm,new,2026-08-03T03:01:22.154+00:00
osm:node/936996935,Via Rose Salon & Spa,hair stylist,(585) 267-7870,,,,683 Pittsford-Victor Road Pittsford NY,Pittsford,NY,43.0610444,-77.476442,osm,new,2026-08-03T03:01:22.154+00:00
osm:node/1587253254,Benny's Barber Shop,hair stylist,(718) 637-1200,,,,809 Franklin Avenue New York NY,New York,NY,40.6711992,-73.9576137,osm,new,2026-08-03T03:01:22.154+00:00
osm:node/1581644817,City Barber Shop,hair stylist,(212) 682-5166,,,,New York NY,New York,NY,40.7464992,-73.9737729,osm,new,2026-08-03T03:01:22.154+00:00
osm:node/777464936,Ed's Barber Ship,hair stylist,(518) 377-5570,,,,New York NY,New York,NY,42.8043156,-73.9039369,osm,new,2026-08-03T03:01:22.154+00:00
osm:node/419367969,Sit Still,hair stylist,(929) 405-1570,,https://parkslope.sitstillkids.com,,New York NY,New York,NY,40.6676735,-73.9877552,osm,new,2026-08-03T03:01:22.154+00:00
osm:node/419367565,Arté Salon,hair stylist,,user@domain.com,https://www.artesalon.com,,New York NY,New York,NY,40.724848,-73.9931701,osm,new,2026-08-03T03:01:21.975+00:00
osm:node/2494064392,Hitec of NY 1 Hour Photo,photographer,(718) 462-5220,,,,1625 Church Avenue New York NY,New York,NY,40.6491419,-73.9641721,osm,new,2026-08-03T03:01:21.888+00:00
osm:node/1774236821,Johnson Camera,photographer,(315) 446-0290,,https://www.johnsoncamera.com/,,6565 Kinne Road Syracuse NY,Syracuse,NY,43.0431117,-76.0668957,osm,new,2026-08-03T03:01:21.888+00:00
osm:node/13875023798,Professor Pressure Wash,house cleaning,(520) 991-8155,,,,10 Windwood Court Westhampton NY,Westhampton,NY,40.815149,-72.6844986,osm,new,2026-08-03T03:00:42.012+00:00
osm:node/13619550250,Sunlight Fine Rug Care,house cleaning,(908) 808-5180,,https://www.sunlightfinerugcare.com/,,1118 Avenue Y Brooklyn NY,Brooklyn,NY,40.5894508,-73.9588693,osm,new,2026-08-03T03:00:42.012+00:00
osm:node/13616144064,April Fresh Cleaning,house cleaning,(518) 258-7380,,https://www.aprilfresh.org/,,4265 State Highway 50 Saratoga Springs NY,Saratoga Springs,NY,43.1278664,-73.7136942,osm,new,2026-08-03T03:00:41.781+00:00
osm:node/13335685187,Lazy Susans Cleaning,house cleaning,(347) 984-9068,info@lazysusanscleaning.com,https://www.lazysusanscleaning.com/,,396 Washington Ave New York NY,New York,NY,40.687045,-73.9658911,osm,new,2026-08-03T03:00:40.21+00:00
osm:node/13052157338,Pressure Clear Power Washing,house cleaning,(914) 230-2300,pressureclearpowerwashing62@gmail.com,https://pressureclear.com/,,522 N State Road Briarcliff Manor NY,Briarcliff Manor,NY,41.1643382,-73.8222755,osm,new,2026-08-03T03:00:40.072+00:00
osm:node/13022973451,NYC Steam Cleaning,house cleaning,(888) 245-1199,,https://nycsteamcleaning.com/,https://www.instagram.com/nycsteamcleaning/,167 Madison Avenue Manhattan NY,Manhattan,NY,40.7469241,-73.9833424,osm,new,2026-08-03T03:00:37.223+00:00
osm:node/12792042161,On Time Steam Cleaning,house cleaning,(888) 512-2055,,https://www.ontimesteamcleaning.com/,https://www.instagram.com/ontimesteamcleaning/,1114 Avenue Y Brooklyn NY,Brooklyn,NY,40.5894335,-73.9589776,osm,new,2026-08-03T03:00:36.892+00:00
osm:node/12497852829,White Glove Cleaner,house cleaning,(212) 470-4961,,https://whiteglovecleaner.com/,,55 5th Avenue New York NY,New York,NY,40.7346536,-73.9942695,osm,new,2026-08-03T03:00:36.548+00:00
osm:node/12198474679,Shore to Shore Cleaning,house cleaning,(631) 830-2899,,https://www.shoretoshorecleaning.com/,,86 Medford Avenue Patchogue NY,Patchogue,NY,40.7689277,-73.0075481,osm,new,2026-08-03T03:00:36.482+00:00
osm:node/12035557925,Advantage Cleaning LLC,house cleaning,(212) 929-7872,info@advantagecleaningllc.net,https://advantagecleaningllc.net/,,121 West 27th Street New York NY,New York,NY,40.7459943,-73.9919721,osm,new,2026-08-03T03:00:35.643+00:00
osm:node/11801459170,G.I. Junk Haulers,house cleaning,(716) 799-7169,,https://www.gijunkster.com/,,5016 Saunders Settlement Rd Niagara Falls NY,Niagara Falls,NY,43.1315825,-79.0047871,osm,new,2026-08-03T03:00:35.498+00:00
osm:node/11137737365,MaidWhiz Cleaning Service,house cleaning,(845) 878-0777,support@maidwhiz.com,https://maidwhiz.com/,,New York NY,New York,NY,41.1175836,-74.1088721,osm,new,2026-08-03T03:00:35.457+00:00
osm:node/10760156144,Bronson Upholstery & Carpet Cleaning,house cleaning,(347) 752-5339,,,,27-15 44th Drive Long Island City NY,Long Island City,NY,40.7468097,-73.9416881,osm,new,2026-08-03T03:00:35.273+00:00
osm:node/10107623131,716 Clean Up & Restoration,house cleaning,(716) 799-7169,,https://www.716cleanuprestoration.com/,,5016 Saunders Settlement Rd Niagara Falls NY,Niagara Falls,NY,43.1316626,-79.0047727,osm,new,2026-08-03T03:00:35.273+00:00
osm:node/10100360292,Pure AirCare,house cleaning,(716) 367-8137,,https://pureaircareusa.com/,,5016 Saunders Settlement Rd Niagara Falls NY,Niagara Falls,NY,43.1315977,-79.0047053,osm,new,2026-08-03T03:00:35.126+00:00
osm:node/9963580711,Servpro,house cleaning,(914) 423-8300,,https://www.servproyonkerssouth.com,,965 Nepperhan Avenue Yonkers NY,Yonkers,NY,40.9574077,-73.8739057,osm,new,2026-08-03T03:00:35.084+00:00
osm:node/9832884142,Pinnacle Eco Clean,house cleaning,(585) 272-7847,info@rochestercarpetcare.com,https://rochestercarpetcare.com,,215 Mushroom Boulevard Rochester NY,Rochester,NY,43.0900151,-77.6244749,osm,new,2026-08-03T03:00:33.503+00:00
osm:node/8805870107,Sunbird Carpet Cleaning Harrison NY,house cleaning,(914) 315-7062,,https://www.carpetcleaningharrison.com/,,111 Calvert Street Harrison NY,Harrison,NY,40.9688547,-73.7185798,osm,new,2026-08-03T03:00:33.296+00:00
osm:node/8793509335,Disaster Clean-Up,house cleaning,(607) 429-0001,,https://www.prudential.com/advisor/james-verboys,,3218 Watson Boulevard Endicott NY,Endicott,NY,42.1104212,-76.0207949,osm,new,2026-08-03T03:00:32.984+00:00
osm:node/8793434194,Wayfare Facility Management,house cleaning,(607) 321-1732,,https://www.wayfarefm.com/,,518 Hooper Road Endicott NY,Endicott,NY,42.1176994,-76.0178867,osm,new,2026-08-03T03:00:32.925+00:00
osm:node/8650996094,Citi Window Wash,house cleaning,(212) 763-3334,,https://citiwindowwash.com/,,11-11 43rd Road Long Island City NY,Long Island City,NY,40.7508088,-73.9481028,osm,new,2026-08-03T03:00:32.562+00:00
osm:node/8457971829,Premier Pressure Washing,house cleaning,(716) 771-8397,,https://www.premierpressurewny.com/,https://www.instagram.com/premierpressurewny/,4700 Chapman Parkway Hamburg NY,Hamburg,NY,42.7576275,-78.8797302,osm,new,2026-08-03T03:00:32.539+00:00
osm:node/8359337525,Fretto Industrial Cleaning,house cleaning,(518) 466-6244,,https://www.frettoclean.com/,,1175 Hoosick Road Troy NY,Troy,NY,42.7621622,-73.597722,osm,new,2026-08-03T03:00:30.638+00:00
osm:node/6326385677,Houston Eco Cleaning Services,house cleaning,(845) 244-0503,,https://www.facebook.com/houstonecocleaningservices/,,14 Black Stallion Court Middletown NY,Middletown,NY,41.4395937,-74.3854089,osm,new,2026-08-03T03:00:30.533+00:00
osm:node/2825125235,Maid Sailors Cleaning Service,house cleaning,(212) 299-5170,support@maidsailors.com,https://maidsailors.com,,257 Water Street New York NY,New York,NY,40.7082989,-74.0016682,osm,new,2026-08-03T03:00:30.069+00:00
osm:node/2799552060,Carpet Cleaning Bronx,house cleaning,(718) 701-2162,,https://www.bronxcarpetcleaning.com/,,860 Grand Concourse Bronx NY,Bronx,NY,40.8261237,-73.922776,osm,new,2026-08-03T03:00:29.578+00:00
osm:node/2706939847,Superb Maids NYC,house cleaning,(646) 417-8343,,https://www.superbmaidsnyc.com,,276 5th Avenue New York NY,New York,NY,40.7458109,-73.9867656,osm,new,2026-08-03T03:00:29.252+00:00
osm:node/2888295077,Straub Auto Repairs,window tinting,(914) 478-1177,,,,477 Warburton Avenue Hastings on Hudson NY,Hastings on Hudson,NY,40.9925474,-73.883254,osm,new,2026-08-02T02:31:18.929+00:00
osm:node/2856634303,MStop Auto Body & Repair,window tinting,(347) 533-8991,,https://www.mstopauto.com/,,2970 Paulding Avenue New York NY,New York,NY,40.8693997,-73.8584131,osm,new,2026-08-02T02:31:18.929+00:00
osm:node/2847034453,NY Best Auto Repair Inc,window tinting,(718) 274-9389,,,,21-20 Newtown Avenue New York NY,New York,NY,40.7717429,-73.9254929,osm,new,2026-08-02T02:31:18.831+00:00
osm:node/2846596458,Kings Automotive,window tinting,(718) 757-0378,,,,36-06 Steinway Street New York NY,New York,NY,40.7533669,-73.9237476,osm,new,2026-08-02T02:31:18.831+00:00
osm:node/2846596497,TM&T Complete Auto Repairs,window tinting,(718) 729-3500,,,,41-15 Northern Boulevard New York NY,New York,NY,40.7532415,-73.921803,osm,new,2026-08-02T02:31:18.831+00:00
osm:node/2846596457,Auto Body & Repair Inc.,window tinting,(718) 472-3300,,,,36-04 Steinway Street New York NY,New York,NY,40.753464,-73.923668,osm,new,2026-08-02T02:31:18.831+00:00
osm:node/2842987902,David's Auto Service,window tinting,(718) 609-9150,,,,321 McGuinness Boulevard New York NY,New York,NY,40.7334407,-73.9524767,osm,new,2026-08-02T02:31:18.831+00:00
osm:node/2844564769,JP Auto Repair,window tinting,(728) 639-4668,,,,50-37 69th Place New York NY,New York,NY,40.7356897,-73.894939,osm,new,2026-08-02T02:31:18.831+00:00
osm:node/2827624199,Awais Auto Repair and Tire Center,window tinting,(718) 522-6356,,https://www.redhookautorepair.com,,New York NY,New York,NY,40.6739603,-74.0004934,osm,new,2026-08-02T02:31:18.831+00:00
osm:node/2844564774,Five Five Auto Repair,window tinting,(718) 478-6588,,,,50-01 69th Street Queens NY,Queens,NY,40.7368175,-73.8954977,osm,new,2026-08-02T02:31:18.831+00:00
osm:node/2713490432,All In One Auto Service 2,window tinting,(718) 857-6434,,https://allinoneautoservicebrooklyn.com,,568B Grand Avenue New York NY,New York,NY,40.6787243,-73.9621977,osm,new,2026-08-02T02:31:18.825+00:00
osm:node/2568285199,Unique Truck & Auto,window tinting,(718) 855-1488,,,,New York NY,New York,NY,40.6974528,-73.9694858,osm,new,2026-08-02T02:31:18.816+00:00
osm:node/2562126699,Prospect Auto Repair,window tinting,(718) 788-7683,,,,628 4th Avenue New York NY,New York,NY,40.6646011,-73.9940362,osm,new,2026-08-02T02:31:18.816+00:00
osm:node/2561966407,Punctual Auto Center,window tinting,(718) 438-2700,,,,18 Church Avenue New York NY,New York,NY,40.6413703,-73.9824517,osm,new,2026-08-02T02:31:18.816+00:00
osm:node/2566990122,Jimmy's Auto Repair Shop,window tinting,(718) 647-7150,,,,New York NY,New York,NY,40.6761722,-73.8917308,osm,new,2026-08-02T02:31:18.816+00:00
osm:node/2562126695,Brooklyn Auto Sound & Glass,window tinting,(718) 369-3030,,,,626 4th Avenue New York NY,New York,NY,40.6646794,-73.9939574,osm,new,2026-08-02T02:31:18.816+00:00
osm:node/2713490431,Arys Complete Auto Repair,window tinting,(646) 387-8529,,,,568A Grand Avenue New York NY,New York,NY,40.6787863,-73.9621754,osm,new,2026-08-02T02:31:18.816+00:00
osm:node/2561907032,Prospect Auto Glass,window tinting,(718) 499-9080,prospectautoglass@gmail.com,https://www.prospectautoglass.com,,773 3rd Avenue New York NY,New York,NY,40.660728,-74.0005507,osm,new,2026-08-02T02:31:18.815+00:00
osm:node/2543919274,BP Jamaica Auto Service,window tinting,(718) 647-2580,,,,New York NY,New York,NY,40.6852621,-73.8817353,osm,new,2026-08-02T02:31:18.256+00:00
osm:node/2349038592,Goodyear Auto Service,window tinting,(607) 936-8021,,http://www.goodyear.com/en-US/tires/tire-shop/all/000900438/Corning%20NY%2014830-2606%20US/retailer-details,,20 Denison Parkway East Corning NY,Corning,NY,42.1422499,-77.0539226,osm,new,2026-08-02T02:31:18.256+00:00
osm:node/2561746986,A 1st Stop Auto Repair,window tinting,(929) 298-0098,,,,New York NY,New York,NY,40.6519663,-74.0105913,osm,new,2026-08-02T02:31:18.256+00:00
osm:node/2561707874,Automotriz,window tinting,(646) 474-7787,,,,212 56th Street New York NY,New York,NY,40.6454446,-74.0201517,osm,new,2026-08-02T02:31:18.256+00:00
osm:node/2552911133,Neptune Auto Parts,window tinting,(718) 646-1133,,,,255 Neptune Avenue Brooklyn NY,Brooklyn,NY,40.5814104,-73.9631175,osm,new,2026-08-02T02:31:18.256+00:00
osm:node/2550598768,Friendly Auto Repair,window tinting,(929) 250-2461,,,,New York NY,New York,NY,40.6630833,-73.9990347,osm,new,2026-08-02T02:31:18.256+00:00
osm:node/2550149692,Mario's Auto Repair,window tinting,(718) 638-6465,,,,New York NY,New York,NY,40.6800062,-73.960458,osm,new,2026-08-02T02:31:18.256+00:00
osm:node/2550069735,Chang's Auto Repair,window tinting,(718) 858-5845,,,,293 Bond Street Brooklyn NY,Brooklyn,NY,40.6802844,-73.9892079,osm,new,2026-08-02T02:31:18.256+00:00
osm:node/2523660944,New Xcell Auto Repair,window tinting,(718) 625-4110,,,,New York NY,New York,NY,40.702026,-73.9929402,osm,new,2026-08-02T02:31:18.256+00:00
osm:node/2561746978,Alex Collision & Auto Repair,window tinting,(718) 832-0332,,,,260 42nd Street New York NY,New York,NY,40.6525702,-74.0108284,osm,new,2026-08-02T02:31:18.256+00:00
osm:node/905681190,Leckonby's Autoworks Inc,window tinting,(518) 674-3864,,,,3642 State Highway 43 West Sand Lake NY,West Sand Lake,NY,42.645943,-73.60451,osm,new,2026-08-02T02:31:18.125+00:00
osm:node/280572143,Steinway Auto Repairs,window tinting,(718) 545-6129,,,,23-05 Steinway Street New York NY,New York,NY,40.7707762,-73.9083348,osm,new,2026-08-02T02:31:18.124+00:00
osm:node/11743274416,O&G Party Palace,event planner,(212) 534-0474,,,,244 West 116th Street New York NY,New York,NY,40.8038824,-73.954574,osm,new,2026-08-02T02:30:35.787+00:00
osm:node/6255601611,Village Party Store,event planner,(212) 675-9697,,https://www.villagepartystore.com/,,13 East 8th Street Manhattan NY,Manhattan,NY,40.7318805,-73.9952077,osm,new,2026-08-02T02:30:35.787+00:00
osm:node/5655745686,Party City,event planner,(212) 787-2761,,https://stores.partycity.com/ny/newyork/party-store-pc741.html,,660 Columbus Avenue New York NY,New York,NY,40.7905141,-73.9695116,osm,new,2026-08-02T02:30:32.996+00:00
osm:node/5804893254,Balloon Saloon,event planner,(212) 227-3836,,,,133 West Broadway Manhattan NY,Manhattan,NY,40.7166557,-74.0081334,osm,new,2026-08-02T02:30:32.996+00:00
osm:node/11925446618,Party Master,wedding planner,(845) 434-6210,info@partymaster.us,https://www.partymaster.us/,,194 Main Street Hurleyville NY,Hurleyville,NY,41.7342678,-74.6737894,osm,new,2026-08-02T02:30:25.176+00:00
osm:node/6439225683,Brooklyn Born Pilates,pilates instructor,(404) 822-4397,,https://www.brooklynbornpilates.com,,212 Degraw Street New York NY,New York,NY,40.6846501,-73.998825,osm,new,2026-08-02T02:17:22.657+00:00
osm:node/6422095824,Finetune Pilates Studio,pilates instructor,(718) 802-0928,info@aetype.com,https://www.finetunepilates.com,,New York NY,New York,NY,40.6882113,-73.987513,osm,new,2026-08-02T02:17:22.515+00:00
osm:node/6314905341,Ellie Herman Studios Pilates,pilates instructor,(718) 923-1234,brooklyn@elliehermanpilates.com,https://www.elliehermanpilates.com,,509 Court Street New York NY,New York,NY,40.6754199,-73.9990625,osm,new,2026-08-02T02:17:22.191+00:00
osm:node/5528710488,Bodycraft Pilates,pilates instructor,(718) 499-9488,,http://bodycraftstudio.com,,New York NY,New York,NY,40.667726,-73.9839028,osm,new,2026-08-02T02:17:21.904+00:00
osm:node/2568110466,Flow Pilates,pilates instructor,(718) 783-3900,info@flowpilatesny.com,https://flowpilatesny.com,,New York NY,New York,NY,40.6851902,-73.961331,osm,new,2026-08-02T02:17:21.524+00:00
osm:node/2567557168,Pilates on Ludlow,pilates instructor,(212) 353-1301,dave@lab6.com,https://pilatesonludlow.com,,77 Ludlow Street New York NY,New York,NY,40.7176956,-73.989687,osm,new,2026-08-02T02:17:21.139+00:00
osm:node/2494372768,Good Time Pilates,pilates instructor,,info@goodtimepilates.com,https://www.goodtimepilates.com/gowanus,,289 3rd Avenue New York NY,New York,NY,40.6771273,-73.9860965,osm,new,2026-08-02T02:17:21.054+00:00
osm:node/2494292644,The Pilates Garage,pilates instructor,(718) 768-1235,pilates.garage@gmail.com,https://www.pilatesgarage.com,,441 3rd Avenue New York NY,New York,NY,40.6719095,-73.9904562,osm,new,2026-08-02T02:17:20.767+00:00
osm:node/2384892239,Club Pilates,pilates instructor,(315) 610-7580,,https://www.clubpilates.com/location/upperwestside,,580 Columbus Avenue New York NY,New York,NY,40.7879854,-73.971344,osm,new,2026-08-02T02:17:20.512+00:00
osm:node/5482922218,StatenWeb,tech support,(718) 569-8123,,https://statenweb.com/,,296 Burbank Avenue Staten Island NY,Staten Island,NY,40.572681,-74.1095246,osm,new,2026-08-02T02:17:17.903+00:00
osm:node/13176759494,Dogtopia of Long Island City,pet sitting,(917) 277-4020,info@dogtopia.com,https://www.dogtopia.com/long-island-city/,,5-49 49th Avenue Long Island City NY,Long Island City,NY,40.7437323,-73.9543287,osm,new,2026-08-02T02:16:28.914+00:00
osm:node/13776834271,Rapawzel,pet sitting,(718) 271-1229,,,,25-89 Francis Lewis Boulevard Queens NY,Queens,NY,40.77326,-73.7954239,osm,new,2026-08-02T02:16:28.914+00:00
osm:node/2883536186,Dogcipline,pet sitting,(718) 304-5084,,,,20-08 Utopia Parkway Queens NY,Queens,NY,40.7794361,-73.7940398,osm,new,2026-08-02T02:16:28.703+00:00
osm:node/13438866839,Dogtown,pet sitting,(305) 448-5225,,,https://www.instagram.com/dogtownmiami,3686 Grand Avenue Miami FL,Miami,FL,25.7275389,-80.2532762,osm,new,2026-08-02T02:16:19.56+00:00
osm:node/5851459158,The Pet Sitters Professional Pet Sitting,pet sitting,(918) 544-6911,,https://www.thepetsittersmiami.com/,,Miami FL,Miami,FL,36.8935787,-94.8626825,osm,new,2026-08-02T02:16:19.56+00:00
osm:node/10998348138,Ecology Exterminating Service,pest control,(718) 972-1040,,https://ecologyexterminating.com,https://www.instagram.com/ecologyexterminating/,5122 Fort Hamilton Parkway Brooklyn NY,Brooklyn,NY,40.6371901,-73.9998797,osm,new,2026-08-02T02:16:16.384+00:00
osm:node/2541411850,National Pest Supplies,pest control,(718) 804-7055,,https://nationalpestsupplies.com/,,1950 Utica Avenue Brooklyn NY,Brooklyn,NY,40.6241868,-73.9276412,osm,new,2026-08-02T02:16:16.248+00:00
osm:node/2561662333,Hair Passion,hair stylist,(347) 276-5974,,,,6014 5th Avenue Brooklyn NY,Brooklyn,NY,40.6392713,-74.016585,osm,new,2026-08-02T02:16:07.582+00:00
osm:node/2561552369,Juan’s Barber Shop,hair stylist,(718) 854-9877,,,,511 51st Street Brooklyn NY,Brooklyn,NY,40.6443884,-74.0104416,osm,new,2026-08-02T02:16:07.582+00:00
osm:node/2561655170,Mary's Unisex Beauty Salon,hair stylist,(718) 492-9352,,,,473 59th Street Brooklyn NY,Brooklyn,NY,40.6403477,-74.0158399,osm,new,2026-08-02T02:16:07.582+00:00
osm:node/2561662284,Arish Barber Shop,hair stylist,(718) 686-6499,,,,507 61st Street Brooklyn NY,Brooklyn,NY,40.6387942,-74.0163799,osm,new,2026-08-02T02:16:07.582+00:00
osm:node/2561662319,Tlaxcalita La Bella,hair stylist,(718) 439-0006,,,,6001 5th Avenue Brooklyn NY,Brooklyn,NY,40.6393119,-74.0161406,osm,new,2026-08-02T02:16:07.582+00:00
osm:node/2556452412,Sam City Barber Shop,hair stylist,(929) 551-0001,,,,6811 Bay Parkway Brooklyn NY,Brooklyn,NY,40.6114652,-73.9836522,osm,new,2026-08-02T02:16:07.581+00:00
osm:node/2553192534,SS Barbershop,hair stylist,(929) 475-5224,,https://www.ssbarbershop.com,,505 73rd Street Brooklyn NY,Brooklyn,NY,40.6309501,-74.021706,osm,new,2026-08-02T02:16:07.581+00:00
osm:node/2555513505,Big Tony's Barbershop,hair stylist,(917) 470-0180,,,,1009 Avenue Z Brooklyn NY,Brooklyn,NY,40.5874737,-73.9599473,osm,new,2026-08-02T02:16:07.581+00:00
osm:node/2557115607,Sal's Barber Shop,hair stylist,(718) 833-2067,,,,7601 13th Avenue Brooklyn NY,Brooklyn,NY,40.6195552,-74.0080047,osm,new,2026-08-02T02:16:07.581+00:00
osm:node/2561215336,New 1 Hair Salon,hair stylist,(718) 333-5424,,,,6417 11th Avenue Brooklyn NY,Brooklyn,NY,40.6288268,-74.0055312,osm,new,2026-08-02T02:16:07.581+00:00
osm:node/2557695514,Elegant Barber Shop,hair stylist,(917) 209-7226,,,,1995 McDonald Avenue Brooklyn NY,Brooklyn,NY,40.6038697,-73.9720651,osm,new,2026-08-02T02:16:07.581+00:00
osm:node/2553613120,DG Hair Studio,hair stylist,(718) 339-8874,,,,1686 East 15th Street Brooklyn NY,Brooklyn,NY,40.6083382,-73.9583243,osm,new,2026-08-02T02:16:07.581+00:00
osm:node/2555510804,Misha Barber Shop,hair stylist,(929) 991-4434,,,,2570 West 2nd Street Brooklyn NY,Brooklyn,NY,40.5865802,-73.971504,osm,new,2026-08-02T02:16:07.581+00:00
osm:node/2552858615,Irena's Unixed Beauty Salon,hair stylist,(718) 646-2525,,,,244 Brighton Beach Avenue Brooklyn NY,Brooklyn,NY,40.5765599,-73.9656338,osm,new,2026-08-02T02:16:07.451+00:00
osm:node/2553044747,Long Over Do,hair stylist,(718) 491-5891,,,,508 74th Street Brooklyn NY,Brooklyn,NY,40.630074,-74.0219911,osm,new,2026-08-02T02:16:07.451+00:00
osm:node/2552658179,Salon 477,hair stylist,(347) 497-4817,,https://www.hairsalon477.com/,,477 82nd Street Brooklyn NY,Brooklyn,NY,40.6246239,-74.0250531,osm,new,2026-08-02T02:16:07.451+00:00
osm:node/2552852368,Kings Hair Salon,hair stylist,(718) 372-7777,,,,394 Neptune Avenue Brooklyn NY,Brooklyn,NY,40.5803173,-73.9671154,osm,new,2026-08-02T02:16:07.451+00:00
osm:node/2553164657,Jerusalem Hair Stylist,hair stylist,(646) 251-8962,,,,408 68th Street Brooklyn NY,Brooklyn,NY,40.6350633,-74.0229205,osm,new,2026-08-02T02:16:07.451+00:00
osm:node/2552880689,Perfect Touch Beauty Salon,hair stylist,(718) 646-4242,,,,3094 Brighton 4th Street Brooklyn NY,Brooklyn,NY,40.5767667,-73.9633105,osm,new,2026-08-02T02:16:07.451+00:00
osm:node/2552838687,5th Ave Barber Shop,hair stylist,(347) 981-7813,,,,8622 5th Avenue Brooklyn NY,Brooklyn,NY,40.6210431,-74.0267922,osm,new,2026-08-02T02:16:07.451+00:00
osm:node/2553065357,Cairo Barbershop,hair stylist,(347) 435-4770,,,,479B 72nd Street Brooklyn NY,Brooklyn,NY,40.6319348,-74.0220225,osm,new,2026-08-02T02:16:07.451+00:00
osm:node/2552672512,Hair Culture II,hair stylist,(718) 836-8189,,,,7602 3rd Avenue Brooklyn NY,Brooklyn,NY,40.6306874,-74.0282717,osm,new,2026-08-02T02:16:07.451+00:00
osm:node/2552595817,Aquarius,hair stylist,(718) 921-3901,,,,376 91st Street Brooklyn NY,Brooklyn,NY,40.6192387,-74.0302285,osm,new,2026-08-02T02:16:06.921+00:00
osm:node/2552623816,Farah's Hair Studio,hair stylist,(718) 836-3412,,,,8120 3rd Avenue Brooklyn NY,Brooklyn,NY,40.6265509,-74.0299807,osm,new,2026-08-02T02:16:06.921+00:00
osm:node/2552595844,Hair by Marcy,hair stylist,(347) 492-0509,,,,8811 3rd Avenue Brooklyn NY,Brooklyn,NY,40.6216774,-74.0316243,osm,new,2026-08-02T02:16:06.921+00:00
osm:node/2552542758,Hair & Co Bklyn,hair stylist,(718) 748-9880,hello@hairandcobklyn.com,https://hairandcobklyn.com/bay-ridge-team/,,9718 3rd Avenue Brooklyn NY,Brooklyn,NY,40.6154674,-74.0345099,osm,new,2026-08-02T02:16:06.921+00:00
osm:node/2552542719,Fade Factory NYC,hair stylist,,info@indiantypefoundry.com,https://fadefactorynyc.com,,9409 3rd Avenue Brooklyn NY,Brooklyn,NY,40.6176446,-74.033264,osm,new,2026-08-02T02:16:06.334+00:00
osm:node/2552542751,Bellagio,hair stylist,(718) 748-7770,,,,9702 3rd Avenue Brooklyn NY,Brooklyn,NY,40.6158431,-74.0343606,osm,new,2026-08-02T02:16:06.334+00:00
osm:node/2550142932,Nene African Hair Braiding & Dreadlocks,hair stylist,(718) 622-1900,,,,484 Tompkins Avenue Brooklyn NY,Brooklyn,NY,40.680457,-73.9434846,osm,new,2026-08-02T02:16:06.236+00:00
osm:node/2550142934,Khadija African Hair Braiding,hair stylist,(646) 247-5743,,,,490 Tompkins Avenue Brooklyn NY,Brooklyn,NY,40.6803644,-73.9434674,osm,new,2026-08-02T02:16:06.236+00:00
osm:node/2550087821,Gissel's Beauty Salon,hair stylist,(718) 567-8550,,,,5223B 4th Avenue Brooklyn NY,Brooklyn,NY,40.6446361,-74.0138594,osm,new,2026-08-02T02:16:06.236+00:00
osm:node/2550140524,Fulton Barber Shop,hair stylist,(929) 413-9480,,,,28 Arlington Place Brooklyn NY,Brooklyn,NY,40.680899,-73.9513378,osm,new,2026-08-02T02:16:06.236+00:00
osm:node/2550089900,Artisan Barber Shop,hair stylist,(929) 250-2220,,,,Brooklyn NY,Brooklyn,NY,40.6592858,-73.9814941,osm,new,2026-08-02T02:16:06.236+00:00
osm:node/2550140509,GiGi Glam Box,hair stylist,(347) 799-8449,,,,1251 Fulton Street Brooklyn NY,Brooklyn,NY,40.6806663,-73.9514536,osm,new,2026-08-02T02:16:06.236+00:00
osm:node/2550086544,Civic Studio,hair stylist,(646) 280-9984,hello@civiccollaborations.org,https://civiccollaborations.org,,352 Van Brunt Street Brooklyn NY,Brooklyn,NY,40.6780299,-74.0123077,osm,new,2026-08-02T02:16:06.236+00:00
osm:node/2550153220,Burzh-wa,hair stylist,(718) 237-2815,,,,980 Fulton Street Brooklyn NY,Brooklyn,NY,40.6822763,-73.96175,osm,new,2026-08-02T02:16:06.236+00:00
osm:node/2552542709,Joe's Barbershop,hair stylist,(718) 238-6129,,,,384 95th Street Brooklyn NY,Brooklyn,NY,40.6160801,-74.0315623,osm,new,2026-08-02T02:16:06.236+00:00
osm:node/2550147626,Coilz Natural Hair Salon,hair stylist,(917) 826-1484,,,,624 Nostrand Avenue Brooklyn NY,Brooklyn,NY,40.6771617,-73.9499609,osm,new,2026-08-02T02:16:06.236+00:00
osm:node/2550153213,Studio Phenomenon,hair stylist,(347) 623-6352,,,,901 Atlantic Avenue Brooklyn NY,Brooklyn,NY,40.6810197,-73.9630815,osm,new,2026-08-02T02:16:06.236+00:00
osm:node/2550086540,O & B Hair Salon,hair stylist,(718) 953-1612,,,,324 Van Brunt Street Brooklyn NY,Brooklyn,NY,40.6788725,-74.0113269,osm,new,2026-08-02T02:16:06.049+00:00
osm:node/2550064305,Long & Short Barber Co,hair stylist,(347) 335-0588,,https://longshortbarber.com,,278 Livingston Street Brooklyn NY,Brooklyn,NY,40.6885622,-73.9833655,osm,new,2026-08-02T02:16:06.049+00:00
osm:node/2550064328,Amy's Professional African Hair Braiding,hair stylist,(718) 875-4120,,,,Brooklyn NY,Brooklyn,NY,40.6878699,-73.984315,osm,new,2026-08-02T02:16:06.049+00:00
osm:node/2550064346,Richard's Hair Salon,hair stylist,(347) 228-9903,,,,Brooklyn NY,Brooklyn,NY,40.6876727,-73.9841966,osm,new,2026-08-02T02:16:06.049+00:00
osm:node/2550064314,Diallo Hair Braiding,hair stylist,(718) 522-0704,,,,316 Livingston Street Brooklyn NY,Brooklyn,NY,40.6880636,-73.9820922,osm,new,2026-08-02T02:16:06.049+00:00
osm:node/2550065295,Master Class Barber,hair stylist,(347) 457-6777,,,,66 Bond Street Brooklyn NY,Brooklyn,NY,40.6877607,-73.9843789,osm,new,2026-08-02T02:16:06.049+00:00
osm:node/2550005855,Max Stylist,hair stylist,(347) 260-6798,,,,295 Livingston Street Brooklyn NY,Brooklyn,NY,40.6883257,-73.9818046,osm,new,2026-08-02T02:16:05.833+00:00
osm:node/2549996696,Salon Mizuno,hair stylist,(718) 855-2729,,https://www.salonmizuno.com/,,119 Douglass Street Brooklyn NY,Brooklyn,NY,40.6828676,-73.9905899,osm,new,2026-08-02T02:16:05.833+00:00
osm:node/2550005874,Express Hair Salon,hair stylist,(718) 403-0031,,,,400 Bridge Street Brooklyn NY,Brooklyn,NY,40.6913007,-73.9854581,osm,new,2026-08-02T02:16:05.833+00:00
osm:node/2549890562,Amy Hair Braiding,hair stylist,(718) 856-1614,,,,702 Flatbush Avenue Brooklyn NY,Brooklyn,NY,40.6562079,-73.9601768,osm,new,2026-08-02T02:16:05.506+00:00
osm:node/2549890556,Kreation's Barber Shop,hair stylist,(718) 940-9499,,,,696 Flatbush Avenue Brooklyn NY,Brooklyn,NY,40.656432,-73.9602337,osm,new,2026-08-02T02:16:05.506+00:00
osm:node/2549874240,Signature Styling Studio,hair stylist,(347) 365-1341,,,,8 Lenox Road Brooklyn NY,Brooklyn,NY,40.6534879,-73.9590451,osm,new,2026-08-02T02:16:05.506+00:00
osm:node/2547733587,Fifa Salon,hair stylist,(718) 499-9602,,,,Brooklyn NY,Brooklyn,NY,40.6611706,-73.9938241,osm,new,2026-08-02T02:16:05.506+00:00
osm:node/2549878213,Grandes Ligas Dominican Barber Shop,hair stylist,(347) 627-9691,,,,831 Flatbush Avenue Brooklyn NY,Brooklyn,NY,40.652343,-73.9590223,osm,new,2026-08-02T02:16:05.506+00:00
osm:node/2547630745,Napp Star,hair stylist,,customerservice@nappstar.com,https://nappstar.com,,1245 Atlantic Avenue Brooklyn NY,Brooklyn,NY,40.6786162,-73.9493359,osm,new,2026-08-02T02:16:05.506+00:00
osm:node/2547733309,Yani's New Look,hair stylist,(718) 473-5494,,,,Brooklyn NY,Brooklyn,NY,40.6646538,-73.9930689,osm,new,2026-08-02T02:16:05.506+00:00
osm:node/2549881987,The Best Dominican Barber Shop,hair stylist,(347) 562-7378,,,,2184 Bedford Avenue Brooklyn NY,Brooklyn,NY,40.6507679,-73.9560037,osm,new,2026-08-02T02:16:05.506+00:00
osm:node/2547610021,Exodus Barbers,hair stylist,(728) 975-4443,,,,11 Winthrop Street Brooklyn NY,Brooklyn,NY,40.6566138,-73.9596737,osm,new,2026-08-02T02:16:05.218+00:00
osm:node/2524539372,Drybar,hair stylist,(929) 515-7800,,,,Brooklyn NY,Brooklyn,NY,40.6890234,-73.9920062,osm,new,2026-08-02T02:16:05.218+00:00
osm:node/2545132423,Domincan Fantasy Beauty Salon,hair stylist,(718) 342-3708,,,,798 Dumont Avenue Brooklyn NY,Brooklyn,NY,40.6669787,-73.8891262,osm,new,2026-08-02T02:16:05.218+00:00
osm:node/2547610050,M & D's Beauty Spot #1,hair stylist,(347) 656-4427,,,,247 Parkside Avenue Brooklyn NY,Brooklyn,NY,40.6557841,-73.9594667,osm,new,2026-08-02T02:16:05.218+00:00
osm:node/2523787362,Pinkyz Place,hair stylist,(347) 844-9404,,https://www.pinkyzplace.com,,Brooklyn NY,Brooklyn,NY,40.690173,-73.994748,osm,new,2026-08-02T02:16:05.217+00:00
osm:node/2494197819,Blue & Black,hair stylist,(347) 987-4426,user@domain.com,https://www.blueandblack.com,,488 Court Street Brooklyn NY,Brooklyn,NY,40.6772934,-73.9985084,osm,new,2026-08-02T02:16:05.116+00:00
osm:node/2577477846,PYDOT - Web hosting,computer repair,(305) 517-1770,,http://www.pydot.com/,,Miami FL,Miami,FL,25.7901905,-80.1857491,osm,new,2026-08-02T02:15:59.448+00:00
osm:node/13588092995,Geo Locksmith,locksmith,(917) 819-9171,,https://geolocksmith.com,https://www.instagram.com/geo_locksmith,2373 East 1st Street Brooklyn NY,Brooklyn,NY,40.5909965,-73.9692319,osm,new,2026-08-02T02:15:57.823+00:00
osm:node/13481308928,EMS Locksmith Corp,locksmith,(646) 362-4491,locksmithservicesems@gmail.com,https://emslocksmith.net/,,Brooklyn NY,Brooklyn,NY,40.5848725,-73.9338385,osm,new,2026-08-02T02:15:57.479+00:00
osm:node/9755253134,A-Leader Locksmith Hardware,locksmith,(718) 934-1116,,,,255 Neptune Avenue Brooklyn NY,Brooklyn,NY,40.5815117,-73.9629577,osm,new,2026-08-02T02:15:54.569+00:00
osm:node/9141995278,Locks & Cameras,locksmith,(718) 788-8405,,https://www.locksandcameras.com,,910 4th Avenue Brooklyn NY,Brooklyn,NY,40.655772,-74.0032077,osm,new,2026-08-02T02:15:54.569+00:00
osm:node/2550604120,Miguel's Locksmith Service,locksmith,(718) 596-4124,,,,Brooklyn NY,Brooklyn,NY,40.6633055,-73.995389,osm,new,2026-08-02T02:15:54.557+00:00
osm:node/5981998921,Fifth Avenue Key Shop,locksmith,(718) 768-8643,,,,Brooklyn NY,Brooklyn,NY,40.6695843,-73.9867699,osm,new,2026-08-02T02:15:54.557+00:00
osm:node/2562001516,All-Security Lock & Alarm,locksmith,(718) 435-9055,,,,1241 Prospect Avenue Brooklyn NY,Brooklyn,NY,40.6525292,-73.9758273,osm,new,2026-08-02T02:15:54.557+00:00
osm:node/5349707255,The Locksmith House,locksmith,(855) 445-5625,,,,Wyckoff Avenue Brooklyn NY,Brooklyn,NY,40.6971417,-73.9070499,osm,new,2026-08-02T02:15:54.557+00:00
osm:node/6300062995,Lehman Locksmiths and Hardware,locksmith,(718) 499-8102,,,,Brooklyn NY,Brooklyn,NY,40.6599732,-73.9805357,osm,new,2026-08-02T02:15:54.557+00:00
osm:node/5203214251,All Security,locksmith,(718) 434-9055,,,,500 2nd Street Brooklyn NY,Brooklyn,NY,40.6712013,-73.9784664,osm,new,2026-08-02T02:15:54.557+00:00
osm:node/11746463846,Core Culture Pilates,pilates instructor,,hello@coreculturepilates.com,https://www.coreculturepilates.com,,146 Sullivan Street New York NY,New York,NY,40.7271604,-74.0019485,osm,new,2026-08-02T02:15:36.807+00:00
osm:node/10757178647,Pilates Habitat,pilates instructor,(917) 265-8954,,https://www.pilateshabitat.com/,,Manhattan NY,Manhattan,NY,40.7355214,-73.9859028,osm,new,2026-08-02T02:15:36.684+00:00
osm:node/9509315841,Riverside Pilates,pilates instructor,(646) 431-5098,,http://riversidepilates.com,,121 La Salle Street New York NY,New York,NY,40.8140805,-73.960112,osm,new,2026-08-02T02:15:36.561+00:00
osm:node/9215689736,Good Day Pilates Studio,pilates instructor,(646) 590-1235,,https://www.gooddaypilates.com/sohogd,goodday.pilates,150 Spring Street Manhattan NY,Manhattan,NY,40.7241675,-74.0015326,osm,new,2026-08-02T02:15:36.501+00:00
osm:node/7312396779,Pilates Coven,pilates instructor,(332) 208-2329,user@domain.com,https://www.pilatescoven.com,,114 Suffolk Street New York NY,New York,NY,40.7189047,-73.9860111,osm,new,2026-08-02T02:15:36.278+00:00
osm:node/2704081062,Club Pilates,pilates instructor,(212) 601-2667,,https://www.clubpilates.com/location/gramercy,,381 2nd Avenue Manhattan NY,Manhattan,NY,40.7373965,-73.9814986,osm,new,2026-08-02T02:15:36.177+00:00
osm:node/12634538049,CK Tax,tax preparation,(718) 876-8222,,,,Staten Island NY,Staten Island,NY,40.5970882,-74.0843808,osm,new,2026-08-02T02:15:21.57+00:00
osm:node/12168864143,Jiawei Lu-Xiao CPA PLLC,tax preparation,(929) 699-0339,,,,Staten Island NY,Staten Island,NY,40.5876478,-74.0906666,osm,new,2026-08-02T02:15:21.57+00:00
osm:node/12167346636,Financial Solutions Group LLC,tax preparation,(718) 698-1000,,,,2078 Richmond Avenue Staten Island NY,Staten Island,NY,40.5967551,-74.1626088,osm,new,2026-08-02T02:15:21.57+00:00
osm:node/10690350233,Staten Island Tax Services,tax preparation,(646) 670-1116,,https://statenislandtaxservices.com/,,2047 Victory Blvd Staten Island NY,Staten Island,NY,40.6126371,-74.1317038,osm,new,2026-08-02T02:15:21.57+00:00
osm:node/10195939304,Liberty Tax,tax preparation,(718) 667-8299,,,,Staten Island NY,Staten Island,NY,40.5708216,-74.1106736,osm,new,2026-08-02T02:15:21.537+00:00
osm:node/10717839778,Eva's Supplements,nutrition coach,,evas@evas.nyc,https://www.evassupplements.com,,11 West 8th Street New York NY,New York,NY,40.7326881,-73.9971229,osm,new,2026-08-02T02:02:04.064+00:00
osm:node/10261359094,GNC,nutrition coach,(718) 285-4350,,https://stores.gnc.com/all-stores-new-york/staten-island/2040-forest-plaza,,2040 Forest Avenue Staten Island NY,Staten Island,NY,40.625363,-74.1558674,osm,new,2026-08-02T02:02:02.519+00:00
osm:node/9032956717,Ideal Vitamins,nutrition coach,(718) 676-6030,,,,New York NY,New York,NY,40.6160786,-73.976261,osm,new,2026-08-02T02:02:02.483+00:00
osm:node/9770640992,Vitahealth Apothecary,nutrition coach,(212) 722-1110,,,,1609 2nd Avenue New York NY,New York,NY,40.776268,-73.95313,osm,new,2026-08-02T02:02:02.483+00:00
osm:node/8793447488,The Vitamin Shoppe,nutrition coach,(607) 729-4960,,https://locations.vitaminshoppe.com/ny/vestal/vitamins-supplements-vestal-ny-841.html,,2545 Vestal Parkway East Vestal NY,Vestal,NY,42.0955915,-76.0057511,osm,new,2026-08-02T02:02:02.482+00:00
osm:node/8785743529,GNC,nutrition coach,(585) 381-6710,,,,1601 Penfield Road Rochester NY,Rochester,NY,43.1332292,-77.4965674,osm,new,2026-08-02T02:02:02.211+00:00
osm:node/7598428049,The Vitamin Shoppe,nutrition coach,(718) 351-5827,,https://locations.vitaminshoppe.com/ny/statenisland/vitamins-supplements-staten-island-ny-680.html,,2602 Hyland Boulevard C Staten Island NY,Staten Island,NY,40.5678829,-74.1118361,osm,new,2026-08-02T02:02:02.211+00:00
osm:node/8449899161,Vitamin World,nutrition coach,(518) 798-0403,,,,756 Upper Glen Street Queensbury NY,Queensbury,NY,43.3305648,-73.6695807,osm,new,2026-08-02T02:02:02.211+00:00
osm:node/6342191360,NYC Health & Nutrition,nutrition coach,(646) 350-9803,info@nychealthynutrition.com,https://www.nychealthynutrition.com/,,1115 Broadway New York NY,New York,NY,40.7429649,-73.9892949,osm,new,2026-08-02T02:02:01.891+00:00
osm:node/6805940243,The Vitamin Shoppe,nutrition coach,(631) 689-8315,,,,1320 Stony Brook Road Stony Brook NY,Stony Brook,NY,40.8760517,-73.1196737,osm,new,2026-08-02T02:02:01.891+00:00
osm:node/5777803394,Ripped Long Beach,nutrition coach,(516) 431-0100,,,,227 East Park Avenue Long Beach NY,Long Beach,NY,40.5888321,-73.6570366,osm,new,2026-08-02T02:02:01.63+00:00
osm:node/5759400510,Vitamin Warehouse,nutrition coach,(315) 437-4542,,https://vitaglo.com/,,3990 New Court Avenue Syracuse NY,Syracuse,NY,43.0801506,-76.1114855,osm,new,2026-08-02T02:02:01.63+00:00
osm:node/5683043826,GNC,nutrition coach,(718) 256-1779,,https://www.gnc.com/,,7017 18th Avenue Brooklyn NY,Brooklyn,NY,40.6157848,-73.9933389,osm,new,2026-08-02T02:02:01.531+00:00
osm:node/5474152979,Tannia's Natural Nutrition,nutrition coach,(718) 497-7863,,http://www.tanniasnaturalnutrition.com/,,18-20 Grove Street Ridgewood NY,Ridgewood,NY,40.704523,-73.9092843,osm,new,2026-08-02T02:02:01.481+00:00
osm:node/2883438621,GNC,nutrition coach,(718) 353-0406,,https://stores.gnc.com/,,39-07 Main Street Flushing NY,Flushing,NY,40.7598849,-73.8301056,osm,new,2026-08-02T02:02:01.437+00:00
osm:node/1701741440,The Vitamin Shoppe,nutrition coach,(315) 446-2128,,http://www.vitaminshoppe.com/content/en/stores/store_detail.jsp?sn=407,,3425 Erie Boulevard East DeWitt NY,DeWitt,NY,43.0470997,-76.0692128,osm,new,2026-08-02T02:01:59.77+00:00
osm:way/1176939308,"Accurate Pest Control, Nuisance Wildlife, and Mold Remediation",pest control,(518) 374-0357,services@accuratepestcontrolny.com,https://www.accuratepestcontrolny.com,,1161 Curry Road Schenectady NY,Schenectady,NY,42.7857568,-73.9672907,osm,new,2026-08-02T02:00:59.349+00:00
osm:way/953740320,"Bugg Control, Inc.",pest control,(716) 773-2844,office@buggcontrol.com,https://buggcontrol.com/,,2995 Grand Island Boulevard Grand Island NY,Grand Island,NY,43.0434808,-78.9827283,osm,new,2026-08-02T02:00:59.271+00:00
osm:way/250427425,Walnut Investment Services,bookkeeping,(718) 788-1972,,,,1018 8th Avenue Brooklyn NY,Brooklyn,NY,40.6648366,-73.9801877,osm,new,2026-08-02T02:00:59.172+00:00
osm:node/11479622122,Accountable IQ,bookkeeping,(866) 533-9070,info@accountableiq.com,https://accountableiq.com/,,Brooklyn NY,Brooklyn,NY,40.6472645,-74.0083744,osm,new,2026-08-02T02:00:59.172+00:00
osm:node/12360441534,Hilton & Co,bookkeeping,(518) 406-7475,,,,Brooklyn NY,Brooklyn,NY,40.6592406,-73.9506704,osm,new,2026-08-02T02:00:59.172+00:00
osm:node/12360441521,McCormac Enterprise,bookkeeping,(718) 363-2527,,,,293 Winthrop Street Brooklyn NY,Brooklyn,NY,40.6571649,-73.9506268,osm,new,2026-08-02T02:00:59.172+00:00
osm:node/11907690087,Boytan & Associates,bookkeeping,(718) 313-0655,,,,1022 Avenue P Brooklyn NY,Brooklyn,NY,40.6098099,-73.9627314,osm,new,2026-08-02T02:00:59.172+00:00
osm:node/11238749213,OG Tax Advisors & Accountants,bookkeeping,(718) 788-1327,info@ogcpafirm.com,https://ogcpafirm.com,,164 20th Street Brooklyn NY,Brooklyn,NY,40.6635198,-73.9957563,osm,new,2026-08-02T02:00:58.958+00:00
osm:node/11074051857,Sarowitz Milito & Co.,bookkeeping,(718) 769-4497,,http://www.sarowitzmilitocpa.com/,,169 West End Avenue Brooklyn NY,Brooklyn,NY,40.5776505,-73.9528634,osm,new,2026-08-02T02:00:56.726+00:00
osm:node/10822653434,Crystal Tax,bookkeeping,(718) 921-9800,,https://crystaltaxinc.com,,Brooklyn NY,Brooklyn,NY,40.6282776,-74.0229608,osm,new,2026-08-02T02:00:56.127+00:00
osm:node/10874803324,Diversified Financial Services,bookkeeping,(718) 833-6266,,,,Brooklyn NY,Brooklyn,NY,40.6190971,-74.0284638,osm,new,2026-08-02T02:00:56.127+00:00
osm:node/10822962193,Jack Kaddah,bookkeeping,(347) 421-5796,,,,Brooklyn NY,Brooklyn,NY,40.6247383,-74.0248201,osm,new,2026-08-02T02:00:56.127+00:00
osm:node/10822931536,Epic Tax & Accounting,bookkeeping,(917) 446-1444,,,,480 80th Street Brooklyn NY,Brooklyn,NY,40.6258625,-74.0244933,osm,new,2026-08-02T02:00:56.127+00:00
osm:node/10822776528,S.A.V.E. Associates,bookkeeping,(718) 836-7000,,,,Brooklyn NY,Brooklyn,NY,40.6275316,-74.0236086,osm,new,2026-08-02T02:00:56.127+00:00
osm:node/10822653431,M&T Certified Public Accountants,bookkeeping,(646) 829-5888,,,,475 77th Street Brooklyn NY,Brooklyn,NY,40.6282878,-74.0235749,osm,new,2026-08-02T02:00:56.031+00:00
osm:node/10676873030,Paquita Beltre Service Center,bookkeeping,(718) 567-7169,paquitabeltreservicecenter@gmail.com,https://paquitasservicecenter.com,,Brooklyn NY,Brooklyn,NY,40.644482,-74.0140369,osm,new,2026-08-02T02:00:56.031+00:00
osm:node/10555238467,Gomez & Gomez,bookkeeping,(718) 693-7292,,https://www.gomez.tax,,Brooklyn NY,Brooklyn,NY,40.6573267,-73.9604433,osm,new,2026-08-02T02:00:55.95+00:00
osm:node/9840601320,Nodelays Tax Multi Services Corp,bookkeeping,(347) 461-9350,,https://nodelaystaxmultiservicescorp.com,,659 Rogers Ave Brooklyn NY,Brooklyn,NY,40.6554371,-73.9527698,osm,new,2026-08-02T02:00:55.878+00:00
osm:node/9913486026,"Anatoly Osadchy, CPA",bookkeeping,(718) 615-1880,,,,3079 Brighton 13th Street Brooklyn NY,Brooklyn,NY,40.5784543,-73.9564665,osm,new,2026-08-02T02:00:55.878+00:00
osm:node/9834107269,SBAS,bookkeeping,(718) 494-1101,,,,6934 5th Avenue Brooklyn NY,Brooklyn,NY,40.6327515,-74.0214952,osm,new,2026-08-02T02:00:55.869+00:00
osm:node/8756259978,Park Slope Taxes,bookkeeping,(718) 638-3338,info@parkslopetaxes.com,https://www.parkslopetaxes.com,,Brooklyn NY,Brooklyn,NY,40.6728738,-73.9737512,osm,new,2026-08-02T02:00:55.869+00:00
osm:node/9740077039,"Mark Chowdhury, CPA",bookkeeping,(718) 254-6011,,,,Brooklyn NY,Brooklyn,NY,40.6416074,-73.9794533,osm,new,2026-08-02T02:00:55.869+00:00
osm:node/9750049371,"Sawar B. Salam, CPA",bookkeeping,(718) 436-4601,,,,Brooklyn NY,Brooklyn,NY,40.6425538,-73.9791406,osm,new,2026-08-02T02:00:55.869+00:00
osm:node/9554517684,NY Tax Time,bookkeeping,(718) 853-4444,,,,Brooklyn NY,Brooklyn,NY,40.6476057,-74.00802,osm,new,2026-08-02T02:00:55.869+00:00
osm:node/9740077033,"Rafiq & Associates, CPA",bookkeeping,(718) 431-0632,,,,Brooklyn NY,Brooklyn,NY,40.6422289,-73.9796242,osm,new,2026-08-02T02:00:55.869+00:00
osm:node/9588387624,Premier Accounting,bookkeeping,(347) 625-1040,,,,Brooklyn NY,Brooklyn,NY,40.6949091,-73.951963,osm,new,2026-08-02T02:00:55.869+00:00
osm:node/13084616362,Top Hat Exterminating Corp,pest control,(718) 967-0261,,https://www.tophatexterminating.net,,Nelson Avenue Staten Island NY,Staten Island,NY,40.5430567,-74.1467153,osm,new,2026-08-02T02:00:55.82+00:00
osm:node/11015438685,Red Cap Exterminating,pest control,(718) 538-4541,,https://redcapexterminating.com/,,930 Grand Concourse Bronx NY,Bronx,NY,40.8281722,-73.921417,osm,new,2026-08-02T02:00:55.711+00:00
osm:node/8149346245,Maagon C.P.A.,bookkeeping,(929) 215-7258,,https://www.maagoncpa.com,,Brooklyn NY,Brooklyn,NY,40.6864984,-73.9771542,osm,new,2026-08-02T02:00:54.658+00:00
osm:node/6334491282,"Daniel Lahage, CPA",bookkeeping,(718) 833-4304,,,,Brooklyn NY,Brooklyn,NY,40.6630883,-73.9913245,osm,new,2026-08-02T02:00:54.271+00:00
osm:node/6415057480,"Sollazzo & Marangelli, LLP",bookkeeping,(718) 236-4242,,,,6606 17th Avenue Brooklyn NY,Brooklyn,NY,40.6198175,-73.9933972,osm,new,2026-08-02T02:00:54.271+00:00
osm:node/6127292210,Aerotax,bookkeeping,(718) 233-3388,,https://aerotax.net/,,1018 Willoughby Avenue Brooklyn NY,Brooklyn,NY,40.6990158,-73.928397,osm,new,2026-08-02T02:00:54.271+00:00
osm:node/5853859979,BLR Agency,bookkeeping,(718) 499-2065,,,,7804 17th Avenue Brooklyn NY,Brooklyn,NY,40.6130526,-74.0004318,osm,new,2026-08-02T02:00:54.193+00:00
osm:node/5656772685,Fairweather Tax & Accounting,bookkeeping,(718) 768-8370,,https://fairweatheraccounting.com,,Brooklyn NY,Brooklyn,NY,40.6708091,-73.9886086,osm,new,2026-08-02T02:00:54.193+00:00
osm:node/5874058720,Farouk Elsebaie,bookkeeping,(718) 768-0848,,,,227 12th Street Brooklyn NY,Brooklyn,NY,40.6684485,-73.9898192,osm,new,2026-08-02T02:00:54.193+00:00
osm:node/2838688664,Torres & Associates,bookkeeping,(718) 453-4241,,,,465 Lorimer Street Brooklyn NY,Brooklyn,NY,40.7108828,-73.9489705,osm,new,2026-08-02T02:00:54.134+00:00
osm:node/2568678397,"Auxilia Accounting, Inc",bookkeeping,(718) 795-8984,christa@auxiliaaccounting.com,https://www.auxiliaaccounting.com,,Brooklyn NY,Brooklyn,NY,40.6645438,-73.9866577,osm,new,2026-08-02T02:00:54.134+00:00
osm:node/2573098486,CPA Office,bookkeeping,(718) 622-4221,,,,75 6th Avenue Brooklyn NY,Brooklyn,NY,40.6803432,-73.974505,osm,new,2026-08-02T02:00:54.134+00:00
osm:node/2888135358,Joseph S. Reisman & Associates,bookkeeping,(718) 332-1040,,,,2751 Coney Island Avenue Brooklyn NY,Brooklyn,NY,40.5896096,-73.9603301,osm,new,2026-08-02T02:00:54.134+00:00
osm:node/2561959430,Forhad CPA & Associates,bookkeeping,(718) 854-1580,,,,Brooklyn NY,Brooklyn,NY,40.6409273,-73.9792961,osm,new,2026-08-02T02:00:53.711+00:00
osm:node/2561668322,Parkview Terrace Accounting & Tax Services,bookkeeping,(718) 439-4283,,https://www.pvttaxaccounting.com,,6324 5th Avenue Brooklyn NY,Brooklyn,NY,40.6373884,-74.0185565,osm,new,2026-08-02T02:00:53.711+00:00
osm:node/2568087440,Paul McDavid Certified Public Accountants,bookkeeping,(718) 638-5900,,,,1011 Fulton Street Brooklyn NY,Brooklyn,NY,40.6824658,-73.9614477,osm,new,2026-08-02T02:00:53.711+00:00
osm:node/2553164663,M&A Ezzat,bookkeeping,(718) 748-4760,,,,477 68th Street Brooklyn NY,Brooklyn,NY,40.6344142,-74.0210174,osm,new,2026-08-02T02:00:53.588+00:00
osm:node/2553065364,Idris And Sons Accounting And Business Taxation,bookkeeping,(718) 680-2008,,https://idrisandsonsaccountingandbusinesstaxation.com,,6915 4th Avenue Brooklyn NY,Brooklyn,NY,40.6341686,-74.0234938,osm,new,2026-08-02T02:00:53.587+00:00
osm:node/2550149664,Adio Accounting,bookkeeping,(718) 483-8499,,,,1272 Bedford Avenue Brooklyn NY,Brooklyn,NY,40.6802988,-73.9535374,osm,new,2026-08-02T02:00:53.576+00:00
osm:node/2553044798,T.C.A. Income Tax & Accounting,bookkeeping,(718) 833-4500,,,,7401 5th Avenue Brooklyn NY,Brooklyn,NY,40.6301419,-74.0221806,osm,new,2026-08-02T02:00:53.576+00:00
osm:node/10581023816,Davis Pest Control Inc,pest control,(917) 374-6219,,https://davispestcontrol.net,,325 Franklin Avenue Hewlett NY,Hewlett,NY,40.6390476,-73.7056919,osm,new,2026-08-02T02:00:53.441+00:00
osm:node/2550011360,Upscale Accounting Firm,bookkeeping,(917) 635-0114,support@upscaleaccountingfirm.com,https://www.upscaleaccountingfirm.com/,,119 Union Street Brooklyn NY,Brooklyn,NY,40.684575,-74.0032449,osm,new,2026-08-02T02:00:53.254+00:00
osm:node/2494210957,Berand's Accounting & Travel,bookkeeping,(718) 462-6622,,,,1507 Cortelyou Road Brooklyn NY,Brooklyn,NY,40.6414722,-73.9641696,osm,new,2026-08-02T02:00:53.1+00:00
osm:node/7545558109,"Eliminate 'Em Pest Control Services, LLC",pest control,(866) 746-2307,,https://www.eliminateem.com/,,777 Westchester Avenue White Plains NY,White Plains,NY,41.0230134,-73.7315965,osm,new,2026-08-02T02:00:51.425+00:00
osm:node/2843245291,National Pest and Exterminators Supplies,pest control,(718) 804-7055,,https://nationalpestsupplies.com/,,78-03 68th Road Middle Village NY,Middle Village,NY,40.7102492,-73.8750564,osm,new,2026-08-02T02:00:51.084+00:00
osm:node/9684346706,Emerald Mechanical Solutions,hvac,(212) 233-1001,,https://emeraldmechanicalsolutions.com,,70 Lafayette Street New York NY,New York,NY,40.7169077,-74.0021582,osm,new,2026-08-02T02:00:20.057+00:00
osm:node/6242077700,East Coast Auto Plaza,window tinting,(718) 995-3333,,,,175-14 147th Avenue Queens NY,Queens,NY,40.6609698,-73.7707043,osm,new,2026-08-02T01:47:06.567+00:00
osm:node/6154645378,Alieu J. Auto Repair Inc,window tinting,(917) 387-8268,,,,130-28 Merrick Boulevard Queens NY,Queens,NY,40.6799322,-73.7623883,osm,new,2026-08-02T01:47:06.567+00:00
osm:node/6154645368,Better Body Auto,window tinting,(718) 527-2638,,,,123-40 Merrick Boulevard Queens NY,Queens,NY,40.682383,-73.7675419,osm,new,2026-08-02T01:47:06.566+00:00
osm:node/6030544478,T Auto Repair,window tinting,(347) 599-9628,,https://www.facebook.com/T-Auto-Repair-165989560407093/,,61-04 Fresh Pond Road Queens NY,Queens,NY,40.7143104,-73.9013894,osm,new,2026-08-02T01:47:06.566+00:00
osm:node/6154645370,Sam's Automotive Repairs,window tinting,(718) 525-1714,,,,123-30 Merrick Boulevard Queens NY,Queens,NY,40.6825373,-73.7678662,osm,new,2026-08-02T01:47:06.566+00:00
osm:node/6154645371,AA Automotive Auto Collision Specialist,window tinting,(718) 341-9000,,,,123-22 Merrick Boulevard Queens NY,Queens,NY,40.6826308,-73.7680191,osm,new,2026-08-02T01:47:06.566+00:00
osm:node/6154645238,General Auto Body Works,window tinting,(718) 526-6679,,,,107-57 Merrick Boulevard Queens NY,Queens,NY,40.6988311,-73.7871984,osm,new,2026-08-02T01:47:06.566+00:00
osm:node/5760219039,Tolima's Auto Center,window tinting,(718) 361-1950,,,,35-40 42nd Street Queens NY,Queens,NY,40.7534298,-73.9214552,osm,new,2026-08-02T01:47:06.23+00:00
osm:node/5721461761,K & M Auto Repair Inc,window tinting,(718) 456-0006,,,,9-75 Wyckoff Avenue Queens NY,Queens,NY,40.6963965,-73.9051844,osm,new,2026-08-02T01:47:06.23+00:00
osm:node/5906816692,King of Queens Auto Service,window tinting,(718) 786-0010,,,,38-03 21st Street Queens NY,Queens,NY,40.7572376,-73.9390172,osm,new,2026-08-02T01:47:06.23+00:00
osm:node/5906816693,Ultimate Auto Care Of 21st St. Inc,window tinting,(718) 392-2757,,,,Queens NY,Queens,NY,40.7588614,-73.9375033,osm,new,2026-08-02T01:47:06.23+00:00
osm:node/5642876658,Rod Auto Repair,window tinting,(347) 730-4246,,,,59-02 Flushing Avenue Queens NY,Queens,NY,40.7182818,-73.908146,osm,new,2026-08-02T01:47:06.23+00:00
osm:node/6028239676,"Fresh Pond Auto Repair, Inc.",window tinting,(718) 381-5035,,,,61-50 62nd Road Queens NY,Queens,NY,40.7131884,-73.8998767,osm,new,2026-08-02T01:47:06.23+00:00
osm:node/5642870719,American Autobody & Recovery,window tinting,(718) 386-0547,,,,60-05 Flushing Avenue Queens NY,Queens,NY,40.7192039,-73.9073882,osm,new,2026-08-02T01:47:06.23+00:00
osm:node/5723327207,Six Brother Auto Repair,window tinting,(718) 628-1901,,,,656 Onderonk Avenue Queens NY,Queens,NY,40.7043256,-73.9080883,osm,new,2026-08-02T01:47:06.23+00:00
osm:node/5603082297,Five Z's Auto Repair Inc,window tinting,(718) 386-2428,,https://fivezsautorepair.com/,,69-38 Central Avenue Queens NY,Queens,NY,40.7041806,-73.8823077,osm,new,2026-08-02T01:47:06.229+00:00
osm:node/5612351109,Manabi Auto Repair Inc,window tinting,(718) 821-0084,,,,64-20 Shaler Avenue Queens NY,Queens,NY,40.7029911,-73.8925993,osm,new,2026-08-02T01:47:06.229+00:00
osm:node/5642320484,Artie's Auto Place,window tinting,(718) 326-7486,,,,60-93 58th Avenue Queens NY,Queens,NY,40.7211016,-73.9045375,osm,new,2026-08-02T01:47:06.229+00:00
osm:node/5504081853,Grand Auto Repair Corporation,window tinting,(718) 821-7744,,,,475 Seneca Avenue Queens NY,Queens,NY,40.7059045,-73.912679,osm,new,2026-08-02T01:47:03.859+00:00
osm:node/5425906755,RTS Auto Repair Flat Fix,window tinting,(347) 869-1949,,,,144-34 Farmers Boulevard Queens NY,Queens,NY,40.6676431,-73.7670994,osm,new,2026-08-02T01:47:03.859+00:00
osm:node/5395890779,Safelite AutoGlass,window tinting,(877) 664-8932,,https://www.safelite.com/stores/astoria,,19-19 37th Street Queens NY,Queens,NY,40.7786062,-73.9012333,osm,new,2026-08-02T01:47:03.859+00:00
osm:node/5493823141,A1 Auto Repair & Transmission,window tinting,(718) 417-4500,,,,63-07 Fresh Pond Road Ridgewood NY,Ridgewood,NY,40.7117104,-73.8997932,osm,new,2026-08-02T01:47:03.859+00:00
osm:node/5546523252,JDRH Auto Body & Collision,window tinting,(718) 736-0714,,,,213-33 99th Avenue Queens NY,Queens,NY,40.7147675,-73.7442474,osm,new,2026-08-02T01:47:03.859+00:00
osm:node/5376571541,T&A Auto Repair,window tinting,(718) 729-3333,,http://tandaauto1320.wixsite.com/tandaautorepairs,,13-20 Jackson Avenue Queens NY,Queens,NY,40.7440594,-73.9489645,osm,new,2026-08-02T01:47:02.129+00:00
osm:node/5375727875,Five Star Auto Body,window tinting,(718) 821-6581,,,,63-51 Forest Avenue Queens NY,Queens,NY,40.7094294,-73.9042864,osm,new,2026-08-02T01:47:02.01+00:00
osm:node/5349697197,"Quicken Auto Mechanic, Inc.",window tinting,(718) 821-1114,,,,1659 Woodbine Street Queens NY,Queens,NY,40.7004854,-73.9090842,osm,new,2026-08-02T01:47:02.01+00:00
osm:node/4995779509,Universal Auto Tech and Body Works,window tinting,(718) 707-0410,,,,Queens NY,Queens,NY,40.7463217,-73.9527255,osm,new,2026-08-02T01:47:02.01+00:00
osm:node/4528188657,Fast Fix Automotive,window tinting,(718) 658-1066,,https://fastfixautomotive.com,,139-35 Queens Boulevard Jamaica NY,Jamaica,NY,40.7055322,-73.8155107,osm,new,2026-08-02T01:47:02.01+00:00
osm:node/5342817878,Eurotech Auto Sales & Service,window tinting,(718) 424-1700,,,,69-14 48th Avenue Queens NY,Queens,NY,40.7382164,-73.8952866,osm,new,2026-08-02T01:47:02.01+00:00
osm:node/5342815097,Golden Auto Body,window tinting,(718) 939-2006,,,,131-09 14th Avenue Queens NY,Queens,NY,40.7863429,-73.8368978,osm,new,2026-08-02T01:47:02.01+00:00
osm:node/5163872791,Wyckoff Halsey Auto Service,window tinting,(718) 366-4386,,,,981 Wyckoff Avenue Queens NY,Queens,NY,40.6963109,-73.9050276,osm,new,2026-08-02T01:47:02.01+00:00
osm:node/6121848244,Computer Phone Repair,tech support,(718) 977-1221,,,,247-22E South Conduit Avenue Queens NY,Queens,NY,40.6652262,-73.7303209,osm,new,2026-08-02T01:46:51.342+00:00
osm:node/10739819911,TRS Computer Tablet and Phone Repair,tech support,(929) 269-3614,,,,71-52 Austin Street Forest Hills NY,Forest Hills,NY,40.7193979,-73.8430443,osm,new,2026-08-02T01:46:51.342+00:00
osm:node/4451399457,Onnik Corp,tech support,(718) 894-2162,,http://www.onnik.com,,67-74 75th Street Middle Village NY,Middle Village,NY,40.710817,-73.8774279,osm,new,2026-08-02T01:46:51.341+00:00
osm:node/5405741084,CompuStop Corporation,tech support,(347) 799-2903,,,,66-32 Forest Avenue Queens NY,Queens,NY,40.7066549,-73.9031175,osm,new,2026-08-02T01:46:51.341+00:00
osm:node/5401946297,Computer Place,tech support,(718) 206-0328,,,,Queens NY,Queens,NY,40.7125561,-73.7852888,osm,new,2026-08-02T01:46:51.341+00:00
osm:node/2552835548,Micro Center,tech support,(718) 674-8400,,https://www.microcenter.com/site/stores/flushing.aspx,,71-43 Kissena Boulevard Flushing NY,Flushing,NY,40.7290901,-73.8146478,osm,new,2026-08-02T01:46:50.348+00:00
osm:node/4744078744,Mobil,car wash,(718) 720-5100,,,,Staten Island NY,Staten Island,NY,40.6366563,-74.0753129,osm,new,2026-08-02T01:45:56.764+00:00
osm:node/12699374391,Amboy Auto Spa Hand Car Wash,car wash,(718) 667-9274,,,,Staten Island NY,Staten Island,NY,40.5650343,-74.1314275,osm,new,2026-08-02T01:45:56.764+00:00
osm:way/904206111,Richmond County Fencing Center,personal trainer,(347) 682-2118,,https://rcfencingcenter.com/,,2655 Richmond Avenue Staten Island NY,Staten Island,NY,40.5815666,-74.1667001,osm,new,2026-08-02T01:31:55.823+00:00
osm:node/7797500166,Orangetheory Fitness,personal trainer,(347) 577-9877,,,,1275 Woodrow Road Staten Island NY,Staten Island,NY,40.5420465,-74.2074583,osm,new,2026-08-02T01:31:55.582+00:00
osm:node/5425340044,Retro Fitness,personal trainer,(888) 920-5267,statenislandny@retrofitness.net,https://www.retrofitness.com/location/statenislandny,,2965 Veterans Road West Staten Island NY,Staten Island,NY,40.5273907,-74.233939,osm,new,2026-08-02T01:31:55.508+00:00
osm:node/11858265878,Alter Phase Roofing,gutter cleaning,(929) 370-1552,info@alterphaseroofing.com,https://alterphaseroofing.com,,61 Appleby Avenue Staten Island NY,Staten Island,NY,40.591521,-74.07987,osm,new,2026-08-02T01:31:10.078+00:00
osm:node/11721813878,ProLine Roofing,gutter cleaning,(347) 323-9128,support@proline-roofing.com,https://www.proline-roofing.com,,481 Mill Road Staten Island NY,Staten Island,NY,40.5575319,-74.1137795,osm,new,2026-08-02T01:31:09.786+00:00
osm:way/1303808565,Roofing Plus,gutter cleaning,(845) 452-5981,,https://www.roofingplusny.com/,,46 Marple Road Poughkeepsie NY,Poughkeepsie,NY,41.703121,-73.8985492,osm,new,2026-08-02T01:30:37.766+00:00
osm:way/550191366,Home Pro Exteriors Inc.,gutter cleaning,(845) 343-1777,,https://www.homeproexteriorsinc.com,,541 Route 17M Middletown NY,Middletown,NY,41.4691249,-74.4146828,osm,new,2026-08-02T01:30:37.322+00:00
osm:way/679612461,Luna Siding & Roofing,gutter cleaning,(845) 741-4695,,,,61 Cottage Street Middletown NY,Middletown,NY,41.4495683,-74.4139942,osm,new,2026-08-02T01:30:37.322+00:00
osm:way/467299511,Bumble Roofing of Suffolk County,gutter cleaning,(631) 944-8122,,https://bumbleroofing.com/suffolk-county/,,1 Sommerset Drive Yaphank NY,Yaphank,NY,40.815002,-72.9125644,osm,new,2026-08-02T01:30:37.127+00:00
osm:node/13879575212,Titan Project Solutions,gutter cleaning,(516) 557-4933,titanprojectsolutions7@gmail.com,https://titanprojectsolutions.com,,Massapequa NY,Massapequa,NY,40.6759483,-73.4702002,osm,new,2026-08-02T01:30:36.994+00:00
osm:node/12989735699,Felgemacher Roofing & Siding,gutter cleaning,(716) 422-4415,info@fmchimney.com,https://www.roofingfrs.com,https://www.instagram.com/roofingfrs,300 International Drive Williamsville NY,Williamsville,NY,42.9758194,-78.7308282,osm,new,2026-08-02T01:30:36.409+00:00
osm:node/12704629652,Roof Repair Saratoga Springs NY,gutter cleaning,(518) 500-4017,,https://www.roofrepairsaratogaspringsny.com/,,358 Broadway Saratoga Springs NY,Saratoga Springs,NY,43.0803915,-73.7854463,osm,new,2026-08-02T01:30:36.073+00:00
osm:node/12702140621,Roof Repair Schenectady NY,gutter cleaning,(518) 500-4166,,https://www.roofrepairschenectady.com/,,251 State Street Schenectady NY,Schenectady,NY,42.8148057,-73.944532,osm,new,2026-08-02T01:30:35.998+00:00
osm:node/12183645836,Affordable Roofing,gutter cleaning,(716) 500-1969,info@roofingwny.com,https://www.roofingwny.com/,,205 Washburn Street Lockport NY,Lockport,NY,43.168843,-78.6857495,osm,new,2026-08-02T01:30:35.054+00:00
osm:node/11816666458,Benson Contracting,gutter cleaning,(518) 419-4837,bensoncontractingsch@gmail.com,https://www.bensoncontracting.com/glens-falls-ny-roofing-company/,,1549 New York 146 Rexford NY,Rexford,NY,42.866368,-73.88347,osm,new,2026-08-02T01:30:33.281+00:00
osm:node/11730498460,Home Evolution Roofing,gutter cleaning,(518) 639-7663,homeevolution518@gmail.com,https://www.homeevolution.net/,,22 Crescent Terrace Cohoes NY,Cohoes,NY,42.8110543,-73.7347883,osm,new,2026-08-02T01:30:32.63+00:00
osm:node/11519569103,Kornerstone Roofing,gutter cleaning,(518) 577-6819,,https://kornerstoneroofing.com,,15 Wood Road Round Lake NY,Round Lake,NY,42.9081319,-73.7829504,osm,new,2026-08-02T01:30:29.697+00:00
osm:node/11219457807,Pacifico Contracting and Home Improvement,gutter cleaning,(716) 235-2922,,https://pacificocontracting.com,,1032 Abbott Rd Buffalo NY,Buffalo,NY,42.8363195,-78.806589,osm,new,2026-08-02T01:30:29.235+00:00
osm:node/10916774619,Melo Roofing inc,gutter cleaning,(315) 741-7049,,https://meloroofing.com/roofing/syracuse/,meloroofing,209 Factory Ave Syracuse NY,Syracuse,NY,43.0896584,-76.1422016,osm,new,2026-08-02T01:30:29.112+00:00
osm:node/9856993648,Red Fox Construction & Masonry Inc.,gutter cleaning,(315) 482-4845,,https://redfoxconstructionandmasonry.com,,23598 County Route 3 La Fargeville NY,La Fargeville,NY,44.2522784,-75.9089535,osm,new,2026-08-02T01:30:28.984+00:00
osm:node/9848010448,Oyster Bay Roofing & Sheet Metal Inc.,gutter cleaning,(516) 922-3850,,https://oysterbayroofing.com,,40 Pine Hollow Road Oyster Bay NY,Oyster Bay,NY,40.8644225,-73.5335097,osm,new,2026-08-02T01:30:28.632+00:00
osm:node/6731795003,Buffalo Roofing,gutter cleaning,(716) 444-7663,,https://www.buffaloroofing.com/,,5565 Transit Road Williamsville NY,Williamsville,NY,42.9995876,-78.6959536,osm,new,2026-08-02T01:30:28.588+00:00
osm:node/6335057554,Volko Supply Co. Inc.,gutter cleaning,(516) 741-4466,,http://volkosupply.com,,205 Herricks Road Garden City Park NY,Garden City Park,NY,40.7432434,-73.6570172,osm,new,2026-08-02T01:30:28.49+00:00
osm:node/6106155304,Dutchess Roofing,gutter cleaning,(845) 514-4325,,http://dutchessroofing.com,,6 Carla Terrace Pine Plains NY,Pine Plains,NY,41.9812359,-73.657953,osm,new,2026-08-02T01:30:22.488+00:00
osm:node/6065403136,Try-Lock Roofing Inc.,gutter cleaning,(716) 447-1688,info@trylock.com,https://www.trylock.com/,,440 Northwood Drive Tonawanda NY,Tonawanda,NY,42.9879144,-78.8540222,osm,new,2026-08-02T01:30:22.483+00:00
osm:node/5346066698,Baschnagel Bros inc.,gutter cleaning,(718) 767-1919,,,,150-25 14th Avenue New York NY,New York,NY,40.7891243,-73.8129575,osm,new,2026-08-02T01:30:22.301+00:00
osm:node/5240610562,Top Notch Seamless Gutters,gutter cleaning,(845) 331-8171,,https://topnotchseamlessgutters.com,,131 North Fostertown Road Newburgh NY,Newburgh,NY,41.564049,-74.0428715,osm,new,2026-08-02T01:30:22.301+00:00
osm:node/3510618402,A Real Advantage Construction,gutter cleaning,(718) 767-6950,,https://www.arealadvantageconstruction.com/,,178-16 Eveleth Road Jamaica NY,Jamaica,NY,40.6809438,-73.7628452,osm,new,2026-08-02T01:30:20.708+00:00
osm:node/10854075004,Twisted Sister Yoga,yoga instructor,(607) 349-2801,user@domain.com,https://www.twistedsisteryoga.com,,New York NY,New York,NY,42.1476638,-74.6204572,osm,new,2026-08-02T01:16:39.038+00:00
osm:node/10599778268,Yoga with Phoenix Simone,yoga instructor,(646) 642-4010,,,,New York NY,New York,NY,40.6519193,-73.9593687,osm,new,2026-08-02T01:16:38.92+00:00
osm:node/10172687822,Abhaya Yoga,yoga instructor,,staff@abhayayoga.com,https://abhayayoga.com,,55 Prospect Street New York NY,New York,NY,40.7007728,-73.9881302,osm,new,2026-08-02T01:16:38.92+00:00
osm:node/10041131338,One Ocean Yoga,yoga instructor,(631) 537-5522,,https://oneoceanyoga.com,,2357 Montauk Highway Bridgehampton NY,Bridgehampton,NY,40.9351371,-72.3056961,osm,new,2026-08-02T01:16:38.813+00:00
osm:node/10016233769,Joy of Yoga,yoga instructor,(518) 587-6882,,,,376 Broadway Saratoga Springs NY,Saratoga Springs,NY,43.0807647,-73.7850723,osm,new,2026-08-02T01:16:38.726+00:00
osm:node/9672024453,Yoga Mandali,yoga instructor,,info@yogamandali.com,https://www.yogamandali.com/,,454 Broadway Saratoga Springs NY,Saratoga Springs,NY,43.0826784,-73.7847757,osm,new,2026-08-02T01:16:38.726+00:00
osm:node/9583501318,The Holistic Home Co. Wellness Center,yoga instructor,(718) 789-4663,info@theholistichomecompany.com,https://theholistichomecompany.com/pages/store,,318 Gates Avenue New York NY,New York,NY,40.6856929,-73.9541041,osm,new,2026-08-02T01:16:38.601+00:00
osm:node/9543578417,LL Studio Yoga,yoga instructor,(646) 799-9591,,https://www.llstudioyoga.com,llstudioyoga,166 5th Avenue New York NY,New York,NY,40.7406805,-73.9905393,osm,new,2026-08-02T01:16:38.253+00:00
osm:node/9518146173,Arise Yoga,yoga instructor,(347) 789-9518,,https://www.arise.yoga/brooklyn-studio-information,,New York NY,New York,NY,40.6736763,-73.9570427,osm,new,2026-08-02T01:16:38.202+00:00
osm:node/9121304275,Jaya Yoga East,yoga instructor,(917) 740-5292,namaste@jayayogacenter.com,https://www.jayayogacenter.com/,,New York NY,New York,NY,40.6485755,-73.9775987,osm,new,2026-08-02T01:16:37.989+00:00
osm:node/8920738993,My Living Yoga,yoga instructor,(718) 261-9642,,,,117-20 Queens Boulevard New York NY,New York,NY,40.7149768,-73.8326452,osm,new,2026-08-02T01:16:37.868+00:00
osm:node/8787440274,Vyana Yoga,yoga instructor,,user@domain.com,https://www.vyanayoga.com,,131 West Seneca Street Manlius NY,Manlius,NY,42.999645,-75.9820416,osm,new,2026-08-02T01:16:37.724+00:00
osm:node/8783526137,Practice Yoga,yoga instructor,(516) 922-2800,info@practiceoysterbay.com,http://www.practiceoysterbay.com/,,132 South Street Oyster Bay NY,Oyster Bay,NY,40.8715407,-73.5311312,osm,new,2026-08-02T01:16:37.593+00:00
osm:node/8674499405,CorePower Yoga,yoga instructor,(917) 636-4440,,https://www.corepoweryoga.com/yoga-studios/new-york/new-york/uws70th-broadway,,2030 Broadway New York NY,New York,NY,40.7768271,-73.9817446,osm,new,2026-08-02T01:16:37.301+00:00
osm:node/8613813410,Prema Yoga,yoga instructor,,user@domain.com,https://www.premayogabrooklyn.com,,976 Fulton Street Brooklyn NY,Brooklyn,NY,40.6822875,-73.9618663,osm,new,2026-08-02T01:16:37.089+00:00
osm:node/8569965508,Vera Yoga,yoga instructor,(917) 470-9599,brooklyn@verayoga.com,https://www.verayoga.com/boerum-hill/,,New York NY,New York,NY,40.6881323,-73.9874603,osm,new,2026-08-02T01:16:37.051+00:00
osm:way/436042040,Andino Auto Service,window tinting,(786) 317-4756,,,,5101 Northwest 7th Avenue Miami FL,Miami,FL,25.8223983,-80.2078465,osm,new,2026-08-02T01:16:37.016+00:00
osm:node/7535969306,Safelite AutoGlass,window tinting,(877) 465-5224,,https://www.safelite.com/stores/Dade,,2757 Southwest 8th Street Miami FL,Miami,FL,25.7652779,-80.2402106,osm,new,2026-08-02T01:16:37.016+00:00
osm:node/8399622271,Heartspace Community Yoga & Wellness,yoga instructor,(518) 417-1997,,https://heartspacealbany.com/,,747 Madison Avenue Albany NY,Albany,NY,42.6590735,-73.7780428,osm,new,2026-08-02T01:16:36.809+00:00
osm:node/7725779102,Shakti Yoga,yoga instructor,,shaktiyogageneseo@gmail.com,http://www.shaktiyogageneseo.com/,,63 Main Street Geneseo NY,Geneseo,NY,42.7965239,-77.8165049,osm,new,2026-08-02T01:16:36.729+00:00
osm:node/7213431600,Euphoria Yoga,yoga instructor,(845) 679-6766,,https://www.euphoriayoga.org/,,New York NY,New York,NY,42.0401255,-74.1232905,osm,new,2026-08-02T01:16:36.591+00:00
osm:way/694324583,Video Life,videographer,(845) 342-1239,,,,13 Canterbury Drive Middletown NY,Middletown,NY,41.4316874,-74.4414876,osm,new,2026-08-02T01:16:28.813+00:00
osm:node/7161457144,Dou Yoga,yoga instructor,(718) 638-1569,info@dou-yoga.com,https://www.dou-yoga.com,,New York NY,New York,NY,40.6874272,-73.9605265,osm,new,2026-08-02T01:16:28.321+00:00
osm:node/7041092619,St. Marks Yoga,yoga instructor,,user@domain.com,https://www.stmarksyoga.com,stmarksyoganyc,New York NY,New York,NY,40.7290207,-73.9893198,osm,new,2026-08-02T01:16:28.084+00:00
osm:node/6677761685,New Vibe Yoga,yoga instructor,,user@domain.com,https://www.newvibeyoga.com,,New York NY,New York,NY,40.72944,-73.9891151,osm,new,2026-08-02T01:16:27.974+00:00
osm:node/6794176222,Grassroots Yoga,yoga instructor,(845) 321-1664,,,,120 Sullivan Street New York NY,New York,NY,41.5759535,-74.4847242,osm,new,2026-08-02T01:16:27.974+00:00
osm:node/6432938290,Prema Yoga Community House,yoga instructor,,user@domain.com,https://www.premayogabrooklyn.com,,New York NY,New York,NY,40.676831,-73.9987566,osm,new,2026-08-02T01:16:27.856+00:00
osm:node/6389330772,The Shala Yoga House,yoga instructor,(212) 979-9988,,https://theshala.com,,New York NY,New York,NY,40.6873212,-73.9750272,osm,new,2026-08-02T01:16:27.809+00:00
osm:node/6139358670,YES Studio,yoga instructor,(347) 542-4588,,https://theyesstudio.com/,,1080 Wyckoff Avenue New York NY,New York,NY,40.6944882,-73.9025735,osm,new,2026-08-02T01:16:26.896+00:00
osm:node/5766716008,VeroyogaNYC,yoga instructor,(646) 391-3266,,https://www.veroyoganyc.com,,New York NY,New York,NY,40.6597695,-73.9539287,osm,new,2026-08-02T01:16:20.894+00:00
osm:node/5736995840,Loom Yoga Bushwick,yoga instructor,(646) 504-0121,,https://loomyoga.com/bushwick/,,1087 Flushing Avenue New York NY,New York,NY,40.705021,-73.9284771,osm,new,2026-08-02T01:16:20.744+00:00
osm:node/5735013277,Yoga Tribe Brooklyn,yoga instructor,,user@domain.com,https://www.yogatribebrooklyn.com/,,1120 Washington Avenue Brooklyn NY,Brooklyn,NY,40.6619406,-73.9610263,osm,new,2026-08-02T01:16:20.674+00:00
osm:node/5714335357,Yoga Box,yoga instructor,(347) 477-0052,,https://www.yogabox.com/prospect-heights,,New York NY,New York,NY,40.67644,-73.9695331,osm,new,2026-08-02T01:16:20.459+00:00
osm:node/5535254392,Jennifer Brilliant Yoga,yoga instructor,(718) 499-7282,,https://www.jenniferbrilliant.com/,,New York NY,New York,NY,40.6735671,-73.9776768,osm,new,2026-08-02T01:16:17.292+00:00
osm:node/5706864742,Solar Yoga,yoga instructor,(646) 893-9359,,,,New York NY,New York,NY,40.6682764,-73.9840381,osm,new,2026-08-02T01:16:17.292+00:00
osm:node/5515733962,Integral Yoga Institute NYC,yoga instructor,(212) 929-0585,info@iyiny.org,https://iyiny.org/,,227 West 13th Street New York NY,New York,NY,40.7385347,-74.0014028,osm,new,2026-08-02T01:16:16.352+00:00
osm:node/5512653816,Sacred Sounds Yoga,yoga instructor,(212) 533-9642,,https://www.sacredsoundsyoga.com/,,163 Bleecker Street New York NY,New York,NY,40.7287309,-74.0000208,osm,new,2026-08-02T01:16:16.227+00:00
osm:node/5365440841,Yoga Spa Lounge 1881,yoga instructor,(212) 308-6789,,https://www.yogaspa.nyc/contact,,226 East 54th Street New York NY,New York,NY,40.7576423,-73.9678514,osm,new,2026-08-02T01:16:16.008+00:00
osm:node/5344122098,HotYoga4You,yoga instructor,(718) 275-2100,hotyoga4youregopark@gmail.com,https://www.hotyogaregopark.com/,,65-07 Woodhaven Boulevard New York NY,New York,NY,40.7198728,-73.8645212,osm,new,2026-08-02T01:16:15.912+00:00
osm:node/5331946637,Y7 Studio,yoga instructor,,you@email.com,https://www.y7-studio.com/park-slope,,New York NY,New York,NY,40.6807729,-73.9754836,osm,new,2026-08-02T01:16:15.771+00:00
osm:node/4998805613,Ishta Yoga,yoga instructor,(646) 559-1578,user@domain.com,https://ishtayoga.com,,New York NY,New York,NY,40.7327606,-73.9909466,osm,new,2026-08-02T01:16:15.307+00:00
osm:node/4919818061,Tangerine Hot Power Yoga,yoga instructor,(718) 855-8622,,https://tangerine.yoga/,,225 Schermerhorn Street New York NY,New York,NY,40.688738,-73.9850286,osm,new,2026-08-02T01:16:15.151+00:00
osm:node/4695261824,Emerge Yoga & Wellness,yoga instructor,(516) 781-1078,anna@infokus.io,https://emergeyw.com/,,623 Broadway Massapequa NY,Massapequa,NY,40.6858533,-73.467748,osm,new,2026-08-02T01:16:15.078+00:00
osm:node/4897896770,"Mandala Moon Yoga, LLC",yoga instructor,(315) 673-7535,,,,New York NY,New York,NY,42.9791306,-76.3331345,osm,new,2026-08-02T01:16:15.078+00:00
osm:node/4564270453,Yogamaya,yoga instructor,(212) 675-4555,info@yogamaya.com,https://yogamayanewyork.com/,,135 West 20th Street New York NY,New York,NY,40.7417655,-73.9956076,osm,new,2026-08-02T01:16:14.558+00:00
osm:node/4429416441,Studio Anya,yoga instructor,(212) 604-9766,,https://www.studioanya.com/,,49 West 24th Street New York NY,New York,NY,40.7433807,-73.9915176,osm,new,2026-08-02T01:16:14.306+00:00
osm:node/3248774670,Pure Yoga,yoga instructor,(212) 877-2025,,https://pureyoga.com/studios,,204 West 77th Street New York NY,New York,NY,40.78191,-73.9798353,osm,new,2026-08-02T01:16:13.238+00:00
osm:node/2839686830,Modo Yoga,yoga instructor,(347) 889-7248,,https://modoyoga.com/nyc/,,109 Metropolitan Avenue New York NY,New York,NY,40.7166855,-73.962899,osm,new,2026-08-02T01:16:13.186+00:00
osm:node/2761694171,Pilates Shop/Yoga Garage,yoga instructor,(212) 316-9164,,https://www.psygnyc.com,,2805 Broadway New York NY,New York,NY,40.8032443,-73.9677232,osm,new,2026-08-02T01:16:12.18+00:00
osm:node/2568918204,Shambhala Yoga & Dance Center,yoga instructor,(718) 638-1111,user@domain.com,https://www.shambhalayogadance.com,,691 Washington Avenue New York NY,New York,NY,40.6763523,-73.963318,osm,new,2026-08-02T01:16:12.016+00:00
osm:node/2562056333,Yoga Sole,yoga instructor,(718) 635-1958,info@yogasole.com,https://www.yogasole.com,,254 Windsor Place New York NY,New York,NY,40.6575233,-73.9764035,osm,new,2026-08-02T01:16:11.908+00:00
osm:node/2549896917,Prema Yoga,yoga instructor,(718) 622-2373,user@domain.com,https://www.premayogabrooklyn.com,,210 Court Street New York NY,New York,NY,40.6868857,-73.9938926,osm,new,2026-08-02T01:16:11.615+00:00
osm:node/11882900964,J & M Construction and HVAC,hvac,(718) 603-2691,,https://www.jmconstructionac.com,,60-01 70th Avenue Ridgewood NY,Ridgewood,NY,40.7016683,-73.8988052,osm,new,2026-08-02T01:15:52.806+00:00
osm:node/10780451993,ASE HVAC,hvac,(646) 250-4242,,https://ase-hvac.com/,,65-31 Grand Avenue Maspeth NY,Maspeth,NY,40.7236626,-73.8999721,osm,new,2026-08-02T01:15:52.708+00:00
osm:node/5344122232,Weston Bros,hvac,(718) 793-2000,,https://www.westonbros.com/,,99-16 Metropolitan Avenue Queens NY,Queens,NY,40.7107118,-73.8531287,osm,new,2026-08-02T01:15:50.583+00:00
osm:node/2887256205,Go Green HVAC Inc,hvac,(516) 232-1439,contact@gogreenhvacinc.com,http://www.gogreenhvacinc.com,,2336 Enright Road Far Rockaway NY,Far Rockaway,NY,40.6096272,-73.7588961,osm,new,2026-08-02T01:15:50.52+00:00
osm:node/2870464735,Perfect Efficiency Air Conditioning,hvac,(718) 470-2753,,https://www.perfectefficiency.com,,201-08 Hollis Avenue Saint Albans NY,Saint Albans,NY,40.7061083,-73.7562484,osm,new,2026-08-02T01:15:49.739+00:00
osm:node/2870824979,Pro Body Shop,mobile mechanic,(718) 297-2121,,,,144-24 Hillside Avenue Jamaica NY,Jamaica,NY,40.7052361,-73.8109472,osm,new,2026-08-02T01:15:46.044+00:00
osm:node/2844359321,Gotham City Collision East,mobile mechanic,(347) 947-6542,,https://www.gothamcitycollision.com,,64-10 Maurice Avenue Maspeth NY,Maspeth,NY,40.7322964,-73.902037,osm,new,2026-08-02T01:15:45.939+00:00
osm:node/2810080144,Mavis Discount Tire,mobile mechanic,(718) 543-3800,,https://www.mavistire.com/locations/bronx-riverdale-ny.asp,,New York NY,New York,NY,40.8835493,-73.9013154,osm,new,2026-08-02T01:15:45.764+00:00
osm:node/2713490436,G&B Collision Center,mobile mechanic,(718) 230-9793,,https://gbcollisioncenter.com,,New York NY,New York,NY,40.6783296,-73.9619931,osm,new,2026-08-02T01:15:45.239+00:00
osm:node/2569476489,TVandNav2Go,mobile mechanic,(718) 763-7367,,http://tvandnav2go.com/,,7718 Flatlands Avenue Brooklyn NY,Brooklyn,NY,40.6341767,-73.9147499,osm,new,2026-08-02T01:15:45.147+00:00
osm:node/2567128779,Mufflers Discount Center,mobile mechanic,(718) 346-0466,,,,New York NY,New York,NY,40.677325,-73.8970521,osm,new,2026-08-02T01:15:45.087+00:00
osm:node/2566552078,Dub Citi,mobile mechanic,(718) 975-8011,,https://dubciticar.com,,504 Utica Avenue New York NY,New York,NY,40.6618632,-73.9316871,osm,new,2026-08-02T01:15:45.087+00:00
osm:node/2567136361,K&W Chung,mobile mechanic,(718) 342-0720,,,,301 Rockaway Avenue New York NY,New York,NY,40.6728398,-73.91111,osm,new,2026-08-02T01:15:45.087+00:00
osm:node/2557684089,TMB Services,mobile mechanic,(718) 232-1724,,,,1414 62nd Street New York NY,New York,NY,40.6260904,-73.9974514,osm,new,2026-08-02T01:15:44.061+00:00
osm:node/2552817355,Quality Repair Center,mobile mechanic,(718) 491-6161,,,,New York NY,New York,NY,40.6185849,-74.0295345,osm,new,2026-08-02T01:15:44.061+00:00
osm:node/2547702407,Meineke,mobile mechanic,(718) 804-5287,,https://www.meineke.com/locations/ny/brooklyn-303/,,1741 Coney Island Avenue Brooklyn NY,Brooklyn,NY,40.6148266,-73.9630897,osm,new,2026-08-02T01:15:44.06+00:00
osm:node/2494372705,Carlos Repair @ Ridge,mobile mechanic,(718) 832-1413,,,,264 3rd Avenue New York NY,New York,NY,40.6780428,-73.9857985,osm,new,2026-08-02T01:15:43.834+00:00
osm:node/2494294919,R. Ferraro Collision,mobile mechanic,(718) 788-6288,rferraro442@yahoo.com,http://www.ferrarocollision.com,,New York NY,New York,NY,40.6723081,-73.990505,osm,new,2026-08-02T01:15:43.834+00:00
osm:node/2494172143,Alfa Motors,mobile mechanic,(718) 596-3977,,http://alfamotorsbrooklyn.com,,New York NY,New York,NY,40.6843919,-74.0009284,osm,new,2026-08-02T01:15:43.668+00:00
osm:node/2349038609,Tire World of Corning,mobile mechanic,(607) 936-9916,,https://www.tireworldofcorning.com/,,New York NY,New York,NY,42.1437734,-77.058878,osm,new,2026-08-02T01:15:43.505+00:00
osm:node/901500569,Kinderhook Transmission,mobile mechanic,(518) 784-5050,,,,3465 United States Highway 9 Valatie NY,Valatie,NY,42.4606174,-73.6939517,osm,new,2026-08-02T01:15:43.027+00:00
osm:node/5581809256,Song & A Dance,music teacher,(718) 478-8076,,https://www.songandadance.com/,,73-07 Grand Avenue Maspeth NY,Maspeth,NY,40.7298119,-73.8897974,osm,new,2026-08-02T01:01:47.155+00:00
osm:node/5629855058,Frank Toscano,music teacher,(718) 728-1804,,,,22-05 Steinway Street Queens NY,Queens,NY,40.7725956,-73.9061451,osm,new,2026-08-02T01:01:47.155+00:00
osm:node/5342794824,Performing Arts Conservatory of New York,music teacher,(917) 774-3411,,https://paconyschool.com/,,35-57 89th Street Jackson Heights NY,Jackson Heights,NY,40.7508666,-73.8777178,osm,new,2026-08-02T01:01:47.149+00:00
osm:node/2870940796,New York Music & Arts,music teacher,(718) 362-9887,,https://nymusicandarts.com/,,113-25A Queens Boulevard Queens NY,Queens,NY,40.717525,-73.8349186,osm,new,2026-08-02T01:01:47.03+00:00
osm:node/12898226629,Floor & Decor,flooring,(347) 773-2551,,,,Staten Island NY,Staten Island,NY,40.5849823,-74.1659991,osm,new,2026-08-02T00:46:41.196+00:00
osm:node/11882668580,Euro NYC Autoworks LLC,mobile mechanic,(347) 889-1056,,,,250 Victory Boulevard Staten Island NY,Staten Island,NY,40.6355098,-74.083942,osm,new,2026-08-02T00:45:59.32+00:00
osm:node/11355733767,After Hours Auto Repair,mobile mechanic,(718) 737-1853,,https://afterhoursautorepairny.com,,217 Walker Street Staten Island NY,Staten Island,NY,40.6314227,-74.1475577,osm,new,2026-08-02T00:45:59.32+00:00
osm:node/10759831062,Meineke Car Care Center,mobile mechanic,(718) 407-4620,,https://www.meineke.com/locations/ny/staten-island-245/,,2097 Forest Avenue Staten Island NY,Staten Island,NY,40.6266615,-74.1592018,osm,new,2026-08-02T00:45:59.31+00:00
osm:node/10261359108,Mavis Discount Tire,mobile mechanic,(347) 227-2102,,https://www.mavis.com/locations/staten-island-ny/?stnum=432,,2060 Forest Avenue Staten Island NY,Staten Island,NY,40.6258869,-74.1581415,osm,new,2026-08-02T00:45:59.071+00:00
osm:node/7781914581,Goodyear,mobile mechanic,(718) 317-5656,,https://www.goodyear.com/en_US/location/STATEN-ISLAND-NY-10309-US-000124957,,115 Page Avenue Staten Island NY,Staten Island,NY,40.5213962,-74.2347092,osm,new,2026-08-02T00:45:58.19+00:00
osm:node/5542720353,Goodhue Repair,mobile mechanic,(718) 448-1385,,,,194 Sumner Street Staten Island NY,Staten Island,NY,40.6354185,-74.0919862,osm,new,2026-08-02T00:45:57.823+00:00
osm:node/4747938222,Dema Auto Inc,mobile mechanic,(718) 816-9229,demaauto@aol.com,http://demaauto.wixsite.com/auto,,Staten Island NY,Staten Island,NY,40.6325341,-74.0761293,osm,new,2026-08-02T00:45:57.823+00:00
osm:node/10594665963,Dog Days & Cat Nights,dog grooming,(718) 441-2469,,,,118-25 Metropolitan Avenue Queens NY,Queens,NY,40.7069865,-73.8343504,osm,new,2026-08-02T00:31:42.791+00:00
osm:node/9721923625,My Pet & I Grooming,dog grooming,(718) 576-4606,,https://my-pet-i-grooming.business.site/,,917 Onderdonk Avenue Ridgewood NY,Ridgewood,NY,40.7012078,-73.9022503,osm,new,2026-08-02T00:31:42.791+00:00
osm:node/8941998452,Dog Planet,dog grooming,(718) 777-5500,,,,29-02 30th Avenue Queens NY,Queens,NY,40.7677068,-73.9234701,osm,new,2026-08-02T00:31:42.627+00:00
osm:node/2844971038,Madagascar Pet Services,dog grooming,(929) 463-3773,,https://www.madagascarpetservices.com/,madagascarpetservices,39-32 Queens Boulevard Queens NY,Queens,NY,40.7435982,-73.9249726,osm,new,2026-08-02T00:31:42.626+00:00
osm:node/2853101325,Bubbles & Biscuits Paw Spa,dog grooming,(646) 269-4009,,,,22-10 42nd Street Astoria NY,Astoria,NY,40.7716713,-73.9050168,osm,new,2026-08-02T00:31:42.626+00:00
osm:node/6070812834,S & F Services Center,mobile mechanic,(718) 497-6291,,,,6351 Metropolitan Avenue Queens NY,Queens,NY,40.7127507,-73.8974497,osm,new,2026-08-02T00:31:34.263+00:00
osm:node/5612349014,R & M Repair Shop,mobile mechanic,(718) 381-5663,,,,64-38 Shaler Avenue Queens NY,Queens,NY,40.7035296,-73.8921944,osm,new,2026-08-02T00:31:33.814+00:00
osm:node/5760218762,Northstar Collision Center,mobile mechanic,(718) 814-5444,,,,41-05 34th Avenue Queens NY,Queens,NY,40.7563162,-73.9196634,osm,new,2026-08-02T00:31:33.814+00:00
osm:node/5860049623,RAC Bimmers Inc,mobile mechanic,(718) 749-5937,,,,174-07 Baisley Boulevard Queens NY,Queens,NY,40.6834861,-73.7702184,osm,new,2026-08-02T00:31:33.814+00:00
osm:node/5560618362,GNC,nutrition coach,(718) 417-7316,,https://stores.gnc.com/ridgewood-ny-5312,,56-18 Myrtle Avenue Queens NY,Queens,NY,40.700043,-73.9055335,osm,new,2026-08-02T00:31:30.234+00:00
osm:node/5598771824,Garry Service Station Inc,mobile mechanic,(718) 821-8803,,,,7338 Cooper Avenue Queens NY,Queens,NY,40.7057241,-73.8760453,osm,new,2026-08-02T00:31:28.584+00:00
osm:node/5571260929,Cristo Rey Flat Fix,mobile mechanic,(929) 276-3477,,,,1034 Covert Street Queens NY,Queens,NY,40.6951468,-73.9037987,osm,new,2026-08-02T00:31:28.584+00:00
osm:node/12795879510,Hasan Tax & Accounting Inc.,bookkeeping,(929) 305-7544,,,,37-55 72nd Street Jackson Heights NY,Jackson Heights,NY,40.7472181,-73.893527,osm,new,2026-08-02T00:31:27.271+00:00
osm:node/12795879508,Impact Consulting Services,bookkeeping,(917) 497-1673,,https://www.impactcons.com/,,37-53 72nd Street Jackson Heights NY,Jackson Heights,NY,40.7472668,-73.8935378,osm,new,2026-08-02T00:31:27.271+00:00
osm:node/5342850176,Justin's Towing & Storage,mobile mechanic,(347) 205-5151,justinstowingnyc@gmail.com,https://www.justinstowing.com/,,100-01 Liberty Avenue Queens NY,Queens,NY,40.6814094,-73.8399985,osm,new,2026-08-02T00:31:27.2+00:00
osm:node/12795879505,Debenath Accounting Inc.,bookkeeping,(917) 285-5489,,,,37-53 72nd Street Jackson Heights NY,Jackson Heights,NY,40.747274,-73.8935516,osm,new,2026-08-02T00:31:27.111+00:00
osm:node/12795866899,Certified Public Accountant,bookkeeping,(718) 426-7881,,,,37-51 72nd Street Jackson Heights NY,Jackson Heights,NY,40.7473319,-73.8934746,osm,new,2026-08-02T00:31:27.111+00:00
osm:node/12795813521,iTrade Inc.,bookkeeping,(917) 856-8809,info@itradeincs.com,https://itradeincs.com/,,37-66 72nd Street Jackson Heights NY,Jackson Heights,NY,40.7468001,-73.8938207,osm,new,2026-08-02T00:31:27.111+00:00
osm:node/11505342958,S & K Accounting Corp,bookkeeping,(718) 819-8575,,,,61-07 Springfield Boulevard Oakland Gardens NY,Oakland Gardens,NY,40.7487522,-73.7562696,osm,new,2026-08-02T00:31:26.908+00:00
osm:node/12057894309,Mankabadi Tax Service,bookkeeping,(718) 729-4186,,,,39-21 Greenpoint Avenue Queens NY,Queens,NY,40.7389879,-73.9265916,osm,new,2026-08-02T00:31:26.908+00:00
osm:node/11760207905,Singh & Shah,bookkeeping,(718) 343-4343,,,,270-01 Hillside Avenue Floral Park NY,Floral Park,NY,40.7392562,-73.7004801,osm,new,2026-08-02T00:31:26.908+00:00
osm:node/11483330864,Stylianou Accounting,bookkeeping,(718) 606-0766,,https://www.stylianouaccounting.com/,,23-53 31st Street Astoria NY,Astoria,NY,40.7730722,-73.9141387,osm,new,2026-08-02T00:31:26.908+00:00
osm:node/10780290244,Diversified Financial Services,bookkeeping,(718) 326-1113,,,,65-49 Grand Avenue Maspeth NY,Maspeth,NY,40.7240022,-73.8992842,osm,new,2026-08-02T00:31:26.581+00:00
osm:node/10554254848,Paul Naraine CPA,bookkeeping,(718) 776-3639,,https://paulnarainecpa.com,,220-29 Jamaica Avenue Queens Village NY,Queens Village,NY,40.7196514,-73.7335269,osm,new,2026-08-02T00:31:26.581+00:00
osm:node/8676906666,Tax Code,bookkeeping,(718) 777-0199,,,,Queens NY,Queens,NY,40.7647882,-73.9144743,osm,new,2026-08-02T00:31:25.893+00:00
osm:node/8316237164,M & M Accounting,bookkeeping,(347) 339-7674,,,,38-05 Broadway Queens NY,Queens,NY,40.7593449,-73.9194337,osm,new,2026-08-02T00:31:25.893+00:00
osm:node/6825228691,Miller & Company LLP,bookkeeping,(718) 767-0737,,https://www.cpafirmnyc.com,,141-07 20th Avenue Whitestone NY,Whitestone,NY,40.7821125,-73.8272831,osm,new,2026-08-02T00:31:25.893+00:00
osm:node/5342838326,Lee Myles Transmissions,mobile mechanic,(718) 740-4800,,https://www.leemyles.com/,,201-06 Hillside Avenue Queens NY,Queens,NY,40.7195392,-73.7624307,osm,new,2026-08-02T00:31:25.744+00:00
osm:node/6416140713,Lipsky Tax Services,bookkeeping,(718) 497-2883,,https://www.lipskytaxservices.com,,67-07 Myrtle Avenue Glendale NY,Glendale,NY,40.7016427,-73.8861314,osm,new,2026-08-02T00:31:25.511+00:00
osm:node/5491633281,National,bookkeeping,(718) 539-3800,,https://www.nhldcorp.com/,,35-30 Francis Lewis Boulevard Queens NY,Queens,NY,40.7636284,-73.7875126,osm,new,2026-08-02T00:31:25.497+00:00
osm:node/5491654292,Louis Carino,bookkeeping,(718) 767-6597,,,,166-26 Powells Cove Boulevard Queens NY,Queens,NY,40.7936199,-73.7964749,osm,new,2026-08-02T00:31:25.497+00:00
osm:node/6150659856,Hollis Tax,bookkeeping,(718) 264-0040,,,,187-16 Hillside Avenue Hollis NY,Hollis,NY,40.7146911,-73.7745963,osm,new,2026-08-02T00:31:25.497+00:00
osm:node/6154660657,Income Tax,bookkeeping,(718) 276-0917,,,,126-14E Merrick Boulevard Queens NY,Queens,NY,40.6816125,-73.7661382,osm,new,2026-08-02T00:31:25.497+00:00
osm:node/4876865821,Apex,mobile mechanic,(718) 457-2643,,,,Queens NY,Queens,NY,40.7431803,-73.9151064,osm,new,2026-08-02T00:31:25.483+00:00
osm:node/2887242196,Sidney Kahan Taxes,bookkeeping,(718) 327-0006,,,,11-53 Beach Channel Drive Queens NY,Queens,NY,40.6051515,-73.7555872,osm,new,2026-08-02T00:31:25.062+00:00
osm:node/2844936171,Sigma Brokerage,bookkeeping,(718) 369-3864,,,,47-10 39th Place Queens NY,Queens,NY,40.7415881,-73.9257789,osm,new,2026-08-02T00:31:25.062+00:00
osm:node/5082813641,"Francis Kim, CPA",bookkeeping,(646) 637-2485,,,,39-44 64th Street Queens NY,Queens,NY,40.7453047,-73.9005255,osm,new,2026-08-02T00:31:25.062+00:00
osm:node/5346071954,Savignano Accountant & Advisors,bookkeeping,(718) 707-0955,,,,47-46 Vernon Boulevard Queens NY,Queens,NY,40.744297,-73.9538879,osm,new,2026-08-02T00:31:25.062+00:00
osm:node/5380551762,Atax Accounting & Financial Services,bookkeeping,(718) 699-2829,,,,106-04 Corona Avenue Queens NY,Queens,NY,40.7437625,-73.8570316,osm,new,2026-08-02T00:31:25.062+00:00
osm:node/5425905991,Darice M Howard,bookkeeping,(718) 276-9236,,,,140-16 181st Street Queens NY,Queens,NY,40.6712717,-73.7629398,osm,new,2026-08-02T00:31:25.062+00:00
osm:node/5406258399,Trust Tax & Insurance Brokerage,bookkeeping,(718) 956-2000,,,,24-16 Steinway Street Queens NY,Queens,NY,40.7686244,-73.9113242,osm,new,2026-08-02T00:31:25.062+00:00
osm:node/4014860262,United Motor Service Center,mobile mechanic,(718) 255-1218,hi@mystore.com,https://www.unitedmotorservice.com,,56-19 37th Avenue Queens NY,Queens,NY,40.7505534,-73.9053124,osm,new,2026-08-02T00:31:19.482+00:00
osm:node/2882522472,Astoria Wellness Acupunture,lash technician,,astoriacu2751@gmail.com,https://www.astoriawellnessacu.com/,,163-06 Northern Boulevard Flushing NY,Flushing,NY,40.7610134,-73.8026071,osm,new,2026-08-02T00:31:07.287+00:00
osm:node/2844971046,Rose Threading & Spa,lash technician,(718) 255-6940,,,rosethreading.spa,39-46 Queens Boulevard Queens NY,Queens,NY,40.743564,-73.9246535,osm,new,2026-08-02T00:31:07.174+00:00
osm:node/2682204519,Athena's Nails,lash technician,(718) 278-4597,,,,31-11 30th Avenue Astoria NY,Astoria,NY,40.7667788,-73.9208517,osm,new,2026-08-02T00:31:07.174+00:00
osm:node/2870824996,Ideal Nail,lash technician,(718) 206-1380,,,,87-78 Sutphin Boulevard Jamaica NY,Jamaica,NY,40.7050903,-73.8095357,osm,new,2026-08-02T00:31:07.174+00:00
osm:node/2844999922,Hira Thread & Lash,lash technician,(347) 239-8951,,,,43-43 44th Street Queens NY,Queens,NY,40.7438196,-73.9203361,osm,new,2026-08-02T00:31:07.174+00:00
osm:node/2844732814,Star Nail Plus,lash technician,(718) 980-8189,,,,59-06 Woodside Avenue Queens NY,Queens,NY,40.7452168,-73.9053642,osm,new,2026-08-02T00:31:07.174+00:00
osm:node/2844971051,Le Queen Nails,lash technician,(718) 806-1699,,,,40-06 Queens Boulevard Queens NY,Queens,NY,40.7434909,-73.9240794,osm,new,2026-08-02T00:31:07.174+00:00
osm:node/2844942091,Think Nails Too,lash technician,(718) 392-7589,,,,45-19 47th Street Queens NY,Queens,NY,40.742225,-73.917808,osm,new,2026-08-02T00:31:07.174+00:00
osm:node/2870860272,Sona Nails & Spa,lash technician,(718) 575-4001,,,,116-17 Queens Boulevard Queens NY,Queens,NY,40.7160543,-73.8329239,osm,new,2026-08-02T00:31:07.174+00:00
osm:node/2845010840,Karma Nails & Spa,lash technician,(718) 784-2333,,,,42-11 Queens Boulevard Queens NY,Queens,NY,40.7438384,-73.9219399,osm,new,2026-08-02T00:31:07.174+00:00
osm:node/2869588657,Sharifa's Eyebrow Threading,lash technician,(718) 525-0095,,,,Queens NY,Queens,NY,40.6808943,-73.7637089,osm,new,2026-08-02T00:31:07.174+00:00
osm:node/2870708970,Marggy Fashion Beauty Salon,lash technician,(347) 455-6521,,,,164-11 89th Avenue Jamaica NY,Jamaica,NY,40.7077318,-73.7967115,osm,new,2026-08-02T00:31:07.174+00:00
osm:node/2869588645,Hot Nail Salon,lash technician,(718) 978-0886,,,,126-07 Merrick Boulevard Queens NY,Queens,NY,40.6820037,-73.7659719,osm,new,2026-08-02T00:31:07.174+00:00
osm:node/2868653147,Lucky Nail Spa,lash technician,(718) 978-1668,,,,134-22 Guy R Brewer Boulevard Queens NY,Queens,NY,40.6726886,-73.775383,osm,new,2026-08-02T00:31:07.174+00:00
osm:node/2868653149,Twice As Nice Beauty Suites,lash technician,(929) 405-0010,,,,134-26 Guy R Brewer Boulevard Queens NY,Queens,NY,40.6726263,-73.7753381,osm,new,2026-08-02T00:31:07.174+00:00
osm:node/2861929654,A+ Nail Spa,lash technician,(929) 639-3457,,,,120-03 Liberty Avenue Queens NY,Queens,NY,40.6868263,-73.8230158,osm,new,2026-08-02T00:31:07.174+00:00
osm:node/2870708973,Sherry Beauty Salon,lash technician,(347) 257-7410,,,,164-17 89th Avenue Jamaica NY,Jamaica,NY,40.7077863,-73.7965644,osm,new,2026-08-02T00:31:07.174+00:00
osm:node/2846817357,Solana Beauty Supply,lash technician,(718) 721-7703,,,,31-06 30th Avenue Astoria NY,Astoria,NY,40.7666417,-73.9211559,osm,new,2026-08-02T00:31:07.174+00:00
osm:node/2846677641,European Wax Center,lash technician,(718) 663-4626,,,,30-19 Steinway Street Queens NY,Queens,NY,40.7632975,-73.9152844,osm,new,2026-08-02T00:31:07.174+00:00
osm:node/2551012501,Mina's House of Beauty,lash technician,(718) 969-0905,,,,80-07 168th Street Fresh Meadows NY,Fresh Meadows,NY,40.7227343,-73.7999821,osm,new,2026-08-02T00:31:07.174+00:00
osm:node/2870735683,Camila Nails Salon,lash technician,(917) 300-7787,,,,160-02 Hillside Avenue Jamaica NY,Jamaica,NY,40.7078775,-73.8016572,osm,new,2026-08-02T00:31:07.174+00:00
osm:node/2870787370,Raji Beauty Salon,lash technician,(718) 297-7254,,,,87-83 Sutphin Boulevard Jamaica NY,Jamaica,NY,40.7050578,-73.8091992,osm,new,2026-08-02T00:31:07.174+00:00
osm:node/2846677619,Bin Bin's Nails,lash technician,(718) 274-6145,,,,28-61 Steinway Street Astoria NY,Astoria,NY,40.7640069,-73.9147174,osm,new,2026-08-02T00:31:07.174+00:00
osm:node/2844950252,Divina Threading,lash technician,(718) 472-4348,,,,41-26 Queens Boulevard Sunnyside NY,Sunnyside,NY,40.7433375,-73.922696,osm,new,2026-08-02T00:31:07.174+00:00
osm:node/2869588646,THS Beauty Spa,lash technician,(347) 548-0281,,,,125-15 Merrick Boulevard Queens NY,Queens,NY,40.6822546,-73.7665082,osm,new,2026-08-02T00:31:07.174+00:00
osm:node/2570634603,Magnificent Beauty Salon,lash technician,(347) 426-4866,,,,231-15 Merrick Boulevard Queens NY,Queens,NY,40.6757372,-73.7388347,osm,new,2026-08-02T00:31:07.174+00:00
osm:node/2553306915,M & M Beauty Box,lash technician,(718) 423-2343,,,,221-08 Horace Harding Expressway Oakland Gardens NY,Oakland Gardens,NY,40.7491028,-73.7559832,osm,new,2026-08-02T00:31:07.174+00:00
osm:node/2845010872,Laly's Nails & Spa,lash technician,(718) 729-7900,,,,43-50 42nd Street Sunnyside NY,Sunnyside,NY,40.7439898,-73.9224666,osm,new,2026-08-02T00:31:07.174+00:00
osm:node/2846661382,Pari Threading Perfection,lash technician,(347) 848-0366,,,,41-01 31st Avenue Astoria NY,Astoria,NY,40.7609847,-73.9160818,osm,new,2026-08-02T00:31:07.174+00:00
osm:node/2844950275,Lucky Spa One,lash technician,(646) 886-8319,,,,45-58 43rd Street Queens NY,Queens,NY,40.7416866,-73.9220051,osm,new,2026-08-02T00:31:07.174+00:00
osm:node/2870708982,Okie's Nail & Spa,lash technician,(718) 297-4088,,,,88-58 165th Street Jamaica NY,Jamaica,NY,40.7078177,-73.7965345,osm,new,2026-08-02T00:31:07.174+00:00
osm:node/2846589445,Dopamine Spa,lash technician,(929) 500-0238,,,,28-53 42nd Street Queens NY,Queens,NY,40.7633287,-73.9131001,osm,new,2026-08-02T00:31:07.174+00:00
osm:node/2550990615,Priti Woman,lash technician,(718) 591-0109,,https://pritiwoman.net,,80-06 Surrey Place Jamaica NY,Jamaica,NY,40.7262876,-73.7894825,osm,new,2026-08-02T00:31:07.173+00:00
osm:node/2547207681,New Sunshine Nails,lash technician,(718) 657-3737,,,,179-43B Hillside Avenue Jamaica NY,Jamaica,NY,40.7130187,-73.7829183,osm,new,2026-08-02T00:31:07.155+00:00
osm:node/2547207633,HBL,lash technician,(347) 303-4382,,,,178-21 Hillside Avenue Jamaica NY,Jamaica,NY,40.7126409,-73.7845869,osm,new,2026-08-02T00:31:07.155+00:00
osm:node/2547146739,Mayra Nails & Spa,lash technician,(718) 414-4016,info@mayranailspa.com,https://www.mayranailspa.com,,187-02 Hillside Avenue Jamaica NY,Jamaica,NY,40.7145874,-73.775094,osm,new,2026-08-02T00:31:07.155+00:00
osm:node/2547207627,Jade Nails & Spa,lash technician,(718) 523-6982,,,,178-13 Hillside Avenue Jamaica NY,Jamaica,NY,40.7125958,-73.784834,osm,new,2026-08-02T00:31:07.155+00:00
osm:node/2550537066,Fine Beauty Salon,lash technician,(773) 943-9896,,,,255-17 Hillside Avenue Queens NY,Queens,NY,40.736653,-73.7122234,osm,new,2026-08-02T00:31:07.155+00:00
osm:node/2547207672,Sugar Scrub Nail Spa,lash technician,(718) 269-3269,,,,179-41 Hillside Avenue Jamaica NY,Jamaica,NY,40.7130149,-73.7830284,osm,new,2026-08-02T00:31:07.155+00:00
osm:node/2550112117,Mehak Beauty Salon,lash technician,(718) 558-0777,,,,168-04 Hillside Avenue Jamaica NY,Jamaica,NY,40.7099248,-73.7945049,osm,new,2026-08-02T00:31:07.155+00:00
osm:node/2547564608,Q Q Nail Spa,lash technician,(718) 830-0011,,,,63-51 Wetherole Street Queens NY,Queens,NY,40.7282412,-73.8639816,osm,new,2026-08-02T00:31:07.155+00:00
osm:node/2518037591,Exclusive Beauty & Spa,lash technician,(718) 606-2728,,,,105-24 64th Road Forest Hills NY,Forest Hills,NY,40.7317591,-73.8504619,osm,new,2026-08-02T00:31:06.944+00:00
osm:node/9993646348,Sam's Auto Body Shop,window tinting,(718) 488-5990,,,,Brooklyn NY,Brooklyn,NY,40.7021211,-73.9931023,osm,new,2026-08-02T00:18:18.344+00:00
osm:node/9765598821,4923A Auto Experts,window tinting,(347) 889-7259,,,,148 57th Street Brooklyn NY,Brooklyn,NY,40.6456461,-74.0220576,osm,new,2026-08-02T00:18:18.343+00:00
osm:node/9750252959,K Two Auto Repairs,window tinting,(718) 853-1500,,,,727 39th Street Brooklyn NY,Brooklyn,NY,40.648223,-73.9986245,osm,new,2026-08-02T00:18:18.343+00:00
osm:node/9834601283,Clinton Hill Auto Service,window tinting,(718) 230-3700,,,,Brooklyn NY,Brooklyn,NY,40.6942618,-73.9630798,osm,new,2026-08-02T00:18:18.343+00:00
osm:node/9983866795,Swerv Autoworks,window tinting,(347) 204-5056,,,,Brooklyn NY,Brooklyn,NY,40.6466152,-74.0234155,osm,new,2026-08-02T00:18:18.343+00:00
osm:node/9448468470,Auto Dent Collision Corp,window tinting,(718) 854-7900,,,,3511 Fort Hamilton Parkway Brooklyn NY,Brooklyn,NY,40.6447983,-73.9873269,osm,new,2026-08-02T00:18:18.343+00:00
osm:node/8035019189,eAutoCollision: Auto Body Shop,window tinting,(718) 517-9180,,https://www.eautocollision.com,,8029 Foster Avenue Brooklyn NY,Brooklyn,NY,40.6412989,-73.9182867,osm,new,2026-08-02T00:18:18.343+00:00
osm:node/9017826792,Auto Collision,window tinting,(347) 842-9387,,,,Brooklyn NY,Brooklyn,NY,40.6804339,-73.9621084,osm,new,2026-08-02T00:18:18.343+00:00
osm:node/9163473293,Victor Auto Collision Inc.,window tinting,(718) 837-8877,,,,1765 New Utrecht Avenue Brooklyn NY,Brooklyn,NY,40.6092726,-74.0016412,osm,new,2026-08-02T00:18:18.343+00:00
osm:node/8706816582,Perfic Auto,window tinting,(646) 436-5881,,,,568C Grand Avenue Brooklyn NY,Brooklyn,NY,40.6786602,-73.9622208,osm,new,2026-08-02T00:18:18.343+00:00
osm:node/9163473295,A.M.A. Auto Repairs,window tinting,(718) 236-5144,,,,1749 New Utrecht Avenue Brooklyn NY,Brooklyn,NY,40.6094052,-74.0019641,osm,new,2026-08-02T00:18:18.343+00:00
osm:node/9448468469,King Solomon Auto Repair,window tinting,(718) 853-1325,,,,3511 Fort Hamilton Parkway Brooklyn NY,Brooklyn,NY,40.6445972,-73.9871904,osm,new,2026-08-02T00:18:18.343+00:00
osm:node/9448468466,Padrino Auto Repair,window tinting,(718) 975-8667,,,,Brooklyn NY,Brooklyn,NY,40.645216,-73.9862151,osm,new,2026-08-02T00:18:18.343+00:00
osm:node/7253797985,B&Q Auto Shop,window tinting,(718) 624-1600,,,,Brooklyn NY,Brooklyn,NY,40.69398,-73.9315877,osm,new,2026-08-02T00:18:17.961+00:00
osm:node/7272642098,Carlos Auto Repair,window tinting,(718) 369-4514,,,,153 12th Street Brooklyn NY,Brooklyn,NY,40.6698846,-73.9927665,osm,new,2026-08-02T00:18:17.961+00:00
osm:node/7126509251,Jorge Auto Repair,window tinting,(718) 497-4042,lincoln69@hotmail.com,https://bushwickautorepair.com/,,1518 Myrtle Avenue Brooklyn NY,Brooklyn,NY,40.699106,-73.9132224,osm,new,2026-08-02T00:18:17.961+00:00
osm:node/6874272041,A1 Auto Service,window tinting,(718) 599-0202,,https://www.a1autoservice.com,,Brooklyn NY,Brooklyn,NY,40.6601896,-73.9973029,osm,new,2026-08-02T00:18:17.482+00:00
osm:node/6397146392,Top Notch Auto Repairs,window tinting,(718) 768-6649,,,,Brooklyn NY,Brooklyn,NY,40.6710048,-73.9905371,osm,new,2026-08-02T00:18:17.328+00:00
osm:node/6653326296,A9's Automotive Inc,window tinting,(718) 773-3600,,,,1332 Atlantic Avenue Brooklyn NY,Brooklyn,NY,40.6781942,-73.9484538,osm,new,2026-08-02T00:18:17.328+00:00
osm:node/6340460005,"Sharp Auto Body & Paint Works, Inc.",window tinting,,sharpautobody@comcast.net,https://sharpautobody.net/,,4301 Southeast 26th Avenue Portland OR,Portland,NY,45.4937133,-122.6398793,osm,new,2026-08-02T00:18:17.328+00:00
osm:node/6833276567,Bismillah Auto Repair,window tinting,(718) 622-3274,,,,Brooklyn NY,Brooklyn,NY,40.6794408,-73.9580217,osm,new,2026-08-02T00:18:17.328+00:00
osm:node/6129138946,Angel Auto Repair Shop Corporation,window tinting,(347) 775-8512,,https://www.facebook.com/Angel-auto-repair-shop-corp-229888020742444/,,311 Wilson Avenue Brooklyn NY,Brooklyn,NY,40.6968726,-73.9186483,osm,new,2026-08-02T00:18:17.145+00:00
osm:node/6129142453,Ceferino Automobile Repair,window tinting,(917) 415-1064,,,,405 Wilson Avenue Brooklyn NY,Brooklyn,NY,40.6948147,-73.9151261,osm,new,2026-08-02T00:18:17.145+00:00
osm:node/5742376085,Ambato Auto Service Inc,window tinting,(718) 456-3155,,http://ambatoauto.com/,,1090 Flushing Avenue Brooklyn NY,Brooklyn,NY,40.7050029,-73.9275844,osm,new,2026-08-02T00:18:16.324+00:00
osm:node/5747313631,Joseph's Auto Repair,window tinting,(347) 305-3017,,,,613 Bushwick Avenue Brooklyn NY,Brooklyn,NY,40.6985858,-73.9342066,osm,new,2026-08-02T00:18:16.324+00:00
osm:node/6127291998,Pr Auto Repair Shop,window tinting,(718) 386-2590,,,,115 Troutman Street Brooklyn NY,Brooklyn,NY,40.6996307,-73.9298633,osm,new,2026-08-02T00:18:16.324+00:00
osm:node/4615801014,A1A Auto Glass,window tinting,(718) 531-8625,,http://a1aautoglass.com,,8013 Preston Court Brooklyn NY,Brooklyn,NY,40.6416574,-73.9191705,osm,new,2026-08-02T00:18:16.088+00:00
osm:node/5742154833,Auto Repair 36 Street,window tinting,(718) 871-7979,,,,1201 39th Street Brooklyn NY,Brooklyn,NY,40.6418455,-73.9880537,osm,new,2026-08-02T00:18:16.088+00:00
osm:node/5679682463,Unico Auto & Truck Repair Inc,window tinting,(718) 599-3999,,,,220 Randolph Street Brooklyn NY,Brooklyn,NY,40.7098443,-73.9242129,osm,new,2026-08-02T00:18:16.088+00:00
osm:node/5635892820,Elvis Auto Repair,window tinting,(718) 418-4903,,,,411 Harman Street Brooklyn NY,Brooklyn,NY,40.7022544,-73.9167444,osm,new,2026-08-02T00:18:16.088+00:00
osm:node/5318912376,LLL Auto Repair,window tinting,(718) 488-9244,,,,524-528 President Street Brooklyn NY,Brooklyn,NY,40.6774764,-73.9855719,osm,new,2026-08-02T00:18:16.088+00:00
osm:node/5635894560,Cesar's Auto,window tinting,(718) 381-8428,,,,197 Wyckoff Avenue Brooklyn NY,Brooklyn,NY,40.7027117,-73.9163042,osm,new,2026-08-02T00:18:16.088+00:00
osm:node/4466213978,Einstein's Truck & Auto,window tinting,(718) 438-1880,,http://Einsteinstruckandauto.net,,1068 60th Street Brooklyn NY,Brooklyn,NY,40.6314517,-74.0035786,osm,new,2026-08-02T00:18:16.045+00:00
osm:node/4373277876,Guaranteed Alarm & Glass Inc.,window tinting,(718) 646-4110,,http://guaranteedalarmandglassinc.com,,3029 Coney Island Avenue Brooklyn NY,Brooklyn,NY,40.5826284,-73.9596625,osm,new,2026-08-02T00:18:14.935+00:00
osm:node/2561577733,GNC,nutrition coach,(718) 439-7954,,https://stores.gnc.com/all-stores-new-york/brooklyn/5301-5th-ave,,5301 5th Avenue Brooklyn NY,Brooklyn,NY,40.6432563,-74.0120307,osm,new,2026-08-02T00:18:03.435+00:00
osm:node/11764608696,Energia Vital,nutrition coach,(347) 786-2009,,,,Brooklyn NY,Brooklyn,NY,40.6437829,-74.0124503,osm,new,2026-08-02T00:18:03.435+00:00
osm:node/10316061658,Carlotta Grosvenor Taxes,tax preparation,(718) 282-5808,,,,3 Rutland Road Brooklyn NY,Brooklyn,NY,40.6589049,-73.9601045,osm,new,2026-08-02T00:17:52.594+00:00
osm:node/10163808180,Guzman Business Services,tax preparation,(718) 788-0608,guzmanbs@guzmanbs.com,https://www.guzmanbs.com,,Brooklyn NY,Brooklyn,NY,40.6468403,-74.0124973,osm,new,2026-08-02T00:17:52.594+00:00
osm:way/1040402372,EM Studio,home staging,(212) 472-5604,,https://www.emstudiony.com,,1668 1st Avenue Manhattan NY,Manhattan,NY,40.7774952,-73.9484275,osm,new,2026-08-02T00:17:51.47+00:00
osm:way/266212071,Samuel & Sons,home staging,(212) 704-8000,,https://samuelandsons.com,samuelandsons,983 3rd Avenue New York NY,New York,NY,40.7611634,-73.9664432,osm,new,2026-08-02T00:17:50.97+00:00
osm:node/10163512227,Batista & Associates,tax preparation,(718) 492-0002,alicia@batistaassociates.com,https://www.batistaassociates.com,,407 61st Street Brooklyn NY,Brooklyn,NY,40.6401243,-74.0185923,osm,new,2026-08-02T00:17:50.894+00:00
osm:node/9826331327,Five Pillars Tax Services,tax preparation,(718) 833-5202,,,,509 72nd Street Brooklyn NY,Brooklyn,NY,40.6316169,-74.0213449,osm,new,2026-08-02T00:17:50.614+00:00
osm:node/9750049383,Sohel & Associates,tax preparation,(347) 425-0328,,,,Brooklyn NY,Brooklyn,NY,40.6427128,-73.9790457,osm,new,2026-08-02T00:17:50.614+00:00
osm:node/9501239472,Income Tax,tax preparation,(347) 564-8024,,,,476 40th Street Brooklyn NY,Brooklyn,NY,40.6508297,-74.0049166,osm,new,2026-08-02T00:17:50.614+00:00
osm:node/9588511533,Caribbean Tax Service,tax preparation,(718) 732-3335,,,,922 Broadway Brooklyn NY,Brooklyn,NY,40.6972177,-73.9359506,osm,new,2026-08-02T00:17:50.614+00:00
osm:node/9432015997,Metro II Services,tax preparation,(718) 567-9405,,,,Brooklyn NY,Brooklyn,NY,40.6431744,-74.0156777,osm,new,2026-08-02T00:17:50.613+00:00
osm:node/9142527096,Master Accounting And Tax Services,tax preparation,(718) 838-8580,,,,765 55th Street Brooklyn NY,Brooklyn,NY,40.6387562,-74.0070444,osm,new,2026-08-02T00:17:50.613+00:00
osm:node/9032759793,"J.D. Pantzis, C.P.A.",tax preparation,(718) 858-9864,,,,Brooklyn NY,Brooklyn,NY,40.6920308,-73.9870418,osm,new,2026-08-02T00:17:50.613+00:00
osm:node/9017912441,Liberty Income Tax,tax preparation,(718) 783-7777,,,,Brooklyn NY,Brooklyn,NY,40.6815217,-73.9555916,osm,new,2026-08-02T00:17:50.613+00:00
osm:node/8766088444,N & Y Associates,tax preparation,(917) 607-6004,,,,Brooklyn NY,Brooklyn,NY,40.6612746,-73.9974748,osm,new,2026-08-02T00:17:50.613+00:00
osm:way/250490410,Restoration Hardware,home staging,(212) 217-2210,,https://www.restorationhardware.com,,9 9th Avenue New York NY,New York,NY,40.7399779,-74.0065188,osm,new,2026-08-02T00:17:50.405+00:00
osm:node/6952711747,Lupo Tax Services,tax preparation,(718) 834-1819,,https://www.lupotaxservices.com/,,206 Sackett Street Brooklyn NY,Brooklyn,NY,40.6840984,-73.9997176,osm,new,2026-08-02T00:17:49.985+00:00
osm:node/8085986419,ViFi Tax Services,tax preparation,(718) 499-3072,,,,Brooklyn NY,Brooklyn,NY,40.6718488,-73.9904911,osm,new,2026-08-02T00:17:49.985+00:00
osm:node/7063167253,Ci Tax Professionals Corporation,tax preparation,(718) 417-1699,,,,816 Wyckoff Avenue Brooklyn NY,Brooklyn,NY,40.6978606,-73.9083569,osm,new,2026-08-02T00:17:49.985+00:00
osm:node/13376679549,Bunny Williams Home,home staging,(212) 935-5930,contact@bunnywilliamshome.com,https://www.bunnywilliamshome.com,,Manhattan NY,Manhattan,NY,40.7614014,-73.9629368,osm,new,2026-08-02T00:17:49.81+00:00
osm:node/7366142881,Pink Olive,home staging,(212) 780-0036,,https://pinkolive.com,,439 East 9th Street Manhattan NY,Manhattan,NY,40.7275621,-73.9830883,osm,new,2026-08-02T00:17:49.583+00:00
osm:node/12200015071,de Gournay,home staging,(212) 564-9750,,,,243 East 59th Street New York NY,New York,NY,40.7608955,-73.9647042,osm,new,2026-08-02T00:17:49.583+00:00
osm:node/6625066709,Caribbean Tax Center,tax preparation,(347) 876-3389,,,,1386 DeKalb Avenue Brooklyn NY,Brooklyn,NY,40.6993104,-73.9239735,osm,new,2026-08-02T00:17:49.55+00:00
osm:node/6682030674,Franklin Income Tax,tax preparation,(718) 398-2613,,,,Brooklyn NY,Brooklyn,NY,40.6812781,-73.953327,osm,new,2026-08-02T00:17:49.55+00:00
osm:node/6175434119,Alexis Robins Income Tax,tax preparation,(347) 987-3660,,,,Brooklyn NY,Brooklyn,NY,40.6806185,-73.9629361,osm,new,2026-08-02T00:17:49.55+00:00
osm:node/6128707691,M S Saving Solutions Insurance & Tax Services,tax preparation,(718) 443-3933,,https://mssavingsolutions.com/,,203 Wilson Avenue Brooklyn NY,Brooklyn,NY,40.6991029,-73.9224999,osm,new,2026-08-02T00:17:49.55+00:00
osm:node/6221829008,C/W Multi Services,tax preparation,(718) 832-7832,,,,Brooklyn NY,Brooklyn,NY,40.6609497,-73.9936214,osm,new,2026-08-02T00:17:49.55+00:00
osm:node/2555120471,Nordic Knots,home staging,,support@nordicknots.com,https://nordicknots.com/,,6 Greene Street Manhattan NY,Manhattan,NY,40.7205584,-74.0029879,osm,new,2026-08-02T00:17:49.366+00:00
osm:node/6125142356,The Tax Professionals,tax preparation,(718) 384-4724,,,,Brooklyn NY,Brooklyn,NY,40.6978906,-73.9279963,osm,new,2026-08-02T00:17:49.142+00:00
osm:node/6045124586,Edward Gerstein,tax preparation,(718) 499-8352,,,,Brooklyn NY,Brooklyn,NY,40.6731864,-73.9802752,osm,new,2026-08-02T00:17:49.142+00:00
osm:node/5737743039,Joseph & Richard Colacino Income Tax,tax preparation,(718) 788-3308,,,,Brooklyn NY,Brooklyn,NY,40.6678457,-73.9809939,osm,new,2026-08-02T00:17:49.142+00:00
osm:node/5840534170,Viptax,tax preparation,(718) 499-0221,,,,760 5th Avenue Brooklyn NY,Brooklyn,NY,40.6584982,-73.9966106,osm,new,2026-08-02T00:17:49.142+00:00
osm:node/5595535762,Q & A Tax Solutions Inc,tax preparation,(718) 782-8802,antonio@qataxsolutions.com,https://www.qataxsolutions.com/,,711 Grand Street Brooklyn NY,Brooklyn,NY,40.711741,-73.9444249,osm,new,2026-08-02T00:17:48.682+00:00
osm:node/4456366248,Simple Pay Inc.,tax preparation,(718) 232-6190,,http://simplepayinc.net,,6024 20th Avenue Brooklyn NY,Brooklyn,NY,40.6190482,-73.9834518,osm,new,2026-08-02T00:17:48.312+00:00
osm:node/2568144047,Liberty Tax,tax preparation,(718) 756-3035,,,,Brooklyn NY,Brooklyn,NY,40.6720252,-73.9309674,osm,new,2026-08-02T00:17:48.072+00:00
osm:node/2561907050,Tax Terminal,tax preparation,(718) 257-8200,,https://taxterminal.com,,878 4th Avenue Brooklyn NY,Brooklyn,NY,40.6567522,-74.0021961,osm,new,2026-08-02T00:17:48.072+00:00
osm:node/2561615099,Vamm International,tax preparation,(718) 567-0483,,,,507 59th Street Brooklyn NY,Brooklyn,NY,40.6399485,-74.0151639,osm,new,2026-08-02T00:17:47.685+00:00
osm:node/2553192537,Jackson Hewitt,tax preparation,(347) 377-1793,,,,507 73rd Street Brooklyn NY,Brooklyn,NY,40.6309272,-74.0216568,osm,new,2026-08-02T00:17:47.685+00:00
osm:node/2552604032,H&R Block,tax preparation,(718) 434-4344,,,,8506 4th Avenue Brooklyn NY,Brooklyn,NY,40.6233882,-74.0283188,osm,new,2026-08-02T00:17:47.642+00:00
osm:node/2550002802,R&G Brenner,tax preparation,(718) 596-1188,,https://www.rgbrenner.com/locations/brooklyn/downtown/,,Brooklyn NY,Brooklyn,NY,40.6896009,-73.9860383,osm,new,2026-08-02T00:17:47.235+00:00
osm:way/368086946,L&M Appliance Parts & Service,computer repair,(503) 233-4901,lmappliance@gmail.com,https://www.lmappliance.com/,,1220 Southeast Rhine Street Portland OR,Portland,NY,45.4973573,-122.6533395,osm,new,2026-08-02T00:17:46.84+00:00
osm:node/12732221745,Computer Center of Boro Park,computer repair,(718) 686-0909,,,,5404 New Utrecht Avenue Brooklyn NY,Brooklyn,NY,40.6322826,-73.9954581,osm,new,2026-08-02T00:17:46.442+00:00
osm:node/11987928034,iFix Tech Service Center,computer repair,(330) 999-9119,,https://ifixtechllc.com,,402 Brighton Beach Avenue Brooklyn NY,Brooklyn,NY,40.5770921,-73.9630599,osm,new,2026-08-02T00:17:46.442+00:00
osm:node/2494088759,RWB Tax Services,tax preparation,(347) 787-0596,hello@rwbtax.us,https://www.redwhiteandbluetax.com,,819 Park Place Brooklyn NY,Brooklyn,NY,40.6735532,-73.9506107,osm,new,2026-08-02T00:17:46.389+00:00
osm:node/357625374,Gavidia Brothers,tax preparation,(718) 492-9600,,,,Brooklyn NY,Brooklyn,NY,40.6467695,-74.0119449,osm,new,2026-08-02T00:17:46.043+00:00
osm:node/11359032875,MainPC Computer,computer repair,(718) 787-4888,,https://mainpclab.com/,,1250 Avenue U Brooklyn NY,Brooklyn,NY,40.5984809,-73.9584533,osm,new,2026-08-02T00:17:45.718+00:00
osm:node/10676992134,Cyber Repair Center,computer repair,(347) 236-4678,,,,Brooklyn NY,Brooklyn,NY,40.6422458,-74.0134967,osm,new,2026-08-02T00:17:45.607+00:00
osm:node/10676992132,Dev Computer,computer repair,(347) 523-2129,,https://devcomputerstore.business.site/,,Brooklyn NY,Brooklyn,NY,40.6420753,-74.0132615,osm,new,2026-08-02T00:17:45.607+00:00
osm:node/10179186550,Apple Samsung Doctor Guy,computer repair,(646) 280-5934,,,,Brooklyn NY,Brooklyn,NY,40.6770163,-73.9496803,osm,new,2026-08-02T00:17:45.406+00:00
osm:node/9123093700,Mr Fix,computer repair,(718) 513-8238,,https://mrfixrepair.com,,Brooklyn NY,Brooklyn,NY,40.6943324,-73.9931436,osm,new,2026-08-02T00:17:45.406+00:00
osm:node/9925780331,Romanos Tech,computer repair,(347) 844-9007,,,,5906 5th Avenue Brooklyn NY,Brooklyn,NY,40.6399849,-74.0158388,osm,new,2026-08-02T00:17:45.406+00:00
osm:node/6306870912,Micro Center,computer repair,(347) 563-9880,,https://www.microcenter.com/site/stores/brooklyn.aspx,,850 3rd Avenue Brooklyn NY,Brooklyn,NY,40.6587479,-74.0039498,osm,new,2026-08-02T00:17:45.308+00:00
osm:node/6874272038,PhonePC,computer repair,(646) 662-3557,,,,Brooklyn NY,Brooklyn,NY,40.6610075,-73.9977534,osm,new,2026-08-02T00:17:45.308+00:00
osm:node/8873486623,We Fix Computers,computer repair,(201) 916-6471,,,,368 7th Avenue Brooklyn NY,Brooklyn,NY,40.6658748,-73.9827317,osm,new,2026-08-02T00:17:45.308+00:00
osm:node/5932291052,The Mac Support Store,computer repair,(718) 312-8341,,https://www.macsupportstore.com,,168 7th Street Brooklyn NY,Brooklyn,NY,40.6728832,-73.991322,osm,new,2026-08-02T00:17:45.203+00:00
osm:node/5801941631,Apple Core Electronics,computer repair,(718) 628-4068,goapplecore@aol.com,http://applecoreelectronics.com/,,991 Flushing Avenue Brooklyn NY,Brooklyn,NY,40.7032134,-73.932976,osm,new,2026-08-02T00:17:44.766+00:00
osm:node/2552626580,Martech Computers,computer repair,(718) 491-9600,,,,8022 3rd Avenue Brooklyn NY,Brooklyn,NY,40.6272945,-74.0296662,osm,new,2026-08-02T00:17:44.659+00:00
osm:node/2561580097,PC Max Solutions,computer repair,(646) 844-1166,,,,Brooklyn NY,Brooklyn,NY,40.6432049,-74.0130067,osm,new,2026-08-02T00:17:44.659+00:00
osm:node/2566399493,Jean Computer Repair and Sale,computer repair,(718) 880-9617,,,,799 Rogers Avenue Brooklyn NY,Brooklyn,NY,40.6512418,-73.9523679,osm,new,2026-08-02T00:17:44.659+00:00
osm:node/5567736812,J R Cellphone Repairs,computer repair,(347) 750-5028,,,,264 Wyckoff Avenue Brooklyn NY,Brooklyn,NY,40.7001246,-73.9124991,osm,new,2026-08-02T00:17:44.659+00:00
osm:node/11142954835,Zale Contracting,interior designer,(718) 366-1092,info@zaleinc.net,https://zaleinc.net,,1740 Decatur Street Queens NY,Queens,NY,40.6971202,-73.8986641,osm,new,2026-08-02T00:17:42.999+00:00
osm:node/9349745711,Alba Wood Works,interior designer,(347) 974-2522,,,,Queens NY,Queens,NY,40.7126506,-73.8970082,osm,new,2026-08-02T00:17:42.455+00:00
osm:node/4884563491,Craftidious,interior designer,(347) 233-3057,,https://craftidious.com,,170-12 Hillside Avenue Jamaica NY,Jamaica,NY,40.7110823,-73.7915277,osm,new,2026-08-02T00:17:42.455+00:00
osm:node/5344122645,Interiors by JC Landa LLC,interior designer,(718) 932-6160,,,,32-86 47th Street Queens NY,Queens,NY,40.7542513,-73.9152581,osm,new,2026-08-02T00:17:42.455+00:00
osm:node/2561743491,Midwood Doors & Millwork,garage door repair,(718) 788-1399,,https://midwooddoorsonline.com,,4907 1st Avenue Brooklyn NY,Brooklyn,NY,40.6508019,-74.0185027,osm,new,2026-08-02T00:17:36.156+00:00
osm:node/13899267101,Vasari Lime Plaster & Paint,home staging,(917) 991-4826,,http://vasariplaster.com,,260 Mott Street Manhattan NY,Manhattan,NY,40.7236483,-73.9944666,osm,new,2026-08-02T00:17:21.072+00:00
osm:node/12038348987,AmeriTrade Group Corp.,tax preparation,(718) 606-6491,,https://www.ameritradegroup.com,,104-56 Roosevelt Avenue Queens NY,Queens,NY,40.7502493,-73.8596918,osm,new,2026-08-02T00:17:01.006+00:00
osm:node/11992854653,Transworld,tax preparation,(718) 658-3088,,,,159-19 Hillside Avenue Jamaica NY,Jamaica,NY,40.7080605,-73.8021191,osm,new,2026-08-02T00:17:00.794+00:00
osm:node/11681803436,Liberty Tax,tax preparation,(718) 322-6494,office16005@libertytax.com,https://www.libertytax.com/income-tax-preparation-locations/new-york/ozone-park/16005,,105-14 Cross Bay Boulevard Ozone Park NY,Ozone Park,NY,40.6798031,-73.8448441,osm,new,2026-08-02T00:17:00.793+00:00
osm:node/11151713995,Fonts Income Tax & Immigration Service,tax preparation,(718) 480-1600,,https://fontsincometaxservices.com,,173-20 Jamaica Avenue Jamaica NY,Jamaica,NY,40.7077842,-73.7858953,osm,new,2026-08-02T00:17:00.223+00:00
osm:node/9678961472,Fray Tax Corp.,tax preparation,(718) 296-4899,,,,79-02 Jamaica Avenue Woodhaven NY,Woodhaven,NY,40.6918603,-73.8631715,osm,new,2026-08-02T00:16:59.293+00:00
osm:node/9815263218,Naeem Tax Express,tax preparation,(917) 816-6790,,,,160-02 Hillside Avenue Jamaica NY,Jamaica,NY,40.7078638,-73.8016502,osm,new,2026-08-02T00:16:59.293+00:00
osm:node/9099007317,Hamd Tax and Multiservices Inc.,tax preparation,(347) 279-7157,,,,169-06 Hillside Avenue Jamaica NY,Jamaica,NY,40.7106526,-73.7927142,osm,new,2026-08-02T00:16:59.293+00:00
osm:node/5618387532,Liberty Tax,tax preparation,(718) 456-7100,office10822@libertytax.com,https://www.libertytax.com/income-tax-preparation-locations/10822.html,,60-63 Myrtle Avenue Ridgewood NY,Ridgewood,NY,40.700824,-73.8960516,osm,new,2026-08-02T00:16:59.06+00:00
osm:node/5642325122,AR Smart Tax Services,tax preparation,(718) 894-1040,,,,61-04 Flushing Avenue Maspeth NY,Maspeth,NY,40.7210439,-73.9037972,osm,new,2026-08-02T00:16:59.06+00:00
osm:node/5617835459,Pessin Tax Services,tax preparation,(718) 497-4477,,,,61-06 Myrtle Avenue Queens NY,Queens,NY,40.700696,-73.8939609,osm,new,2026-08-02T00:16:58.338+00:00
osm:node/2545311768,Fiotax,tax preparation,(718) 850-2904,fiotaxinc@gmail.com,https://www.fiotax.com/,,86-44 121st Street Richmond Hill NY,Richmond Hill,NY,40.7005627,-73.8293148,osm,new,2026-08-02T00:16:56.872+00:00
osm:node/4880823302,"US Tax Help, Inc.",tax preparation,(718) 291-5550,,,,169-18 Hillside Avenue Jamaica NY,Jamaica,NY,40.7107581,-73.7923883,osm,new,2026-08-02T00:16:56.872+00:00
osm:node/12520976008,International Flowers & Party Goods,event planner,(171) 860-6257,,,,42-20 Junction Boulevard Queens NY,Queens,NY,40.7457481,-73.8682909,osm,new,2026-08-02T00:16:56.63+00:00
osm:node/10989624579,Party Time Wishes,event planner,(718) 651-2212,,,,85-34 Grand Avenue Elmhurst NY,Elmhurst,NY,40.7354379,-73.8810408,osm,new,2026-08-02T00:16:56.63+00:00
osm:node/12289600819,Mickey's Party Goods,event planner,(718) 397-0436,,,,102-54 43rd Avenue Queens NY,Queens,NY,40.7476176,-73.8609563,osm,new,2026-08-02T00:16:56.63+00:00
osm:node/9362317187,Party City,event planner,(347) 507-7357,,https://stores.partycity.com/us/ny/elmhurst/party-store-pc687.html,,74-17 Grand Avenue Elmhurst NY,Elmhurst,NY,40.7310213,-73.8874507,osm,new,2026-08-02T00:16:56.629+00:00
osm:node/6164566304,Party Shack,event planner,(718) 527-7353,,,,228-11 Merrick Boulevard Queens NY,Queens,NY,40.6767058,-73.7417311,osm,new,2026-08-02T00:16:56.39+00:00
osm:node/5735396348,Kentrikon & Noufaro Wedding Store,event planner,(718) 721-6066,,,,23-35 31st Street Queens NY,Queens,NY,40.7734301,-73.9137088,osm,new,2026-08-02T00:16:56.39+00:00
osm:node/2844895657,Party Zone NYC,event planner,(917) 745-2493,,,,47-12 48th Avenue Queens NY,Queens,NY,40.739019,-73.9180545,osm,new,2026-08-02T00:16:56.389+00:00
osm:node/5557041236,Party Connection,event planner,(718) 366-2330,,,,685 Woodward Avenue Queens NY,Queens,NY,40.7051077,-73.9057771,osm,new,2026-08-02T00:16:56.389+00:00
osm:node/12917344529,Hiltzik CPA,tax preparation,(212) 729-3938,info@hiltzikcpa.com,https://hiltzikcpa.com/,,244 5th Avenue New York NY,New York,NY,40.7446681,-73.9877567,osm,new,2026-08-02T00:16:08.203+00:00
osm:node/11981765082,Tax DRx,tax preparation,(718) 550-1040,,,,2155 Adam Clayton Powell Jr. Boulevard New York NY,New York,NY,40.8105639,-73.9468317,osm,new,2026-08-02T00:16:08.101+00:00
osm:node/11763127498,"Michael L Emmel, CPA",tax preparation,(212) 228-7400,,https://mlecpa.tax,,270 Madison Avenue New York NY,New York,NY,40.7514153,-73.9805127,osm,new,2026-08-02T00:16:08.101+00:00
osm:node/11539067838,Phenix Multiservices,tax preparation,(212) 665-1010,,,,932 Columbus Avenue New York NY,New York,NY,40.7991146,-73.9631919,osm,new,2026-08-02T00:16:03.973+00:00
osm:node/11552829181,Via Travel Tax Envio,tax preparation,(212) 865-1051,,,,951 Columbus Avenue New York NY,New York,NY,40.7996265,-73.9623348,osm,new,2026-08-02T00:16:03.973+00:00
osm:node/11415713816,Liberty Tax,tax preparation,(212) 932-1040,office16452@libertytax.com,https://www.libertytax.com/income-tax-preparation-locations/16452,,8796 Amsterdam Avenue New York NY,New York,NY,40.799003,-73.9670061,osm,new,2026-08-02T00:16:03.973+00:00
osm:node/11539206716,Columbus Center,tax preparation,(212) 678-1052,,,,927 Columbus Avenue New York NY,New York,NY,40.7987538,-73.962989,osm,new,2026-08-02T00:16:03.973+00:00
osm:node/11411614763,Easy Tax Service,tax preparation,(212) 865-9118,,http://www.easytaxnyc.com,,248 West 106th Street New York NY,New York,NY,40.8009166,-73.967373,osm,new,2026-08-02T00:16:03.745+00:00
osm:node/9637476986,Income Tax,tax preparation,(646) 255-4341,,,,69 Chrystie Street Manhattan NY,Manhattan,NY,40.7168371,-73.9946868,osm,new,2026-08-02T00:16:02.818+00:00
osm:node/9091304271,J. Rojas Center,tax preparation,(212) 420-1616,je1991@live.com,http://rojascenter.com/,,123 Essex Street New York NY,New York,NY,40.7197313,-73.9877665,osm,new,2026-08-02T00:16:02.818+00:00
osm:node/9029130048,"Emmerman, Boyle & Associates",tax preparation,(212) 249-2525,,,,Manhattan NY,Manhattan,NY,40.777176,-73.9544995,osm,new,2026-08-02T00:16:01.14+00:00
osm:node/8038520685,Perelson Weiner LLP,tax preparation,,user@domain.com,https://www.pwcpa.com/,,Manhattan NY,Manhattan,NY,40.7560835,-73.9743346,osm,new,2026-08-02T00:16:01.14+00:00
osm:node/6825235343,Miller & Company LLP NY,tax preparation,(646) 865-1444,,https://www.cpafirmnyc.com,,274 Madison Avenue New York NY,New York,NY,40.7513553,-73.9805705,osm,new,2026-08-02T00:16:00.999+00:00
osm:node/6691756268,Calta Tax,tax preparation,(212) 689-6053,,,,155 East 26th Street Manhattan NY,Manhattan,NY,40.7409894,-73.9821052,osm,new,2026-08-02T00:16:00.546+00:00
osm:node/6622050397,"Goldcrest Consulting Services, LLC",tax preparation,(646) 218-9840,info@goldcrestcpa.com,https://goldcrestcpa.com/,,535 Fifth Avenue 4th Floor New York NY,New York,NY,40.7548578,-73.9794051,osm,new,2026-08-02T00:16:00.546+00:00
osm:node/6618868120,Arthur V. Fox CPA PC,tax preparation,(212) 752-6400,,http://www.arthurfox.com,,420 Lexington Avenue New York NY,New York,NY,40.7524677,-73.9757799,osm,new,2026-08-02T00:15:59.67+00:00
osm:node/5712388579,"LG Tax Service, Inc.",tax preparation,(212) 304-0482,,http://lgtax.com/,,4746 Broadway Manhattan NY,Manhattan,NY,40.8651217,-73.9276583,osm,new,2026-08-02T00:15:59.096+00:00
osm:node/2797260691,Atax,tax preparation,(646) 669-7175,atorres@atax.com,https://atax.com/new-york-ny-washington-heights/,,4123 Broadway Manhattan NY,Manhattan,NY,40.8456867,-73.9388083,osm,new,2026-08-02T00:15:53.094+00:00
osm:node/2322509058,MGNY,tax preparation,(212) 343-1111,,https://mgnyconsulting.com,,Manhattan NY,Manhattan,NY,40.730445,-73.9899351,osm,new,2026-08-02T00:15:51.655+00:00
osm:node/2186614180,Block Advisors,tax preparation,(212) 785-1216,,https://www.blockadvisors.com,,5 Hanover Square Manhattan NY,Manhattan,NY,40.704919,-74.0093135,osm,new,2026-08-02T00:15:51.573+00:00
osm:way/249622055,B&D Heating,hvac,(718) 625-1396,,,,Brooklyn NY,Brooklyn,NY,40.6568976,-73.9984535,osm,new,2026-08-02T00:15:46.971+00:00
osm:way/249604104,C.D.E. Air Conditioning,hvac,(718) 788-1040,info@cdeair.com,https://www.cdeair.com,,321 39th Street Brooklyn NY,Brooklyn,NY,40.6536846,-74.0074592,osm,new,2026-08-02T00:15:46.971+00:00
osm:way/248171314,ProfAir LTS,hvac,(646) 764-3280,demo@yourmail.com,https://profaircorp.com,,542 3rd Avenue Brooklyn NY,Brooklyn,NY,40.6688247,-73.9935746,osm,new,2026-08-02T00:15:46.837+00:00
osm:node/13055706690,"Classic Home Services, AC & Furnace Repair",hvac,(718) 412-9841,,https://heatingandcoolingnewyork.com/ac-repair-brooklyn-ny/,,275 Park Avenue Brooklyn NY,Brooklyn,NY,40.6962666,-73.9681682,osm,new,2026-08-02T00:15:45.682+00:00
osm:node/11043471828,Caucig Fuel – Heating and Cooling Co.,hvac,(718) 693-8357,,https://nyfuelsupply.com/,,1018 39th Street Brooklyn NY,Brooklyn,NY,40.6440804,-73.9924673,osm,new,2026-08-02T00:15:45.609+00:00
osm:node/10943277556,Efficiency Heating & Cooling Company,hvac,(503) 698-5588,,https://www.eheatcool.com/,,4409 Southeast 24th Avenue Brooklyn OR,Brooklyn,NY,45.491443,-122.6420561,osm,new,2026-08-02T00:15:45.33+00:00
osm:node/10245328562,Winter Wolf,hvac,(718) 454-7374,,https://www.winterwolftechvac.com,,Brooklyn NY,Brooklyn,NY,40.6610412,-73.9939628,osm,new,2026-08-02T00:15:45.203+00:00
osm:node/10238973159,Ice Age Mechanical,hvac,(718) 344-5095,,,,274 41st Street Brooklyn NY,Brooklyn,NY,40.6529474,-74.0099276,osm,new,2026-08-02T00:15:45.145+00:00
osm:node/9756564144,HVAC Premium,hvac,(888) 404-4822,,https://hvacpremium.com/,,101 Walworth Street Brooklyn NY,Brooklyn,NY,40.6959898,-73.9543315,osm,new,2026-08-02T00:15:45.144+00:00
osm:node/5801920041,Economy Refrigeration,hvac,(718) 497-0632,,http://economyref.com/,,134 Noll Street Brooklyn NY,Brooklyn,NY,40.7026456,-73.9311297,osm,new,2026-08-02T00:15:44.851+00:00
osm:node/2827518423,Stillwell Team,hvac,(347) 515-5833,,https://stillwellusny.com,,54A Richards Street Brooklyn NY,Brooklyn,NY,40.6798737,-74.0074548,osm,new,2026-08-02T00:15:44.841+00:00
osm:way/643684608,A&H Auto Repair,window tinting,(785) 341-7468,,,,700 South 6th Street Manhattan NY,Manhattan,NY,39.1728431,-96.5654592,osm,new,2026-08-02T00:15:43.384+00:00
osm:way/275110934,NYC Auto Body,window tinting,(212) 289-7537,nycautobody@gmail.com,https://nycautobody.us/,,4519 Broadway Manhattan NY,Manhattan,NY,40.859216,-73.9318288,osm,new,2026-08-02T00:15:43.383+00:00
osm:way/271219733,Town Car Auto Repair Inc.,window tinting,(212) 722-2449,,,,1353 Park Avenue New York NY,New York,NY,40.7899769,-73.9495084,osm,new,2026-08-02T00:15:42.553+00:00
osm:way/250489824,West Village Auto Repair,window tinting,(212) 691-2020,,https://west-village-auto-repair.business.site/,,743 Greenwich Street Manhattan NY,Manhattan,NY,40.7354034,-74.006643,osm,new,2026-08-02T00:15:42.553+00:00
osm:way/266910081,United Auto Repairs,window tinting,(212) 744-0615,,,,236 East 83rd Street Manhattan NY,Manhattan,NY,40.7760514,-73.9540715,osm,new,2026-08-02T00:15:42.553+00:00
osm:way/247867458,L & W Auto Service,window tinting,(212) 226-5888,,,,39 Kenmare Street Manhattan NY,Manhattan,NY,40.7209189,-73.9952497,osm,new,2026-08-02T00:15:42.267+00:00
osm:node/13332478995,Hangar 51 Customs - Auto Customization & Auto Sales,window tinting,(708) 261-3435,blake@hangar51customs.com,https://hangar51customs.com/,,100 Elwood Road Manhattan IL,Manhattan,NY,41.4204897,-87.9884533,osm,new,2026-08-02T00:15:41.92+00:00
osm:node/11871252527,Best Auto Sound,window tinting,(917) 204-5860,,,,2298 1st Avenue New York NY,New York,NY,40.7974163,-73.9341495,osm,new,2026-08-02T00:15:41.737+00:00
osm:node/11837001596,Manhattan Auto Body Repair,window tinting,(212) 838-8888,,https://autorepairservicenyc.com/,,2451 1st Avenue New York NY,New York,NY,40.8024176,-73.9312974,osm,new,2026-08-02T00:15:41.737+00:00
osm:node/10552700277,Autotech Collision,window tinting,(212) 974-0400,customerservice@autotechny.com,https://autotechny.com/,,505 West 57th Street Manhattan NY,Manhattan,NY,40.7694711,-73.9889697,osm,new,2026-08-02T00:15:41.308+00:00
osm:node/9913262962,Manhattan Autocare,window tinting,(212) 353-0125,,,,Manhattan NY,Manhattan,NY,40.7156504,-73.9807615,osm,new,2026-08-02T00:15:40.928+00:00
osm:node/8644426520,Auto Care East,window tinting,(212) 988-1515,,https://autocareeast.com,,243 East 94th Street Manhattan NY,Manhattan,NY,40.7833028,-73.9485794,osm,new,2026-08-02T00:15:40.928+00:00
osm:node/5359284554,"Quality Auto Services, Inc.",window tinting,(212) 244-6237,,https://qualityautoservicesnyc.com/,,516 West 39th Street Manhattan NY,Manhattan,NY,40.7578372,-73.9974832,osm,new,2026-08-02T00:15:37.457+00:00
osm:node/13682218302,Mike’s Tech Shop,computer repair,(212) 924-6453,info@mikestechshop.com,https://mikestechshop.com/,,120 West 20th Street Manhattan NY,Manhattan,NY,40.7412802,-73.9952876,osm,new,2026-08-02T00:15:24.553+00:00
osm:node/13061053901,DriveTech Computer Repair,computer repair,,help@drivetechpc.com,https://www.drivetechpc.com/,,351 East 82nd Street Manhattan NY,Manhattan,NY,40.7746257,-73.9516802,osm,new,2026-08-02T00:15:24.295+00:00
osm:node/11517777937,uBreakiFix,computer repair,(212) 903-4349,,https://www.ubreakifix.com/locations/upperwestside,,202 West 96th Street New York NY,New York,NY,40.7941386,-73.9709766,osm,new,2026-08-02T00:15:23.99+00:00
osm:node/12327528823,Quick Repair,computer repair,(212) 804-8629,,,,151 Avenue A Manhattan NY,Manhattan,NY,40.7275982,-73.9826011,osm,new,2026-08-02T00:15:23.99+00:00
osm:node/11442900426,Techtronics,computer repair,(212) 960-8785,hello@techtronicsmobile.com,https://techtronicsmobile.com/upper-west-side-iphone-laptop-and-macbook-repair/,,2578 Broadway New York NY,New York,NY,40.7953891,-73.9708977,osm,new,2026-08-02T00:15:23.511+00:00
osm:node/10634947419,Fix and Go NY,computer repair,(212) 203-7789,info@fixandgony.com,https://fixandgony.com/,,141 East 62nd Street New York NY,New York,NY,40.7640693,-73.966479,osm,new,2026-08-02T00:15:23.353+00:00
osm:node/11418529920,Gadget Revive,computer repair,(212) 933-9396,,,,175 West 107th Street New York NY,New York,NY,40.8010231,-73.9647374,osm,new,2026-08-02T00:15:23.353+00:00
osm:node/8907677617,7-Eleven,computer repair,(212) 608-1100,,https://www.7-eleven.com/locations/ny/new-york/110-church-st-39640,,110 Church Street New York NY,New York,NY,40.7135166,-74.0093117,osm,new,2026-08-02T00:15:22.638+00:00
osm:node/5401946313,First Technology,computer repair,(929) 270-8889,,https://chinatowniphonerepairnewyork.com/,,51A Canal Street Manhattan NY,Manhattan,NY,40.7149501,-73.9916614,osm,new,2026-08-02T00:15:22.524+00:00
osm:node/2711024310,CPR Cell Phone Repair,computer repair,(646) 430-8728,,https://www.cellphonerepair.com/manhattan-1st-ave-ny,,1036 1st Avenue New York NY,New York,NY,40.7578981,-73.9629944,osm,new,2026-08-02T00:15:22.082+00:00
osm:node/2547162245,uBreakiFix,computer repair,(212) 254-0690,,,,46 East 8th Street Manhattan NY,Manhattan,NY,40.7311009,-73.9939204,osm,new,2026-08-02T00:15:20.093+00:00
osm:node/1074300686,Bear Computer Systems,computer repair,(785) 539-5777,,,,2311 Tuttle Creek Boulevard Manhattan KS,Manhattan,NY,39.2080021,-96.5731187,osm,new,2026-08-02T00:15:20.093+00:00
osm:node/13530139914,Ruff Club,dog grooming,(914) 877-2754,team@ruffclub.com,https://www.ruffclub.com,,Manhattan NY,Manhattan,NY,40.7233833,-73.9852915,osm,new,2026-08-02T00:02:01.699+00:00
osm:node/12932496014,Funny Pets NYC,dog grooming,(917) 261-4998,hello@funnypets.nyc,https://www.funnypets.nyc/,,Manhattan NY,Manhattan,NY,40.7716047,-73.9491088,osm,new,2026-08-02T00:02:01.646+00:00
osm:node/12684865070,Dogma Garden,dog grooming,(646) 349-0090,dogma@dogmanyc.com,https://dogmanyc.com,,Manhattan NY,Manhattan,NY,40.7290056,-73.978489,osm,new,2026-08-02T00:01:58.572+00:00
osm:node/12150569642,Doggie-Do & Playtime Too,dog grooming,,doggiedonyc@gmail.com,https://doggiedonyc.com,,348 East 76th Street Manhattan NY,Manhattan,NY,40.7708203,-73.9553576,osm,new,2026-08-02T00:01:58.075+00:00
osm:node/11971474995,Paws Country Club,dog grooming,(212) 501-8700,pawscountryclub@gmail.com,https://www.pawscountryclub.com,,301 West 113th Street New York NY,New York,NY,40.8026506,-73.9568889,osm,new,2026-08-02T00:01:55.579+00:00
osm:node/11923620586,Puppy Tale Lodge,dog grooming,(929) 339-0022,info@puppytalelodge.com,https://puppytalelodge.com,,Manhattan NY,Manhattan,NY,40.7669703,-73.9583586,osm,new,2026-08-02T00:01:55.46+00:00
osm:node/11900021478,Aristo Paws,dog grooming,(646) 998-3888,,https://aristobylucky.com,,229A West 101st Street New York NY,New York,NY,40.7980904,-73.9697889,osm,new,2026-08-02T00:01:55.399+00:00
osm:node/11552829185,Snowball Salon,dog grooming,(212) 666-4606,,http://www.snowballsalon.com/,,947 Columbus Avenue New York NY,New York,NY,40.7993822,-73.962518,osm,new,2026-08-02T00:01:54.951+00:00
osm:node/11364618887,Bark Place,dog grooming,(212) 737-3510,,,,1404 1st Avenue Manhattan NY,Manhattan,NY,40.7692853,-73.9547076,osm,new,2026-08-02T00:01:48.95+00:00
osm:node/11418529919,Q Pet's Grooming,dog grooming,(646) 709-0100,,,,175 West 107th Street New York NY,New York,NY,40.801042,-73.9647849,osm,new,2026-08-02T00:01:48.95+00:00
osm:node/9807347126,Downtown Doghouse,dog grooming,(917) 262-0240,,https://www.downtowndoghouse.com,,Manhattan NY,Manhattan,NY,40.7404774,-73.9808987,osm,new,2026-08-02T00:01:48.849+00:00
osm:node/9496965835,Doggy Stylez,dog grooming,(212) 996-4000,doggystylezny@hotmail.com,https://www.doggystylezny.com,doggystylezgrooming,357 East 87th Street Manhattan NY,Manhattan,NY,40.7776048,-73.9492928,osm,new,2026-08-02T00:01:48.734+00:00
osm:node/7905929741,Shake & Tail,dog grooming,(646) 797-1752,,https://shakeandtailny.com,,Manhattan NY,Manhattan,NY,40.7296467,-73.9849252,osm,new,2026-08-02T00:01:45.108+00:00
osm:node/2825064883,NY Brows & Beauty Salon,lash technician,(212) 587-4175,browsny@gmail.com,https://nythreading.com/,,70 Fulton Street Manhattan NY,Manhattan,NY,40.7088877,-74.0054057,osm,new,2026-08-02T00:01:44.959+00:00
osm:node/2824828397,Nelly's Hair & Nail Salon,lash technician,(212) 514-7660,,,,Manhattan NY,Manhattan,NY,40.7032584,-74.0110808,osm,new,2026-08-02T00:01:44.8+00:00
osm:node/2824696348,Optima Beauty Supply,lash technician,(212) 267-6309,,,,22 John Street New York NY,New York,NY,40.7097205,-74.0088238,osm,new,2026-08-02T00:01:44.8+00:00
osm:node/2758547203,Spa Boutique,lash technician,(646) 476-8378,,,,692 Columbus Avenue New York NY,New York,NY,40.7914228,-73.9688971,osm,new,2026-08-02T00:01:44.8+00:00
osm:node/2761520417,Perfect Brows NYC,lash technician,(212) 866-2713,,,,2713 Broadway New York NY,New York,NY,40.7997006,-73.9685669,osm,new,2026-08-02T00:01:44.8+00:00
osm:node/2758662014,Angel Nail Spa,lash technician,(212) 721-9948,,,,516 Amsterdam Avenue Manhattan NY,Manhattan,NY,40.7869493,-73.9757786,osm,new,2026-08-02T00:01:44.8+00:00
osm:node/2758274710,Beau Eyelash Studio,lash technician,(212) 877-9999,user@domain.com,https://eyelashstudionyc.com,,531 Amsterdam Avenue New York NY,New York,NY,40.7873317,-73.9750299,osm,new,2026-08-02T00:01:44.8+00:00
osm:node/2797260697,Thread on SS,lash technician,(646) 560-0114,,,,4135 Broadway Manhattan NY,Manhattan,NY,40.8460411,-73.9387012,osm,new,2026-08-02T00:01:44.8+00:00
osm:node/2745602393,Meet Me Nail Studio,lash technician,(212) 920-6090,,,,2206 Broadway New York NY,New York,NY,40.783273,-73.9800682,osm,new,2026-08-02T00:01:44.679+00:00
osm:node/2745602388,Citybrows,lash technician,(212) 362-1500,,,,2202 Broadway New York NY,New York,NY,40.7832055,-73.980118,osm,new,2026-08-02T00:01:44.679+00:00
osm:node/2745482884,Shobha,lash technician,(212) 931-8363,thoughts@myshobha.com,https://www.myshobha.com/locations/shobha-west-side/,,2148 Broadway New York NY,New York,NY,40.7813539,-73.9808778,osm,new,2026-08-02T00:01:44.678+00:00
osm:node/3271250891,Camp Canine,dog grooming,(212) 787-3647,,https://www.nycampcanine.com,,46 West 73rd Street Manhattan NY,Manhattan,NY,40.7778548,-73.9779997,osm,new,2026-08-02T00:01:44.304+00:00
osm:node/2797243218,Best Friends Boarding & Day Care,dog grooming,(646) 944-1869,,https://www.bfbnyc.com,,4130 Broadway Manhattan NY,Manhattan,NY,40.8458091,-73.9383704,osm,new,2026-08-02T00:01:44.056+00:00
osm:node/2745436374,European Wax Center,lash technician,(212) 799-5999,,https://locations.waxcenter.com/ny/newyork/new-york-75th-on-columbus-0159.html,,314 Columbus Avenue New York NY,New York,NY,40.7792751,-73.9776569,osm,new,2026-08-02T00:01:42.632+00:00
osm:node/2709389033,Walter's Pet Styles,dog grooming,(212) 725-0000,user@domain.com,https://www.walterspetstyles.com,,201C East 33rd Street Manhattan NY,Manhattan,NY,40.7449729,-73.9781567,osm,new,2026-08-02T00:01:42.339+00:00
osm:node/2704105143,American Academy of Pet Grooming,dog grooming,(212) 686-3890,,https://aaopg.com/,,202 East 25th Street Manhattan NY,Manhattan,NY,40.7398527,-73.9818592,osm,new,2026-08-02T00:01:42.225+00:00
osm:node/2704093157,HappyDogs,dog grooming,(212) 532-4220,,https://happydogsnyc.com/stuyvesant-town/daycare/,,403 1st Avenue New York NY,New York,NY,40.7373978,-73.9785127,osm,new,2026-08-02T00:01:42.184+00:00
osm:node/2724181843,Diva Nails & Spa,lash technician,(212) 734-6767,,https://divanailspa-nailsalon.business.site,,1227 Lexington Avenue New York NY,New York,NY,40.7773511,-73.9569565,osm,new,2026-08-02T00:01:42.155+00:00
osm:node/2745370273,Blo Blow Dry Bar,lash technician,(212) 595-0550,,,,287 Amsterdam Avenue New York NY,New York,NY,40.7795711,-73.9807101,osm,new,2026-08-02T00:01:42.155+00:00
osm:node/2704045691,Furry n' Fabulous,dog grooming,(929) 497-1740,,https://www.furrynfab.com,,Manhattan NY,Manhattan,NY,40.7344917,-73.9807348,osm,new,2026-08-02T00:01:42.144+00:00
osm:node/2723968411,Blossom Brows III,lash technician,(212) 470-4876,,https://www.blossombrows.com/,,1467 2nd Avenue Manhattan NY,Manhattan,NY,40.7716883,-73.9564753,osm,new,2026-08-02T00:01:41.944+00:00
osm:node/2718042386,Attitude Spa & Nail,lash technician,(646) 590-8200,,,,816 Lexington Avenue Manhattan NY,Manhattan,NY,40.7645687,-73.9666526,osm,new,2026-08-02T00:01:41.747+00:00
osm:node/2715447670,Allure Day Spa & Hair Design,lash technician,(212) 644-5500,,https://alluredayspa.com,,139 East 55th Street Manhattan NY,Manhattan,NY,40.7595441,-73.9696135,osm,new,2026-08-02T00:01:41.747+00:00
osm:node/2714777542,Blue Nan Nan Nails & Spa,lash technician,(212) 297-0888,,,,717 2nd Avenue Manhattan NY,Manhattan,NY,40.7477107,-73.9739933,osm,new,2026-08-02T00:01:41.618+00:00
osm:node/2709389143,QQ Nails & Spa,lash technician,(929) 996-1988,user@domain.com,https://www.qqnailspa.com,,479 3rd Avenue Manhattan NY,Manhattan,NY,40.7445816,-73.9786157,osm,new,2026-08-02T00:01:41.618+00:00
osm:node/2710839400,Bona Nail,lash technician,(212) 448-1060,,,,537 3rd Avenue Manhattan NY,Manhattan,NY,40.746722,-73.9771541,osm,new,2026-08-02T00:01:41.618+00:00
osm:node/2709389140,4ever Lash,lash technician,(646) 368-9980,4everlashnyc@gmail.com,https://4everlash.nyc,,481 3rd Avenue Manhattan NY,Manhattan,NY,40.7446387,-73.9785738,osm,new,2026-08-02T00:01:41.468+00:00
osm:node/2709389044,Milk & Cookies Kids Spa & Salon,lash technician,(646) 850-4032,,https://milkandcookieskidsspa.com,,233 East 33rd Street Manhattan NY,Manhattan,NY,40.7445968,-73.9772628,osm,new,2026-08-02T00:01:41.393+00:00
osm:node/2709389067,Coco Nails,lash technician,(212) 684-7880,,,,164 East 33rd Street Manhattan NY,Manhattan,NY,40.7451274,-73.9790697,osm,new,2026-08-02T00:01:41.393+00:00
osm:node/2709389078,My Brows,lash technician,(212) 686-1714,,,,Manhattan NY,Manhattan,NY,40.7454599,-73.9792825,osm,new,2026-08-02T00:01:41.393+00:00
osm:node/2708090758,Hera Nails,lash technician,(212) 957-3797,,https://hera-nails.edan.io/,,1389 6th Avenue Manhattan NY,Manhattan,NY,40.7639634,-73.977682,osm,new,2026-08-02T00:01:41.335+00:00
osm:node/2704116911,Glowbar,lash technician,,your@email.com,https://www.glowbarnyc.com,,359 3rd Avenue Manhattan NY,Manhattan,NY,40.7407495,-73.9815086,osm,new,2026-08-02T00:01:40.988+00:00
osm:node/2704116398,Relax Nails,lash technician,(212) 685-8988,,,,389 3rd Avenue Manhattan NY,Manhattan,NY,40.7417214,-73.9807959,osm,new,2026-08-02T00:01:40.578+00:00
osm:node/2704105163,Balayage Bliss,lash technician,(212) 420-6507,,,,425 2nd Avenue Manhattan NY,Manhattan,NY,40.738915,-73.9803977,osm,new,2026-08-02T00:01:40.578+00:00
osm:node/2704105129,LEAPiA Nail Art Lounge,lash technician,(646) 850-0505,,https://leapia.nyc,,200 East 25th Street Manhattan NY,Manhattan,NY,40.7398933,-73.9819554,osm,new,2026-08-02T00:01:40.578+00:00
osm:node/2704074534,Cleo Spa & Salon,lash technician,(212) 260-0600,,https://cleospany.com,,260 3rd Avenue Manhattan NY,Manhattan,NY,40.7377515,-73.984166,osm,new,2026-08-02T00:01:40.574+00:00
osm:node/2703083209,Parlor West,lash technician,(347) 384-2334,user@domain.com,https://www.parlorhairsalon.com,,119 West 23rd Street Manhattan NY,Manhattan,NY,40.7433742,-73.9934951,osm,new,2026-08-02T00:01:34.573+00:00
osm:node/2704034189,188 Nail Spa,lash technician,(646) 891-6578,,,,188 3rd Avenue New York NY,New York,NY,40.7353758,-73.9858946,osm,new,2026-08-02T00:01:34.573+00:00
osm:node/2704023642,Enail,lash technician,(646) 998-5221,,,,172 3rd Avenue Manhattan NY,Manhattan,NY,40.7348042,-73.9863151,osm,new,2026-08-02T00:01:34.573+00:00
osm:node/2703020611,Bloomie Nails,lash technician,(212) 366-6199,,,,219 8th Avenue Manhattan NY,Manhattan,NY,40.7442012,-73.9995453,osm,new,2026-08-02T00:01:34.443+00:00
osm:node/2567547034,Hello Nails,lash technician,(212) 995-2288,,,,128 Rivington Street Manhattan NY,Manhattan,NY,40.719707,-73.9868336,osm,new,2026-08-02T00:01:34.443+00:00
osm:node/2592129933,Nails For Us,lash technician,(212) 781-2222,,,,221 West 79th Street New York NY,New York,NY,40.7837048,-73.9791953,osm,new,2026-08-02T00:01:34.443+00:00
osm:node/2567552464,Mian Tian Sing Hair Salon & Nail,lash technician,(212) 571-0820,,,,170 Canal Street Manhattan NY,Manhattan,NY,40.7164592,-73.9973878,osm,new,2026-08-02T00:01:34.443+00:00
osm:node/2583212033,Raquelle Nail Bar,lash technician,(212) 970-0414,,,,986 Columbus Avenue New York NY,New York,NY,40.8009143,-73.9618952,osm,new,2026-08-02T00:01:34.443+00:00
osm:node/2562374802,NYC Rejuvenation Clinic,lash technician,(646) 850-9077,,https://rejuvenationny.com,,Manhattan NY,Manhattan,NY,40.7369511,-73.9867883,osm,new,2026-08-02T00:01:34.443+00:00
osm:node/2563990317,Nail Sail & Beyond,lash technician,(212) 608-1005,,,,77 Baxter Street New York NY,New York,NY,40.7164128,-73.9998851,osm,new,2026-08-02T00:01:34.443+00:00
osm:way/368087055,Safe Journey,pet sitting,(503) 209-0177,,https://www.dogboardingportland.com/,,3525 Southeast Milwaukie Avenue Portland OR,Portland,NY,45.4971185,-122.6540531,osm,new,2026-08-02T00:01:31.007+00:00
osm:node/2555128945,Athena's Beauty,lash technician,(212) 228-2990,,https://athenasbeauty.com,,Manhattan NY,Manhattan,NY,40.7228134,-73.9857065,osm,new,2026-08-02T00:01:29.821+00:00
osm:node/2555577466,Color Nails Bar,lash technician,(646) 998-5928,,,,427 3rd Avenue Manhattan NY,Manhattan,NY,40.7429642,-73.9798785,osm,new,2026-08-02T00:01:29.821+00:00
osm:node/2555099034,Sa Sa Cosmetics & Skin Care,lash technician,(212) 965-1532,,,,97 Elizabeth Street Manhattan NY,Manhattan,NY,40.7185496,-73.995908,osm,new,2026-08-02T00:01:28.648+00:00
osm:node/2550112963,Madison Reed,lash technician,(646) 832-4442,hcbcolumbusny@madison-reed.com,https://www.madison-reed.com/colorbar/locations/columbus,,252 Columbus Avenue New York NY,New York,NY,40.7772818,-73.9791591,osm,new,2026-08-02T00:01:28.648+00:00
osm:node/2555123888,Ling Ling Beauty,lash technician,(212) 625-1655,,,,51 Chrystie Street Manhattan NY,Manhattan,NY,40.7163071,-73.994976,osm,new,2026-08-02T00:01:28.648+00:00
osm:node/2555123825,Candy Beauty Skin Care,lash technician,(212) 431-0345,,,,145 Hester Street New York NY,New York,NY,40.7172205,-73.994961,osm,new,2026-08-02T00:01:28.648+00:00
osm:way/248153082,Monster Mutt,pet sitting,(718) 858-9028,,https://www.monstermutt.com/,,297 Warren Street Brooklyn NY,Brooklyn,NY,40.6859382,-73.9919716,osm,new,2026-08-02T00:01:28.447+00:00
osm:way/249615307,Pet Haven,pet sitting,(718) 435-6900,,,,290 McDonald Avenue Brooklyn NY,Brooklyn,NY,40.6469431,-73.9805932,osm,new,2026-08-02T00:01:28.447+00:00
osm:node/11008684063,Brooklyn Canine Club,pet sitting,(718) 745-5400,micah@micahrich.com,https://brooklyncanineclub.com,,Brooklyn NY,Brooklyn,NY,40.6239569,-74.0247311,osm,new,2026-08-02T00:01:28.433+00:00
osm:node/13296626419,Digs,pet sitting,(631) 832-3281,,,,238 Water Street Brooklyn NY,Brooklyn,NY,40.7029354,-73.9841915,osm,new,2026-08-02T00:01:28.433+00:00
osm:node/10728410797,Woofs 'n Whiskers,pet sitting,(718) 237-0298,,https://www.woofsnwhiskers.com/,,14 Coles Street Brooklyn NY,Brooklyn,NY,40.6794766,-74.0047498,osm,new,2026-08-02T00:01:28.414+00:00
osm:node/10245328563,Prospect Bark,pet sitting,(212) 884-2275,,https://www.prospectbark.com,,Brooklyn NY,Brooklyn,NY,40.6647707,-73.9901979,osm,new,2026-08-02T00:01:28.266+00:00
osm:node/9519414788,Barks and Rec Center,pet sitting,(347) 533-6561,,https://barksandreccenter.com/,,1025 Pacific Street Brooklyn NY,Brooklyn,NY,40.6794072,-73.9596972,osm,new,2026-08-02T00:01:28.216+00:00
osm:node/8504941415,HomeDoggy,pet sitting,(718) 576-3918,info@homedoggy.com,https://homedoggy.com,,Brooklyn NY,Brooklyn,NY,40.6732876,-73.9760803,osm,new,2026-08-02T00:01:28.215+00:00
osm:node/9018011110,Pet Super Nanny,pet sitting,(347) 240-6585,,,,1000 Atlantic Avenue Brooklyn NY,Brooklyn,NY,40.6801441,-73.9608398,osm,new,2026-08-02T00:01:28.215+00:00
osm:node/7277862196,Acme Dog Run,pet sitting,(718) 935-9364,info@acmedogrun.com,https://www.acmedogrun.com,,Brooklyn NY,Brooklyn,NY,40.6735484,-73.9903925,osm,new,2026-08-02T00:01:28.193+00:00
osm:node/2547193333,Sugared + Bronzed,lash technician,(646) 535-1915,,,,114 4th Avenue Manhattan NY,Manhattan,NY,40.7326372,-73.990259,osm,new,2026-08-02T00:01:28.135+00:00
osm:node/2547114871,Y D Nail Spa,lash technician,(646) 682-9113,,,,248 East 14th Street New York NY,New York,NY,40.7323505,-73.9853545,osm,new,2026-08-02T00:01:28.135+00:00
osm:node/2547041123,Great Many,lash technician,(212) 242-1400,,https://greatmany.com,,304 Mulberry Street Manhattan NY,Manhattan,NY,40.7253953,-73.9945641,osm,new,2026-08-02T00:01:28.135+00:00
osm:node/2547246930,Q's Pretty Polished,lash technician,(646) 257-1998,,,,152A Mott Street Manhattan NY,Manhattan,NY,40.719297,-73.9962713,osm,new,2026-08-02T00:01:28.135+00:00
osm:node/2478495087,Salon Jatel,lash technician,(212) 337-9600,user@domain.com,https://www.salonjatel.com/,,13 West 17th Street New York NY,New York,NY,40.7383908,-73.9930283,osm,new,2026-08-02T00:01:27.951+00:00
osm:node/7177794090,HI-BK,pet sitting,(718) 971-9605,,https://hi-bk.com,,76 Rockwell Place Brooklyn NY,Brooklyn,NY,40.6877836,-73.9793247,osm,new,2026-08-02T00:01:27.901+00:00
osm:node/7161076939,Where My Dogs At?,pet sitting,(929) 234-3354,,https://wheremydogsatbk.com,,Brooklyn NY,Brooklyn,NY,40.6788215,-73.9637805,osm,new,2026-08-02T00:01:27.84+00:00
osm:node/6917080351,The Red Hydrant,pet sitting,(347) 335-6881,,https://theredhydrant.com,,Brooklyn NY,Brooklyn,NY,40.6786837,-73.9504975,osm,new,2026-08-02T00:01:27.831+00:00
osm:node/2436129266,Satori Laser,lash technician,(212) 664-7677,,https://www.satorilaser.com/pages/upper-west-side-laser-hair-removal-696,,696 Columbus Avenue New York NY,New York,NY,40.791544,-73.9688102,osm,new,2026-08-02T00:01:27.824+00:00
osm:node/6465763258,Fido's Retreat,pet sitting,(718) 522-0422,,https://www.fidosretreat.com,,230 Livingston Street Brooklyn NY,Brooklyn,NY,40.6890862,-73.9847693,osm,new,2026-08-02T00:01:27.659+00:00
osm:node/6433061914,Animal Loving Care,pet sitting,(718) 715-0595,hi@animallovingcare.com,https://animallovingcare.com,,Brooklyn NY,Brooklyn,NY,40.6748934,-73.9996594,osm,new,2026-08-02T00:01:27.577+00:00
osm:node/2384892238,Lux 88 Nail Salon,lash technician,(646) 759-0158,,https://pedicuresnewyork.com,,590 Columbus Avenue New York NY,New York,NY,40.7882507,-73.9711542,osm,new,2026-08-02T00:01:27.474+00:00
osm:way/248169051,Hook’d on Pets,dog grooming,(646) 704-4897,user@domain.com,https://www.hookdonpets.com/,,147 Pioneer Street Brooklyn NY,Brooklyn,NY,40.6790357,-74.0114766,osm,new,2026-08-02T00:01:27.09+00:00
osm:node/12160497227,Dog's Kingdom,dog grooming,(718) 769-2587,,,,3075 Brighton 1st Street Brooklyn NY,Brooklyn,NY,40.5768215,-73.9669696,osm,new,2026-08-02T00:01:26.9+00:00
osm:node/11884066534,PUPlike Grooming Studio,dog grooming,(929) 428-5859,,,,Brooklyn NY,Brooklyn,NY,40.5917556,-73.9603452,osm,new,2026-08-02T00:01:26.9+00:00
osm:node/9962543358,Keith's Pet Necessities and Grooming,dog grooming,(347) 537-7128,,,,Brooklyn NY,Brooklyn,NY,40.6854461,-73.9545003,osm,new,2026-08-02T00:01:26.521+00:00
osm:node/8895924629,Kiki's Pet Spa & Boutique,dog grooming,(718) 857-7272,,http://kikispetspa.com,,Brooklyn NY,Brooklyn,NY,40.6896079,-73.9696831,osm,new,2026-08-02T00:01:26.51+00:00
osm:node/9036705412,Royal Pet Grooming,dog grooming,(347) 301-1823,,,,3071 Brighton 2nd Street Brooklyn NY,Brooklyn,NY,40.5772526,-73.9651179,osm,new,2026-08-02T00:01:26.51+00:00
osm:node/2183010445,Perfect Brows NYC,lash technician,(212) 785-0233,,,,Manhattan NY,Manhattan,NY,40.7035096,-74.0102553,osm,new,2026-08-02T00:01:26.173+00:00
osm:node/2143413374,Glowbar,lash technician,(917) 540-4300,your@email.com,https://glowbar.com/,,805 Columbus Avenue New York NY,New York,NY,40.7951542,-73.9656024,osm,new,2026-08-02T00:01:26.173+00:00
osm:node/2153886448,Refresh Nail & Spa,lash technician,(917) 261-4396,,,,2528 Broadway New York NY,New York,NY,40.7935819,-73.9722085,osm,new,2026-08-02T00:01:26.173+00:00
osm:node/6129174837,PetBuddy Services,pet sitting,(646) 770-4638,info@petbuddyservices.com,https://petbuddyservices.com/,,438 Wilson Avenue Brooklyn NY,Brooklyn,NY,40.693382,-73.9131497,osm,new,2026-08-02T00:01:24.298+00:00
osm:node/6397238097,Paws in Paradise,dog grooming,(718) 768-1888,pawsinparadisebk@gmail.com,https://www.pawsinparadisenyc.com,,Brooklyn NY,Brooklyn,NY,40.67022,-73.9856218,osm,new,2026-08-02T00:01:23.412+00:00
osm:node/6071386287,4 Paws Grooming,dog grooming,(718) 788-7818,,,,Brooklyn NY,Brooklyn,NY,40.6642149,-73.983614,osm,new,2026-08-02T00:01:23.268+00:00
osm:node/5864437429,Ciao Bow Wow,dog grooming,(347) 987-4865,,https://ciaobowwowbklyn.com,,Brooklyn NY,Brooklyn,NY,40.6868838,-73.9851958,osm,new,2026-08-02T00:01:23.268+00:00
osm:node/5747704997,Pooch Purrfect,dog grooming,(718) 399-9811,,https://www.poochpurrfect.com/,,Brooklyn NY,Brooklyn,NY,40.6729405,-73.9626554,osm,new,2026-08-02T00:01:23.228+00:00
osm:node/5673620484,Woof Gang,dog grooming,(646) 930-8609,parkslopeny@woofgangbakery.com,https://woofgangbakery.com/pages/locations/park-slope,,Brooklyn NY,Brooklyn,NY,40.6701184,-73.978697,osm,new,2026-08-02T00:01:22.857+00:00
osm:node/5052682097,Lickers N Sniffers,dog grooming,(347) 721-3447,,https://lickersnsniffers.com,,Brooklyn NY,Brooklyn,NY,40.6812034,-73.9770443,osm,new,2026-08-02T00:01:22.449+00:00
osm:node/3362422969,Dog Park Daycare,dog grooming,(347) 294-0947,info@awakeningny.com,https://www.awakeningny.com/,,607 Manhattan Avenue Brooklyn NY,Brooklyn,NY,40.7232594,-73.9506449,osm,new,2026-08-02T00:01:22.442+00:00
osm:node/2701690241,Brooklyn Pet Spa,dog grooming,(718) 768-0293,,https://brooklynpetspa.com,,317 Flatbush Avenue Brooklyn NY,Brooklyn,NY,40.678216,-73.9729784,osm,new,2026-08-02T00:01:22.419+00:00
osm:node/2562982454,Brooklyn Unleashed,dog grooming,(718) 663-3435,,https://bkunleashed.com,,3678 Nostrand Avenue Brooklyn NY,Brooklyn,NY,40.5943336,-73.9409059,osm,new,2026-08-02T00:01:22.168+00:00
osm:node/2562830266,Vlada's Dog Grooming,dog grooming,(347) 444-2463,,,,1207 Avenue U Brooklyn NY,Brooklyn,NY,40.5985794,-73.9598743,osm,new,2026-08-02T00:01:22.164+00:00
osm:node/2562081309,Sonia's Pet Grooming,dog grooming,(718) 499-4040,,https://soniaspetgrooming.com/,,471 7th Avenue Brooklyn NY,Brooklyn,NY,40.6622414,-73.9852747,osm,new,2026-08-02T00:01:22.164+00:00
osm:node/2552592659,Coney Island Pet Grooming,dog grooming,(718) 513-0057,,,,3036 Neptune Avenue Brooklyn NY,Brooklyn,NY,40.5773687,-73.9976762,osm,new,2026-08-02T00:01:22.066+00:00
osm:node/2549996720,Carroll Gardens Pet Grooming,dog grooming,(347) 599-2522,,,,121 Douglass Street Brooklyn NY,Brooklyn,NY,40.6828423,-73.9905343,osm,new,2026-08-02T00:01:22.066+00:00
osm:node/2550097300,The Parlour,dog grooming,(718) 285-9149,,,,Brooklyn NY,Brooklyn,NY,40.6594748,-73.9915844,osm,new,2026-08-02T00:01:22.066+00:00
osm:node/2550064445,Atlantic Pet Spa,dog grooming,(929) 281-3168,,,,Brooklyn NY,Brooklyn,NY,40.6856993,-73.9812392,osm,new,2026-08-02T00:01:22.066+00:00
osm:node/2547733369,Rapawzel,dog grooming,(718) 514-2887,,,,Brooklyn NY,Brooklyn,NY,40.6610621,-73.9946522,osm,new,2026-08-02T00:01:22.066+00:00
osm:node/2552486425,My Best Buddies,dog grooming,(347) 560-6763,,,,8 Bay Ridge Avenue Brooklyn NY,Brooklyn,NY,40.6385817,-74.0355864,osm,new,2026-08-02T00:01:22.066+00:00
osm:node/2494243690,The Canine Corner,dog grooming,(718) 360-4900,user@domain.com,https://www.thecaninecorner.com,,303 Court Street Brooklyn NY,Brooklyn,NY,40.6838084,-73.9950314,osm,new,2026-08-02T00:01:22.066+00:00
osm:node/2562015558,Paws & Rec,pet sitting,(718) 954-9117,user@domain.com,https://www.pawsandrec.com,,857 4th Avenue Brooklyn NY,Brooklyn,NY,40.6566645,-74.0016492,osm,new,2026-08-02T00:01:20.812+00:00
osm:way/250979356,Brooklyn Music School,music teacher,(718) 638-5660,user@domain.com,https://www.brooklynmusicschool.org,,126 Saint Felix Street Brooklyn NY,Brooklyn,NY,40.6860686,-73.9773744,osm,new,2026-08-02T00:00:31.886+00:00
osm:way/250442873,Brooklyn Conservatory of Music,music teacher,(718) 622-3300,info@bkcm.org,https://bkcm.org,,58 7th Avenue Brooklyn NY,Brooklyn,NY,40.675956,-73.9747201,osm,new,2026-08-02T00:00:31.717+00:00
osm:way/248463486,K's Music School,music teacher,(347) 752-7040,user@domain.com,https://www.ksmusicschool.com,,278 92nd Street Brooklyn NY,Brooklyn,NY,40.6192873,-74.033214,osm,new,2026-08-02T00:00:30.976+00:00
osm:way/248237118,Slope Music,music teacher,(718) 768-3804,u003einfo@company.com,https://www.slopemusic.com/,,271 9th Street Brooklyn NY,Brooklyn,NY,40.6699937,-73.9873836,osm,new,2026-08-02T00:00:30.864+00:00
osm:node/12420021091,BKCM @ 84th Ave,music teacher,,info@bkcm.org,https://bkcm.org/class-location/bkcm-84-seventh-ave/,,Brooklyn NY,Brooklyn,NY,40.6749144,-73.9753649,osm,new,2026-08-02T00:00:29.922+00:00
osm:node/12288144925,School Of Rock,music teacher,(718) 516-5055,,https://www.schoolofrock.com/locations/bayridge,https://www.instagram.com/schoolofrockbayridge,6901 3rd Avenue Brooklyn NY,Brooklyn,NY,40.6355706,-74.0259333,osm,new,2026-08-02T00:00:29.783+00:00
osm:node/11335003766,Greenwood Music Space,music teacher,,info@greenwoodmusicspace.com,https://greenwoodmusicspace.com,,Brooklyn NY,Brooklyn,NY,40.6503784,-73.9788487,osm,new,2026-08-02T00:00:29.225+00:00
osm:node/11335003765,Helene Bergman Violin Stuio,music teacher,(917) 658-9343,,https://www.helenebergmanviolin.com,,Brooklyn NY,Brooklyn,NY,40.6503885,-73.9788521,osm,new,2026-08-02T00:00:29.024+00:00
osm:node/11335003764,Kelly Howard Studio,music teacher,(347) 451-4642,,https://kellyhowardstudio.com,,Brooklyn NY,Brooklyn,NY,40.6503986,-73.9788555,osm,new,2026-08-02T00:00:28.852+00:00
osm:node/11238749211,23 Music Studios,music teacher,(786) 306-3917,,https://www.23musicstudios.com,,Brooklyn NY,Brooklyn,NY,40.6604821,-73.9909571,osm,new,2026-08-02T00:00:28.691+00:00
osm:node/9692578373,Brooklyn Guitar School,music teacher,(646) 485-7244,,https://www.nycguitarschool.com/Brooklyn/,,Brooklyn NY,Brooklyn,NY,40.6822283,-73.9800495,osm,new,2026-08-02T00:00:28.224+00:00
osm:node/9595942218,"Shostakovich School of Music, Art & Dance",music teacher,(171) 878-1005,,https://shostakovichschool.com,,297 Avenue X Brooklyn NY,Brooklyn,NY,40.5904783,-73.9719404,osm,new,2026-08-02T00:00:28.102+00:00
osm:node/9140429118,Crown Heights Music School,music teacher,(610) 724-4675,user@domain.com,https://www.crownheightsmusicschool.com,,Brooklyn NY,Brooklyn,NY,40.6781277,-73.9590643,osm,new,2026-08-02T00:00:24.227+00:00
osm:node/8999165317,Maggio Music Center,music teacher,(718) 259-4468,,https://maggiomusicschool.com/,,8403 18th Avenue Brooklyn NY,Brooklyn,NY,40.6081266,-74.0013404,osm,new,2026-08-02T00:00:24.122+00:00
osm:node/7124862050,Clinton Hill School for Piano,music teacher,(718) 636-1407,user@domain.com,https://www.clintonhillpiano.com,,Brooklyn NY,Brooklyn,NY,40.6928595,-73.9659822,osm,new,2026-08-02T00:00:24.042+00:00
osm:node/6294506601,Center for the Brooklyn Musical Arts,music teacher,(718) 676-5188,impallari@gmail.com,https://www.brooklynmusicalarts.com,,7306 18th Avenue Brooklyn NY,Brooklyn,NY,40.6144752,-73.9950945,osm,new,2026-08-02T00:00:23.927+00:00
osm:node/5852491179,Rock'Scool Brooklyn,music teacher,(718) 596-4962,,https://rockscoolbrooklyn.com,,389 Court Street Brooklyn NY,Brooklyn,NY,40.6800124,-73.9968685,osm,new,2026-08-02T00:00:23.787+00:00
osm:node/5805217643,Park Slope Music School,music teacher,(718) 369-3260,,https://www.parkslopemusicschool.com,,Brooklyn NY,Brooklyn,NY,40.6695448,-73.9862638,osm,new,2026-08-02T00:00:23.729+00:00
osm:node/5774049215,The Brooklyn Music Studio,music teacher,(347) 560-4014,info@brooklynmusicstudio.com,https://brooklynmusicstudio.com/,,Brooklyn NY,Brooklyn,NY,40.6731458,-73.9832513,osm,new,2026-08-02T00:00:22.065+00:00
osm:node/12899701019,Walking On Wood,flooring,(212) 832-2500,,,,1127 2nd Avenue New York NY,New York,NY,40.7610511,-73.9645942,osm,new,2026-08-01T23:47:16.904+00:00
osm:node/11545495989,West End Floor Supplies,flooring,(212) 222-9115,sales@westendfloor.com,https://www.westendfloorsupply.com,,57 West 106th Street New York NY,New York,NY,40.7989952,-73.9618421,osm,new,2026-08-01T23:47:16.847+00:00
osm:node/2759416566,Tribeca Flooring Supply,flooring,(212) 884-2068,,https://www.tribecaflooringsupply.com,,301 West 96th Street New York NY,New York,NY,40.7955422,-73.9734623,osm,new,2026-08-01T23:47:16.505+00:00
osm:way/735052719,Conley Interiors,interior designer,(716) 838-1000,,https://www.conleyinteriors.com/,,1425 Hertel Avenue Buffalo NY,Buffalo,NY,42.9473675,-78.8553208,osm,new,2026-08-01T23:32:38.294+00:00
osm:way/679612262,Ideas Para Tu Hogar,interior designer,(845) 281-2586,,https://www.facebook.com/jorge0055/,,15 Grove Street Middletown NY,Middletown,NY,41.4490498,-74.4161467,osm,new,2026-08-01T23:32:37.96+00:00
osm:way/186643113,Swank,interior designer,(315) 824-8800,,https://www.swankbydesign.com/,,2 Broad Street Hamilton NY,Hamilton,NY,42.8266395,-75.5444838,osm,new,2026-08-01T23:32:37.083+00:00
osm:node/13722203817,Michael P. Design,interior designer,,mpd@room-buffalo.com,https://michaelpdesign.com/,michaelpdesign,1235 Hertel Avenue Buffalo NY,Buffalo,NY,42.9474469,-78.8625334,osm,new,2026-08-01T23:32:36.516+00:00
osm:node/12344541975,H & E Clocks,interior designer,(516) 877-1211,,,,New York NY,New York,NY,40.7377329,-73.6129301,osm,new,2026-08-01T23:32:35.47+00:00
osm:node/12247307326,Patouki Interiors,interior designer,(917) 601-1777,info@patoukiinteriors.com,https://patoukiinteriors.com,,New York NY,New York,NY,40.6222742,-74.0313738,osm,new,2026-08-01T23:32:35.47+00:00
osm:node/11883608672,Mystic Maintenance & Repairs,interior designer,(631) 968-7541,,https://mysticmaintenancerepairs.com,,2622 Union Boulevard Islip NY,Islip,NY,40.7102002,-73.2939561,osm,new,2026-08-01T23:32:35.062+00:00
osm:node/11124150738,HomeSense,interior designer,(631) 751-1785,,,,2164 Nesconset Highway Stony Brook NY,Stony Brook,NY,40.8734949,-73.1261507,osm,new,2026-08-01T23:32:33.486+00:00
osm:node/11021259781,Lily & Marigold,interior designer,,info@lilyandmarigoldhome.com,https://lilyandmarigoldhome.com,,19 Eastdale Avenue South Poughkeepsie NY,Poughkeepsie,NY,41.7091541,-73.8656078,osm,new,2026-08-01T23:32:33.486+00:00
osm:node/10846004092,J Novack Design,interior designer,(516) 764-5321,,https://jnovackdesign.com,,99 South Park Avenue Rockville Centre NY,Rockville Centre,NY,40.6597425,-73.6447092,osm,new,2026-08-01T23:32:32.865+00:00
osm:node/10292054277,Mackenzie Childs,interior designer,(315) 364-6118,,https://www.mackenzie-childs.com/on/demandware.store/Sites-MacKenzie-Childs-Site/en_US/Stores-Details?StoreID=aurora-ny,,3260 State Route 90 New York NY,New York,NY,42.7759889,-76.7072455,osm,new,2026-08-01T23:32:32.854+00:00
osm:node/10822837604,Close Out Home,interior designer,(347) 497-5680,,,,New York NY,New York,NY,40.6261541,-74.0238213,osm,new,2026-08-01T23:32:32.854+00:00
osm:node/10130980701,HomeSense,interior designer,(716) 862-3894,,,,1501 Niagara Falls Boulevard Buffalo NY,Buffalo,NY,42.9969111,-78.8201389,osm,new,2026-08-01T23:32:32.756+00:00
osm:node/9493771224,HomeSense,interior designer,(631) 727-5281,,https://us.homesense.com/store-details/riverhead-ny-11901/0016,,1750 Old Country Road Calverton NY,Calverton,NY,40.9268565,-72.7049944,osm,new,2026-08-01T23:32:32.756+00:00
osm:node/9490075925,Transformative Spacing,interior designer,(845) 768-4368,,https://transformativespacing.com,,New York NY,New York,NY,42.040628,-74.1206494,osm,new,2026-08-01T23:32:31.519+00:00
osm:node/9294899343,Mimo Decor,interior designer,(716) 873-0727,,https://www.mimo-decor.com/,,1251 Hertel Avenue Buffalo NY,Buffalo,NY,42.9476079,-78.8619896,osm,new,2026-08-01T23:32:25.517+00:00
osm:node/9403680930,Interior Decor NY,interior designer,(347) 462-9042,,,,1206 Neptune Avenue Brooklyn NY,Brooklyn,NY,40.579004,-73.9799506,osm,new,2026-08-01T23:32:25.517+00:00
osm:node/9288904452,Ella James Home Decor,interior designer,(716) 844-8312,ellejamesdecorllc@gmail.com,https://www.ellejamesdecor.com/,,1856 Hertel Avenue Buffalo NY,Buffalo,NY,42.9476842,-78.8393443,osm,new,2026-08-01T23:32:25.197+00:00
osm:node/9288696842,ROOM,interior designer,(716) 939-2692,user@domain.com,https://www.room-buffalo.com/,,1400 Hertel Avenue Buffalo NY,Buffalo,NY,42.9478519,-78.856366,osm,new,2026-08-01T23:32:23.856+00:00
osm:node/9273167177,Beam,interior designer,(646) 450-1469,,https://beambk.com,,272 Kent Avenue New York NY,New York,NY,40.7158508,-73.9664662,osm,new,2026-08-01T23:32:23.593+00:00
osm:node/8805931684,Village Design Studio,interior designer,,shop@shopvds.com,https://shopvds.com/,,46 Pondfield Road Bronxville NY,Bronxville,NY,40.9410169,-73.8339316,osm,new,2026-08-01T23:32:23.24+00:00
osm:node/8791896014,Custom Decors of Port Jefferson,interior designer,(631) 928-4280,,,,124 East Main Street Port Jefferson NY,Port Jefferson,NY,40.9473286,-73.0677013,osm,new,2026-08-01T23:32:22.834+00:00
osm:node/8787440388,Eastwood Home,interior designer,(315) 437-1095,,https://www.eastwoodhomestore.com/,,3501 James Street Syracuse NY,Syracuse,NY,43.0693997,-76.0983354,osm,new,2026-08-01T23:32:22.834+00:00
osm:node/8448137636,Prop-Positions Inc.,interior designer,(917) 596-0095,,,,North Mabbettsville Road Millbrook NY,Millbrook,NY,41.7947898,-73.6609238,osm,new,2026-08-01T23:32:22.577+00:00
osm:node/8448119188,Nina Styling and Interiors,interior designer,,user@domain.com,https://www.ninastyling.com/,,2 Charles Street Rhinecliff NY,Rhinecliff,NY,41.9198262,-73.951199,osm,new,2026-08-01T23:32:22.577+00:00
osm:node/8446197231,Evolved Interiors,interior designer,(646) 679-9979,info@evolvedinteriors.com,https://evolvedinteriors.com,,86 Mill Hill Road Woodstock NY,Woodstock,NY,42.0378362,-74.1123767,osm,new,2026-08-01T23:32:22.333+00:00
osm:node/8388335104,Berlyn 65,interior designer,(917) 338-7570,,https://www.berlyn65.com/,,163 Grand Street Brooklyn NY,Brooklyn,NY,40.7147005,-73.9615012,osm,new,2026-08-01T23:32:22.147+00:00
osm:node/7782306400,The 315 Studio,interior designer,(315) 297-6780,the315studio@gmail.com,https://the315studio.com/,https://www.instagram.com/the315studio,213 West 1st Street Oswego NY,Oswego,NY,43.4557182,-76.510466,osm,new,2026-08-01T23:32:21.879+00:00
osm:node/7671709936,Flavor Paper,interior designer,(718) 422-0230,,https://www.flavorpaper.com,,New York NY,New York,NY,40.6888324,-73.9920773,osm,new,2026-08-01T23:32:21.394+00:00
osm:node/7213431477,Shop Little House,interior designer,(845) 684-7178,,https://shoplittlehouse.com,,47 Tinker Street Woodstock NY,Woodstock,NY,42.0403406,-74.1196147,osm,new,2026-08-01T23:32:20.814+00:00
osm:node/6875833787,Classic Interiors,interior designer,(518) 383-2678,,https://www.classicinteriors.cc,,New York NY,New York,NY,42.8612069,-73.7791042,osm,new,2026-08-01T23:32:20.285+00:00
osm:way/368089273,Eco Floors,flooring,,user@domain.com,https://ecofloors.net/,,4726 Southeast Milwaukie Avenue Portland OR,Portland,NY,45.4885493,-122.6503636,osm,new,2026-08-01T23:32:15.64+00:00
osm:node/6056816485,RJC Interior Remodeling,interior designer,(516) 520-0134,,https://rjcinteriorremodeling.com/,,3245 Merrick Road Wantagh NY,Wantagh,NY,40.66478,-73.5106176,osm,new,2026-08-01T23:32:15.368+00:00
osm:node/5980081425,YÚ Interiors,interior designer,(718) 237-5878,yuinteriors@gmail.com,https://www.yuinteriors.com,,New York NY,New York,NY,40.6860365,-73.9727376,osm,new,2026-08-01T23:32:15.358+00:00
osm:way/249633214,Floorika,flooring,(212) 575-5532,,,,558 4th Avenue Brooklyn NY,Brooklyn,NY,40.6665781,-73.992216,osm,new,2026-08-01T23:32:15.242+00:00
osm:way/249633133,Paramount Floors,flooring,(718) 788-5688,,,,113 16th Street Brooklyn NY,Brooklyn,NY,40.6665866,-73.9926386,osm,new,2026-08-01T23:32:15.242+00:00
osm:way/249587163,Verrazano Flooring,flooring,(718) 369-9663,,https://verrazanoflooring.com,,4901 2nd Avenue Brooklyn NY,Brooklyn,NY,40.6493279,-74.0162681,osm,new,2026-08-01T23:32:15.242+00:00
osm:node/5809624400,Michele Varian,interior designer,,info@michelevarian.com,https://michelevarian.com,,New York NY,New York,NY,40.686855,-73.9851217,osm,new,2026-08-01T23:32:15.226+00:00
osm:node/12235839600,Lavecchia Surface Preparation,flooring,(516) 779-4819,info@lavecchiasp.com,http://www.lavecchiasurfaceprep.com/,,946 Metropolitan Avenue Brooklyn NY,Brooklyn,NY,40.7144027,-73.9374917,osm,new,2026-08-01T23:32:15.025+00:00
osm:node/5555271891,Bayaal,interior designer,(718) 749-9499,info@bayaal.com,https://www.bayaal.com,,New York NY,New York,NY,40.6779901,-73.9795572,osm,new,2026-08-01T23:32:14.53+00:00
osm:node/4678622556,World Market,interior designer,(929) 397-2906,,https://www.bedbathandbeyond.com/brooklyn/index.html,,850 3rd Avenue Brooklyn NY,Brooklyn,NY,40.6594314,-74.0044864,osm,new,2026-08-01T23:32:13.168+00:00
osm:node/4401968670,The Light Touch,interior designer,(516) 671-6412,,http://www.thelighttouch.net/,,9 The Plaza Locust Valley NY,Locust Valley,NY,40.874004,-73.5972914,osm,new,2026-08-01T23:32:13.027+00:00
osm:node/4401968661,Heirloom,interior designer,(516) 679-2222,zia@heirloomli.com,http://www.heirloomli.com/,,21 The Plaza Locust Valley NY,Locust Valley,NY,40.8740014,-73.5975496,osm,new,2026-08-01T23:32:13+00:00
osm:node/10245411704,Hollywood Floor Covering,flooring,(718) 492-7256,,,,Brooklyn NY,Brooklyn,NY,40.6471564,-74.008393,osm,new,2026-08-01T23:32:12.604+00:00
osm:node/9802461598,Rioni Wood Products,flooring,(718) 499-4547,aman@a8c.in,https://www.rioniwood.com,,4907 1st Avenue Brooklyn NY,Brooklyn,NY,40.6505005,-74.0188211,osm,new,2026-08-01T23:32:12.604+00:00
osm:node/4387444889,Piazza di Cappa,interior designer,(516) 676-0760,,http://www.piazzadicappa.com/,,50 Forest Avenue Locust Valley NY,Locust Valley,NY,40.8758021,-73.5981488,osm,new,2026-08-01T23:32:12.575+00:00
osm:node/4387444388,"Meg Braff Designs, LLC",interior designer,(516) 801-4939,info@megbraffdesigns.com,https://www.megbraffdesigns.com/,,92 Forest Avenue Locust Valley NY,Locust Valley,NY,40.8757589,-73.5990948,osm,new,2026-08-01T23:32:12.564+00:00
osm:node/4387444383,Epel & Company,interior designer,(516) 759-7591,,http://www.epelandcompany.com,,88 Forest Avenue Locust Valley NY,Locust Valley,NY,40.8757273,-73.5990403,osm,new,2026-08-01T23:32:11.83+00:00
osm:node/9380145220,Weinstein Carpet & Flooring,flooring,(718) 266-0403,info@weinsteinflooring.com,http://weinsteinflooring.com/,,357 Avenue U Brooklyn NY,Brooklyn,NY,40.5973473,-73.9710097,osm,new,2026-08-01T23:32:11.631+00:00
osm:node/5593246265,Lady House,flooring,(718) 373-7027,,,,6813 18th Avenue Brooklyn NY,Brooklyn,NY,40.6170137,-73.9920862,osm,new,2026-08-01T23:32:11.453+00:00
osm:node/2552658212,Flooring City,flooring,(718) 745-2002,,,,8102 5th Avenue Brooklyn NY,Brooklyn,NY,40.625026,-74.0246368,osm,new,2026-08-01T23:32:11.453+00:00
osm:node/2550073134,Lumber Liquidators,flooring,(347) 756-4215,,https://www.lumberliquidators.com/ll/stores/ny/brooklyn/64-12th-street,,64 12th Street Brooklyn NY,Brooklyn,NY,40.6710603,-73.9956921,osm,new,2026-08-01T23:32:11.453+00:00
osm:node/2550073132,New York Hardwood Floors & Supplies,flooring,(718) 369-2668,nywoodfloor@gmail.com,https://www.nywoodfloor.com,,60 12th Street Brooklyn NY,Brooklyn,NY,40.6712595,-73.9961041,osm,new,2026-08-01T23:32:11.073+00:00
osm:node/4387444381,Elizabeth Pash Antiques & Decoration,interior designer,(516) 277-1551,info@elizabethpash.com,https://elizabethpash.com/,,94 Forest Avenue Locust Valley NY,Locust Valley,NY,40.8757203,-73.5991189,osm,new,2026-08-01T23:32:05.828+00:00
osm:node/4374993306,96 Design Shop,interior designer,(516) 671-1620,,,,96 Forest Avenue Locust Valley NY,Locust Valley,NY,40.8757267,-73.5991779,osm,new,2026-08-01T23:32:05.494+00:00
osm:node/3754917306,Metro Home Style,interior designer,(315) 420-2335,metrohome@twcny.rr.com,http://www.metrohomestyle.net,,689 North Clinton Street Syracuse NY,Syracuse,NY,43.0588202,-76.156594,osm,new,2026-08-01T23:32:05.494+00:00
osm:node/3470444336,J.D. Hunter Home,interior designer,(315) 815-4123,,http://jdhunterhome.com/retail-store,,55 Albany Street Cazenovia NY,Cazenovia,NY,42.9300274,-75.8538332,osm,new,2026-08-01T23:32:05.132+00:00
osm:node/3454452311,Lavender Blue,interior designer,,juleens@lavenderbluecaz.com,http://www.lavenderblue.bz,,74 Albany Street Cazenovia NY,Cazenovia,NY,42.9297475,-75.8531742,osm,new,2026-08-01T23:32:05.121+00:00
osm:node/2693089676,Fringed Benefits,interior designer,(315) 802-4353,fbdesignstore@gmail.com,https://www.fringedbenefitsdesign.com,,6850 East Genesee Street Fayetteville NY,Fayetteville,NY,43.0310775,-76.0496963,osm,new,2026-08-01T23:32:03.809+00:00
osm:node/2567078875,Fine Things Boutique,interior designer,(718) 778-4488,,,,241 Rogers Avenue New York NY,New York,NY,40.6680933,-73.9532994,osm,new,2026-08-01T23:32:03.495+00:00
osm:node/2565140927,Safaa Imports,interior designer,(929) 290-3739,,https://safaaarabianmarket.com,,1188 Fulton Street New York NY,New York,NY,40.6805623,-73.9536181,osm,new,2026-08-01T23:32:03.495+00:00
osm:node/2550086554,Piscana,interior designer,(718) 855-3439,hello@piscinapiscina.com,https://piscinapiscina.com,,392A Van Brunt Street New York NY,New York,NY,40.6767211,-74.0138312,osm,new,2026-08-01T23:32:03.236+00:00
osm:node/2550086552,Polt Atölye,interior designer,(646) 545-0927,,https://www.polt.com,,390 Van Brunt Street New York NY,New York,NY,40.6767505,-74.013796,osm,new,2026-08-01T23:32:02.975+00:00
osm:node/2494252045,Painted Swan,interior designer,(917) 909-1043,,https://www.paintedswan.com,,407 Court Street New York NY,New York,NY,40.679267,-73.9972225,osm,new,2026-08-01T23:32:02.576+00:00
osm:node/2206001092,Floor World,interior designer,(315) 432-5400,,https://www.patosfloorworld.com/,,4269 James Street New York NY,New York,NY,43.0698963,-76.0876422,osm,new,2026-08-01T23:32:02.096+00:00
osm:node/13687874168,NY Piano School,music teacher,(917) 473-1272,,https://nypianoschool.com/,,37 West 65th Street New York NY,New York,NY,40.7728383,-73.9812801,osm,new,2026-08-01T23:17:20.654+00:00
osm:node/11429590372,School of Rock,music teacher,(212) 249-7625,,https://schoolofrock.com/locations/newyorkcity,,439 East 75th Street Manhattan NY,Manhattan,NY,40.7690909,-73.95276,osm,new,2026-08-01T23:17:20.5+00:00
osm:node/6818197576,Real Brave,music teacher,(212) 230-1168,desk@realbraveaudio.com,https://www.realbraveaudio.com/,,1767 1st Avenue Manhattan NY,Manhattan,NY,40.7804376,-73.9470528,osm,new,2026-08-01T23:17:20.061+00:00
osm:node/5673257636,Beautiful Voice NYC,music teacher,(917) 940-3456,,https://www.voice-lessons-nyc.com/,,39 East 12th Street New York NY,New York,NY,40.7336612,-73.9918641,osm,new,2026-08-01T23:17:19.835+00:00
osm:node/6096702858,AHANA YOGA STUDIO,yoga instructor,(305) 456-5339,user@domain.com,https://ahanayoga.com/,,43 Northeast 38th Street Miami FL,Miami,FL,25.8119231,-80.1944682,osm,new,2026-08-01T23:16:37.465+00:00
osm:node/7590218583,The Vitamin Shoppe,nutrition coach,(305) 569-0525,,https://locations.vitaminshoppe.com/fl/miami/vitamins-supplements-miami-fl-481.html,,3301 Southwest 22nd Street Miami FL,Miami,FL,25.7502481,-80.2489056,osm,new,2026-08-01T23:16:36.841+00:00
osm:way/799513901,Larchmont Music Academy,music teacher,(914) 833-8941,,https://larchmontmusicacademy.com/,,2089 Boston Post Road Larchmont NY,Larchmont,NY,40.9286718,-73.751025,osm,new,2026-08-01T23:15:43.835+00:00
osm:way/769794068,Finger Lakes Piano,music teacher,,flpianomusic@gmail.com,https://sites.google.com/site/fingerlakespianomusic/,,91 Chapin Street Canandaigua NY,Canandaigua,NY,42.8853299,-77.2846991,osm,new,2026-08-01T23:15:43.299+00:00
osm:way/459394814,Main Street Music Studio,music teacher,(845) 534-2812,mainmusic270@gmail.com,https://www.mainstreetmusicny.com/,,270 Hudson Street Cornwall-on-Hudson NY,Cornwall-on-Hudson,NY,41.4449053,-74.0169556,osm,new,2026-08-01T23:15:43.049+00:00
osm:way/702143079,The American Guitar Museum,music teacher,(516) 488-5000,,,,1810 New Hyde Park Road New Hyde Park NY,New Hyde Park,NY,40.7487696,-73.6853125,osm,new,2026-08-01T23:15:43.049+00:00
osm:way/264656145,Rock Academy,music teacher,(323) 538-3012,info@rockacademy.com,https://rockacademy.com/woodstock/,,1293 State Route 212 Saugerties NY,Saugerties,NY,42.066609,-74.045343,osm,new,2026-08-01T23:15:42.476+00:00
osm:node/12757349186,Jay Decker-Drane Piano Studio,music teacher,,support@mymusicstaff.com,https://www.jaydecker-drane.com/,,New York NY,New York,NY,42.643676,-73.7857665,osm,new,2026-08-01T23:15:40.589+00:00
osm:node/12512801423,"Shostakovich School Of Music, Art & Dance",music teacher,(171) 878-1005,,https://shostakovichschool.com/,,414 Brighton Beach Avenue New York NY,New York,NY,40.5771021,-73.9627204,osm,new,2026-08-01T23:15:40.39+00:00
osm:node/7193395429,RaceTrack Car Wash,car wash,,info@racetrackcarwashes.com,https://racetrackcarwashes.com,,New York NY,New York,NY,40.7901533,-73.7089035,osm,new,2026-08-01T23:15:38.849+00:00
osm:node/6139869575,Empire Auto Spa,car wash,(718) 593-1020,,,,760 Seneca Avenue New York NY,New York,NY,40.7020741,-73.9067087,osm,new,2026-08-01T23:15:38.704+00:00
osm:node/6112179183,Royal Car Wash,car wash,(585) 271-1111,,https://www.theroyalwash.com/,,1365 East Ridge Road Rochester NY,Rochester,NY,43.1979903,-77.5810456,osm,new,2026-08-01T23:15:38.704+00:00
osm:node/7126527686,Sunny Brite Auto Wash Corporation,car wash,(718) 381-2828,,,,1517 Gates Avenue New York NY,New York,NY,40.6989403,-73.9130447,osm,new,2026-08-01T23:15:38.704+00:00
osm:node/6294704719,A Car Wash,car wash,(845) 344-0311,,,,184 Dolson Avenue Middletown NY,Middletown,NY,41.4276067,-74.4275934,osm,new,2026-08-01T23:15:38.704+00:00
osm:node/5883913152,Delta Sonic Car Wash,car wash,(585) 347-2200,,https://deltasoniccarwash.com/location/webster-ny/,,1841 Empire Boulevard Webster NY,Webster,NY,43.1875735,-77.5062796,osm,new,2026-08-01T23:15:37.296+00:00
osm:node/6056108894,Classy Chassy Laser Car Wash,car wash,(866) 597-9448,,,,825 East Ridge Road Rochester NY,Rochester,NY,43.1963283,-77.5960007,osm,new,2026-08-01T23:15:37.296+00:00
osm:node/5465231093,Sudz Hand Wash & Detail Center,car wash,(914) 305-3813,,https://www.sudzny.com/port-chester,,11 Hillside Avenue Port Chester NY,Port Chester,NY,41.0127164,-73.6565263,osm,new,2026-08-01T23:15:35.956+00:00
osm:node/5612365437,Central Car Wash,car wash,(929) 276-3298,,,,64-17 Central Avenue New York NY,New York,NY,40.7021414,-73.8922648,osm,new,2026-08-01T23:15:35.956+00:00
osm:node/5342834770,Sparkles Carwash & Quick Lube,car wash,(718) 460-9274,,,,31-07 Farrington Street New York NY,New York,NY,40.7689247,-73.8332291,osm,new,2026-08-01T23:15:35.793+00:00
osm:node/3428918741,East Meadow Car Wash Detailing & Window Tinting,car wash,(516) 557-2606,,https://www.eastmeadowcarwash.com/,,2789 North Jerusalem Road East Meadow NY,East Meadow,NY,40.7066111,-73.5314377,osm,new,2026-08-01T23:15:35.793+00:00
osm:node/2846596498,On the Spot,car wash,(347) 494-1787,,,,41-16 35th Avenue New York NY,New York,NY,40.7544327,-73.9209292,osm,new,2026-08-01T23:15:35.78+00:00
osm:node/2767401335,Delta Sonic Car Wash,car wash,(585) 427-0520,,https://deltasoniccarwash.com/location/henrietta-ny/,,2970 West Henrietta Road Rochester NY,Rochester,NY,43.0927055,-77.6324108,osm,new,2026-08-01T23:15:35.78+00:00
osm:node/11168837304,Rock Island Sound,music teacher,(914) 333-0420,,https://rockislandsound.com,,6 Main Street Tarrytown NY,Tarrytown,NY,41.0762387,-73.8587487,osm,new,2026-08-01T23:15:35.565+00:00
osm:node/9775872902,Boulevard Music Lessons,music teacher,(716) 939-2870,,,,1090 Niagara Falls Boulevard Tonawanda NY,Tonawanda,NY,42.9836839,-78.8233098,osm,new,2026-08-01T23:15:35.223+00:00
osm:node/2550598731,Ultimate Car Wash,car wash,(718) 965-8091,,https://www.ultimatecleancar.com,,New York NY,New York,NY,40.6631914,-73.9992425,osm,new,2026-08-01T23:15:34.467+00:00
osm:node/8872026763,Chatalbash Lessons,music teacher,(516) 882-3860,,https://chatalbashlessons.com,chatalbashlessons,1890A Wantagh Avenue Wantagh NY,Wantagh,NY,40.6752337,-73.5102859,osm,new,2026-08-01T23:15:29.628+00:00
osm:node/8787522294,School of Rock,music teacher,(315) 554-9103,,https://www.schoolofrock.com/locations/fayettevilleny,,311 Towne Drive Fayetteville NY,Fayetteville,NY,43.0327783,-76.02056,osm,new,2026-08-01T23:15:29.191+00:00
osm:node/8785805781,Aria's School of Music & Art,music teacher,(585) 663-0880,tina@ariasschool.com,https://www.ariasschool.com/,,1273 Long Pond Road Rochester NY,Rochester,NY,43.2091828,-77.6963302,osm,new,2026-08-01T23:15:28.893+00:00
osm:node/8045215474,School of Rock,music teacher,(518) 783-7625,,https://locations.schoolofrock.com/albany,,New York NY,New York,NY,42.7272867,-73.7618386,osm,new,2026-08-01T23:15:28.382+00:00
osm:node/6385508286,Kidzhitz,music teacher,(516) 250-0905,,https://www.kidzhitzexpress.com/,,304 Main Street Huntington NY,Huntington,NY,40.8708614,-73.4277979,osm,new,2026-08-01T23:15:27.175+00:00
osm:node/6138117373,Lynbrook Music,music teacher,(516) 872-5977,,,,480 Merrick Road Lynbrook NY,Lynbrook,NY,40.65903,-73.6789731,osm,new,2026-08-01T23:15:26.875+00:00
osm:node/11103235043,Orian Roofing And Construction,gutter cleaning,(305) 707-4457,info@orianroofingmia.com,https://orianroofingmia.com/,,801 South Miami Avenue Miami FL,Miami,FL,25.7658898,-80.19302,osm,new,2026-08-01T23:15:22.133+00:00
osm:node/2549878218,Barry's,lash technician,(347) 405-5520,,https://www.barrysbeautybar.com,,859 Flatbush Avenue New York NY,New York,NY,40.6513646,-73.9587261,osm,new,2026-08-01T23:14:37.24+00:00
osm:node/2549890560,Violet Nail Beauty Salon,lash technician,(718) 484-8020,,,,700 Flatbush Avenue New York NY,New York,NY,40.6562601,-73.9601903,osm,new,2026-08-01T23:14:37.24+00:00
osm:node/2549882035,Hairsweetboutique by Sash,lash technician,(631) 633-1331,,,,New York NY,New York,NY,40.6505957,-73.9572373,osm,new,2026-08-01T23:14:37.24+00:00
osm:node/2549882029,Flatbush Nails,lash technician,(718) 500-0002,,,,New York NY,New York,NY,40.6505941,-73.9572776,osm,new,2026-08-01T23:14:37.24+00:00
osm:node/2547733592,Posh Nails & Day Spa,lash technician,(718) 717-8209,,,,New York NY,New York,NY,40.6610868,-73.9939196,osm,new,2026-08-01T23:14:37.03+00:00
osm:node/2494180687,Wi Nail & Spa,lash technician,(718) 935-1700,,,,490 Court Street New York NY,New York,NY,40.6770847,-73.998598,osm,new,2026-08-01T23:14:36.387+00:00
osm:node/2494211001,L & C Natural Nail,lash technician,(718) 826-2371,,,,1619 Cortelyou Road New York NY,New York,NY,40.6420027,-73.963009,osm,new,2026-08-01T23:14:36.387+00:00
osm:node/2494256359,Ten Colors Nail,lash technician,(347) 799-1128,,,,New York NY,New York,NY,40.6896414,-73.970638,osm,new,2026-08-01T23:14:36.387+00:00
osm:node/2531141623,Alla's European Touch Skin & Body Care,lash technician,(315) 682-5298,,,,8195 Cazenovia Road Manlius NY,Manlius,NY,42.9939162,-75.9591433,osm,new,2026-08-01T23:14:36.387+00:00
osm:node/2494138234,Design Z&L Nails,lash technician,(718) 462-8526,,,,1015 Cortelyou Road New York NY,New York,NY,40.6394861,-73.9685742,osm,new,2026-08-01T23:14:36.387+00:00
osm:node/2524539416,Brooklyn Brows Threading Salon,lash technician,(718) 488-8600,,,,145B Court Street New York NY,New York,NY,40.6892527,-73.9923988,osm,new,2026-08-01T23:14:36.387+00:00
osm:node/2526664517,Fulton Nail Bar,lash technician,(718) 875-0369,,,,New York NY,New York,NY,40.6864172,-73.9750808,osm,new,2026-08-01T23:14:36.387+00:00
osm:node/2494046084,Pinky,lash technician,(718) 373-1818,,,,2079 86th Street New York NY,New York,NY,40.6035668,-73.9962102,osm,new,2026-08-01T23:14:36.386+00:00
osm:node/2494055529,Cobble Nails & Spa,lash technician,(718) 222-0021,,,,New York NY,New York,NY,40.6822239,-73.9983854,osm,new,2026-08-01T23:14:36.386+00:00
osm:node/2416101647,Park Avenue Salon & Day Spa,lash technician,(585) 473-5040,,,,735 Park Avenue Rochester NY,Rochester,NY,43.1475096,-77.5760784,osm,new,2026-08-01T23:14:35.778+00:00
osm:node/2356709487,Pro-Nails,lash technician,(315) 251-1297,,https://website--1945781522325397476186-beautysalon.business.site,,4318 East Genesee Street DeWitt NY,DeWitt,NY,43.0350892,-76.0685555,osm,new,2026-08-01T23:14:35.203+00:00
osm:node/2357766959,Lily's Nails and Waxing,lash technician,(315) 437-2801,,,,3110 James Street Syracuse NY,Syracuse,NY,43.068854,-76.1035029,osm,new,2026-08-01T23:14:35.203+00:00
osm:node/2301587233,Beauty Supply Plaza,lash technician,(718) 731-3100,,,,32 Mount Eden Avenue Bronx NY,Bronx,NY,40.84394,-73.9140716,osm,new,2026-08-01T23:14:34.949+00:00
osm:node/2325968741,Omar's Beauty Salon,lash technician,(315) 446-0101,,,,5829 Thompson Road DeWitt NY,DeWitt,NY,43.0530993,-76.0820378,osm,new,2026-08-01T23:14:34.949+00:00
osm:node/2208867180,Nails By Nataly's,lash technician,(347) 593-3632,,,,2316 Arthur Avenue New York NY,New York,NY,40.8537518,-73.8889298,osm,new,2026-08-01T23:14:34.049+00:00
osm:node/2208211373,Lys Nail & Spa Corp,lash technician,(718) 388-0909,,,,312 Bedford Avenue Brooklyn NY,Brooklyn,NY,40.7137309,-73.9619376,osm,new,2026-08-01T23:14:34.049+00:00
osm:node/2105116467,Soul Beauty Plus,lash technician,(718) 564-4864,,,,New York NY,New York,NY,40.6800398,-73.9407784,osm,new,2026-08-01T23:14:33.863+00:00
osm:node/1741585828,Cynergy Spa,lash technician,(718) 403-9242,info@cynergyspa.com,https://www.cynergyspa.com,,New York NY,New York,NY,40.6819609,-73.9602599,osm,new,2026-08-01T23:14:33.863+00:00
osm:node/1986422627,T & D Nails,lash technician,(315) 434-5591,,,,New York NY,New York,NY,43.0685651,-76.1095491,osm,new,2026-08-01T23:14:33.863+00:00
osm:node/2105118502,Dream Nails,lash technician,(718) 221-8018,,,,New York NY,New York,NY,40.6801018,-73.9418367,osm,new,2026-08-01T23:14:33.863+00:00
osm:node/1727182571,Zoom Tan,lash technician,,info@zoomtan.com,https://www.zoomtan.com/tanning-salon-locations/newyork-ny-dewitt-13214/117,,3140 Erie Boulevard East DeWitt NY,DeWitt,NY,43.0547215,-76.0778587,osm,new,2026-08-01T23:14:33.698+00:00
osm:node/1704600670,Unicorn Nails,lash technician,(315) 251-0100,,https://www.unicornnails.online,,4451 East Genesee Street DeWitt NY,DeWitt,NY,43.035493,-76.0668693,osm,new,2026-08-01T23:14:33.501+00:00
osm:node/1236129677,Zeno Nail Bar,lash technician,(646) 229-8159,,https://zenonailbar.com,,369 9th Street Brooklyn NY,Brooklyn,NY,40.6683266,-73.9841651,osm,new,2026-08-01T23:14:33.396+00:00
osm:node/1036431086,Continental School of Beauty,lash technician,(585) 272-8060,,https://continentalschoolofbeauty.edu/locations/rochester/,,633 Jefferson Road Rochester NY,Rochester,NY,43.0863542,-77.6260086,osm,new,2026-08-01T23:14:33.048+00:00
osm:node/773380177,Ulta Beauty,lash technician,(518) 344-7023,,https://www.ulta.com/stores/schenectady-ny-1120,,402 Balltown Road Schenectady NY,Schenectady,NY,42.7718411,-73.8926362,osm,new,2026-08-01T23:14:32.793+00:00
osm:node/419365583,A+ Skincare & Lash,lash technician,(347) 739-7775,,https://aplusbrooklyn.com,,113 Pacific Street New York NY,New York,NY,40.6900874,-73.9961748,osm,new,2026-08-01T23:14:29.214+00:00
osm:node/419364727,Charming Nails,lash technician,(718) 638-5320,,,,New York NY,New York,NY,40.6876868,-73.9666017,osm,new,2026-08-01T23:14:29.196+00:00
osm:node/419364901,Almonte Casual,lash technician,(718) 360-0994,,,,506 39th Street New York NY,New York,NY,40.6510107,-74.0036926,osm,new,2026-08-01T23:14:29.196+00:00
osm:node/117182732,Just Hair & More,lash technician,(607) 865-7471,,,,New York NY,New York,NY,42.1683117,-75.1313601,osm,new,2026-08-01T23:14:29.195+00:00
osm:node/12058198620,Orangetheory Fitness,personal trainer,(305) 468-8028,,,,5875 Northwest 105th Court Doral FL,Doral,FL,25.8099518,-80.368454,osm,new,2026-08-01T22:34:35.646+00:00
osm:node/10210592817,Barbershop,barber,(305) 866-1223,,,,1114 Normandy Drive Miami Beach FL,Miami Beach,FL,25.8556008,-80.130029,osm,new,2026-08-01T21:09:31.006+00:00
osm:node/7714049647,Ana Petrusha,photographer,(393) 518-1082,,https://www.anapetrusha.com/,,1680 Michigan Avenue Miami Beach FL,Miami Beach,FL,25.7916663,-80.1390544,osm,new,2026-08-01T21:09:25.808+00:00
osm:node/11991589907,Los Gemelos Locksmith,locksmith,,info@losgemeloslocksmith.com,https://losgemeloslocksmith.com/,,1298 NW 30th St Miami FL,Miami,FL,25.8046739,-80.217281,osm,new,2026-08-01T21:09:25.01+00:00
osm:node/5453990515,UTS Locksmith Miami,locksmith,(305) 407-8760,,https://www.miami-locksmith.com/,,19 West Flagler Street Miami FL,Miami,FL,25.774314,-80.193995,osm,new,2026-08-01T21:09:24.84+00:00
osm:node/11527663170,USA Locksmith's,locksmith,(866) 488-6063,,,,8402 S US Highway 1 Port Saint Lucie FL,Port Saint Lucie,FL,25.774779,-80.193757,osm,new,2026-08-01T21:09:24.84+00:00
osm:node/10623283302,Practical Locksmith Co.,locksmith,(786) 705-7574,,,,66-68 West Flagler Street Miami FL,Miami,FL,25.7739432,-80.195142,osm,new,2026-08-01T21:09:24.84+00:00
osm:node/6090098316,Saint Michael Locksmith,locksmith,(786) 721-7676,,,,1630 Northwest 19th Street Miami FL,Miami,FL,25.7926982,-80.2224802,osm,new,2026-08-01T21:09:24.84+00:00
osm:node/11394328226,Apartment Cleaning Services Coral Gables,house cleaning,(786) 699-8768,,http://apartmentcleaningservicesbrickell.com/,,701 Brickell Avenue Miami FL,Miami,FL,25.767092,-80.1896726,osm,new,2026-08-01T20:30:43.704+00:00
osm:node/11103124760,FDP Mold Remediation of Miami,house cleaning,(786) 567-4788,,https://www.fdpmoldremediation.com/miami-dade-fl/,,333 Southeast 2nd Street Miami FL,Miami,FL,25.7714932,-80.1887443,osm,new,2026-08-01T20:30:43.677+00:00
osm:node/7036144154,Precision Mold Removal,house cleaning,(305) 508-4051,,https://precisionmoldremoval.com/miami/,,Miami FL,Miami,FL,25.7890486,-80.1895804,osm,new,2026-08-01T20:30:43.116+00:00
osm:node/8298283240,Paradise Nail Inc I,nail technician,(718) 984-1400,,,,4300 Amboy Road Staten Island NY,Staten Island,NY,40.5456715,-74.1588496,osm,new,2026-08-01T20:15:23.184+00:00
osm:node/12162469550,Nail Mania,nail technician,(929) 944-7211,,,,Staten Island NY,Staten Island,NY,40.5930711,-74.1632507,osm,new,2026-08-01T20:15:23.184+00:00
osm:node/11040332638,Sugar Nails Spa Inc.,nail technician,(718) 608-8998,,,,Staten Island NY,Staten Island,NY,40.559651,-74.197254,osm,new,2026-08-01T20:15:23.184+00:00
osm:node/7779637980,Shiny Nails,nail technician,(718) 966-2440,,,,Staten Island NY,Staten Island,NY,40.5180123,-74.2357476,osm,new,2026-08-01T20:15:23.183+00:00
osm:node/9403948702,City Movers Miami,mover,(786) 292-3202,,https://www.getmovedtoday.com/miami/,,100 Biscayne Boulevard Miami FL,Miami,FL,25.7733166,-80.187824,osm,new,2026-08-01T20:15:22.563+00:00
osm:node/7145589333,Ciao Moving & Storage,mover,(305) 531-4222,,https://ciaomoving.com/,,3000 Coral Way Miami FL,Miami,FL,25.7498545,-80.2424634,osm,new,2026-08-01T20:15:22.088+00:00
osm:node/5500402510,Miami Trucking Company,mover,(305) 390-2728,,https://ustruckingcompany.com/miami-trucking-company,,350 North West 4th Street Miami FL,Miami,FL,25.7776076,-80.2004934,osm,new,2026-08-01T20:15:22.041+00:00
osm:node/12387145592,Miracle Studio,photographer,(171) 834-1737,,,,Queens NY,Queens,NY,40.6767251,-73.7427744,osm,new,2026-08-01T20:06:39.826+00:00
osm:node/11920948047,Santana Photo Studio,photographer,(164) 680-4098,,,,556 Woodward Avenue Ridgewood NY,Ridgewood,NY,40.7068054,-73.9091882,osm,new,2026-08-01T20:06:39.826+00:00
osm:node/12520853135,Lover Photo Studio,photographer,(718) 350-9357,,,,49-06 Junction Boulevard Queens NY,Queens,NY,40.7418128,-73.8677114,osm,new,2026-08-01T20:06:39.826+00:00
osm:node/13524725603,Miami RooterPRO,plumber,(305) 537-9402,info@miamirooterpro.com,https://miamirooterpro.com/,,701 Southwest 7th Street Miami FL,Miami,FL,25.7671925,-80.1937835,osm,new,2026-08-01T20:05:05.636+00:00
osm:node/13272287624,BPM Wellness,personal trainer,(786) 953-8967,assistant@bpm-wellness.com,https://www.bpm-wellness.com/,,363 Northeast 61st Street Miami FL,Miami,FL,25.8327729,-80.1889153,osm,new,2026-08-01T20:00:52.864+00:00
osm:node/12335925701,Central Rock Gym,personal trainer,,hadley@centralrockgym.com,https://centralrockgym.com/wynwood/,,2916 Northwest 29th Street Miami FL,Miami,FL,25.8042594,-80.1953519,osm,new,2026-08-01T20:00:52.244+00:00
osm:node/12025637369,Proof of Work Fitness,personal trainer,(954) 418-2545,,https://www.proofofwork.fit/,,Miami FL,Miami,FL,25.7749065,-80.1852126,osm,new,2026-08-01T20:00:52.114+00:00
osm:node/12173836112,Orangetheory Fitness,personal trainer,(786) 558-4422,,,,800 Brickell Avenue Brickell FL,Brickell,FL,25.765954,-80.191765,osm,new,2026-08-01T20:00:52.114+00:00
osm:node/9972092163,Punch Elite Fitness Miami,personal trainer,(305) 381-0325,user@domain.com,https://punchelitefitnessmiami.com,,1911 Northwest Miami Court Miami FL,Miami,FL,25.7946675,-80.1956079,osm,new,2026-08-01T20:00:52.102+00:00
osm:node/8075407951,AVIVA PILATES,personal trainer,(305) 372-4161,,,,4141 Northeast 2nd Avenue Miami FL,Miami,FL,25.8141853,-80.1906799,osm,new,2026-08-01T20:00:51.849+00:00
osm:node/8063293342,DBC FITNESS,personal trainer,(786) 452-8964,,,,3841 Northeast 2nd Avenue Miami FL,Miami,FL,25.8127406,-80.1910272,osm,new,2026-08-01T20:00:51.849+00:00
osm:node/6096704986,Rise Nation,personal trainer,(305) 409-7614,,,,3814 Northeast 1st Avenue Miami FL,Miami,FL,25.8122492,-80.1935777,osm,new,2026-08-01T20:00:51.849+00:00
osm:node/6096702866,Orangetheory Fitness,personal trainer,(786) 667-3757,,,,89 Northeast 38th Street Miami FL,Miami,FL,25.8119289,-80.1938013,osm,new,2026-08-01T20:00:51.849+00:00
osm:node/6082730999,Thunder Gym,personal trainer,(305) 642-0413,tony@miamifitnessgroup.com,https://miamithundergym.com,,1524 West Flagler Street Miami FL,Miami,FL,25.773095,-80.2203199,osm,new,2026-08-01T20:00:51.637+00:00
osm:node/12442353274,Staten Island Learning Center,tutor,(718) 524-6220,,,,Staten Island NY,Staten Island,NY,40.5708223,-74.1108745,osm,new,2026-08-01T19:13:37.046+00:00
osm:node/12743348082,Dog Planet NY,dog walker,,,,,Queens NY,Queens,NY,40.7678633,-73.9237732,osm,new,2026-08-01T19:04:42.467+00:00
osm:node/11292945422,Lucky Pawss,dog walker,,,,,Queens NY,Queens,NY,40.727554,-73.7857851,osm,new,2026-08-01T19:04:42.467+00:00
osm:node/12791825240,Rapawzel,dog walker,,,,,Queens NY,Queens,NY,40.7629131,-73.9266565,osm,new,2026-08-01T19:04:42.467+00:00
osm:node/8920738984,Le Pitou,dog walker,,,,,Queens NY,Queens,NY,40.7171357,-73.8355117,osm,new,2026-08-01T19:04:42.33+00:00
osm:node/2868653169,Paw Prints Salon & Spa,dog walker,,,,,137-42 Guy R Brewer Boulevard Queens NY,Queens,NY,40.6707693,-73.7739098,osm,new,2026-08-01T19:04:42.33+00:00
osm:node/8732086700,Posh Pooch,dog walker,,,,,30-82 51st Street Queens NY,Queens,NY,40.7575557,-73.9077453,osm,new,2026-08-01T19:04:42.33+00:00
osm:node/2550990474,Marie's Pet Grooming,dog walker,,,,,180-08 Union Turnpike Queens NY,Queens,NY,40.7269143,-73.7876589,osm,new,2026-08-01T19:04:42.185+00:00
osm:node/2551197357,The Bully Boutique,dog walker,,,,,79-04 Parsons Boulevard Queens NY,Queens,NY,40.7207917,-73.8094679,osm,new,2026-08-01T19:04:42.185+00:00
osm:way/285151090,Clearwater Pools,pool cleaning,(718) 848-3128,clearwaterhb@aol.com,https://clearwaterpoolsny.com,,162-01 Cross Bay Boulevard Queens NY,Queens,NY,40.6541037,-73.8382283,osm,new,2026-08-01T18:46:00.809+00:00
osm:relation/3774100,Garden World,landscaping,,,,,197-23 47th Avenue Queens NY,Queens,NY,40.7535365,-73.782255,osm,new,2026-08-01T18:45:51.199+00:00
osm:way/932542022,Ridgewood Community Garden,landscaping,,,https://www.facebook.com/ridgewoodcommunitygarden/,,54-33 Metropolitan Avenue Queens NY,Queens,NY,40.7129491,-73.9092619,osm,new,2026-08-01T18:45:51.199+00:00
osm:node/9251399023,Little Shop of Soil,landscaping,(518) 984-3257,info@littleshopofsoil.com,https://www.littleshopofsoil.com/,,788 Woodward Avenue Ridgewood NY,Ridgewood,NY,40.7036233,-73.9037547,osm,new,2026-08-01T18:45:50.725+00:00
osm:node/5403592972,NY City Succulents,landscaping,(718) 406-9065,,https://www.nycitysucculents.com/,nycitysucculents,32-57 Steinway Street Queens NY,Queens,NY,40.7574407,-73.9199853,osm,new,2026-08-01T18:45:50.434+00:00
osm:node/7862246551,Aviation Services,house cleaning,,,,,Queens NY,Queens,NY,40.6598806,-73.8117557,osm,new,2026-08-01T18:31:50.737+00:00
osm:way/280627890,Lyft Driver Center,driver,,,,,Queens NY,Queens,NY,40.7408482,-73.9419238,osm,new,2026-08-01T18:31:43.496+00:00
osm:node/10772011580,"NYC Driver Institute, Inc.",driver,(718) 255-9500,,https://www.driverinstitute.nyc/,,33-24 Northern Boulevard Long Island City NY,Long Island City,NY,40.7518031,-73.9302417,osm,new,2026-08-01T18:31:43.495+00:00
osm:way/284629966,Sparkles Car Wash,auto detailing,,,,,Queens NY,Queens,NY,40.7690547,-73.8333299,osm,new,2026-08-01T18:31:30.39+00:00
osm:node/13158800408,Crossbay Car Wash & Lube,auto detailing,,,,,Cross Bay Boulevard Queens NY,Queens,NY,40.6732397,-73.8436865,osm,new,2026-08-01T18:31:30.39+00:00
osm:way/284628390,Jomar Car Wash,auto detailing,,,,,57-34 Main Street Queens NY,Queens,NY,40.7456959,-73.8262951,osm,new,2026-08-01T18:31:30.39+00:00
osm:way/282980611,Laurelton Car Wash,auto detailing,,,,,220-02 Merrick Boulevard Queens NY,Queens,NY,40.6787306,-73.7490021,osm,new,2026-08-01T18:31:30.39+00:00
osm:way/280642387,Queensboro Car Wash,auto detailing,,,,,Queens NY,Queens,NY,40.7569789,-73.9402607,osm,new,2026-08-01T18:31:30.39+00:00
osm:way/270200249,Sutphin Car Wash,auto detailing,,,,,Queens NY,Queens,NY,40.6966811,-73.8047227,osm,new,2026-08-01T18:31:30.39+00:00
osm:way/248591522,Tony's Express Car Wash,auto detailing,,,,,171-10 Hillside Avenue Jamaica NY,Jamaica,NY,40.711349,-73.7904147,osm,new,2026-08-01T18:31:30.39+00:00
osm:node/8289674112,Corona Car Wash,auto detailing,(718) 592-3333,,https://coronacarwashny.com,,46-11 108th Street Queens NY,Queens,NY,40.7469233,-73.8564601,osm,new,2026-08-01T18:31:30.39+00:00
osm:node/8433161748,Hi-Tek Car Wash,auto detailing,,,,,Queens NY,Queens,NY,40.7651994,-73.8858926,osm,new,2026-08-01T18:31:30.39+00:00
osm:node/9147058671,Metro Car Wash & Lube,auto detailing,,,,,Queens NY,Queens,NY,40.7110748,-73.8576066,osm,new,2026-08-01T18:31:30.39+00:00
osm:node/11850931895,Hand Car Wash Detailing,auto detailing,(718) 913-7106,,,,Queens NY,Queens,NY,40.7532076,-73.9025345,osm,new,2026-08-01T18:31:30.39+00:00
osm:node/8742669258,Hillside Carwash,auto detailing,,,,,Queens NY,Queens,NY,40.7036878,-73.8239478,osm,new,2026-08-01T18:31:30.39+00:00
osm:node/5373469172,Bleecker Hand Car Wash,auto detailing,,,,,1910 Bleecker Street Queens NY,Queens,NY,40.7072424,-73.9089535,osm,new,2026-08-01T18:31:30.379+00:00
osm:node/5676708422,Imperial Hand Car Wash,auto detailing,,,,,Queens NY,Queens,NY,40.7136621,-73.8592684,osm,new,2026-08-01T18:31:30.379+00:00
osm:node/5921851240,Brushless Car Wash,auto detailing,,,,,Queens NY,Queens,NY,40.6999991,-73.7883413,osm,new,2026-08-01T18:31:30.379+00:00
osm:node/5122993521,Car Wash,auto detailing,,,,,248-10 Sunrise Highway Queens NY,Queens,NY,40.6651693,-73.73009,osm,new,2026-08-01T18:31:30.379+00:00
osm:node/5676698028,Gas Sale,auto detailing,,,,,68th Road Queens NY,Queens,NY,40.7144053,-73.8593902,osm,new,2026-08-01T18:31:30.379+00:00
osm:node/13451735146,Citywide Electrical Wiring Inc,electrician,(718) 932-1019,,,,20-22 Steinway Street Astoria NY,Astoria,NY,40.776093,-73.902348,osm,new,2026-08-01T18:16:26.478+00:00
osm:node/11293916624,Unity International Group,electrician,,,,,Queens NY,Queens,NY,40.7352269,-73.7945051,osm,new,2026-08-01T18:16:26.478+00:00
osm:node/5565094838,Arcadia Electrical,electrician,(718) 418-0106,info@arcadiaelectric.com,http://www.arcadiaelectrical.com/,,10-05 Wyckoff Avenue Queens NY,Queens,NY,40.6959249,-73.9042921,osm,new,2026-08-01T18:16:26.478+00:00
osm:node/13474248153,Samuel & Sons Plumbing & Heating,plumber,(718) 525-1355,,,,137-42 Guy R Brewer Boulevard Queens NY,Queens,NY,40.6709397,-73.7740418,osm,new,2026-08-01T18:16:24.017+00:00
osm:node/13451735148,GoPro,plumber,(718) 777-8933,email@domain.com,http://thegoprogroup.com/,,20-35 Steinway Street Astoria NY,Astoria,NY,40.7755591,-73.9025423,osm,new,2026-08-01T18:16:24.017+00:00
osm:node/12223142944,Rockaway Plumbing Supply,plumber,,,,,103-02 Rockaway Boulevard Ozone Park NY,Ozone Park,NY,40.6792245,-73.8361585,osm,new,2026-08-01T18:16:23.894+00:00
osm:node/10825166972,RJ Wellbrock,plumber,,,,,Metropolitan Avenue Queens NY,Queens,NY,40.7097476,-73.8454824,osm,new,2026-08-01T18:16:23.894+00:00
osm:node/9232810417,Magic Mechanical Inc,plumber,(718) 925-9201,,https://magicmec.com,,88-05 101st Avenue Queens NY,Queens,NY,40.6827864,-73.8517002,osm,new,2026-08-01T18:16:23.894+00:00
osm:node/11265481239,Day-Night Plumbing & Heating,plumber,,,,,Queens NY,Queens,NY,40.6982282,-73.8298286,osm,new,2026-08-01T18:16:23.894+00:00
osm:node/11955992561,CG Plumbing Supply,plumber,,,,,Queens NY,Queens,NY,40.6955339,-73.8006121,osm,new,2026-08-01T18:16:23.894+00:00
osm:node/12038348992,Corona Plumbing,plumber,(718) 424-4133,,,,104-66 Roosevelt Avenue Queens NY,Queens,NY,40.7504327,-73.8592607,osm,new,2026-08-01T18:16:23.894+00:00
osm:node/12507474680,Soudesh Plumbing & Heating Supplies,plumber,,,,,Queens NY,Queens,NY,40.7136743,-73.7615783,osm,new,2026-08-01T18:16:23.894+00:00
osm:node/6977837302,Genet Plumbing & Heating,plumber,,,,,Queens NY,Queens,NY,40.7140856,-73.7538162,osm,new,2026-08-01T18:16:23.633+00:00
osm:node/7014373333,Village Plumbing & Heating,plumber,,,,,212-31 Jamaica Avenue Queens NY,Queens,NY,40.7160353,-73.7459715,osm,new,2026-08-01T18:16:23.633+00:00
osm:node/7194158066,Joseph O'Grady,plumber,(718) 474-3371,,,,181 Beach 116th Street Queens NY,Queens,NY,40.5793145,-73.8371166,osm,new,2026-08-01T18:16:23.633+00:00
osm:node/2550990571,Dundee Plumbing & Heating,plumber,,,,,80-18 Surrey Place Queens NY,Queens,NY,40.7262312,-73.789092,osm,new,2026-08-01T18:16:23.633+00:00
osm:node/2871357630,Hydraulics Mechanical Inc,plumber,,,,,222-24 Union Turnpike Oakland Gardens NY,Oakland Gardens,NY,40.735396,-73.7478161,osm,new,2026-08-01T18:16:23.633+00:00
osm:node/5373443078,All Pro Plumbing and Heating,plumber,(718) 386-0393,,,,63-03 Forest Avenue Queens NY,Queens,NY,40.7105837,-73.9048551,osm,new,2026-08-01T18:16:23.633+00:00
osm:node/13682790316,Success Prep,tutor,(347) 612-4561,,,,88-29 51st Avenue Queens NY,Queens,NY,40.7395446,-73.8747632,osm,new,2026-08-01T18:02:26.227+00:00
osm:node/13783318802,Best Dream Learning Center,tutor,(929) 264-9209,,,,25-44 Francis Lewis Boulevard Queens NY,Queens,NY,40.773497,-73.796882,osm,new,2026-08-01T18:02:26.227+00:00
osm:node/12991016945,Gantry View School,tutor,,,,,5-36 50th Avenue Queens NY,Queens,NY,40.7428167,-73.955116,osm,new,2026-08-01T18:02:26.227+00:00
osm:node/12954456504,The Scholars Corner,tutor,(718) 205-1925,,https://thescholarcorner.com,,80-37 Broadway Queens NY,Queens,NY,40.743654,-73.8841032,osm,new,2026-08-01T18:02:26.227+00:00
osm:node/11340744078,Merica Learning Systems,tutor,,,,,Queens NY,Queens,NY,40.7369664,-73.8144144,osm,new,2026-08-01T18:02:26.207+00:00
osm:node/11293916625,Advantage Academy,tutor,,,,,Queens NY,Queens,NY,40.7351207,-73.7944583,osm,new,2026-08-01T18:02:26.207+00:00
osm:node/11255286849,Top Prep Tutorial Services,tutor,,,,,214-18 73rd Avenue Queens NY,Queens,NY,40.7403379,-73.7593106,osm,new,2026-08-01T18:02:26.207+00:00
osm:node/10985323626,Topway Tutoring,tutor,(171) 850-5055,,,,85-08 Grand Avenue Elmhurst NY,Elmhurst,NY,40.7349484,-73.8817271,osm,new,2026-08-01T18:02:26.207+00:00
osm:node/10929770313,Honor Society Excel Class Academy,tutor,,,,,Queens NY,Queens,NY,40.7259882,-73.8647497,osm,new,2026-08-01T18:02:26.207+00:00
osm:node/10692352311,Kweller Prep,tutor,,,,,Queens NY,Queens,NY,40.7207407,-73.8432948,osm,new,2026-08-01T18:02:26.207+00:00
osm:node/11422171413,SGS Learning Center,tutor,,,,,Queens NY,Queens,NY,40.7396695,-73.7896585,osm,new,2026-08-01T18:02:26.207+00:00
osm:node/11422171415,Eye Level,tutor,,,,,Queens NY,Queens,NY,40.7396807,-73.7896174,osm,new,2026-08-01T18:02:26.207+00:00
osm:node/11505261125,Ivy Prep Early Learning Academy Bayside,tutor,,,,,61-58 Springfield Boulevard Oakland Gardens NY,Oakland Gardens,NY,40.747365,-73.756196,osm,new,2026-08-01T18:02:26.207+00:00
osm:node/11794947802,iLearn,tutor,,,,,Queens NY,Queens,NY,40.7295458,-73.7815957,osm,new,2026-08-01T18:02:26.207+00:00
osm:node/11951423891,Elite Plus Academy,tutor,,,,,68-02 Fresh Meadow Lane Fresh Meadows NY,Fresh Meadows,NY,40.7335228,-73.7947731,osm,new,2026-08-01T18:02:26.207+00:00
osm:node/12048164018,Time 2 Tutor,tutor,,,,,224-14B Linden Boulevard Queens NY,Queens,NY,40.6936793,-73.736162,osm,new,2026-08-01T18:02:26.207+00:00
osm:node/12688549186,Hillside Tutoring,tutor,,,,,Queens NY,Queens,NY,40.7066754,-73.8057596,osm,new,2026-08-01T18:02:26.207+00:00
osm:node/11259327921,Health Force Training Center,tutor,,,,,224-15A Union Turnpike Oakland Gardens NY,Oakland Gardens,NY,40.7362814,-73.7463736,osm,new,2026-08-01T18:02:26.207+00:00
osm:node/9720233116,Prodigy Learning Center,tutor,(718) 225-1876,,https://prodigynow.com,,38-08 Bell Boulevard Bayside NY,Bayside,NY,40.7663424,-73.7726712,osm,new,2026-08-01T18:02:26.206+00:00
osm:node/9682642729,NY Edupia,tutor,(718) 888-1280,,https://www.facebook.com/pages/category/School/NY-Edupia-233439566715786/,,16120 46th Avenue Queens NY,Queens,NY,40.7534959,-73.8050528,osm,new,2026-08-01T18:02:25.272+00:00
osm:node/4995779515,Sanidas Tutoring,tutor,,,,,Queens NY,Queens,NY,40.7467432,-73.9525864,osm,new,2026-08-01T18:02:24.98+00:00
osm:node/4995839489,Queens Adult Learning Center,tutor,,,,,Queens NY,Queens,NY,40.7482529,-73.9397792,osm,new,2026-08-01T18:02:24.98+00:00
osm:node/8316237134,Empire Beauty Salon,tutor,,,,,38-11 Broadway Queens NY,Queens,NY,40.7592343,-73.9192063,osm,new,2026-08-01T18:02:24.98+00:00
osm:node/9466659862,Kumon Math and Reading,tutor,,,,,Queens NY,Queens,NY,40.7561238,-73.8240655,osm,new,2026-08-01T18:02:24.98+00:00
osm:node/2552966909,Reading Town,tutor,,,http://bellblvd.readingtown.com,,48-09 Bell Boulevard Bayside NY,Bayside,NY,40.7553711,-73.7667759,osm,new,2026-08-01T18:02:24.486+00:00
osm:node/2552779081,JEI Learning Center,tutor,,,,,192-11 Union Turnpike Fresh Meadows NY,Fresh Meadows,NY,40.7301972,-73.7781506,osm,new,2026-08-01T18:02:23.535+00:00
osm:node/2550990521,Robo Mind Tech,tutor,,,,,185-08 Union Turnpike Queens NY,Queens,NY,40.728401,-73.7831979,osm,new,2026-08-01T18:02:23.535+00:00
osm:node/2550990450,Kumon,tutor,,,,,179-16 Union Turnpike Queens NY,Queens,NY,40.7266482,-73.7884996,osm,new,2026-08-01T18:02:23.535+00:00
osm:node/2550523138,Best Score,tutor,,,,,267-25 Hillside Avenue Queens NY,Queens,NY,40.7390272,-73.7012319,osm,new,2026-08-01T18:02:23.535+00:00
osm:node/2550990532,Mathnasium,tutor,,,,,185-10 Union Turnpike Queens NY,Queens,NY,40.7284145,-73.7831572,osm,new,2026-08-01T18:02:23.535+00:00
osm:node/3449174226,Adonis Barbershop,barber,(845) 495-3725,,https://www.adonisbarber.com,,329 East 14th Street New York NY,New York,NY,40.731964,-73.9836367,osm,new,2026-08-01T18:01:23.851+00:00
osm:node/3233793042,Precision Cuts NYC,barber,,precisioncuts212@gmail.com,https://precisioncutsnyc.setmore.com/,,231 Thompson Street New York NY,New York,NY,40.7294691,-73.9989165,osm,new,2026-08-01T18:01:23.705+00:00
osm:node/2827088931,Makas Barber Shop,barber,(212) 889-7210,,,,Manhattan NY,Manhattan,NY,40.743813,-73.9739986,osm,new,2026-08-01T18:01:23.559+00:00
osm:node/2823448500,Mike & Son Barbershop,barber,,,,,130 Church Street Manhattan NY,Manhattan,NY,40.71403,-74.0088594,osm,new,2026-08-01T18:01:23.559+00:00
osm:node/2797243219,Aneudis Barber Shop & Salon,barber,(401) 442-0729,,,,4126A Broadway Manhattan NY,Manhattan,NY,40.8457124,-73.9384019,osm,new,2026-08-01T18:01:23.558+00:00
osm:node/2761533855,Juanito's Barber Shop,barber,(212) 316-2515,,,,2724 Broadway New York NY,New York,NY,40.7999038,-73.9678364,osm,new,2026-08-01T18:01:23.558+00:00
osm:node/2761641624,155 Barber Shop,barber,(646) 422-7200,,,,155 Manhattan Avenue Manhattan NY,Manhattan,NY,40.7995455,-73.9610248,osm,new,2026-08-01T18:01:23.558+00:00
osm:node/2745579170,Columbus Ave Barber Shop,barber,(516) 777-0185,user@domain.com,https://columbusavebarbershop.com,,451 Columbus Avenue Manhattan NY,Manhattan,NY,40.7835429,-73.9740839,osm,new,2026-08-01T18:01:23.558+00:00
osm:node/2768171697,Triple A Barbershop,barber,(917) 293-6856,,,,1621 Amsterdam Avenue Manhattan NY,Manhattan,NY,40.8221776,-73.9496155,osm,new,2026-08-01T18:01:23.558+00:00
osm:node/2745370274,Amsterdam Barber Shop,barber,(212) 874-8727,,,,287B Amsterdam Avenue New York NY,New York,NY,40.7796093,-73.9806823,osm,new,2026-08-01T18:01:23.455+00:00
osm:node/2745404408,Reamir Barber Shop,barber,(212) 877-4255,,,,303A Columbus Avenue Manhattan NY,Manhattan,NY,40.7788262,-73.9775318,osm,new,2026-08-01T18:01:23.455+00:00
osm:node/2724072583,David’s Barber Shop,barber,(212) 861-9179,,http://davidsbarbershop.com,http://instagram.com/davidsbarbershop84,233 East 84th Street Manhattan NY,Manhattan,NY,40.7770583,-73.9535936,osm,new,2026-08-01T18:01:23.455+00:00
osm:node/2709702129,Fifth Ave Barber Shop,barber,(212) 837-1250,,,,1 West 35th Street New York NY,New York,NY,40.7493245,-73.9843279,osm,new,2026-08-01T18:01:23.309+00:00
osm:node/2706918027,Classic Barber Shop,barber,(347) 504-3616,,,,130 East 28th Street Manhattan NY,Manhattan,NY,40.7426939,-73.9828415,osm,new,2026-08-01T18:01:23.309+00:00
osm:node/2623873443,Hair Crafters Barber Shop,barber,,,,,West 23rd Street New York NY,New York,NY,40.744591,-73.9963798,osm,new,2026-08-01T18:01:23.309+00:00
osm:node/2603955338,Cordero Barber Shop,barber,,,,,Manhattan NY,Manhattan,NY,40.8243663,-73.9479888,osm,new,2026-08-01T18:01:23.309+00:00
osm:node/2592130010,Topman Barbershop,barber,(212) 510-8372,,,,204 West 79th Street New York NY,New York,NY,40.7831451,-73.9788665,osm,new,2026-08-01T18:01:23.309+00:00
osm:node/2714704301,Premium Barber Shop,barber,(917) 472-7431,,,,158 East 39th Street Manhattan NY,Manhattan,NY,40.748912,-73.9762048,osm,new,2026-08-01T18:01:23.309+00:00
osm:node/2718139002,Elegant Barber Shop,barber,,,,,201 East 61st Street Manhattan NY,Manhattan,NY,40.7627723,-73.9653307,osm,new,2026-08-01T18:01:23.309+00:00
osm:node/2723870224,York Barber Shop,barber,,,,,966 Lexington Avenue Manhattan NY,Manhattan,NY,40.7694011,-73.9631237,osm,new,2026-08-01T18:01:23.309+00:00
osm:node/2567558488,Mei Sning Barber Shop,barber,,,,,109 Hester Street Manhattan NY,Manhattan,NY,40.716617,-73.9929834,osm,new,2026-08-01T18:01:23.309+00:00
osm:node/2562445056,Barber Shop,barber,(212) 367-3700,,,,185 Avenue Of The Americas Manhattan NY,Manhattan,NY,40.72658,-74.0038168,osm,new,2026-08-01T18:01:23.309+00:00
osm:node/2555131336,B & H Barbershop,barber,(646) 896-1090,bhbarbershop@gmail.com,https://bhbarbershop.com,,60 Avenue A Manhattan NY,Manhattan,NY,40.7243478,-73.9845711,osm,new,2026-08-01T18:01:23.309+00:00
osm:node/2710845396,Deja Vu Barber Shop,barber,(212) 576-1062,,,,101 East 34th Street Manhattan NY,Manhattan,NY,40.7470597,-73.9808646,osm,new,2026-08-01T18:01:23.309+00:00
osm:node/2707989225,Universal Barber Shop,barber,(212) 222-0081,,,,2868 Broadway New York NY,New York,NY,40.804987,-73.9657675,osm,new,2026-08-01T18:01:23.309+00:00
osm:node/2414094419,Broadway Unisex Barbershop,barber,,,,,Manhattan NY,Manhattan,NY,40.7941884,-73.9710949,osm,new,2026-08-01T18:01:22.858+00:00
osm:node/1450160770,Aggieville Barber Shop,barber,,,,,613 North 12th Street Manhattan NY,Manhattan,NY,39.1852612,-96.5749823,osm,new,2026-08-01T18:01:22.603+00:00
osm:node/2115186632,Morgan Barber Shop,barber,,,,,427 Poyntz Avenue Manhattan NY,Manhattan,NY,39.1791882,-96.5631099,osm,new,2026-08-01T18:01:22.603+00:00
osm:node/13667450977,Pet Service,dog walker,,,,,Brooklyn NY,Brooklyn,NY,40.6986733,-73.9205516,osm,new,2026-08-01T17:59:07.681+00:00
osm:node/10968102822,Brooklyn Pawffice,dog walker,,info@brooklynpawffice.com,https://brooklynpawffice.com,,Brooklyn NY,Brooklyn,NY,40.7108884,-73.9504615,osm,new,2026-08-01T17:59:07.479+00:00
osm:node/10967974419,Dogtopia,dog walker,,,,,504 Myrtle Avenue Brooklyn NY,Brooklyn,NY,40.6934453,-73.9642942,osm,new,2026-08-01T17:59:07.32+00:00
osm:node/10908101398,Wag Club Dogodog Grooming,dog walker,,,,,Brooklyn NY,Brooklyn,NY,40.6936829,-73.9986064,osm,new,2026-08-01T17:59:07.32+00:00
osm:node/10202100373,Zen Animals,dog walker,,,,,233 Malcolm X Boulevard Brooklyn NY,Brooklyn,NY,40.6848032,-73.9292636,osm,new,2026-08-01T17:59:07.116+00:00
osm:node/7424179944,BFF Pet Wash,dog walker,,,,,192 Driggs Avenue Brooklyn NY,Brooklyn,NY,40.7229914,-73.9459927,osm,new,2026-08-01T17:59:06.833+00:00
osm:node/8492262977,The Spaw,dog walker,,,,,Brooklyn NY,Brooklyn,NY,40.6742707,-73.9996317,osm,new,2026-08-01T17:59:06.833+00:00
osm:node/6067527914,Buddy's Dog Den,dog walker,,,,,Brooklyn NY,Brooklyn,NY,40.7178078,-73.9450782,osm,new,2026-08-01T17:59:03.3+00:00
osm:node/5508497478,Doggitude,dog walker,,,,,Brooklyn NY,Brooklyn,NY,40.6874625,-73.9866522,osm,new,2026-08-01T17:59:02.453+00:00
osm:node/2568117456,Opie's Outpost,dog walker,,,,,409 Greene Avenue Brooklyn NY,Brooklyn,NY,40.6881333,-73.954491,osm,new,2026-08-01T17:59:01.209+00:00
osm:way/249786131,National Headquarters of Torah Umesorah,tutor,(212) 227-1000,name@email.com,https://www.torahumesorah.org,,620 Foster Avenue Brooklyn NY,Brooklyn,NY,40.6301742,-73.9708853,osm,new,2026-08-01T17:46:44.293+00:00
osm:node/12678172784,Second Chance Learning Center,tutor,(929) 750-4010,,,,5308-B 13th Avenue Brooklyn NY,Brooklyn,NY,40.6326509,-73.9947844,osm,new,2026-08-01T17:46:43.931+00:00
osm:node/13667407250,OSHA Classroom (2nd Floor),tutor,,,,,Brooklyn NY,Brooklyn,NY,40.6986869,-73.9204206,osm,new,2026-08-01T17:46:43.931+00:00
osm:node/12563374901,Recurse Center,tutor,,,https://www.recurse.com/,recursecenter,397 Bridge Street Brooklyn NY,Brooklyn,NY,40.6913475,-73.9850419,osm,new,2026-08-01T17:46:43.931+00:00
osm:node/11891667888,Smith Street Workshop,tutor,(347) 335-0026,user@domain.com,https://www.smithstreetworkshop.com/,,321 Court Street Brooklyn NY,Brooklyn,NY,40.6831584,-73.9953095,osm,new,2026-08-01T17:46:43.821+00:00
osm:node/9682926066,SUNY Brooklyn Educational Opportunity Center,tutor,(718) 802-3300,,https://www.sunybeoc.org,,111 Livingston Street Brooklyn NY,Brooklyn,NY,40.6916119,-73.9895511,osm,new,2026-08-01T17:46:43.691+00:00
osm:node/9518300466,Pacific Park Campus,tutor,,,,,29 6th Avenue Brooklyn NY,Brooklyn,NY,40.6819483,-73.9738202,osm,new,2026-08-01T17:46:40.349+00:00
osm:node/9512186335,Micasita Centro Cultural,tutor,,,,,1060 Bedford Avenue Brooklyn NY,Brooklyn,NY,40.6885414,-73.9551289,osm,new,2026-08-01T17:46:40.349+00:00
osm:node/6719031712,Dock Street Educational Complex,tutor,,,,,25 Dock Street Brooklyn NY,Brooklyn,NY,40.7030396,-73.9924477,osm,new,2026-08-01T17:46:39.478+00:00
osm:node/5864437430,Mathnasium,tutor,(718) 858-6284,boerumhill@mathnasium.com,https://www.mathnasium.com/boerumhill,,Brooklyn NY,Brooklyn,NY,40.6869566,-73.985378,osm,new,2026-08-01T17:46:39.478+00:00
osm:node/2561983223,Kumon,tutor,(347) 955-3300,,https://www.kumon.com/kensington-ny,,420 Church Avenue Brooklyn NY,Brooklyn,NY,40.6441324,-73.9759329,osm,new,2026-08-01T17:46:37.817+00:00
osm:node/357579697,Public School K225 Eileen E Zaglin,tutor,,,,,1075 Ocean View Avenue Brooklyn NY,Brooklyn,NY,40.5799243,-73.9562289,osm,new,2026-08-01T17:46:37.775+00:00
osm:node/2561233983,A+ Academy SHSAT SAT,tutor,,,,,6802 8th Avenue Brooklyn NY,Brooklyn,NY,40.630907,-74.0145379,osm,new,2026-08-01T17:46:37.775+00:00
osm:node/357648497,Public School K771,tutor,,,,,1075 Ocean View Avenue Brooklyn NY,Brooklyn,NY,40.5799065,-73.9562266,osm,new,2026-08-01T17:46:37.775+00:00
osm:way/161008243,J&C Imaging,photographer,,,,,404 Poyntz Avenue Manhattan NY,Manhattan,NY,39.1796945,-96.5621347,osm,new,2026-08-01T16:31:25.318+00:00
osm:node/13708105001,Luster Photo & Digital,photographer,(212) 979-1669,print@lusterphoto.com,http://www.lusterphoto.com/,,121 Avenue A Manhattan NY,Manhattan,NY,40.7265074,-73.9833982,osm,new,2026-08-01T16:31:25.318+00:00
osm:node/13703645670,Headshot Specialist,photographer,,,https://www.headshotspecialist.com/,,1120 6th Avenue New York NY,New York,NY,40.755694,-73.9830492,osm,new,2026-08-01T16:31:25.198+00:00
osm:node/12729319277,Color Resource Center,photographer,(212) 807-2300,info@crc-nyc.com,https://www.colorresourcecenter.com,,73 Ludlow Street Manhattan NY,Manhattan,NY,40.717542,-73.9897657,osm,new,2026-08-01T16:31:24.982+00:00
osm:node/12479639280,K&M Camera,photographer,(212) 523-0954,customersupport@kmcamera.com,https://kmcamera.com,,Manhattan NY,Manhattan,NY,40.7166648,-73.9908601,osm,new,2026-08-01T16:31:24.853+00:00
osm:node/12193660304,SL Photo Express,photographer,,,,,1318 1st Avenue Manhattan NY,Manhattan,NY,40.7668288,-73.9564126,osm,new,2026-08-01T16:31:24.412+00:00
osm:node/11559517488,Pro Image Photo,photographer,(212) 222-6001,amsterdam@proimagephoto.com,https://proimagephoto.com,,2510 Broadway New York NY,New York,NY,40.7929693,-73.9726732,osm,new,2026-08-01T16:31:21.777+00:00
osm:node/10016189451,Junebug Photogtaphy,photographer,,,,,Manhattan NY,Manhattan,NY,39.1784101,-96.5620291,osm,new,2026-08-01T16:31:21.618+00:00
osm:node/8410087118,86 Street Photo & Portrait Studio,photographer,,,,,233 East 86th Street Manhattan NY,Manhattan,NY,40.778395,-73.9525835,osm,new,2026-08-01T16:31:21.618+00:00
osm:node/11116478294,Pro Image Photo,photographer,,,,,Manhattan NY,Manhattan,NY,40.7796841,-73.9806078,osm,new,2026-08-01T16:31:21.618+00:00
osm:node/8789612571,Aura Photo,photographer,,,,,515 East 12th Street Manhattan NY,Manhattan,NY,40.7288244,-73.9804592,osm,new,2026-08-01T16:31:21.618+00:00
osm:node/2710141162,Gallery,photographer,,,,,Manhattan NY,Manhattan,NY,40.7673846,-73.9720521,osm,new,2026-08-01T16:31:19.764+00:00
osm:node/2269553374,Columbia Photo Studio,photographer,,,,,3 West 51st street Manhattan NY,Manhattan,NY,40.759542,-73.977345,osm,new,2026-08-01T16:31:19.689+00:00
osm:way/271798927,P. C. Richard & Son,appliance repair,(646) 556-8049,,https://www.pcrichard.com/stores/new-york/manhattan/harlem.html,,309 West 125th Street Manhattan NY,Manhattan,NY,40.810833,-73.9516172,osm,new,2026-08-01T16:01:39.95+00:00
osm:way/619027159,Hill & CO INC,appliance repair,,,,,1132 Hayes Drive Manhattan NY,Manhattan,NY,39.1924615,-96.5544075,osm,new,2026-08-01T16:01:39.95+00:00
osm:way/64624586,Manhattan Appliance and Sleep Source,appliance repair,(785) 539-8105,,,,1300 Westloop Place Manhattan NY,Manhattan,NY,39.1920304,-96.6090025,osm,new,2026-08-01T16:01:39.52+00:00
osm:node/13523128971,Best Housekeeping,appliance repair,(212) 677-8808,,https://www.besthousekeeping.com,,17 Avenue A Manhattan NY,Manhattan,NY,40.7228324,-73.9860583,osm,new,2026-08-01T16:01:39.249+00:00
osm:node/12695927972,Royal Green,appliance repair,,,https://www.royalgreenny.com/newyork-showroom,,280 Broadway New York NY,New York,NY,40.7145132,-74.005836,osm,new,2026-08-01T16:01:38.726+00:00
osm:node/11649887401,Metro Video,appliance repair,(212) 219-0318,,,,Manhattan NY,Manhattan,NY,40.7179056,-73.9926543,osm,new,2026-08-01T16:01:38.591+00:00
osm:node/11411578647,Crown Services,appliance repair,(212) 663-8968,user@domain.com,https://www.crownsalesandservice.com/,,2752 Broadway New York NY,New York,NY,40.8026457,-73.9673927,osm,new,2026-08-01T16:01:37.831+00:00
osm:node/9858399816,Gringer,appliance repair,(212) 475-0600,,https://www.gringerandsons.com/,,Manhattan NY,Manhattan,NY,40.7238755,-73.9882713,osm,new,2026-08-01T16:01:36.522+00:00
osm:node/9480298670,Basics Plus,appliance repair,(212) 452-1305,zvi@basicsplus.com,https://basicsplus.com,,1621 1st Avenue Manhattan NY,Manhattan,NY,40.7759137,-73.9503874,osm,new,2026-08-01T16:01:36.412+00:00
osm:node/6231541016,Bondy Export Corporation,appliance repair,(212) 925-7785,,https://bondyexport.com,,40 Canal Street New York NY,New York,NY,40.7146212,-73.9914423,osm,new,2026-08-01T16:01:36.329+00:00
osm:node/3859051754,P.C. Richard & Son,appliance repair,(212) 924-0200,,https://www.pcrichard.com/Stores/New-York/Manhattan/Chelsea,,53 West 23rd Street Manhattan NY,Manhattan,NY,40.7426257,-73.9915759,osm,new,2026-08-01T16:01:35.206+00:00
osm:way/98197819,Karsmzki Locksmith,locksmith,(785) 539-6509,,,,1501 Yuma Street Manhattan NY,Manhattan,NY,39.1750393,-96.5804959,osm,new,2026-08-01T16:01:28.817+00:00
osm:node/12319863384,Speedy Lock & Door Co,locksmith,(212) 475-6840,,https://speedylockanddoor.com,,17 First Ave New York NY,New York,NY,40.7235477,-73.9884849,osm,new,2026-08-01T16:01:28.817+00:00
osm:node/12231891573,Abbey Locksmith,locksmith,,,https://abbeylock.com,,1558 2nd Avenue Manhattan NY,Manhattan,NY,40.7744423,-73.9540165,osm,new,2026-08-01T16:01:28.434+00:00
osm:node/11923620589,Umbrella Locksmith,locksmith,(212) 744-4499,,,,Manhattan NY,Manhattan,NY,40.7665511,-73.9597811,osm,new,2026-08-01T16:01:28.029+00:00
osm:node/12043013020,Golden Key Locksmith,locksmith,(212) 580-0066,,,,328 Columbus Avenue Manhattan NY,Manhattan,NY,40.7797561,-73.9773026,osm,new,2026-08-01T16:01:28.029+00:00
osm:node/11994512709,First Choice Locksmith,locksmith,(212) 371-0300,,,,334 East 59th Street Manhattan NY,Manhattan,NY,40.7598854,-73.9629118,osm,new,2026-08-01T16:01:28.029+00:00
osm:node/11852588963,A.J.A. Lock & Key,locksmith,(212) 580-0300,ajalock@gmail.com,https://www.locksmithupperwestsidenyc.com,,244 West 72nd Street New York NY,New York,NY,40.7792447,-73.9835705,osm,new,2026-08-01T16:01:28.028+00:00
osm:node/11520598570,Sky Locksmith & Hardware,locksmith,(212) 288-7773,user@domain.com,https://www.skylocksmith.com/,,2212 Broadway New York NY,New York,NY,40.7834284,-73.9799536,osm,new,2026-08-01T16:01:27.194+00:00
osm:node/11517777933,Dial Locksmith,locksmith,(212) 678-6260,,https://www.diallocksmithnyc.com,,206 West 96th Street New York NY,New York,NY,40.7942117,-73.9711549,osm,new,2026-08-01T16:01:26.948+00:00
osm:node/9321721999,U.S.A. Locksmith,locksmith,(212) 744-3915,,,,1463 2nd Avenue Manhattan NY,Manhattan,NY,40.7715635,-73.9565745,osm,new,2026-08-01T16:01:26.793+00:00
osm:node/9858464673,Super Security Locksmith,locksmith,(212) 288-5840,,,,1437 1st Avenue Manhattan NY,Manhattan,NY,40.7695644,-73.9549394,osm,new,2026-08-01T16:01:26.793+00:00
osm:node/11159636108,I. Calderon Locksmith,locksmith,,,,,Manhattan NY,Manhattan,NY,40.7100359,-74.0078072,osm,new,2026-08-01T16:01:26.793+00:00
osm:node/11188999126,Telestar Locksmiths II,locksmith,,,,,Manhattan NY,Manhattan,NY,40.7058833,-74.0072869,osm,new,2026-08-01T16:01:26.793+00:00
osm:node/7906873338,RBD Lock & Alarm,locksmith,(212) 598-4437,info@rbdlockandalarm.com,https://rbdlockandalarm.com/,,Manhattan NY,Manhattan,NY,40.724283,-73.9951115,osm,new,2026-08-01T16:01:26.792+00:00
osm:node/7643637503,Mr. Locks,locksmith,(212) 586-3234,,https://www.mr-locks.com,,400 2nd Avenue Manhattan NY,Manhattan,NY,40.7382128,-73.9802652,osm,new,2026-08-01T16:01:26.615+00:00
osm:node/6691756271,Ada Locksmith,locksmith,(212) 689-1803,,,,155 East 26th Street Manhattan NY,Manhattan,NY,40.7410127,-73.9821603,osm,new,2026-08-01T16:01:26.295+00:00
osm:node/3676873364,Homeland Locksmith,locksmith,(212) 228-2888,,,,229 East 14th Street New York NY,New York,NY,40.7329242,-73.9858944,osm,new,2026-08-01T16:01:26.295+00:00
osm:node/5754424776,Plaza Lock & Safe,locksmith,(212) 213-1312,,,,Manhattan NY,Manhattan,NY,40.745877,-73.9753427,osm,new,2026-08-01T16:01:26.295+00:00
osm:node/4487461843,Amazon Locksmith,locksmith,,,,,2669 Broadway New York NY,New York,NY,40.7982648,-73.9694848,osm,new,2026-08-01T16:01:26.295+00:00
osm:node/2547136899,A-Art Locksmiths,locksmith,(212) 674-7650,,,,187 2nd Avenue Manhattan NY,Manhattan,NY,40.7308138,-73.9863003,osm,new,2026-08-01T16:01:26.295+00:00
osm:node/2714855277,MonKeys Locksmith,locksmith,(212) 986-9800,,,,Manhattan NY,Manhattan,NY,40.7508113,-73.9801939,osm,new,2026-08-01T16:01:26.295+00:00
osm:node/2724094212,Clutch,personal trainer,,,,,1690 2nd Avenue New York NY,New York,NY,40.7785966,-73.9508908,osm,new,2026-08-01T15:38:58.358+00:00
osm:node/2714777536,Orangetheory Fitness,personal trainer,(646) 838-1020,,,,605 3rd Avenue Manhattan NY,Manhattan,NY,40.7489027,-73.9754015,osm,new,2026-08-01T15:38:58.358+00:00
osm:node/2711567886,TITLE Boxing Club Forest Hills,personal trainer,(917) 261-3808,,http://foresthills-austin.titleboxingclub.com/,,69-32 Austin Street Forest Hills NY,Forest Hills,NY,40.7214594,-73.848694,osm,new,2026-08-01T15:38:58.358+00:00
osm:node/2706939852,Throwback Fitness,personal trainer,,,,,303 5th Avenue New York NY,New York,NY,40.746596,-73.9856791,osm,new,2026-08-01T15:38:58.341+00:00
osm:node/2704040555,JetSet Modern Pilates,personal trainer,,,,,257 3rd Avenue New York NY,New York,NY,40.7372757,-73.9840399,osm,new,2026-08-01T15:38:58.341+00:00
osm:node/2703449328,Golf & Body,personal trainer,,,,,883 6th Avenue New York NY,New York,NY,40.7483213,-73.9891195,osm,new,2026-08-01T15:38:58.341+00:00
osm:node/2702184722,"Dani Scher, LLC",personal trainer,,,,,New York NY,New York,NY,40.78282,-73.9731589,osm,new,2026-08-01T15:38:58.341+00:00
osm:node/2701922257,SLT,personal trainer,(347) 240-0924,,https://sltnyc.com/studio/park-slope/,,New York NY,New York,NY,40.6791187,-73.9736466,osm,new,2026-08-01T15:38:58.341+00:00
osm:node/2693089682,Pure Barre,personal trainer,(315) 446-5084,,https://www.purebarre.com/NY-syracuse/,,6789 East Genesee Street Fayetteville NY,Fayetteville,NY,43.0313011,-76.0497118,osm,new,2026-08-01T15:38:57.831+00:00
osm:node/2691851528,Anytime Fitness,personal trainer,(315) 791-0026,,https://www.anytimefitness.com/gyms/4233/manlius-ny-13104,,315 Fayette Street Manlius NY,Manlius,NY,43.0047191,-75.984182,osm,new,2026-08-01T15:38:57.041+00:00
osm:node/2682213371,The Fitness Spa,personal trainer,(315) 682-2900,,http://www.thefitnessspalife.com/,,8240 Cazenovia Road Manlius NY,Manlius,NY,42.9906526,-75.9571103,osm,new,2026-08-01T15:38:56.773+00:00
osm:node/2623873427,Gym U,personal trainer,,info@gymunyc.com,https://www.gymunyc.com/,,215 West 23rd Street New York NY,New York,NY,40.7445345,-73.9961958,osm,new,2026-08-01T15:38:56.756+00:00
osm:node/2665916219,Erie Station Village Gym,personal trainer,,,,,New York NY,New York,NY,43.042868,-77.6655612,osm,new,2026-08-01T15:38:56.756+00:00
osm:node/2679312544,Tightan Fitness,personal trainer,(718) 274-1606,,,,31-21 31st Street Astoria NY,Astoria,NY,40.7634462,-73.9238906,osm,new,2026-08-01T15:38:56.756+00:00
osm:node/2572920407,Crunch Fitness,personal trainer,(718) 797-9464,,https://www.crunch.com/locations/ft-greene,,691 Fulton Street Brooklyn NY,Brooklyn,NY,40.687889,-73.9779866,osm,new,2026-08-01T15:38:56.639+00:00
osm:node/2569888057,Stretch Lab,personal trainer,(718) 701-1492,,,,71-21 Austin Street New York NY,New York,NY,40.7199441,-73.8439235,osm,new,2026-08-01T15:38:56.467+00:00
osm:node/2568740668,Daya,personal trainer,,user@domain.com,https://www.dayayogastudio.com,,1019 Seneca Avenue New York NY,New York,NY,40.6988804,-73.9008409,osm,new,2026-08-01T15:38:56.467+00:00
osm:node/2568706218,PureGym Ridgewood,personal trainer,(718) 701-6195,,https://www.puregym.com/us/gyms/ny/ridgewood-55-27-myrtle-avenue,,55-27 Myrtle Avenue Ridgewood NY,Ridgewood,NY,40.7000876,-73.9074941,osm,new,2026-08-01T15:38:56.266+00:00
osm:node/2567557140,Conbody,personal trainer,(347) 251-0423,,https://conbody.com,,102 Orchard Street New York NY,New York,NY,40.7186671,-73.989826,osm,new,2026-08-01T15:38:55.679+00:00
osm:node/2563829602,Harbor Fitness Go,personal trainer,,,,,2825 Nostrand Avenue Brooklyn NY,Brooklyn,NY,40.6153655,-73.9444733,osm,new,2026-08-01T15:38:55.263+00:00
osm:node/2563512933,Crunch Fitness,personal trainer,,,,,1038 Flatbush Avenue New York NY,New York,NY,40.6456737,-73.9582545,osm,new,2026-08-01T15:38:55.263+00:00
osm:node/2562380328,Solidcore,personal trainer,(646) 846-2179,eastvillage@solidcore.co,https://www.solidcore.co/ny/new-york/east-village/,,504 East 14th Street New York NY,New York,NY,40.7299415,-73.9796534,osm,new,2026-08-01T15:38:55.263+00:00
osm:node/2562125760,Harbor Fitness,personal trainer,(718) 965-6200,user@domain.com,https://www.harborfitness.com/park-slope,,550 5th Avenue New York NY,New York,NY,40.6657508,-73.9893709,osm,new,2026-08-01T15:38:54.231+00:00
osm:node/2562062420,Esquina,personal trainer,(929) 625-1355,hello@esquinabrooklyn.com,https://www.esquinabrooklyn.com/,,559 17th Street Brooklyn NY,Brooklyn,NY,40.6571011,-73.9801262,osm,new,2026-08-01T15:38:54.037+00:00
osm:node/2561887283,Brooklyn Fitness,personal trainer,(929) 810-4700,,https://www.brooklynfitness.nyc,,New York NY,New York,NY,40.6562782,-74.0043991,osm,new,2026-08-01T15:38:53.367+00:00
osm:node/2561700056,Planet Fitness,personal trainer,(929) 484-1464,,https://www.planetfitness.com/gyms/brooklyn-sunset-park-ny,,4802 5th Avenue Brooklyn NY,Brooklyn,NY,40.6461851,-74.0094056,osm,new,2026-08-01T15:38:53.196+00:00
osm:node/2557487249,Ommvibe,personal trainer,(646) 598-6938,,https://www.ommvibe.com,,1273B Bay Ridge Avenue New York NY,New York,NY,40.6239529,-74.0041009,osm,new,2026-08-01T15:38:53.173+00:00
osm:node/2555137422,CrossFit Union Square,personal trainer,(212) 254-9222,info@crossfitunionsquare.com,https://www.crossfitunionsquare.com/,,1 Union Square West New York NY,New York,NY,40.7354597,-73.9919171,osm,new,2026-08-01T15:38:53.16+00:00
osm:node/2555126645,Fierce Grace,personal trainer,(212) 353-8859,,https://www.fiercegrace.com/studios/new-york,,172 Allen Street New York NY,New York,NY,40.721335,-73.9890032,osm,new,2026-08-01T15:38:52.958+00:00
osm:node/2553306835,Flex Hot Yoga,personal trainer,,,,,221-50 Horace Harding Expressway New York NY,New York,NY,40.7493587,-73.7549331,osm,new,2026-08-01T15:38:52.443+00:00
osm:node/2552883693,The Furnace,personal trainer,(347) 492-0352,,,,8302 5th Avenue New York NY,New York,NY,40.6235585,-74.0252328,osm,new,2026-08-01T15:38:52.443+00:00
osm:node/2552596285,CKO Kickboxing,personal trainer,(347) 497-4272,general@ckokickboxing.com,https://www.ckokickboxing.com/ny-brooklyn-bay-ridge/,,New York NY,New York,NY,40.6188524,-74.0301727,osm,new,2026-08-01T15:38:52.442+00:00
osm:node/2552623845,Yoga Tai-Chi Brain Respiration Training,personal trainer,,,,,New York NY,New York,NY,40.6262485,-74.0301055,osm,new,2026-08-01T15:38:52.442+00:00
osm:node/2550697360,Push Fitness,personal trainer,,,,,188-10 Union Turnpike New York NY,New York,NY,40.7291911,-73.7806526,osm,new,2026-08-01T15:38:52.233+00:00
osm:node/2550990547,My Gym Children's Fitness Center,personal trainer,,,,,187-08 Union Turnpike New York NY,New York,NY,40.7289344,-73.781559,osm,new,2026-08-01T15:38:52.233+00:00
osm:node/2550990540,Ye Training,personal trainer,,,,,187-16 Union Turnpike New York NY,New York,NY,40.7289756,-73.7814349,osm,new,2026-08-01T15:38:52.233+00:00
osm:node/2550576224,Pongo Power,personal trainer,(718) 768-9800,,https://pongopower.com,,402 5th Street New York NY,New York,NY,40.6705284,-73.9823278,osm,new,2026-08-01T15:38:52.233+00:00
osm:node/2550150582,HealHaus,personal trainer,(347) 413-7774,,https://www.healhaus.com,,New York NY,New York,NY,40.6813201,-73.9575909,osm,new,2026-08-01T15:38:51.843+00:00
osm:node/2550149651,Blink Fitness,personal trainer,(929) 480-9166,,https://locations.blinkfitness.com/ny/brooklyn/1134-fulton-st%2E,,1134 Fulton Street Brooklyn NY,Brooklyn,NY,40.6808773,-73.9550936,osm,new,2026-08-01T15:38:51.354+00:00
osm:node/2550066416,Home,personal trainer,,,,,130 Nevins Street New York NY,New York,NY,40.684617,-73.9837751,osm,new,2026-08-01T15:38:51.202+00:00
osm:node/2550002274,Metamorphosis,personal trainer,(718) 305-4001,,https://www.studiometamorphosis.com/location/brooklyn-ny,,309 Atlantic Avenue New York NY,New York,NY,40.6884563,-73.9882988,osm,new,2026-08-01T15:38:51.202+00:00
osm:node/2549878215,Blink Fitness,personal trainer,(718) 704-1700,,https://locations.blinkfitness.com/ny/brooklyn/833-flatbush-avenue,,833 Flatbush Avenue New York NY,New York,NY,40.6518775,-73.9589134,osm,new,2026-08-01T15:38:49.574+00:00
osm:node/2547246982,Hithouse,personal trainer,,,https://www.hithouse.com,,2 Spring Street New York NY,New York,NY,40.7209838,-73.9941495,osm,new,2026-08-01T15:38:49.177+00:00
osm:node/2547149196,Hotworx,personal trainer,(212) 970-7099,,,,784 Broadway New York NY,New York,NY,40.7315524,-73.9913675,osm,new,2026-08-01T15:38:48.973+00:00
osm:node/2494325733,Renew'd,personal trainer,(929) 284-7272,,,,New York NY,New York,NY,40.6530914,-73.9763756,osm,new,2026-08-01T15:38:48.759+00:00
osm:node/2494208388,Priority Fitness,personal trainer,(347) 223-4072,,https://www.priorityfitnesstraining.com,,339 5th Street New York NY,New York,NY,40.671502,-73.983874,osm,new,2026-08-01T15:38:48.586+00:00
osm:node/2494251767,A•Line Pilates,personal trainer,,,,,236 Carroll Street New York NY,New York,NY,40.6808507,-73.9963997,osm,new,2026-08-01T15:38:48.586+00:00
osm:node/2494172116,Re.Form,personal trainer,,,,,534 Henry Street New York NY,New York,NY,40.6829376,-74.0001255,osm,new,2026-08-01T15:38:48.264+00:00
osm:node/2432310211,SoulCycle,personal trainer,(212) 406-1300,,https://www.soul-cycle.com/soul-east/soul-tribeca.cfm,,103 Warren Street New York NY,New York,NY,40.7161408,-74.0127466,osm,new,2026-08-01T15:38:48.264+00:00
osm:node/2414094437,Pure Barre,personal trainer,(917) 965-2175,,https://www.purebarre.com/location/new-york-upper-west-side-columbus-avenue-ny,,412 Columbus Avenue New York NY,New York,NY,40.7824339,-73.9753749,osm,new,2026-08-01T15:38:48.156+00:00
osm:node/2430118791,TruYoga,personal trainer,,,,,683 South Avenue Rochester NY,Rochester,NY,43.1421312,-77.6046003,osm,new,2026-08-01T15:38:48.156+00:00
osm:node/2384892230,Fhitting Room,personal trainer,(646) 858-1658,,https://www.fhittingroom.com/location/upper-west-side/,,584 Columbus Avenue New York NY,New York,NY,40.7880574,-73.9712925,osm,new,2026-08-01T15:38:47.188+00:00
osm:node/2357685316,My Gym,personal trainer,,,https://www.mygym.com/cobblehill/,,209 Smith Street New York NY,New York,NY,40.6846534,-73.9917277,osm,new,2026-08-01T15:38:46.929+00:00
osm:node/2183010455,Barry's,personal trainer,,,,,New York NY,New York,NY,40.7063367,-74.0097547,osm,new,2026-08-01T15:38:45.537+00:00
osm:node/2109633369,Blink Fitness,personal trainer,(315) 475-2900,,,,4722 Onondaga Boulevard Syracuse NY,Syracuse,NY,43.0316404,-76.191098,osm,new,2026-08-01T15:38:45.536+00:00
osm:node/2077086333,New York Sports Clubs,personal trainer,,,,,2527 Broadway New York NY,New York,NY,40.7937625,-73.9728288,osm,new,2026-08-01T15:38:45.536+00:00
osm:node/2014446087,Crossfit South Brooklyn,personal trainer,(718) 852-3725,,https://crossfitsouthbrooklyn.com,,New York NY,New York,NY,40.6793827,-73.9836697,osm,new,2026-08-01T15:38:45.536+00:00
osm:node/1867356493,Apex Fitness Center,personal trainer,,,,,20 North Salem Road Cross River NY,Cross River,NY,41.2689935,-73.608451,osm,new,2026-08-01T15:38:45.166+00:00
osm:node/1727182561,Orangetheory Fitness,personal trainer,(315) 965-3555,,https://syracuse.orangetheoryfitness.com/,,3150 Erie Boulevard East DeWitt NY,DeWitt,NY,43.0536478,-76.0765581,osm,new,2026-08-01T15:38:45.166+00:00
osm:node/1609006999,World Gym,personal trainer,,,https://www.worldgym.com/,,187 West Main Street Webster NY,Webster,NY,43.2121611,-77.4374976,osm,new,2026-08-01T15:38:45.146+00:00
osm:node/1472556599,Planet Fitness,personal trainer,,,,,New York NY,New York,NY,43.1680918,-77.6937405,osm,new,2026-08-01T15:38:44.288+00:00
osm:node/1383939144,Equinox,personal trainer,(212) 871-0425,,https://www.equinox.com/clubs/new-york/uptown/columbuscircle,,New York NY,New York,NY,40.7688735,-73.9826023,osm,new,2026-08-01T15:38:44.288+00:00
osm:node/1219910910,Beast Fitness,personal trainer,,,,,8 New York NY,New York,NY,44.6689581,-74.9866373,osm,new,2026-08-01T15:38:44.129+00:00
osm:node/990032608,Solace,personal trainer,(212) 301-2766,info@solacenewyork.com,https://solacenewyork.com,,New York NY,New York,NY,40.7460261,-73.9830775,osm,new,2026-08-01T15:38:44.129+00:00
osm:node/923288034,Curves,personal trainer,,,,,New York NY,New York,NY,42.7888117,-77.5052144,osm,new,2026-08-01T15:38:43.888+00:00
osm:node/403524002,Chelsea Piers Fitness,personal trainer,,fitness@chelseapiers.com,https://fitness.chelseapiers.com/locations/prospect-heights,,645 Dean Street Brooklyn NY,Brooklyn,NY,40.6805096,-73.968937,osm,new,2026-08-01T15:38:43.888+00:00
osm:node/773010644,Vent Fitness,personal trainer,,,,,New York NY,New York,NY,42.7772574,-73.8919707,osm,new,2026-08-01T15:38:43.888+00:00
osm:node/773392603,Orangetheory Fitness,personal trainer,(518) 930-0283,,,,3333 Consaul Road Schenectady NY,Schenectady,NY,42.7828291,-73.8905839,osm,new,2026-08-01T15:38:43.888+00:00
osm:node/791991730,Fitness Together,personal trainer,,,,,New York NY,New York,NY,42.7284839,-73.7597897,osm,new,2026-08-01T15:38:43.888+00:00
osm:node/791991800,Radiance Hot Yoga,personal trainer,,,,,New York NY,New York,NY,42.7275292,-73.7598945,osm,new,2026-08-01T15:38:43.888+00:00
osm:node/883069204,ABC Fitness & Sports,personal trainer,,,,,New York NY,New York,NY,42.7617396,-73.7507313,osm,new,2026-08-01T15:38:43.888+00:00
osm:node/11871093829,Buddy's Dog Den,pet sitter,(212) 844-9843,,https://www.buddysdogden.com,,1105 1st Avenue New York NY,New York,NY,40.7606511,-73.96145,osm,new,2026-08-01T15:36:32.585+00:00
osm:node/11662310657,Biscuits & Bath,pet sitter,(646) 786-0973,,https://www.biscuitsandbath.com/locations/upper-west-side/,,261 West 87th Street New York NY,New York,NY,40.7893071,-73.9764884,osm,new,2026-08-01T15:36:32.314+00:00
osm:node/11628123692,Playground Pups,pet sitter,(212) 362-5221,,https://playgroundpups.com,,668 Amsterdam Avenue New York NY,New York,NY,40.7919203,-73.9721767,osm,new,2026-08-01T15:36:32.266+00:00
osm:node/11515587249,Dog Days of NY,pet sitter,(212) 767-9022,,https://dogdaysofny.com,,2581 Broadway New York NY,New York,NY,40.7957206,-73.9713389,osm,new,2026-08-01T15:36:31.718+00:00
osm:node/11462717768,Bae Tails,pet sitter,(646) 609-3274,woof@baetails.com,https://www.baetails.com,,309 East 60th Street Manhattan NY,Manhattan,NY,40.7610293,-73.9631559,osm,new,2026-08-01T15:36:31.498+00:00
osm:node/11990995695,Mutt Hutt,pet sitter,(646) 864-0029,,https://mutthutt.nyc,,238 West 72nd Street New York NY,New York,NY,40.7791549,-73.9833423,osm,new,2026-08-01T15:36:31.061+00:00
osm:node/11012810125,Dogs Cats NYC,pet sitter,(212) 624-2696,,https://www.dogscatsnyc.co/,,1603 York Avenue Manhattan NY,Manhattan,NY,40.775101,-73.9479696,osm,new,2026-08-01T15:36:30.857+00:00
osm:node/10990490107,Urban Woof,pet sitter,(646) 886-5515,,https://urbanwoofnyc.com,urbanwoofnyc,314 East 78th Street Manhattan NY,Manhattan,NY,40.7722233,-73.9548201,osm,new,2026-08-01T15:36:30.402+00:00
osm:node/11910381821,Manhattan Pawffice,pet sitter,(929) 777-5320,info@manhattanpawffice.com,https://manhattanpawffice.com,,Manhattan NY,Manhattan,NY,40.7289689,-73.9888796,osm,new,2026-08-01T15:36:30.138+00:00
osm:node/8929425294,Dog House Club,pet sitter,(917) 472-7283,doghouseclub172@gmail.com,https://www.doghouseclubnyc.com,,1596 3rd Avenue Manhattan NY,Manhattan,NY,40.7811845,-73.95249,osm,new,2026-08-01T15:36:29.928+00:00
osm:node/10982340908,Biscuits and Bath,pet sitter,,,,spbiscuitsandbath,1064 1st Avenue Manhattan NY,Manhattan,NY,40.7588216,-73.9623163,osm,new,2026-08-01T15:36:29.928+00:00
osm:node/5178536922,Easy Wag,pet sitter,,,,,124 Nassau Street New York NY,New York,NY,40.7109199,-74.0067715,osm,new,2026-08-01T15:36:29.576+00:00
osm:node/2761380199,Priceless Pet Services,pet sitter,(212) 933-4042,impallari@gmail.com,https://pricelesspetservices.com,,1 West 100th Street New York NY,New York,NY,40.794477,-73.9631215,osm,new,2026-08-01T15:36:29.33+00:00
osm:node/2704105148,Spot,pet sitter,(646) 449-9167,user@domain.com,https://www.spotdogdaycare.com/,,Manhattan NY,Manhattan,NY,40.7396332,-73.9823194,osm,new,2026-08-01T15:36:28.962+00:00
osm:node/2569050403,Biscuits & Bath,pet sitter,,,,,39 West 13th Street Manhattan NY,Manhattan,NY,40.7362371,-73.9960456,osm,new,2026-08-01T15:36:28.003+00:00
osm:node/8080800818,Rite Plumbing & Heating,plumber,(347) 502-6441,info@riteplumbingnyc.com,https://www.riteplumbingnyc.com/,,Manhattan NY,Manhattan,NY,40.7626518,-73.9682689,osm,new,2026-08-01T15:31:58.818+00:00
osm:node/9829426781,Systems 2000,plumber,,,,,424 East 81st Street Manhattan NY,Manhattan,NY,40.7730928,-73.9507181,osm,new,2026-08-01T15:31:58.818+00:00
osm:node/7891022306,AJ Plumbling Supplies,plumber,(212) 219-3826,,,,Manhattan NY,Manhattan,NY,40.7175558,-73.9931046,osm,new,2026-08-01T15:31:57.196+00:00
osm:node/11015526303,A & E Refrigeration and Appliance Repair,appliance repair,(914) 665-8080,,https://aerefrigerationandappliance.com,,29 North MacQuesten Parkway Mount Vernon NY,Mount Vernon,NY,40.9135939,-73.8478699,osm,new,2026-08-01T15:23:15.732+00:00
osm:node/11126038372,A&J Appliance,appliance repair,(134) 778-5402,,,,1694 Linden Street Ridgewood NY,Ridgewood,NY,40.7023931,-73.910314,osm,new,2026-08-01T15:23:15.732+00:00
osm:node/11085570808,iFix NYC,appliance repair,,,,,New York NY,New York,NY,40.6896937,-73.9226627,osm,new,2026-08-01T15:23:15.732+00:00
osm:node/10998229200,Bob's Appliance,appliance repair,,,,,New York NY,New York,NY,42.6626464,-73.7703503,osm,new,2026-08-01T15:23:09.73+00:00
osm:node/10998370409,Atlantic Design & Appliances,appliance repair,(718) 398-3865,,,,New York NY,New York,NY,40.6781915,-73.948311,osm,new,2026-08-01T15:23:09.73+00:00
osm:node/10862321520,Michael's Appliance Center,appliance repair,(845) 342-0369,larry@michaelsappliance.com,https://www.michaelsappliance.com,,585 East Main Street Middletown NY,Middletown,NY,41.4439613,-74.3787136,osm,new,2026-08-01T15:23:09.73+00:00
osm:node/10775947862,Tri-State Appliance,appliance repair,,,,,82 Front Street Port Jervis NY,Port Jervis,NY,41.3725631,-74.6908922,osm,new,2026-08-01T15:23:09.384+00:00
osm:node/10759517406,Xtreme Systems,appliance repair,,,,,New York NY,New York,NY,40.6253895,-74.1497795,osm,new,2026-08-01T15:23:09.384+00:00
osm:node/10719998077,Asurion Tech Repair & Solutions,appliance repair,,,,,7960 Transit Road Buffalo NY,Buffalo,NY,42.9835574,-78.6981035,osm,new,2026-08-01T15:23:09.384+00:00
osm:node/10771532492,Digital Appliances,appliance repair,,,,,New York NY,New York,NY,40.6382493,-74.0176654,osm,new,2026-08-01T15:23:09.384+00:00
osm:node/10268590230,Asurion Tech Repair & Solutions,appliance repair,,,,,6610 Niagara Falls Boulevard Niagara Falls NY,Niagara Falls,NY,43.0898133,-78.987729,osm,new,2026-08-01T15:23:08.093+00:00
osm:node/10563636927,Tower Appliance Zone,appliance repair,,,,,New York NY,New York,NY,40.6542572,-73.9597568,osm,new,2026-08-01T15:23:08.093+00:00
osm:node/10616297508,Zimmerman TV Repair,appliance repair,,,,,6814 Main Street Buffalo NY,Buffalo,NY,42.9656104,-78.6992229,osm,new,2026-08-01T15:23:08.093+00:00
osm:node/10565995078,Tekie Geek,appliance repair,,,,,New York NY,New York,NY,40.5471395,-74.1562014,osm,new,2026-08-01T15:23:08.093+00:00
osm:node/10195939258,Healix Smartphone Repair,appliance repair,,,,,New York NY,New York,NY,40.5737309,-74.1161449,osm,new,2026-08-01T15:23:08.093+00:00
osm:node/9947842249,A-1 Home Appliances,appliance repair,,,,,126 Main Street North Tonawanda NY,North Tonawanda,NY,43.0253039,-78.8772116,osm,new,2026-08-01T15:23:08.093+00:00
osm:node/10200492342,Luis Broadway Refrigeration Service,appliance repair,,,,,New York NY,New York,NY,40.6848535,-73.9141835,osm,new,2026-08-01T15:23:08.093+00:00
osm:node/9721930188,Print Better Inc,appliance repair,(718) 386-2120,,,,59-39 Myrtle Avenue Ridgewood NY,Ridgewood,NY,40.7006369,-73.8986247,osm,new,2026-08-01T15:23:07.754+00:00
osm:node/9716924836,On Location Vending Repairs,appliance repair,(631) 264-3520,,https://onlocationvendingrepairs.com,,292 S Ketcham Ave Amityville NY,Amityville,NY,40.6612276,-73.423128,osm,new,2026-08-01T15:23:07.754+00:00
osm:node/9685642837,Maharani Appliances Inc.,appliance repair,(516) 352-7900,,https://maharaniusa.com,,1620 Hillside Ave New Hyde Park NY,New Hyde Park,NY,40.7489338,-73.6833252,osm,new,2026-08-01T15:23:07.358+00:00
osm:node/9716731842,TechCrazies,appliance repair,,,,,154 West Montauk Highway Hampton Bays NY,Hampton Bays,NY,40.8772317,-72.5297241,osm,new,2026-08-01T15:23:07.358+00:00
osm:node/9501839140,Mr. Vacuum,appliance repair,(718) 748-5288,,,,New York NY,New York,NY,40.6206396,-74.0267405,osm,new,2026-08-01T15:23:06.726+00:00
osm:node/9460767918,Josh's Care and Repair,appliance repair,(518) 752-9580,,,,95 East Fulton Street Gloversville NY,Gloversville,NY,43.0510641,-74.3403015,osm,new,2026-08-01T15:23:06.58+00:00
osm:node/9400453972,Orville's Home Appliances,appliance repair,(585) 430-1900,,https://www.orvilles.com/,,74 Cobblestone Court Drive Victor NY,Victor,NY,43.031573,-77.438218,osm,new,2026-08-01T15:23:06.58+00:00
osm:node/9288962270,Nationwide Refrigeration and Used Appliances,appliance repair,(716) 262-5143,,https://nationwide-refrigeration-and-used-appliances.business.site/,,3118 Main Street Buffalo NY,Buffalo,NY,42.9497178,-78.8278111,osm,new,2026-08-01T15:23:06.528+00:00
osm:node/9362382841,Fritz Appliances,appliance repair,,,,,94 Remsen Street Cohoes NY,Cohoes,NY,42.7743853,-73.701651,osm,new,2026-08-01T15:23:06.528+00:00
osm:node/8787440424,uBreakiFix,appliance repair,,,https://www.ubreakifix.com/locations/dewitt,,3409 Erie Boulevard East Syracuse NY,Syracuse,NY,43.0460662,-76.0647559,osm,new,2026-08-01T15:23:06.362+00:00
osm:node/9118483656,Jimmy's Range & Appliances,appliance repair,(718) 837-0147,,,,7024 15th Avenue New York NY,New York,NY,40.6201177,-74.0007317,osm,new,2026-08-01T15:23:06.362+00:00
osm:node/9277007779,Conrad's Appliances,appliance repair,,,,,125 Main Street Geneseo NY,Geneseo,NY,42.7949731,-77.8168356,osm,new,2026-08-01T15:23:06.362+00:00
osm:node/9057614903,Shatter Case,appliance repair,,,,,New York NY,New York,NY,40.582374,-74.1657686,osm,new,2026-08-01T15:23:06.362+00:00
osm:node/9057614848,Cellaxs,appliance repair,,,,,New York NY,New York,NY,40.5816395,-74.1656323,osm,new,2026-08-01T15:23:06.362+00:00
osm:node/8787523365,Cell Phone Repair,appliance repair,,,,,145 Marshall Street Syracuse NY,Syracuse,NY,43.0417272,-76.1355278,osm,new,2026-08-01T15:23:06.362+00:00
osm:node/8787522622,Sheehan's Appliances,appliance repair,,,,,28 Oswego Street Baldwinsville NY,Baldwinsville,NY,43.1582991,-76.332453,osm,new,2026-08-01T15:23:06.362+00:00
osm:node/8591708695,uBreakiFix,appliance repair,(585) 869-2053,,https://www.ubreakifix.com/locations/victor,,400 Commerce Drive Victor NY,Victor,NY,43.0183372,-77.4372204,osm,new,2026-08-01T15:23:06.166+00:00
osm:node/8446199971,Aerus,appliance repair,(845) 336-6891,,https://aerusofkingstonny.com,,270 Kings Mall Court Kingston NY,Kingston,NY,41.963474,-73.9876852,osm,new,2026-08-01T15:23:05.62+00:00
osm:node/8512192851,Smart Fix,appliance repair,,,,,New York NY,New York,NY,40.5815547,-74.1658624,osm,new,2026-08-01T15:23:05.62+00:00
osm:node/8441871594,National Appliance Service Inc,appliance repair,(716) 800-2790,,https://www.natlappliance.com/,,3496 Sheridan Drive Amherst NY,Amherst,NY,42.9800221,-78.8036553,osm,new,2026-08-01T15:23:05.261+00:00
osm:node/8309866338,iRepair Buffalo,appliance repair,(716) 276-3219,,https://www.irepairbuffalo.com,,5150 Main Street Williamsville NY,Williamsville,NY,42.9605702,-78.7605564,osm,new,2026-08-01T15:23:03.01+00:00
osm:node/8398746545,Tech Cellar,appliance repair,(518) 572-1351,,,,345 Cornelia Street Plattsburgh NY,Plattsburgh,NY,44.6966895,-73.4808709,osm,new,2026-08-01T15:23:03.01+00:00
osm:node/8262422499,Lenny Repair,appliance repair,,,,,New York NY,New York,NY,40.5908899,-74.164558,osm,new,2026-08-01T15:23:02.661+00:00
osm:node/8037710420,iPad Rehab,appliance repair,,,https://www.ipadrehab.com/,,4 North Main Street Honeoye Falls NY,Honeoye Falls,NY,42.9530725,-77.590985,osm,new,2026-08-01T15:23:02.661+00:00
osm:node/7592638911,Computer Phone Repair,appliance repair,(516) 872-1234,,,,126 Brooklyn Avenue Valley Stream NY,Valley Stream,NY,40.6580679,-73.6943542,osm,new,2026-08-01T15:23:02.146+00:00
osm:node/7549070456,CZone,appliance repair,,,,,533 Niagara Street Tonawanda NY,Tonawanda,NY,43.0130941,-78.8977232,osm,new,2026-08-01T15:23:02.146+00:00
osm:node/7557189108,The Appliance Doctor,appliance repair,(516) 764-7011,,,,10 West Windsor Parkway Oceanside NY,Oceanside,NY,40.635919,-73.6408202,osm,new,2026-08-01T15:23:02.146+00:00
osm:node/7850918530,Ralph's Electrical Appliances,appliance repair,,,,,343 Mamaroneck Avenue Mamaroneck NY,Mamaroneck,NY,40.9516387,-73.7353005,osm,new,2026-08-01T15:23:02.146+00:00
osm:node/7799768755,Richmond Appliance,appliance repair,,,,,New York NY,New York,NY,40.523524,-74.2158205,osm,new,2026-08-01T15:23:02.146+00:00
osm:node/7206847960,uBreakiFix,appliance repair,(716) 515-9928,,https://www.ubreakifix.com/locations/hamburg?location=Orchard+Park%2C+NY+14127,,4408 Milestrip Road Buffalo NY,Buffalo,NY,42.7911426,-78.8146305,osm,new,2026-08-01T15:23:02.146+00:00
osm:node/7205095516,Orville's Home Appliances,appliance repair,(716) 825-2200,,https://www.orvilles.com/locations/orchard-park,,3485 Amelia Drive Orchard Park NY,Orchard Park,NY,42.7916509,-78.7813481,osm,new,2026-08-01T15:23:00.915+00:00
osm:node/6869137409,Digimobile - Computer Cell Phone Repair - Ronkonkoma,appliance repair,,,,,New York NY,New York,NY,40.8233696,-73.1072866,osm,new,2026-08-01T15:23:00.728+00:00
osm:node/6716063327,Wizard,appliance repair,(718) 349-6889,,http://wizardny.com/,,66-17 Fresh Pond Road New York NY,New York,NY,40.7086019,-73.8979496,osm,new,2026-08-01T15:23:00.728+00:00
osm:node/6808483092,Ubreakifix,appliance repair,,,,,44 North Village Avenue Rockville Centre NY,Rockville Centre,NY,40.6580687,-73.6479725,osm,new,2026-08-01T15:23:00.728+00:00
osm:node/6880390345,Your Data Center,appliance repair,,,,,286 Broadway Lynbrook NY,Lynbrook,NY,40.6507641,-73.6820598,osm,new,2026-08-01T15:23:00.728+00:00
osm:node/6893565108,CFC Depot,appliance repair,,,,,131-29 Sanford Avenue New York NY,New York,NY,40.7545265,-73.8347709,osm,new,2026-08-01T15:23:00.728+00:00
osm:node/6340372270,Expert Appliance,appliance repair,(718) 858-5444,,https://www.expertapplianceny.com,,212 Smith Street New York NY,New York,NY,40.6845165,-73.9921131,osm,new,2026-08-01T15:23:00.721+00:00
osm:node/6345860890,Garden City Appliances,appliance repair,,,,,Clinton Street New York NY,New York,NY,40.7186052,-73.6209115,osm,new,2026-08-01T15:23:00.721+00:00
osm:node/6338094904,607 Tech Solutions,appliance repair,(607) 205-1950,,https://www.607techsolutions.com/,,1901 Vestal Parkway East Vestal NY,Vestal,NY,42.0935778,-76.0208157,osm,new,2026-08-01T15:23:00.691+00:00
osm:node/6288538980,Hampton,appliance repair,,,,,New York NY,New York,NY,40.7324633,-73.6061971,osm,new,2026-08-01T15:23:00.378+00:00
osm:node/6121843961,Cell Phone Repair,appliance repair,,,https://www.cricketwireless.com/,,247-22A South Conduit Avenue New York NY,New York,NY,40.6652303,-73.7300895,osm,new,2026-08-01T15:22:59.537+00:00
osm:node/5853168265,Noel's Air Conditioning,appliance repair,(718) 366-3878,service@noelsairconditioning.com,https://www.noelsairconditioning.com/,,63-98 Metropolitan Avenue Middle Village NY,Middle Village,NY,40.7124318,-73.8972004,osm,new,2026-08-01T15:22:58.893+00:00
osm:node/6069012698,Computer Answers,appliance repair,,,,,New York NY,New York,NY,40.7190529,-73.945357,osm,new,2026-08-01T15:22:58.893+00:00
osm:node/5905555894,AHC Applicances,appliance repair,,,,,530 Central Avenue Cedarhurst NY,Cedarhurst,NY,40.6221951,-73.7232658,osm,new,2026-08-01T15:22:58.893+00:00
osm:node/5838758062,Brooke's Appliance,appliance repair,(718) 832-0055,,https://brookesappliance.com,,387 7th Avenue Brooklyn NY,Brooklyn,NY,40.6651658,-73.9828213,osm,new,2026-08-01T15:22:58.49+00:00
osm:node/5809042242,Salad Master,appliance repair,,,,,95 Rockaway Avenue Valley Stream NY,Valley Stream,NY,40.6632222,-73.69861,osm,new,2026-08-01T15:22:58.341+00:00
osm:node/5605568068,Rent-A-Center,appliance repair,(315) 622-0000,,https://locations.rentacenter.com/new-york/liverpool/8075-oswego-rd/,,8075 Oswego Road Liverpool NY,Liverpool,NY,43.1611757,-76.2342636,osm,new,2026-08-01T15:22:58.22+00:00
osm:node/5775247495,King Penny,appliance repair,(718) 728-5900,,,,31-18 Ditmars Boulevard Astoria NY,Astoria,NY,40.7756396,-73.9102475,osm,new,2026-08-01T15:22:58.22+00:00
osm:node/5717487401,Computer Depot,appliance repair,,,,,3131 Westchester Avenue New York NY,New York,NY,40.8497837,-73.8305093,osm,new,2026-08-01T15:22:58.22+00:00
osm:node/5531232622,Mac & PC Wireless,appliance repair,(718) 802-8172,info@macpcwireless.com,https://macpcwireless.com/,,608 Seneca Avenue New York NY,New York,NY,40.7038209,-73.9096882,osm,new,2026-08-01T15:22:57.925+00:00
osm:node/5451778257,Repair Wiz,appliance repair,,,,,37-21 Ditmars Boulevard Astoria NY,Astoria,NY,40.7735776,-73.9068406,osm,new,2026-08-01T15:22:57.531+00:00
osm:node/5503155783,"Print Better, Inc.",appliance repair,(718) 366-6790,,,,66-42 Fresh Pond Road New York NY,New York,NY,40.7075937,-73.8976885,osm,new,2026-08-01T15:22:57.531+00:00
osm:node/5292396599,Screen Savers,appliance repair,,,,,4452 Commercial Drive New Hartford NY,New Hartford,NY,43.082611,-75.3240036,osm,new,2026-08-01T15:22:57.167+00:00
osm:node/3812746453,CNY Appliances 4 Less,appliance repair,,,https://cnyappliances4less.wixsite.com/cny-appliances-4-les,,2760 Erie Boulevard East Syracuse NY,Syracuse,NY,43.0542603,-76.0958524,osm,new,2026-08-01T15:22:56.688+00:00
osm:node/3386884838,ComputeRx,appliance repair,(518) 878-9003,,https://computerxny.com/,,2215 Nott Street New York NY,New York,NY,42.8158547,-73.8939082,osm,new,2026-08-01T15:22:56.43+00:00
osm:node/2870940791,Authorized Service Centers NY,appliance repair,(718) 544-9584,,,,113-05 Queens Boulevard New York NY,New York,NY,40.7178322,-73.8354028,osm,new,2026-08-01T15:22:56.168+00:00
osm:node/2568196180,Buy & Save,appliance repair,(718) 855-8100,sales@buysaveappliances.com,https://www.buysaveappliances.com,,715 Myrtle Avenue New York NY,New York,NY,40.6949245,-73.9541916,osm,new,2026-08-01T15:22:54.732+00:00
osm:node/2567957893,Gonzalez Appliance Services,appliance repair,(718) 484-7091,,,,148A Lewis Avenue New York NY,New York,NY,40.6918535,-73.936962,osm,new,2026-08-01T15:22:54.246+00:00
osm:node/2112272244,Olum's Appliances & Electronics,appliance repair,(315) 414-2200,info@olums.com,https://www.olums.com/locations/bridge.html,,5775 Bridge Street East Syracuse NY,East Syracuse,NY,43.0510308,-76.0712655,osm,new,2026-08-01T15:22:54.246+00:00
osm:node/2561707909,Charlys Appliances,appliance repair,(718) 384-2291,,,,5302 3rd Avenue New York NY,New York,NY,40.6460849,-74.0167054,osm,new,2026-08-01T15:22:54.246+00:00
osm:node/2562116320,B&A Appliances,appliance repair,(718) 369-0901,,,,New York NY,New York,NY,40.6628228,-73.9880861,osm,new,2026-08-01T15:22:54.246+00:00
osm:node/864193580,Cocca's Appliances,appliance repair,,,,,New York NY,New York,NY,42.7063909,-73.8265856,osm,new,2026-08-01T15:22:53.461+00:00
osm:way/1337866417,Servpro,housekeeper,,,,,1520 Emerson Street Rochester NY,Rochester,NY,43.1742081,-77.6715164,osm,new,2026-08-01T15:16:50.321+00:00
osm:way/807321536,Servpro,housekeeper,,,,,309 Delaware Street Tonawanda NY,Tonawanda,NY,43.0108092,-78.8722002,osm,new,2026-08-01T15:16:50.321+00:00
osm:way/942256750,Servpro,housekeeper,,,,,60 North Lincoln Road East Rochester NY,East Rochester,NY,43.1150514,-77.4787664,osm,new,2026-08-01T15:16:50.321+00:00
osm:node/13186710880,One Hour Pest Control,housekeeper,,,,,New York NY,New York,NY,40.5938077,-74.0690246,osm,new,2026-08-01T15:16:48.333+00:00
osm:node/13048621568,Post Exterminating,housekeeper,,,,,New York NY,New York,NY,40.6291994,-74.0793421,osm,new,2026-08-01T15:16:45.323+00:00
osm:node/13050292746,"Clean Water of New York, Inc.",housekeeper,,,,,3249 Richmond Terrace New York NY,New York,NY,40.6408496,-74.1662881,osm,new,2026-08-01T15:16:45.323+00:00
osm:node/12677264723,Rockafella Cleaning Service Inc.,housekeeper,,,,,New York NY,New York,NY,40.5936258,-74.0865328,osm,new,2026-08-01T15:16:43.131+00:00
osm:node/11220901094,Elsie C Cleaning Service,housekeeper,,,,,New York NY,New York,NY,40.8287218,-73.941879,osm,new,2026-08-01T15:16:41.806+00:00
osm:node/11410677928,Cottage Care,housekeeper,,,,,New York NY,New York,NY,41.5229211,-74.0700668,osm,new,2026-08-01T15:16:41.806+00:00
osm:node/11385016367,.,housekeeper,,,,,New York NY,New York,NY,40.765029,-73.9814603,osm,new,2026-08-01T15:16:41.806+00:00
osm:node/11040482732,Skyline Cleaning Company Inc.,housekeeper,,,,,New York NY,New York,NY,40.6187765,-74.0693053,osm,new,2026-08-01T15:16:41.626+00:00
osm:node/10065298685,Master Rug Cleaners,housekeeper,,,,,4267 Delaware Avenue Tonawanda NY,Tonawanda,NY,43.0004567,-78.8748096,osm,new,2026-08-01T15:16:39.518+00:00
osm:node/8863294250,Molly Maid,housekeeper,,,,,349 West Commercial Street East Rochester NY,East Rochester,NY,43.1158869,-77.4916219,osm,new,2026-08-01T15:16:37.574+00:00
osm:node/9045301677,Feet Up Carpet Cleaning Salisbury NY,housekeeper,,,,,135 Post Avenue Westbury NY,Westbury,NY,40.7531869,-73.5889455,osm,new,2026-08-01T15:16:37.574+00:00
osm:node/9449484086,Pegasus Cleaning Corporation,housekeeper,,,,,New York NY,New York,NY,42.9121228,-78.8658337,osm,new,2026-08-01T15:16:37.574+00:00
osm:node/6578561676,Whistle Clean,housekeeper,,,,,2054 Hillside Avenue New Hyde Park NY,New Hyde Park,NY,40.7511679,-73.6746364,osm,new,2026-08-01T15:16:34.328+00:00
osm:node/5041242817,Swish,housekeeper,,,,,New York NY,New York,NY,43.1399347,-75.2772155,osm,new,2026-08-01T15:16:33.985+00:00
osm:way/249732221,Klearview Appliance,appliance repair,(718) 743-0909,help@klearview.com,https://www.klearview.com/,,3707 Nostrand Avenue Brooklyn NY,Brooklyn,NY,40.593375,-73.940187,osm,new,2026-08-01T14:32:29.555+00:00
osm:node/12423262691,CTW Appliance,appliance repair,(718) 382-3370,,,,Brooklyn NY,Brooklyn,NY,40.5991997,-73.954216,osm,new,2026-08-01T14:32:28.346+00:00
osm:way/248165039,P.C. Richard & Son,appliance repair,(718) 399-6500,,,,590 Atlantic Avenue Brooklyn NY,Brooklyn,NY,40.6838924,-73.9781171,osm,new,2026-08-01T14:32:28.346+00:00
osm:node/12247119192,86 Home Appliances,appliance repair,(646) 681-8337,,,,Brooklyn NY,Brooklyn,NY,40.6209917,-74.0264528,osm,new,2026-08-01T14:32:28.346+00:00
osm:node/11642525951,Turbo HVAC Appliances Inc.,appliance repair,(347) 462-3388,,,,6729 Bay Parkway Brooklyn NY,Brooklyn,NY,40.6119557,-73.9831308,osm,new,2026-08-01T14:32:28.152+00:00
osm:node/11587899442,18 Ave Home Appliance Inc,appliance repair,,,,,6302 18th Avenue Brooklyn NY,Brooklyn,NY,40.6202959,-73.9892105,osm,new,2026-08-01T14:32:28.152+00:00
osm:node/9147031536,Cell Phone Repair,appliance repair,,,,,1277 Brooklyn NY,Brooklyn,NY,40.6239008,-74.0040126,osm,new,2026-08-01T14:32:28.079+00:00
osm:node/13820092737,Jimmy locks and key,locksmith,(347) 471-1988,,https://yelp.com/biz/ZJDiOHGRNGNZnEk0XCDwXA,,141 Flushing Avenue Brooklyn NY,Brooklyn,NY,40.6988815,-73.9712369,osm,new,2026-08-01T14:31:31.276+00:00
osm:node/11073214130,Instalock,locksmith,,,,,Brooklyn NY,Brooklyn,NY,40.6937958,-73.9226773,osm,new,2026-08-01T14:31:25.22+00:00
osm:node/12815798006,Bridgeview Locksmith and Safe,locksmith,,,,,Brooklyn NY,Brooklyn,NY,40.6232548,-74.0247078,osm,new,2026-08-01T14:31:25.22+00:00
osm:way/889095705,Shell,auto detailing,(860) 779-0822,,,,500 Providence Road Brooklyn CT,Brooklyn,NY,41.7980986,-71.9079271,osm,new,2026-08-01T14:21:39.484+00:00
osm:way/894002619,Hollywood Car Wash,auto detailing,,,,,484 Coney Island Avenue Brooklyn NY,Brooklyn,NY,40.645801,-73.9712655,osm,new,2026-08-01T14:21:39.484+00:00
osm:way/974811085,Automated Hand Car Wash,auto detailing,(718) 622-7429,,,,1119 Atlantic Avenue Brooklyn NY,Brooklyn,NY,40.6793,-73.9540144,osm,new,2026-08-01T14:21:39.484+00:00
osm:way/250456916,Zap Car Wash & Lube,auto detailing,(718) 638-8869,micah@micahrich.com,https://zapcarcare.com,,1096 Atlantic Avenue Brooklyn NY,Brooklyn,NY,40.6793462,-73.9569907,osm,new,2026-08-01T14:21:39.484+00:00
osm:way/278389055,Viking Auto Spa,auto detailing,(347) 987-4907,,,,354 Hamilton Avenue Brooklyn NY,Brooklyn,NY,40.6743212,-74.0006461,osm,new,2026-08-01T14:21:39.484+00:00
osm:way/280077854,Greenpoint Car Wash,auto detailing,,,,,103 Engert Avenue Brooklyn NY,Brooklyn,NY,40.7218334,-73.9465465,osm,new,2026-08-01T14:21:39.484+00:00
osm:way/284894698,Atlantis Wash & Lube,auto detailing,,,,,1650 Bushwick Avenue Brooklyn NY,Brooklyn,NY,40.6799219,-73.9024265,osm,new,2026-08-01T14:21:39.484+00:00
osm:way/264336130,Platinum Car Wash,auto detailing,,,,,360 19th Street Brooklyn NY,Brooklyn,NY,40.6593636,-73.9877235,osm,new,2026-08-01T14:21:39.484+00:00
osm:way/250161562,Utica Car Wash,auto detailing,,,,,863 Midwood Street Brooklyn NY,Brooklyn,NY,40.6616058,-73.931913,osm,new,2026-08-01T14:21:39.385+00:00
osm:way/249615282,Brooklyn's Famous Car Wash,auto detailing,,,,,10 Caton Avenue Brooklyn NY,Brooklyn,NY,40.6469638,-73.9810132,osm,new,2026-08-01T14:21:39.385+00:00
osm:way/250230611,M&M Car Wash & Lube,auto detailing,,,,,505 Flatbush Avenue Brooklyn NY,Brooklyn,NY,40.6621338,-73.9612318,osm,new,2026-08-01T14:21:39.385+00:00
osm:way/249606954,Sunset Car Wash,auto detailing,(718) 437-7593,,https://sunset-car-care.business.site,,4013 4th Avenue Brooklyn NY,Brooklyn,NY,40.6514858,-74.0067673,osm,new,2026-08-01T14:21:39.385+00:00
osm:way/249606367,BK Wash & Repair Center,auto detailing,(347) 889-6369,,https://bkwashrepair.com,,862 4th Avenue Brooklyn NY,Brooklyn,NY,40.6570582,-74.0019909,osm,new,2026-08-01T14:21:39.264+00:00
osm:way/249087155,Tommy's Auto Repair & Car Wash,auto detailing,(718) 998-5589,,https://www.tommysautorepair.com/,,2029 McDonald Avenue Brooklyn NY,Brooklyn,NY,40.603141,-73.9720402,osm,new,2026-08-01T14:21:39.157+00:00
osm:way/248554487,Oakley's Car Wash,auto detailing,(718) 646-8783,,,,25 Neptune Avenue Brooklyn NY,Brooklyn,NY,40.5832525,-73.9555446,osm,new,2026-08-01T14:21:38.977+00:00
osm:way/248931656,Super Clean Car Wash,auto detailing,(718) 234-1606,,,,7017 Bay Parkway Brooklyn NY,Brooklyn,NY,40.6105281,-73.9842928,osm,new,2026-08-01T14:21:38.977+00:00
osm:way/248835020,Car Care Center,auto detailing,,,,,2948 86th Street Brooklyn NY,Brooklyn,NY,40.5902187,-73.9753979,osm,new,2026-08-01T14:21:38.977+00:00
osm:way/248519520,HI-Tek Car Wash,auto detailing,,,,,Coney Island Avenue Brooklyn NY,Brooklyn,NY,40.5837549,-73.9597241,osm,new,2026-08-01T14:21:38.977+00:00
osm:way/248496380,Coney Island Car Spa,auto detailing,,,,,1617 Neptune Avenue Brooklyn NY,Brooklyn,NY,40.5792136,-73.9849709,osm,new,2026-08-01T14:21:38.977+00:00
osm:way/241852627,Golden Touch Car Care Center,auto detailing,(718) 855-8400,user@domain.com,https://www.goldentouchwash.com,,296 4th Avenue Brooklyn NY,Brooklyn,NY,40.6756027,-73.9850804,osm,new,2026-08-01T14:21:38.977+00:00
osm:way/241848810,Giant Car Wash,auto detailing,,,,,Brooklyn NY,Brooklyn,NY,40.6408729,-73.9696818,osm,new,2026-08-01T14:21:38.844+00:00
osm:way/224659974,Grand Car Wash,auto detailing,,,,,Brooklyn NY,Brooklyn,NY,40.5972359,-73.9495467,osm,new,2026-08-01T14:21:38.844+00:00
osm:node/13440349592,Brooklyn Car Spa,auto detailing,(718) 975-0486,,,,Brooklyn NY,Brooklyn,NY,40.6751772,-73.8654394,osm,new,2026-08-01T14:21:38.844+00:00
osm:node/13081747003,Hand Car Wash & Detail,auto detailing,(718) 452-8888,,,,8234 18th Avenue Brooklyn NY,Brooklyn,NY,40.6089235,-74.0010126,osm,new,2026-08-01T14:21:38.843+00:00
osm:node/10252349729,White Swan Auto Spa,auto detailing,(917) 345-8666,,https://whiteswanautospa.com,,Brooklyn NY,Brooklyn,NY,40.6531079,-74.003007,osm,new,2026-08-01T14:21:38.843+00:00
osm:node/10590328164,Bay Wash,auto detailing,(929) 990-9000,,,,16 Brighton 11th Street Brooklyn NY,Brooklyn,NY,40.5820565,-73.9564024,osm,new,2026-08-01T14:21:38.843+00:00
osm:node/7259862669,BP,auto detailing,,,,,Brooklyn NY,Brooklyn,NY,40.5961213,-73.9846634,osm,new,2026-08-01T14:21:38.596+00:00
osm:node/9749960996,Millennium Car Wash,auto detailing,,,,,Brooklyn NY,Brooklyn,NY,40.6662141,-73.8711697,osm,new,2026-08-01T14:21:38.596+00:00
osm:node/9307806674,Bolla Wash,auto detailing,,,,,Brooklyn NY,Brooklyn,NY,40.5785302,-73.9860455,osm,new,2026-08-01T14:21:38.596+00:00
osm:node/8892792132,Sheetz Car Wash,auto detailing,,,,,10315 Cascade Crossing Brooklyn OH,Brooklyn,NY,41.4230277,-81.7587071,osm,new,2026-08-01T14:21:38.596+00:00
osm:node/8883209095,BP Car Wash,auto detailing,,,,,10300 Brookpark Road Brooklyn OH,Brooklyn,NY,41.4188559,-81.7571481,osm,new,2026-08-01T14:21:38.596+00:00
osm:node/5209295977,Tropical Breeze Car Wash,auto detailing,,,,,756 Utica Avenue Brooklyn NY,Brooklyn,NY,40.6546539,-73.9311862,osm,new,2026-08-01T14:21:38.595+00:00
osm:node/5682911072,RazzleDazzle BarberShop,barber,(305) 774-0074,user@domain.com,https://www.razzledazzlebarbershop.com/,,241 Miracle Mile Coral Gables FL,Coral Gables,FL,25.749702,-80.2595431,osm,new,2026-08-01T14:20:06.498+00:00
osm:node/12081906811,Golden Touch Barbershop & Salon,barber,(305) 348-0191,,,,1211 Walsh Avenue Coral Gables FL,Coral Gables,FL,25.7180614,-80.2772497,osm,new,2026-08-01T14:20:06.498+00:00
osm:node/5739499075,Nail by Jade,nail technician,,,,,16A Wilson Avenue Brooklyn NY,Brooklyn,NY,40.7032859,-73.9305042,osm,new,2026-08-01T14:19:55.052+00:00
osm:node/5683043823,Crystal Spa,nail technician,(718) 837-5888,crystalspa18@gmail.com,http://crystalspa18.blogspot.com/,,7009 18th Avenue Brooklyn NY,Brooklyn,NY,40.6159617,-73.9931643,osm,new,2026-08-01T14:19:55.052+00:00
osm:node/5731405475,New Shirly Nails,nail technician,(718) 965-3063,,,,Brooklyn NY,Brooklyn,NY,40.667005,-73.9883158,osm,new,2026-08-01T14:19:55.052+00:00
osm:node/5691689933,MZ Nail Spa,nail technician,(718) 942-4820,,,,7115 18th Avenue Brooklyn NY,Brooklyn,NY,40.615278,-73.9938731,osm,new,2026-08-01T14:19:55.052+00:00
osm:node/5842320719,ViVi Nail I,nail technician,(718) 832-2886,,,,Brooklyn NY,Brooklyn,NY,40.6677652,-73.9872731,osm,new,2026-08-01T14:19:55.052+00:00
osm:node/5838758067,Organic Nail Spa,nail technician,(718) 788-9090,,,,Brooklyn NY,Brooklyn,NY,40.6655435,-73.9829154,osm,new,2026-08-01T14:19:55.052+00:00
osm:node/5830803206,Venus B Nails,nail technician,(718) 369-1334,,,,356 7th Avenue Brooklyn NY,Brooklyn,NY,40.6661402,-73.9824179,osm,new,2026-08-01T14:19:55.052+00:00
osm:node/5813584497,ViVi Nail II,nail technician,(347) 889-6088,,,,Brooklyn NY,Brooklyn,NY,40.6683736,-73.9867689,osm,new,2026-08-01T14:19:55.052+00:00
osm:node/5805217645,Nail On 5th,nail technician,(929) 295-0143,,,,Brooklyn NY,Brooklyn,NY,40.6695391,-73.986209,osm,new,2026-08-01T14:19:55.052+00:00
osm:node/5345171121,Polish Nail Spa,nail technician,,,,,117 5th Avenue Brooklyn NY,Brooklyn,NY,40.6790968,-73.9784701,osm,new,2026-08-01T14:19:54.979+00:00
osm:node/5220904115,Nail Great,nail technician,(718) 467-2921,,,,Brooklyn NY,Brooklyn,NY,40.6798288,-73.9414523,osm,new,2026-08-01T14:19:54.979+00:00
osm:node/5320691269,Stylish Nail & Spa,nail technician,(718) 722-1111,,,,Brooklyn NY,Brooklyn,NY,40.676691,-73.9804632,osm,new,2026-08-01T14:19:54.979+00:00
osm:node/4798868501,Eve's Nail,nail technician,(718) 972-8022,,,,226 Church Avenue Brooklyn NY,Brooklyn,NY,40.643379,-73.977649,osm,new,2026-08-01T14:19:54.979+00:00
osm:node/5328220833,Park Slope Nails,nail technician,(718) 789-5552,,,,95 7th Avenue Brooklyn NY,Brooklyn,NY,40.6742426,-73.975421,osm,new,2026-08-01T14:19:54.979+00:00
osm:node/5220904101,New Pro Nails,nail technician,(718) 467-5516,,,,Brooklyn NY,Brooklyn,NY,40.6798009,-73.9409814,osm,new,2026-08-01T14:19:54.979+00:00
osm:node/2701917658,Rika Nail Salon,nail technician,(929) 999-7922,,https://www.rikanailsalon.com,,Brooklyn NY,Brooklyn,NY,40.6788729,-73.9734689,osm,new,2026-08-01T14:19:54.979+00:00
osm:node/5345171123,Mama's Beauty Nails,nail technician,(718) 398-8440,,,,113 5th Avenue Brooklyn NY,Brooklyn,NY,40.6791867,-73.9784094,osm,new,2026-08-01T14:19:54.979+00:00
osm:node/5423468584,Mei Hui Spa,nail technician,,,,,936 Madison Street Brooklyn NY,Brooklyn,NY,40.6881014,-73.9200449,osm,new,2026-08-01T14:19:54.979+00:00
osm:node/5537012526,Feng Nail Spa,nail technician,,,,,3102 Avenue U Brooklyn NY,Brooklyn,NY,40.6013385,-73.9349423,osm,new,2026-08-01T14:19:54.979+00:00
osm:node/5562952081,Q Spa Nail,nail technician,(718) 398-3088,,,,Brooklyn NY,Brooklyn,NY,40.6798713,-73.977947,osm,new,2026-08-01T14:19:54.979+00:00
osm:node/5656966143,Silver Nail,nail technician,(718) 232-3743,,,,6913 18th Avenue Brooklyn NY,Brooklyn,NY,40.6164075,-73.992734,osm,new,2026-08-01T14:19:54.979+00:00
osm:node/5673620487,Nails Mantra,nail technician,,,,,Brooklyn NY,Brooklyn,NY,40.6700732,-73.9787372,osm,new,2026-08-01T14:19:54.979+00:00
osm:node/2944118832,Youcheer Nails,nail technician,(718) 363-7828,,,,897A Nostrand Avenue Brooklyn NY,Brooklyn,NY,40.6659638,-73.9507142,osm,new,2026-08-01T14:19:54.979+00:00
osm:node/3953944768,Rarity Nails,nail technician,(718) 858-8887,,,,Brooklyn NY,Brooklyn,NY,40.6773353,-73.9859504,osm,new,2026-08-01T14:19:54.979+00:00
osm:node/4252963289,The Nailery,nail technician,(347) 868-7299,,,,92 7th Avenue Brooklyn NY,Brooklyn,NY,40.6747051,-73.9754524,osm,new,2026-08-01T14:19:54.979+00:00
osm:node/5221020080,Golden Nails,nail technician,(718) 857-6215,,,,Brooklyn NY,Brooklyn,NY,40.6802162,-73.9438856,osm,new,2026-08-01T14:19:54.979+00:00
osm:node/2572981548,pH7 Nails & Sugaring,nail technician,(917) 909-1677,,https://www.ph7nailcouture.com,,104 South Oxford Street Brooklyn NY,Brooklyn,NY,40.6864525,-73.9736291,osm,new,2026-08-01T14:19:54.969+00:00
osm:node/2568849034,Seven Color Nail & Spa,nail technician,(718) 783-7466,,,,324 Flatbush Avenue Brooklyn NY,Brooklyn,NY,40.6769721,-73.9725444,osm,new,2026-08-01T14:19:54.959+00:00
osm:node/2568867303,Jun Nail Salon,nail technician,(718) 735-0787,,,,796B Franklin Avenue Brooklyn NY,Brooklyn,NY,40.67124,-73.9579115,osm,new,2026-08-01T14:19:54.959+00:00
osm:node/2572920413,Fabulous Brows n Nails,nail technician,(347) 689-2424,,,,713 Fulton Street Brooklyn NY,Brooklyn,NY,40.6874439,-73.9769288,osm,new,2026-08-01T14:19:54.959+00:00
osm:node/2568345286,The Nail Story,nail technician,(718) 643-2580,,,,194 Duffield Street Brooklyn NY,Brooklyn,NY,40.6923506,-73.9844501,osm,new,2026-08-01T14:19:54.958+00:00
osm:node/2568710159,Dolphin Spa,nail technician,(718) 369-8855,,,,1104 8th Avenue Brooklyn NY,Brooklyn,NY,40.6644323,-73.9805033,osm,new,2026-08-01T14:19:54.958+00:00
osm:node/2568194158,Honey Nail Salon,nail technician,(718) 857-0030,,https://www.honeynails.com/locations.php?id=4,,490 Myrtle Avenue Brooklyn NY,Brooklyn,NY,40.6933022,-73.9654817,osm,new,2026-08-01T14:19:54.958+00:00
osm:node/2568666344,Nailtistyari,nail technician,(929) 238-2566,,,@nailtistyari,Brooklyn NY,Brooklyn,NY,40.7045053,-73.9242562,osm,new,2026-08-01T14:19:54.958+00:00
osm:node/2561979814,Nail Plus,nail technician,,,,,325 Church Avenue Brooklyn NY,Brooklyn,NY,40.6439853,-73.9769547,osm,new,2026-08-01T14:19:54.834+00:00
osm:node/2566670872,Sandy 1st Nails Spa,nail technician,(347) 782-4946,,,,2015 Church Avenue Brooklyn NY,Brooklyn,NY,40.6502681,-73.9604143,osm,new,2026-08-01T14:19:54.834+00:00
osm:node/2566670868,21 St. Nails,nail technician,(718) 856-2318,,,,2019 Church Avenue Brooklyn NY,Brooklyn,NY,40.650287,-73.9602658,osm,new,2026-08-01T14:19:54.834+00:00
osm:node/2566664979,Parkside Nail,nail technician,(718) 287-0282,,,,214 Parkside Avenue Brooklyn NY,Brooklyn,NY,40.6551696,-73.960722,osm,new,2026-08-01T14:19:54.834+00:00
osm:node/2566664959,Lucky Park Nails,nail technician,(718) 469-8173,,,,180A Parkside Avenue Brooklyn NY,Brooklyn,NY,40.6548409,-73.9615539,osm,new,2026-08-01T14:19:54.834+00:00
osm:node/2566640808,Anna Nail Salon,nail technician,(718) 282-2228,,,,551 Flatbush Avenue Brooklyn NY,Brooklyn,NY,40.6604808,-73.9604751,osm,new,2026-08-01T14:19:54.834+00:00
osm:node/2566613917,Exclusive Nail Studio,nail technician,,,,,1134 Nostrand Avenue Brooklyn NY,Brooklyn,NY,40.6599044,-73.9507469,osm,new,2026-08-01T14:19:54.834+00:00
osm:node/2563488959,Wendy Nail Salon,nail technician,(646) 693-2867,,,,1288 Flatbush Avenue Brooklyn NY,Brooklyn,NY,40.6386217,-73.9541269,osm,new,2026-08-01T14:19:54.834+00:00
osm:node/2563312075,Fabulous Nails Spa,nail technician,(718) 252-7907,,,,1781 Ocean Avenue Brooklyn NY,Brooklyn,NY,40.6184373,-73.9548089,osm,new,2026-08-01T14:19:54.834+00:00
osm:node/2562969422,Blooming Nails,nail technician,,,,,1690 East 16th Street Brooklyn NY,Brooklyn,NY,40.608497,-73.9574132,osm,new,2026-08-01T14:19:54.834+00:00
osm:node/2562129130,Briss Nails Spa,nail technician,(929) 538-5579,,,,203 13th Street Brooklyn NY,Brooklyn,NY,40.6682012,-73.9910422,osm,new,2026-08-01T14:19:54.834+00:00
osm:node/2561983216,Lin Hollywood Nail & Spa,nail technician,(718) 438-8866,,,,414 Church Avenue Brooklyn NY,Brooklyn,NY,40.644076,-73.9760663,osm,new,2026-08-01T14:19:54.834+00:00
osm:node/2561983214,Amazing Grace CC Nail Spa,nail technician,(718) 633-6865,,,,408 Church Avenue Brooklyn NY,Brooklyn,NY,40.6439735,-73.9762999,osm,new,2026-08-01T14:19:54.834+00:00
osm:node/2561655229,Summer Nail,nail technician,(718) 680-6060,,,,5713 5th Avenue Brooklyn NY,Brooklyn,NY,40.6408146,-74.0145732,osm,new,2026-08-01T14:19:54.834+00:00
osm:node/2561552351,Angel Nail,nail technician,(646) 457-6670,,,,Brooklyn NY,Brooklyn,NY,40.6451128,-74.0101051,osm,new,2026-08-01T14:19:54.834+00:00
osm:node/2561233984,Tan Nails,nail technician,,,,,6808 8th Avenue Brooklyn NY,Brooklyn,NY,40.6308349,-74.0146125,osm,new,2026-08-01T14:19:54.834+00:00
osm:node/2553613122,J & K King's Nail Beauty Salon,nail technician,(718) 645-2384,,,,1690 East 15th Street Brooklyn NY,Brooklyn,NY,40.6082566,-73.9583086,osm,new,2026-08-01T14:19:54.834+00:00
osm:node/2553192599,Rice 1 Nails,nail technician,(718) 680-6086,,,,7301 5th Avenue Brooklyn NY,Brooklyn,NY,40.630813,-74.0219274,osm,new,2026-08-01T14:19:54.834+00:00
osm:node/2552775388,Moko Nail Spa,nail technician,(347) 560-6265,,https://moko-nail-spa.business.site,,255 Bay Ridge Avenue Brooklyn NY,Brooklyn,NY,40.6361152,-74.0269314,osm,new,2026-08-01T14:19:54.834+00:00
osm:node/2552623786,Nails by Eva,nail technician,(718) 833-3312,,,,8016 3rd Avenue Brooklyn NY,Brooklyn,NY,40.6274338,-74.0296084,osm,new,2026-08-01T14:19:54.625+00:00
osm:node/2550005815,Best Rainbow Nails,nail technician,(718) 237-4333,,,,153 Lawrence Street Brooklyn NY,Brooklyn,NY,40.691314,-73.9861721,osm,new,2026-08-01T14:19:54.625+00:00
osm:node/2549908156,High Profile Nails,nail technician,,,https://linktr.ee/hpnailsnyc,,9 Clarkson Avenue Brooklyn NY,Brooklyn,NY,40.6549651,-73.9592732,osm,new,2026-08-01T14:19:54.625+00:00
osm:node/2550142922,Modern Nails,nail technician,(917) 966-4899,,,,Brooklyn NY,Brooklyn,NY,40.6802022,-73.9436278,osm,new,2026-08-01T14:19:54.625+00:00
osm:node/2550147625,New Orchid Nails,nail technician,(718) 363-1628,,,,622 Nostrand Avenue Brooklyn NY,Brooklyn,NY,40.6772251,-73.9499525,osm,new,2026-08-01T14:19:54.625+00:00
osm:node/2550150592,J & J Angel Nail,nail technician,(718) 622-2698,,,,Brooklyn NY,Brooklyn,NY,40.6812756,-73.9570563,osm,new,2026-08-01T14:19:54.625+00:00
osm:node/2550153216,Blossom Nail & Spa,nail technician,(718) 789-1284,,,,920 Fulton Street Brooklyn NY,Brooklyn,NY,40.6827811,-73.9641909,osm,new,2026-08-01T14:19:54.625+00:00
osm:node/2552509937,Nail & Mee,nail technician,(718) 921-1388,,,,9801 4th Avenue Brooklyn NY,Brooklyn,NY,40.6138044,-74.0325601,osm,new,2026-08-01T14:19:54.625+00:00
osm:node/2552606275,Shimmer Nail Spa,nail technician,(347) 517-4347,,,,8519 3rd Avenue Brooklyn NY,Brooklyn,NY,40.6237887,-74.0307581,osm,new,2026-08-01T14:19:54.625+00:00
osm:node/2552616417,Le Charme Nail Spa,nail technician,(718) 864-0888,,,,Brooklyn NY,Brooklyn,NY,40.6253699,-74.0304956,osm,new,2026-08-01T14:19:54.625+00:00
osm:node/2552692836,Magical Nail & Spa,nail technician,(718) 567-0794,,,,Brooklyn NY,Brooklyn,NY,40.6309896,-74.0281474,osm,new,2026-08-01T14:19:54.625+00:00
osm:node/2550005944,Mimi Nails & Spa,nail technician,(718) 858-7308,,,,9A Bond Street Brooklyn NY,Brooklyn,NY,40.6892882,-73.9830924,osm,new,2026-08-01T14:19:54.625+00:00
osm:node/2552721961,Shine Crystal Nails,nail technician,(347) 497-5807,,,,Brooklyn NY,Brooklyn,NY,40.6332965,-74.0272166,osm,new,2026-08-01T14:19:54.625+00:00
osm:node/2550064345,Nail Project,nail technician,(347) 294-0180,,,,68 Nevins Street Brooklyn NY,Brooklyn,NY,40.6866505,-73.9824084,osm,new,2026-08-01T14:19:54.625+00:00
osm:node/2550089899,Soon's Nail & Spa,nail technician,(718) 832-5570,,,,Brooklyn NY,Brooklyn,NY,40.6593187,-73.9814667,osm,new,2026-08-01T14:19:54.625+00:00
osm:node/2494088707,Sunny Nail & Salon,nail technician,,,,,758B Nostrand Avenue Brooklyn NY,Brooklyn,NY,40.6727994,-73.950384,osm,new,2026-08-01T14:19:54.599+00:00
osm:node/2494275642,Marigold Beauty Space,nail technician,,,,,96 Henry Street Brooklyn NY,Brooklyn,NY,40.6978311,-73.9930085,osm,new,2026-08-01T14:19:54.599+00:00
osm:node/2494101098,GE DUN Beauty & Nail Salon,nail technician,,,,,260 Kings Highway Brooklyn NY,Brooklyn,NY,40.6051353,-73.9809332,osm,new,2026-08-01T14:19:54.599+00:00
osm:node/2547745227,Shekina Nail Salon,nail technician,,,,,Brooklyn NY,Brooklyn,NY,40.6593592,-73.9988604,osm,new,2026-08-01T14:19:54.599+00:00
osm:node/13708393802,photodom. NYC,photographer,(347) 365-5660,,https://www.photodom.nyc/,,1717 Broadway Brooklyn NY,Brooklyn,NY,40.6834562,-73.9111686,osm,new,2026-08-01T14:19:26.004+00:00
osm:node/13109267500,FD Photo Studio,photographer,,,https://www.fdphotostudio.com/,,1003 Metropolitan Avenue Brooklyn NY,Brooklyn,NY,40.7146146,-73.93579,osm,new,2026-08-01T14:19:25.921+00:00
osm:node/13039557876,Photo Life,photographer,(718) 604-0990,,,photolifebrooklyn,992 Nostrand Avenue Brooklyn NY,Brooklyn,NY,40.6643353,-73.9512,osm,new,2026-08-01T14:19:25.868+00:00
osm:node/12889225103,Vandervoort Studio,photographer,(718) 722-1005,info@vandervoortstudio.com,https://www.vandervoortstudio.com,,309 Vandervoort Avenue Brooklyn NY,Brooklyn,NY,40.7159651,-73.9345929,osm,new,2026-08-01T14:19:25.868+00:00
osm:node/12512813408,Life Photo,photographer,(718) 743-2069,,,,508A Brighton Beach Avenue Brooklyn NY,Brooklyn,NY,40.5773252,-73.9619724,osm,new,2026-08-01T14:19:25.651+00:00
osm:node/10315606398,1 Hour Photo,photographer,,,,,585A Flatbush Avenue Brooklyn NY,Brooklyn,NY,40.6592325,-73.9603666,osm,new,2026-08-01T14:19:25.12+00:00
osm:node/8400580170,Picture People,photographer,,,,,Brooklyn NY,Brooklyn,NY,40.6593008,-74.0042685,osm,new,2026-08-01T14:19:24.634+00:00
osm:node/6742881830,Smashbox Photo Studio,photographer,,,,,76 Calyer Street Brooklyn NY,Brooklyn,NY,40.7268546,-73.9580901,osm,new,2026-08-01T14:19:24.634+00:00
osm:node/5625550988,Be Electric Studio 1,photographer,,,,,1304 Willoughby Avenue Brooklyn NY,Brooklyn,NY,40.7052581,-73.9216144,osm,new,2026-08-01T14:19:23.465+00:00
osm:node/2552883648,Young Love NYC,photographer,,,,,479 83rd Street Brooklyn NY,Brooklyn,NY,40.6238894,-74.0253398,osm,new,2026-08-01T14:19:22.877+00:00
osm:way/1382853664,Chelsea Garden Center,landscaping,(718) 384-7600,info@chelseagardencenter.com,https://chelseagardencenter.com,,87 Havemeyer Street Brooklyn NY,Brooklyn,NY,40.7136704,-73.9559124,osm,new,2026-08-01T14:18:32.076+00:00
osm:way/1289545224,Terrain,landscaping,(929) 526-4012,,https://www.shopterrain.com/brooklynbotanic,,990 Washington Avenue Brooklyn NY,Brooklyn,NY,40.6694718,-73.962469,osm,new,2026-08-01T14:18:31.718+00:00
osm:way/682489308,Gardel's Greene Garden,landscaping,(718) 222-5727,,,,97 South Portland Avenue Brooklyn NY,Brooklyn,NY,40.6866231,-73.974282,osm,new,2026-08-01T14:18:31.468+00:00
osm:way/945686996,Hart's Greenhouse & Garden Center,landscaping,,,,,151 Providence Road Brooklyn CT,Brooklyn,NY,41.7939159,-71.9387639,osm,new,2026-08-01T14:18:31.468+00:00
osm:way/1254319843,Home Depot,landscaping,,,,,Brooklyn NY,Brooklyn,NY,40.5808057,-73.9889908,osm,new,2026-08-01T14:18:31.468+00:00
osm:way/248165760,GRDN,landscaping,(718) 797-3628,,https://grdnbklyn.com/,,103 Hoyt Street Brooklyn NY,Brooklyn,NY,40.6872781,-73.9871336,osm,new,2026-08-01T14:18:31.468+00:00
osm:node/13913035701,Natty Garden,landscaping,,,,,Brooklyn NY,Brooklyn,NY,40.6840228,-73.9380993,osm,new,2026-08-01T14:18:31.139+00:00
osm:way/241826707,J & L Landscaping,landscaping,(718) 438-3199,,,,702 Caton Avenue Brooklyn NY,Brooklyn,NY,40.6473194,-73.9732515,osm,new,2026-08-01T14:18:31.139+00:00
osm:node/11008684069,Indoor Outdoor Gardener,landscaping,(718) 836-2402,,https://www.hydroponicsnewyorkcity.com,,Brooklyn NY,Brooklyn,NY,40.623675,-74.0248459,osm,new,2026-08-01T14:18:31.139+00:00
osm:node/9749377432,SYLA,landscaping,,user@domain.com,https://www.stevenyavanian.com,,Brooklyn NY,Brooklyn,NY,40.6903466,-73.9955281,osm,new,2026-08-01T14:18:31.047+00:00
osm:node/10983030179,Seasons,landscaping,,,,,358 Stuyvesant Avenue Brooklyn NY,Brooklyn,NY,40.6824499,-73.9322153,osm,new,2026-08-01T14:18:31.047+00:00
osm:node/9330118820,Always Blooming Hydroponics,landscaping,,,,@newyorkhydroponics,Brooklyn NY,Brooklyn,NY,40.6790945,-73.9869265,osm,new,2026-08-01T14:18:30.881+00:00
osm:node/8573063431,Stolen Magnolia,landscaping,(347) 210-9403,stolen.magnolias@gmail.com,https://www.stolenmagnolias.com,,818 Wyckoff Avenue Ridgewood NY,Ridgewood,NY,40.6978258,-73.9082968,osm,new,2026-08-01T14:18:30.881+00:00
osm:node/8857918783,Grape Vine Nursery,landscaping,,,,,Brooklyn NY,Brooklyn,NY,40.6523286,-73.9809946,osm,new,2026-08-01T14:18:30.881+00:00
osm:node/9224567153,Botanica Santa Barbra Y La Caridad,landscaping,,,,,Brooklyn NY,Brooklyn,NY,40.7037584,-73.9416784,osm,new,2026-08-01T14:18:30.881+00:00
osm:node/8473927780,Geometry Gardens,landscaping,(347) 799-1510,,,,44 Grand Street Brooklyn NY,Brooklyn,NY,40.7159404,-73.9656199,osm,new,2026-08-01T14:18:30.664+00:00
osm:node/6874194977,The Organic Gardener,landscaping,(917) 383-0818,user@domain.com,https://www.organicgardenernyc.com,,Brooklyn NY,Brooklyn,NY,40.6603019,-73.9959804,osm,new,2026-08-01T14:18:30.664+00:00
osm:node/6484224570,Edible Petals,landscaping,,user@domain.com,https://www.edible-petals.com,,Brooklyn NY,Brooklyn,NY,40.679042,-74.0107071,osm,new,2026-08-01T14:18:30.402+00:00
osm:node/5782842275,Botanica Garden Center,landscaping,,,,,Brooklyn NY,Brooklyn,NY,40.6849677,-73.9793456,osm,new,2026-08-01T14:18:30.178+00:00
osm:node/3681294551,Brooklyn Horticulture,landscaping,(347) 557-5587,user@domain.com,https://brooklynhorticulture.com,,Brooklyn NY,Brooklyn,NY,40.668573,-73.9932458,osm,new,2026-08-01T14:18:30.178+00:00
osm:node/5741659925,La Finca Garden,landscaping,,,,,1036 Flushing Avenue Brooklyn NY,Brooklyn,NY,40.7042095,-73.9296336,osm,new,2026-08-01T14:18:30.178+00:00
osm:node/2827518435,Urban Aborists,landscaping,(718) 522-0612,connie@urbanarb.com,https://www.urbanarb.com,,Brooklyn NY,Brooklyn,NY,40.6822974,-74.0068671,osm,new,2026-08-01T14:18:30.062+00:00
osm:node/2523787368,The Sill,landscaping,,,https://thesill.com,,195 Pacific Street Brooklyn NY,Brooklyn,NY,40.6892191,-73.9930269,osm,new,2026-08-01T14:18:29.924+00:00
osm:node/1378081014,Chelsea Garden Center Red Hook,landscaping,(718) 875-2100,info@chelseagardencenter.com,https://www.chelseagardencenter.com/,,444 Van Brunt Street Brooklyn NY,Brooklyn,NY,40.675089,-74.0159065,osm,new,2026-08-01T14:18:29.699+00:00
osm:node/2561694354,Barber Shop 56,barber,,,,,5522 4th Avenue Brooklyn NY,Brooklyn,NY,40.6433395,-74.0161347,osm,new,2026-08-01T14:10:39.661+00:00
osm:node/2553192544,Barber Shop,barber,,,,,512 72nd Street Brooklyn NY,Brooklyn,NY,40.6314162,-74.0213679,osm,new,2026-08-01T14:10:39.661+00:00
osm:node/2561603884,United Barbershop,barber,,,,,5623 4th Avenue Brooklyn NY,Brooklyn,NY,40.6425189,-74.0163622,osm,new,2026-08-01T14:10:39.661+00:00
osm:node/2555640542,X-Stop Barber Shop,barber,,,,,243 Avenue X Brooklyn NY,Brooklyn,NY,40.5902785,-73.9737614,osm,new,2026-08-01T14:10:39.661+00:00
osm:node/2552914818,Moon Barber Shop,barber,,,,,209 Neptune Avenue Brooklyn NY,Brooklyn,NY,40.5818009,-73.9613033,osm,new,2026-08-01T14:10:37.695+00:00
osm:node/2552720422,Orange Barbershop,barber,,,,,274 72nd Street Brooklyn NY,Brooklyn,NY,40.6335302,-74.0274359,osm,new,2026-08-01T14:10:37.695+00:00
osm:node/2552509941,Cousin's Barber Shop,barber,,,,,9805 4th Avenue Brooklyn NY,Brooklyn,NY,40.6137284,-74.0326238,osm,new,2026-08-01T14:10:37.496+00:00
osm:node/2550140532,Platinum Cuts,barber,,,,,508A Nostrand Avenue Brooklyn NY,Brooklyn,NY,40.6814088,-73.9499666,osm,new,2026-08-01T14:10:37.496+00:00
osm:node/1672886074,You Barber Shop,barber,,,,,Brooklyn NY,Brooklyn,NY,40.672051,-73.9306664,osm,new,2026-08-01T14:10:36.979+00:00
osm:node/2015855357,David's Barber Shop,barber,,,,,Brooklyn NY,Brooklyn,NY,40.6872552,-73.9937127,osm,new,2026-08-01T14:10:36.979+00:00
osm:node/2494078794,Reymond Barbershop,barber,,,,,1914 Church Avenue Brooklyn NY,Brooklyn,NY,40.6498175,-73.9616606,osm,new,2026-08-01T14:10:36.979+00:00
osm:node/2494210997,Juniors Barber Shop,barber,,,,,1617 Cortelyou Road Brooklyn NY,Brooklyn,NY,40.6419822,-73.9630587,osm,new,2026-08-01T14:10:36.979+00:00
osm:way/249606303,Manning Electric,electrician,(718) 832-2488,,http://www.manning-electric.com,,154 27th Street Brooklyn NY,Brooklyn,NY,40.6600643,-74.000825,osm,new,2026-08-01T14:09:34.761+00:00
osm:way/249591590,Horsepower,electrician,(718) 437-6937,,https://www.horsepowernyc.com/,,4101 1st Avenue Brooklyn NY,Brooklyn,NY,40.6550969,-74.0138141,osm,new,2026-08-01T14:09:34.192+00:00
osm:way/249586810,Dal Electrical Corp.,electrician,,,,,218 52nd Street Brooklyn NY,Brooklyn,NY,40.6475185,-74.0178049,osm,new,2026-08-01T14:09:33.956+00:00
osm:way/248171210,Switch Electric,electrician,(718) 499-7300,,http://switchelectricnyc.com,,113 14th Street Brooklyn NY,Brooklyn,NY,40.6688925,-73.9939077,osm,new,2026-08-01T14:09:33.956+00:00
osm:node/11776251813,Reno Electrical,electrician,(718) 836-8955,,,,305 90th Street Brooklyn NY,Brooklyn,NY,40.6209839,-74.0317356,osm,new,2026-08-01T14:09:33.827+00:00
osm:node/13327290165,Murphy Family Electric,electrician,,,,,4629 Southeast 17th Avenue Portland OR,Portland,NY,45.4889764,-122.6494058,osm,new,2026-08-01T14:09:33.827+00:00
osm:node/11288747757,C T Electric,electrician,,,,,Brooklyn NY,Brooklyn,NY,40.6742526,-73.9982749,osm,new,2026-08-01T14:09:33.827+00:00
osm:node/9788926257,Antonio Ceriello Electric,electrician,(718) 797-3757,,https://www.antoniocerielloelectric.com,,Brooklyn NY,Brooklyn,NY,40.68363,-74.0053794,osm,new,2026-08-01T14:09:33.827+00:00
osm:node/10771646589,Proton Electric,electrician,(718) 259-6462,,,,Brooklyn NY,Brooklyn,NY,40.6338843,-74.0203496,osm,new,2026-08-01T14:09:33.827+00:00
osm:node/9783621649,Midland Electric,electrician,(718) 877-7034,,,,273 44th Street Brooklyn NY,Brooklyn,NY,40.6514233,-74.0114921,osm,new,2026-08-01T14:09:32.72+00:00
osm:node/9519228764,Pacific Electric,electrician,(718) 789-3562,,,,Brooklyn NY,Brooklyn,NY,40.6800044,-73.9625794,osm,new,2026-08-01T14:09:32.72+00:00
osm:node/9738560320,High Speed Electric,electrician,,,,,25 Story Street Brooklyn NY,Brooklyn,NY,40.6424198,-73.9813277,osm,new,2026-08-01T14:09:32.72+00:00
osm:node/8322376653,Inner City Electrical Contractors,electrician,,,,,Brooklyn NY,Brooklyn,NY,40.6629738,-73.9963614,osm,new,2026-08-01T14:09:32.719+00:00
osm:node/8303699009,GKF Electric,electrician,(718) 369-3500,,https://gkfelectric.com,,113A 13th Street Brooklyn NY,Brooklyn,NY,40.6698014,-73.9942981,osm,new,2026-08-01T14:09:32.719+00:00
osm:node/6397146391,Slope Electric Inc.,electrician,(718) 499-5069,,,,Brooklyn NY,Brooklyn,NY,40.6710426,-73.9906215,osm,new,2026-08-01T14:09:32.413+00:00
osm:node/5504165624,E. Electrical Contracting,electrician,(631) 266-1211,,https://www.eelectricalcontracting.com/,,2965 Ocean Parkway Brooklyn NY,Brooklyn,NY,40.5788197,-73.967447,osm,new,2026-08-01T14:09:32.413+00:00
osm:node/3362422973,Brooklyn & Queens Electric Co,electrician,(718) 383-0256,,,,Brooklyn NY,Brooklyn,NY,40.7228776,-73.9504351,osm,new,2026-08-01T14:09:32.266+00:00
osm:node/2566737246,James Lewis Electrical,electrician,(347) 365-3166,,https://www.jameslewiselectrical.com/,,995 Rutland Road;Rutland Rd Brooklyn NY,Brooklyn,NY,40.6626419,-73.9266848,osm,new,2026-08-01T14:09:32.266+00:00
osm:node/1827182560,Vere Electric,electrician,(718) 783-2930,,,,726 Sterling Place Brooklyn NY,Brooklyn,NY,40.6726887,-73.9547313,osm,new,2026-08-01T14:09:31.439+00:00
osm:node/2494148869,Culver Electric,electrician,(347) 799-1001,,,,380 Court Street Brooklyn NY,Brooklyn,NY,40.6813466,-73.9965706,osm,new,2026-08-01T14:09:31.439+00:00
osm:node/2562001641,Electrical & Contractors,electrician,(917) 909-1048,,,,Brooklyn NY,Brooklyn,NY,40.6520808,-73.9761871,osm,new,2026-08-01T14:09:31.439+00:00
osm:node/2562039188,A#1 Universal Electrical,electrician,(718) 768-0360,,,,Brooklyn NY,Brooklyn,NY,40.6594409,-73.9848591,osm,new,2026-08-01T14:09:31.439+00:00
osm:node/2862122921,A Rich Auto Works,window tinting,,,,,97-02 100th Street New York NY,New York,NY,40.686954,-73.8428199,osm,new,2026-08-01T14:01:47.156+00:00
osm:node/2844564788,DMJ Auto Truck Repair,window tinting,,,,,69-33 51st Avenue Woodside NY,Woodside,NY,40.7355746,-73.8947086,osm,new,2026-08-01T14:01:46.967+00:00
osm:node/2713490433,Frontline Automotive,window tinting,,,,,568D Grand Avenue New York NY,New York,NY,40.6785716,-73.9622528,osm,new,2026-08-01T14:01:46.95+00:00
osm:node/2564574912,Kings Plaze Auto Repair,window tinting,,,,,New York NY,New York,NY,40.6148688,-73.9277694,osm,new,2026-08-01T14:01:46.867+00:00
osm:node/2428672528,S&S Automotive Center,window tinting,,,,,325 South Oyster Bay Road New York NY,New York,NY,40.7870763,-73.5030628,osm,new,2026-08-01T14:01:45.906+00:00
osm:node/2356261423,G and R Auto,window tinting,,,,,New York NY,New York,NY,42.6238729,-73.8352303,osm,new,2026-08-01T14:01:45.906+00:00
osm:node/2439939008,Phoenix Auto of Ithaca,window tinting,,,,,119 Auburn Road Lansing NY,Lansing,NY,42.5385255,-76.4946119,osm,new,2026-08-01T14:01:45.906+00:00
osm:node/1565656122,STS Tire & Auto Center,window tinting,,,,,525 Middle Country Road Selden NY,Selden,NY,40.8672003,-73.0333005,osm,new,2026-08-01T14:01:45.815+00:00
osm:node/1942321053,Bullocks Auto Repair,window tinting,,,,,New York NY,New York,NY,40.5789712,-73.8499771,osm,new,2026-08-01T14:01:45.815+00:00
osm:node/2109385711,Big Mike's Auto Service,window tinting,,,,,New York NY,New York,NY,43.059371,-76.1996,osm,new,2026-08-01T14:01:45.815+00:00
osm:node/2123268780,Warner's Auto Body,window tinting,,,,,2650 Pleasant Valley Road Marcellus NY,Marcellus,NY,42.9791493,-76.3257777,osm,new,2026-08-01T14:01:45.815+00:00
osm:node/2331992201,Bruce's Automotive,window tinting,,,,,New York NY,New York,NY,42.7682478,-78.6154605,osm,new,2026-08-01T14:01:45.815+00:00
osm:node/411658687,Auto Skills Center,window tinting,,,,,New York NY,New York,NY,44.0590904,-75.8033603,osm,new,2026-08-01T14:01:45.815+00:00
osm:node/712636560,Danco Auto Repair,window tinting,,,,,New York NY,New York,NY,42.6192485,-73.705445,osm,new,2026-08-01T14:01:45.815+00:00
osm:node/712659158,Barry's Auto Repair,window tinting,,,,,New York NY,New York,NY,42.4881591,-73.8195294,osm,new,2026-08-01T14:01:45.815+00:00
osm:node/1342833518,Dream Autos Service Center,window tinting,,,,,New York NY,New York,NY,42.7897134,-73.9382155,osm,new,2026-08-01T14:01:45.815+00:00
osm:node/1342833523,Jay's Certified Auto Repair,window tinting,,,,,New York NY,New York,NY,42.7859207,-73.9322545,osm,new,2026-08-01T14:01:45.815+00:00
osm:node/1545376167,Trev's Automotive,window tinting,,,,,New York NY,New York,NY,42.9037962,-73.7828643,osm,new,2026-08-01T14:01:45.815+00:00
osm:node/175197972,Dan's Auto Repair,window tinting,,,,,New York NY,New York,NY,42.7675682,-78.6118118,osm,new,2026-08-01T14:01:45.815+00:00
osm:node/6439805054,Party City,event planner,,,,,Miami FL,Miami,FL,25.7813544,-80.2584924,osm,new,2026-08-01T14:01:25.471+00:00
osm:node/6076431342,Oriental Decor,interior designer,(305) 338-7230,orientaldecorusa@aol.com,https://orientaldecor.net/,,7226 Biscayne Boulevard Miami FL,Miami,FL,25.8416461,-80.1846244,osm,new,2026-08-01T14:01:18.876+00:00
osm:node/4270019167,Illimit,interior designer,(786) 558-7176,,http://www.illim.it/,,2699 Northwest 2nd Avenue Miami FL,Miami,FL,25.8020328,-80.199027,osm,new,2026-08-01T14:01:14.939+00:00
osm:node/4114887298,Britto Charette,interior designer,(305) 640-5005,contact@brittocharette.com,https://www.brittocharette.com/,,310 Northwest 26th Street Miami FL,Miami,FL,25.8013196,-80.201448,osm,new,2026-08-01T14:01:14.829+00:00
osm:node/10094945776,Abracadabra,event planner,,,,,19 West 21st Street New York NY,New York,NY,40.7409492,-73.9918161,osm,new,2026-08-01T14:01:14.108+00:00
osm:node/2331878307,Spirit Halloween,event planner,,,,,Manhattan NY,Manhattan,NY,39.1785322,-96.5589531,osm,new,2026-08-01T14:01:10.851+00:00
osm:node/5314268568,Party City,event planner,,,,,301 West 125th Street Manhattan NY,Manhattan,NY,40.8104514,-73.9513044,osm,new,2026-08-01T14:01:10.851+00:00
osm:way/983903220,Glenford Pilates Station,pilates instructor,,,https://www.woodstockinfusions.com/pilates,,2440 State Route 28 Glenford NY,Glenford,NY,41.9948518,-74.1566354,osm,new,2026-08-01T14:01:10.684+00:00
osm:way/904436299,Club Pilates,pilates instructor,(718) 701-2277,,https://www.clubpilates.com/location/statenisland,,2655 Richmond Avenue Staten Island NY,Staten Island,NY,40.5827656,-74.1674145,osm,new,2026-08-01T14:01:10.149+00:00
osm:way/769700915,Peachy Pilates,pilates instructor,,,,,437 Port Washington Boulevard Port Washington NY,Port Washington,NY,40.8227191,-73.6813409,osm,new,2026-08-01T14:01:09.603+00:00
osm:way/250435014,Annex Pilates,pilates instructor,(929) 606-8933,user@domain.com,https://www.annexpilates.com,,463 4th Street New York NY,New York,NY,40.6698242,-73.9785965,osm,new,2026-08-01T14:01:09.603+00:00
osm:node/13644337012,JETSET Pilates,pilates instructor,,boerumhill@jetsetpilates.com,https://jetsetpilates.com/ny/boerum-hill/,,476 Atlantic Avenue Brooklyn NY,Brooklyn,NY,40.6858365,-73.9824598,osm,new,2026-08-01T14:01:07.132+00:00
osm:node/12826457559,Tuxedo Park Pilates,pilates instructor,(845) 390-0965,,https://www.tuxedoparkpilates.com,,233 Route 17 Tuxedo Park NY,Tuxedo Park,NY,41.1938738,-74.1850793,osm,new,2026-08-01T14:01:05.739+00:00
osm:node/12706384810,Terrace Pilates,pilates instructor,,terracepilates@icloud.com,https://www.terracepilates.com,,496 16th Street New York NY,New York,NY,40.6593101,-73.9783485,osm,new,2026-08-01T14:01:05.682+00:00
osm:node/12385656276,Precision Sculpt Pilates,pilates instructor,,,,,New York NY,New York,NY,40.5950682,-74.0867347,osm,new,2026-08-01T14:01:05.29+00:00
osm:node/12066970150,Smart Moves Pilates,pilates instructor,(917) 862-5227,,https://smartmoves-pilates.net/,,New York NY,New York,NY,40.9395989,-73.8337553,osm,new,2026-08-01T14:01:05.29+00:00
osm:node/12367116592,Club Pilates,pilates instructor,,,,,179-26 Union Turnpike Fresh Meadows NY,Fresh Meadows,NY,40.7267531,-73.7881726,osm,new,2026-08-01T14:01:05.29+00:00
osm:node/11975933899,East River Pilates,pilates instructor,,,,https://www.instagram.com/eastriverpilates,128 Norman Avenue New York NY,New York,NY,40.7260305,-73.9495221,osm,new,2026-08-01T14:01:04.265+00:00
osm:node/11040468174,Pilates Staten Island,pilates instructor,,,,,New York NY,New York,NY,40.6133599,-74.0653586,osm,new,2026-08-01T14:01:04.03+00:00
osm:node/11123552259,Club Pilates,pilates instructor,,,,,485 Kings Highway Brooklyn NY,Brooklyn,NY,40.6043606,-73.9716106,osm,new,2026-08-01T14:01:04.03+00:00
osm:node/10702274686,Craft Pilates,pilates instructor,(929) 590-9778,hello@craftpilates.com,https://craftpilates.com,,New York NY,New York,NY,40.6660867,-73.9824563,osm,new,2026-08-01T14:01:02.948+00:00
osm:node/10262811047,Pilates by Simona,pilates instructor,(917) 909-1067,,https://www.pilatesbysimona.com,,New York NY,New York,NY,40.6746341,-73.9765678,osm,new,2026-08-01T14:01:02.765+00:00
osm:node/9995971067,The Pilates Institute,pilates instructor,(518) 369-6623,user@domain.com,https://www.pilatesinstitutesaratoga.com/,,37 Henry Street Saratoga Springs NY,Saratoga Springs,NY,43.0800704,-73.7831532,osm,new,2026-08-01T14:01:02.562+00:00
osm:node/9723311562,Dottie's Pilates Plus Studios,pilates instructor,,,,,28080 Main Road Cutchogue NY,Cutchogue,NY,41.0104805,-72.4852155,osm,new,2026-08-01T14:01:02.168+00:00
osm:node/9933072150,Club Pilates,pilates instructor,,,,,1890 Monroe Avenue Rochester NY,Rochester,NY,43.1273319,-77.5648828,osm,new,2026-08-01T14:01:02.168+00:00
osm:node/9330502771,Wundabar Pilates,pilates instructor,(718) 425-0930,user@domain.com,https://www.wundabar.com,,New York NY,New York,NY,40.6946756,-73.9931399,osm,new,2026-08-01T14:01:02.064+00:00
osm:node/9332381121,New York Pilates,pilates instructor,,,,,New York NY,New York,NY,40.7194172,-74.0005775,osm,new,2026-08-01T14:01:02.064+00:00
osm:node/9123149745,Pilates Heights,pilates instructor,(718) 522-2580,user@domain.com,https://www.pilatesheightsbk.com,,New York NY,New York,NY,40.6936255,-73.9922991,osm,new,2026-08-01T14:01:01.647+00:00
osm:node/8805931345,Club Pilates,pilates instructor,,,,,527 Boston Post Road Port Chester NY,Port Chester,NY,40.9918666,-73.6746024,osm,new,2026-08-01T14:01:01.432+00:00
osm:node/8805475369,MB Pilates,pilates instructor,(914) 912-6080,,https://www.mindbodypilates.net,,New York NY,New York,NY,40.9598049,-73.8906386,osm,new,2026-08-01T14:01:01.432+00:00
osm:node/7788619751,Celerant Technology,tech support,,,,,Staten Island NY,Staten Island,NY,40.5245447,-74.2389917,osm,new,2026-08-01T14:01:01.2+00:00
osm:node/12456546113,NetConnect,tech support,,,,,Staten Island NY,Staten Island,NY,40.5385957,-74.2338857,osm,new,2026-08-01T14:01:01.2+00:00
osm:node/12456546149,Speedy Ecomm,tech support,,,,,Staten Island NY,Staten Island,NY,40.5374585,-74.2349398,osm,new,2026-08-01T14:01:01.2+00:00
osm:node/12544896773,Conduent,tech support,,,,,1150 South Avenue Staten Island NY,Staten Island,NY,40.6122153,-74.1773704,osm,new,2026-08-01T14:01:01.2+00:00
osm:node/8793492529,The Pilates Salon,pilates instructor,(607) 201-8964,,http://www.thepilatessalon.com/,,3660 George F Highway Endicott NY,Endicott,NY,42.1088686,-76.0113323,osm,new,2026-08-01T14:00:55.193+00:00
osm:node/8787440864,Club Pilates,pilates instructor,,,https://www.clubpilates.com/location/dewitt,,3409 Erie Boulevard East Syracuse NY,Syracuse,NY,43.0462608,-76.064839,osm,new,2026-08-01T14:00:55.175+00:00
osm:node/8785939673,Whirlin' Disc DJs,wedding planner,,,,,2135 Five Mile Line Road Penfield NY,Penfield,NY,43.1289523,-77.4762692,osm,new,2026-08-01T14:00:54.844+00:00
osm:node/8786090211,Club Pilates,pilates instructor,(585) 598-7737,,https://www.clubpilates.com/location/canaltown/?utm_source=google.com&utm_medium=referral&utm_campaign=yext,,6687 Palmyra Road Fairport NY,Fairport,NY,43.0687072,-77.4456068,osm,new,2026-08-01T14:00:54.534+00:00
osm:node/8783479375,Evolution Pilates,pilates instructor,(516) 767-1761,info@pilatesevolution.com,https://pilatesevolution.com/,,2 Shore Road Port Washington NY,Port Washington,NY,40.8327118,-73.69922,osm,new,2026-08-01T14:00:54.045+00:00
osm:node/8303764415,Studio Pilates,pilates instructor,(917) 648-3272,southslope@studiopilates.com,https://www.studiopilates.com/studios/south-slope/,,New York NY,New York,NY,40.6656552,-73.992344,osm,new,2026-08-01T14:00:53.466+00:00
osm:node/6534166834,Streamline Pilates,pilates instructor,(718) 488-8688,streamlinebk@gmail.com,https://streamlinepilates.com,,196 State Street New York NY,New York,NY,40.690336,-73.9924571,osm,new,2026-08-01T14:00:52.344+00:00
osm:way/1077998760,Fox Business Systems,tech support,,,,,531 Fort Riley Boulevard Manhattan KS,Manhattan,NY,39.1738511,-96.5649927,osm,new,2026-08-01T14:00:50.04+00:00
osm:node/13261388255,Datadog,tech support,(866) 329-4466,info@datadoghq.com,https://www.datadoghq.com/,,620 8th Avenue Manhattan NY,Manhattan,NY,40.7561707,-73.9902365,osm,new,2026-08-01T14:00:50.04+00:00
osm:node/13130604920,Customerization,tech support,,,https://www.customerization.ca/,,136 Madison Avenue New York NY,New York,NY,40.746167,-73.9843862,osm,new,2026-08-01T14:00:49.949+00:00
osm:node/12179203315,iC Consult Americas LLC,tech support,,,https://ic-consult.com/,,80 Pine Street New York NY,New York,NY,40.7060039,-74.0068394,osm,new,2026-08-01T14:00:49.184+00:00
osm:node/11050979718,Deluxe Creative Services,tech support,,,,,44-8 West 18th Street Manhattan NY,Manhattan,NY,40.7392151,-73.9942981,osm,new,2026-08-01T14:00:47.992+00:00
osm:node/11064559007,Framestore,tech support,,,,,Manhattan NY,Manhattan,NY,40.7070451,-74.0125704,osm,new,2026-08-01T14:00:47.992+00:00
osm:node/11063640164,Gloss VFX,tech support,,,,,Manhattan NY,Manhattan,NY,40.7449953,-73.9934531,osm,new,2026-08-01T14:00:47.992+00:00
osm:node/10845663679,"Materialize, Inc.",tech support,(203) 936-8759,,https://materialize.com/,,436 Lafayette Street New York NY,New York,NY,40.729391,-73.9921562,osm,new,2026-08-01T14:00:47.991+00:00
osm:node/10271506764,Luxoft,tech support,(212) 964-9900,,https://www.luxoft.com,,600 5th Avenue New York NY,New York,NY,40.7576327,-73.97844,osm,new,2026-08-01T14:00:47.89+00:00
osm:node/10271227981,Epam,tech support,(267) 759-9000,,https://www.epam.com/,,275 7th Avenue New York NY,New York,NY,40.745547,-73.994143,osm,new,2026-08-01T14:00:47.115+00:00
osm:node/9234647629,"Commit USA, INC",tech support,(713) 623-6938,,https://www.commit.us/,,477 Madison Avenue New York NY,New York,NY,40.7585152,-73.9746069,osm,new,2026-08-01T14:00:47.047+00:00
osm:node/8791888441,Ester Digital,tech support,,hello@ester.co,https://ester.co,,90 Church Street Manhattan NY,Manhattan,NY,40.7124137,-74.0104582,osm,new,2026-08-01T14:00:46.672+00:00
osm:node/8570222965,IT Svit,tech support,(929) 999-1965,,https://itsvit.com,,555 Madison Avenue New York NY,New York,NY,40.7613284,-73.972868,osm,new,2026-08-01T14:00:46.055+00:00
osm:node/6329603988,Fort Pilates,pilates instructor,,,,,New York NY,New York,NY,40.6863846,-73.9750176,osm,new,2026-08-01T14:00:45.958+00:00
osm:node/5812402061,Enso Pilates,pilates instructor,,,https://www.ensopilatesnyc.com,,New York NY,New York,NY,40.6869464,-73.9844154,osm,new,2026-08-01T14:00:45.958+00:00
osm:node/3887161497,Violet Hour Pilates,pilates instructor,,,https://www.violethourpilates.com/violet-on-5th,,New York NY,New York,NY,40.6724383,-73.9833924,osm,new,2026-08-01T14:00:45.414+00:00
osm:node/8039368243,Armada Boost,tech support,,support@armadaboost.com,https://armadaboost.com/,,410 Park Avenue New York NY,New York,NY,40.7605338,-73.9728435,osm,new,2026-08-01T14:00:45.086+00:00
osm:node/6522676711,New York Computer Help,tech support,(212) 599-0339,support@newyorkcomputerhelp.com,https://www.newyorkcomputerhelp.com,,53 East 34th Street New York NY,New York,NY,40.7476093,-73.9819402,osm,new,2026-08-01T14:00:44.203+00:00
osm:node/7149186630,Meta,tech support,,,,,770 Broadway New York NY,New York,NY,40.7308046,-73.9916277,osm,new,2026-08-01T14:00:44.203+00:00
osm:node/6301117347,Beluga Labs,tech support,(855) 823-5842,info@belugalab.com,https://belugalab.com,,244 5th Avenue New York NY,New York,NY,40.7446318,-73.9877638,osm,new,2026-08-01T14:00:43.764+00:00
osm:node/5590322294,ThoughtWorks,tech support,(646) 412-5200,,https://www.thoughtworks.com/,,99 Madison Avenue Manhattan NY,Manhattan,NY,40.7446896,-73.9849333,osm,new,2026-08-01T14:00:43.618+00:00
osm:node/5425647820,MongoDB,tech support,(866) 237-8815,,https://www.mongodb.com/,,1633 Broadway New York NY,New York,NY,40.7619612,-73.9843717,osm,new,2026-08-01T14:00:43.573+00:00
osm:node/5424133927,Microsoft Technology Center,tech support,(212) 245-2100,,https://www.microsoft.com/en-us/mtc/locations/newyork.aspx,,11 Times Square Manhattan NY,Manhattan,NY,40.7567716,-73.9896414,osm,new,2026-08-01T14:00:43.54+00:00
osm:node/5057454028,Code Academy HQ,tech support,,,,,49 West 27th Street Manhattan NY,Manhattan,NY,40.7452574,-73.9903235,osm,new,2026-08-01T14:00:43.28+00:00
osm:node/4418672239,Don Peterson,tech support,,,https://newark1.com,,500 5th Avenue New York NY,New York,NY,40.7538183,-73.9810974,osm,new,2026-08-01T14:00:43.28+00:00
osm:node/3543467340,Lounge Lizard,tech support,,sales@loungelizard.com,https://www.loungelizard.com/,,41 East 11th Street New York NY,New York,NY,40.7333256,-73.9930451,osm,new,2026-08-01T14:00:43.241+00:00
osm:node/6682052620,Jacob Oberlander Certified Punlic Accountant,bookkeeping,,,https://www.oberlanderandco.com,,890 Bedford Avenue Brooklyn NY,Brooklyn,NY,40.694169,-73.956228,osm,new,2026-08-01T14:00:11.919+00:00
osm:node/6699676990,Arlia & Associates,bookkeeping,,,,,New York NY,New York,NY,40.5408439,-74.1781008,osm,new,2026-08-01T14:00:11.919+00:00
osm:node/6744698190,Andreas Tsangarides Accounting,bookkeeping,,,,,30-33 31st Street New York NY,New York,NY,40.7659898,-73.9218817,osm,new,2026-08-01T14:00:11.919+00:00
osm:node/6417627078,Income Tax Plus,bookkeeping,(516) 785-3046,,http://incometaxplus-bellmore.com,,1725 Bellmore Avenue North Bellmore NY,North Bellmore,NY,40.6811282,-73.5342365,osm,new,2026-08-01T14:00:10.52+00:00
osm:node/6467128943,"Daniel C. Errol, CPA",bookkeeping,,,,,New York NY,New York,NY,42.8151422,-73.8911305,osm,new,2026-08-01T14:00:10.52+00:00
osm:node/6416421735,Value Tax Service,bookkeeping,,,,,140-18 Rockaway Boulevard New York NY,New York,NY,40.6740613,-73.8000386,osm,new,2026-08-01T14:00:10.506+00:00
osm:node/6398633052,Total Financial Services,bookkeeping,(315) 454-3935,cnytotaltax@gmail.com,http://www.cnytotaltax.com/,,5858 East Molloy Road New York NY,New York,NY,43.0977143,-76.1140183,osm,new,2026-08-01T14:00:10.488+00:00
osm:node/6275724593,Deamorim CPA P.C.,bookkeeping,(516) 766-2021,,,,3332 Long Beach Road Oceanside NY,Oceanside,NY,40.6297027,-73.6413154,osm,new,2026-08-01T14:00:09.751+00:00
osm:node/6252460438,R & G Brenner,bookkeeping,(888) 277-4515,,https://www.rgbrenner.com/,,111 East Merrick Road Valley Stream NY,Valley Stream,NY,40.6638557,-73.694282,osm,new,2026-08-01T14:00:09.751+00:00
osm:node/6142551673,John McCabe,bookkeeping,,,,,365 Merrick Road Lynbrook NY,Lynbrook,NY,40.6576248,-73.6731679,osm,new,2026-08-01T14:00:09.63+00:00
osm:node/6142553439,CPA Realty,bookkeeping,,,,,273 Merrick Road New York NY,New York,NY,40.6574932,-73.6700194,osm,new,2026-08-01T14:00:09.63+00:00
osm:node/6142549410,Moskowitz & Simons,bookkeeping,(516) 887-1605,,,,351 Merrick Road Lynbrook NY,Lynbrook,NY,40.6575226,-73.6728207,osm,new,2026-08-01T14:00:09.63+00:00
osm:node/6156691160,Income Tax Accounting,bookkeeping,(516) 800-7800,,,,26 West Merrick Road New York NY,New York,NY,40.6649057,-73.6990685,osm,new,2026-08-01T14:00:09.63+00:00
osm:node/6164566360,Jackson Hewitt Tax Service,bookkeeping,,,,,781 West Merrick Road Valley Stream NY,Valley Stream,NY,40.6734235,-73.7244934,osm,new,2026-08-01T14:00:09.63+00:00
osm:node/6241724005,TBA Tax Service Inc,bookkeeping,(516) 625-6685,,,,475 Merrick Road Valley Stream NY,Valley Stream,NY,40.6693656,-73.7148415,osm,new,2026-08-01T14:00:09.63+00:00
osm:node/6252460437,Goldman & Murphy LLP,bookkeeping,,,,,North Cottage Street Valley Stream NY,Valley Stream,NY,40.6643268,-73.6949444,osm,new,2026-08-01T14:00:09.63+00:00
osm:node/6150659866,Apex Tax & Accounting Services,bookkeeping,,,,,190-16 Hillside Avenue Hollis NY,Hollis,NY,40.715747,-73.7712797,osm,new,2026-08-01T14:00:09.63+00:00
osm:node/6150271377,Jet Income Tax,bookkeeping,,,,,New York NY,New York,NY,40.6797571,-73.7553939,osm,new,2026-08-01T14:00:09.63+00:00
osm:node/5898640213,"Donald Di Giacomo, CPA",bookkeeping,(845) 838-2003,,https://www.donalddigiacomocpa.com/,,715 NY-52 Fishkill NY,Fishkill,NY,41.5239169,-73.9304925,osm,new,2026-08-01T14:00:09.485+00:00
osm:node/5962390863,ATAX,bookkeeping,(914) 236-3300,,,,97 Main Street New York NY,New York,NY,41.1604762,-73.8651288,osm,new,2026-08-01T14:00:09.485+00:00
osm:node/5968755370,J. Gittleson CPA,bookkeeping,,,,,154 Franklin Place Woodmere NY,Woodmere,NY,40.6339309,-73.7088434,osm,new,2026-08-01T14:00:09.485+00:00
osm:node/5980423706,Certified Public Accountant,bookkeeping,,,,,284 City Island Avenue New York NY,New York,NY,40.846707,-73.7861227,osm,new,2026-08-01T14:00:09.485+00:00
osm:node/5825610941,Ben's Tax & Multiservice,bookkeeping,(516) 483-1166,,,,38 North Franklin Avenue New York NY,New York,NY,40.7068904,-73.6264785,osm,new,2026-08-01T14:00:09.471+00:00
osm:node/5717490384,CPA Photis C Savvides,bookkeeping,(718) 409-2103,,,,3192 Westchester Avenue New York NY,New York,NY,40.8513547,-73.8296761,osm,new,2026-08-01T14:00:09.471+00:00
osm:node/5809042208,Master Tax & Accounting,bookkeeping,(516) 256-7000,,,,201 Rockaway Avenue Valley stream NY,Valley stream,NY,40.6614347,-73.6994729,osm,new,2026-08-01T14:00:09.471+00:00
osm:node/5813442817,Baer & Baer,bookkeeping,,,,,South Franklin Avenue New York NY,New York,NY,40.6614163,-73.7028834,osm,new,2026-08-01T14:00:09.471+00:00
osm:node/5588171623,Bronx Tax Man,bookkeeping,(718) 829-1040,,,,3600 East Tremont Avenue New York NY,New York,NY,40.8287968,-73.8247114,osm,new,2026-08-01T14:00:09.335+00:00
osm:node/5552545220,Bruno Brokerage,bookkeeping,,,,,1073 White Plains Road New York NY,New York,NY,40.828143,-73.860767,osm,new,2026-08-01T14:00:09.335+00:00
osm:node/5600419498,Al-Ansar,bookkeeping,,,,,25-22 Steinway Street New York NY,New York,NY,40.7672934,-73.91242,osm,new,2026-08-01T14:00:09.335+00:00
osm:node/5546461739,Tirado,bookkeeping,,,,,1620 East 172nd Street New York NY,New York,NY,40.8316708,-73.8749242,osm,new,2026-08-01T14:00:09.335+00:00
osm:node/5548942179,MCS Tax Service,bookkeeping,,,,,1729 East 172nd Street New York NY,New York,NY,40.8325693,-73.8699873,osm,new,2026-08-01T14:00:09.335+00:00
osm:node/5552405049,Medina Tax Service,bookkeeping,,,,,New York NY,New York,NY,40.8298605,-73.8507628,osm,new,2026-08-01T14:00:09.335+00:00
osm:node/5367978687,PB & J Accounting & Bookkeeping Sevices,bookkeeping,(315) 446-6500,,http://www.pbjaccounting.com,,6565 Kinne Road Syracuse NY,Syracuse,NY,43.0430124,-76.066909,osm,new,2026-08-01T14:00:06.282+00:00
osm:node/5257799385,"Barone, Howard & Co., CPAs, PC",bookkeeping,,,,,8504 Seneca Turnpike New Hartford NY,New Hartford,NY,43.0803296,-75.3204882,osm,new,2026-08-01T14:00:05.971+00:00
osm:node/4543093668,Expert Tax Service,bookkeeping,(718) 231-8490,,http://experttaxny.com,,906 Allerton Avenue Bronx NY,Bronx,NY,40.8652998,-73.8610645,osm,new,2026-08-01T14:00:05.971+00:00
osm:node/4931621757,Mustafa Accounting Services,bookkeeping,,,,,New York NY,New York,NY,40.7680655,-73.9117816,osm,new,2026-08-01T14:00:05.971+00:00
osm:node/4630882359,"Ross & Company, CPA",bookkeeping,,,,,New York NY,New York,NY,40.845052,-73.1689362,osm,new,2026-08-01T14:00:05.971+00:00
osm:node/4964238335,M.K. Ally Income Tax,bookkeeping,,,,,New York NY,New York,NY,40.7077605,-73.8021045,osm,new,2026-08-01T14:00:05.971+00:00
osm:node/4037292870,John G. Ullman and Associates,bookkeeping,,,,,New York NY,New York,NY,42.1431412,-77.0522401,osm,new,2026-08-01T14:00:05.95+00:00
osm:node/3813249054,Accredited Business Consultants,bookkeeping,(315) 446-5087,,http://www.accbizconsultants.com,,2572 Erie Boulevard East Syracuse NY,Syracuse,NY,43.0537015,-76.1013996,osm,new,2026-08-01T14:00:05.95+00:00
osm:node/3661038142,R&G Brenner Income Tax,bookkeeping,,,,,New York NY,New York,NY,40.8056675,-73.9409175,osm,new,2026-08-01T14:00:05.724+00:00
osm:node/3474427293,David Anderson Certified Public Accountant,bookkeeping,(315) 476-6644,,,,1066 West Genesee Street Syracuse NY,Syracuse,NY,43.054027,-76.1732758,osm,new,2026-08-01T14:00:05.724+00:00
osm:node/3464574089,"Kianka & Zollo CPA, PC",bookkeeping,,info@kzcpas.com,http://www.kzcpas.com/,,906 Spencer Street Syracuse NY,Syracuse,NY,43.0576086,-76.1740247,osm,new,2026-08-01T14:00:05.724+00:00
osm:node/3432902056,Deborah Holloway's Income Tax & Accounting Services,bookkeeping,(315) 314-7769,,https://holloway-tax.com/,,580 South Salina Street Syracuse NY,Syracuse,NY,43.0428201,-76.1519231,osm,new,2026-08-01T14:00:03.003+00:00
osm:node/3315497082,Fiducial,bookkeeping,(315) 449-3599,,https://www.fiducial.com/locate_us/locateus_layout.asp?filterby=StateID=%27NY%27,,6905 East Genesee Street Fayetteville NY,Fayetteville,NY,43.0285763,-76.0440913,osm,new,2026-08-01T14:00:02.569+00:00
osm:node/2807618259,G Tax,bookkeeping,,,,,3 West 183rd Street New York NY,New York,NY,40.8585286,-73.9040931,osm,new,2026-08-01T14:00:01.507+00:00
osm:node/2706023203,HAD Associates,bookkeeping,,,,,737 Franklin Avenue Brooklyn NY,Brooklyn,NY,40.6734828,-73.9567974,osm,new,2026-08-01T14:00:01.507+00:00
osm:node/3236546281,Curreri Accounting,bookkeeping,(607) 936-2404,,,,298 West Pulteney Street Corning NY,Corning,NY,42.1521793,-77.0727356,osm,new,2026-08-01T14:00:01.507+00:00
osm:node/2566248392,L.E.M.S.,bookkeeping,,,,,4204 Foster Avenue New York NY,New York,NY,40.6391836,-73.936624,osm,new,2026-08-01T14:00:01.106+00:00
osm:node/2550045044,Charles Schwab,bookkeeping,,,https://schwab.com,,100B 7th Avenue Brooklyn NY,Brooklyn,NY,40.6742956,-73.9757296,osm,new,2026-08-01T14:00:00.673+00:00
osm:node/2552542686,Ferrier & Ferrier,bookkeeping,,,,,New York NY,New York,NY,40.6157076,-74.0344865,osm,new,2026-08-01T14:00:00.673+00:00
osm:node/2550101578,"Donna Shore, CPA",bookkeeping,,,,,New York NY,New York,NY,40.6704363,-73.9926611,osm,new,2026-08-01T14:00:00.673+00:00
osm:node/2439929590,Engels’ Accounting,bookkeeping,,,http://www.engelsaccounting.com,,New York NY,New York,NY,42.5288804,-76.4988224,osm,new,2026-08-01T13:59:59.791+00:00
osm:node/1855687390,"The Loiacono Firm, CPAs, P.C.",bookkeeping,,dave@loiaconofirm.com,https://www.loiaconofirm.com/,,301 North Washington Street Rome NY,Rome,NY,43.214648,-75.4574241,osm,new,2026-08-01T13:59:59.773+00:00
osm:node/2307147630,Del Prete & Cheng LLP,bookkeeping,,,,,111 Atlantic Avenue New York NY,New York,NY,40.6910716,-73.9964722,osm,new,2026-08-01T13:59:59.773+00:00
osm:node/1344417127,Standard & Poor's,bookkeeping,,,,,New York NY,New York,NY,40.7033662,-74.0097863,osm,new,2026-08-01T13:59:59.584+00:00
osm:node/854682414,Brook & Sons Tax,bookkeeping,,,,,Eastern Parkway Schenectady NY,Schenectady,NY,42.8069912,-73.9125246,osm,new,2026-08-01T13:59:59.584+00:00
osm:node/354764554,"John Parcell IV, CPA",bookkeeping,,tracy@parcellcpa.com,https://www.parcellcpa.com/,,New York NY,New York,NY,44.6311545,-75.0869436,osm,new,2026-08-01T13:59:59.584+00:00
osm:node/13483968627,Oriental Decor,interior designer,(305) 338-7230,orientaldecorusa@aol.com,https://orientaldecor.net/,,7226 Biscayne Boulevard Miami FL,Miami,FL,25.841663,-80.1845749,osm,new,2026-08-01T13:59:42.489+00:00
osm:node/11753614451,Wanted Design,home staging,,,https://www.wanteddesignnyc.com/ic-store/,,Brooklyn NY,Brooklyn,NY,40.6558705,-74.0072331,osm,new,2026-08-01T13:57:45.138+00:00
osm:node/12074277349,Fenix Interior Design Studio,home staging,,,,,2341 Coney Island Avenue Brooklyn NY,Brooklyn,NY,40.5999009,-73.9611143,osm,new,2026-08-01T13:57:45.138+00:00
osm:node/10357823709,Tania Kovalenko,home staging,,,,,Brooklyn NY,Brooklyn,NY,40.7302055,-73.9578076,osm,new,2026-08-01T13:57:44.384+00:00
osm:node/6839024572,Seaport Flowers & Home,home staging,,,,,Brooklyn NY,Brooklyn,NY,40.6910999,-73.9959164,osm,new,2026-08-01T13:57:43.243+00:00
osm:node/5808902598,Assembly Line,home staging,,,https://assemblyline.co/,,Brooklyn NY,Brooklyn,NY,40.6874794,-73.9857832,osm,new,2026-08-01T13:57:42.584+00:00
osm:node/811036694,Bulldog Roofing LLC,gutter cleaning,,,,,Plymate Lane Manhattan KS,Manhattan,NY,39.1851986,-96.6062706,osm,new,2026-08-01T13:57:38.016+00:00
osm:node/2853028572,Pooches LIC,pet sitting,,,https://www.poochesspa.com,,Queens NY,Queens,NY,40.7453037,-73.957117,osm,new,2026-08-01T13:57:24.98+00:00
osm:node/5921740328,Merrick Animal Hospital,pet sitting,,,,,115-31 Merrick Boulevard Queens NY,Queens,NY,40.689195,-73.777048,osm,new,2026-08-01T13:57:24.98+00:00
osm:node/13005426179,Fat Puppies,pet sitting,,,,,Metropolitan Avenue Queens NY,Queens,NY,40.7107707,-73.8534677,osm,new,2026-08-01T13:57:24.98+00:00
osm:node/2844971035,Fat Puppies Inn,pet sitting,,,,fat.puppiesinn,39-24 Queens Boulevard Queens NY,Queens,NY,40.7436057,-73.9250916,osm,new,2026-08-01T13:57:24.37+00:00
osm:node/13796338303,Baby Cobra Yoga (Bushwick),yoga instructor,,,https://babycobrayoga.com,,47 #206 Thames Street Brooklyn NY,Brooklyn,NY,40.7052643,-73.9308978,osm,new,2026-08-01T13:51:31.443+00:00
osm:node/12072361222,Sagoya Yoga,yoga instructor,,user@domain.com,https://www.sagoyayoga.com,,1027 Cortelyou Road Brooklyn NY,Brooklyn,NY,40.6396311,-73.9682567,osm,new,2026-08-01T13:51:31.415+00:00
osm:node/12144911921,Noir Yoga,yoga instructor,,,,,Brooklyn NY,Brooklyn,NY,40.6862561,-73.9232355,osm,new,2026-08-01T13:51:31.415+00:00
osm:node/11589050963,Lyn Lotus Yoga,yoga instructor,(646) 727-8381,,,,6320 18th Avenue Brooklyn NY,Brooklyn,NY,40.6199668,-73.9895937,osm,new,2026-08-01T13:51:31.296+00:00
osm:node/11225912459,One Tribe Yoga,yoga instructor,,,,,126 North Main Street Brooklyn MI,Brooklyn,NY,42.1065088,-84.2482141,osm,new,2026-08-01T13:51:31.296+00:00
osm:node/11014267019,U Plus Yoga Pillates,yoga instructor,,,,,6322 20th Avenue Brooklyn NY,Brooklyn,NY,40.6173393,-73.9852215,osm,new,2026-08-01T13:51:31.296+00:00
osm:node/6436939086,Brooklyn Yoga Project,yoga instructor,,,,,Brooklyn NY,Brooklyn,NY,40.6844872,-74.0002511,osm,new,2026-08-01T13:51:30.437+00:00
osm:node/5191768760,ShapeShifter Yoga,yoga instructor,,,https://www.shapeshifterlab.com/yoga/,,837 Union Street Brooklyn NY,Brooklyn,NY,40.6748662,-73.9761361,osm,new,2026-08-01T13:51:25.482+00:00
osm:node/2187917032,Loom Yoga,yoga instructor,,,https://loomyoga.com/,,783 Driggs Avenue Brooklyn NY,Brooklyn,NY,40.7114592,-73.9612027,osm,new,2026-08-01T13:51:23.446+00:00
osm:way/280569112,Astoria Auto Detailing Center,car wash,,,,,42-09 31st Avenue Queens NY,Queens,NY,40.7605984,-73.9149711,osm,new,2026-08-01T13:51:21.403+00:00
osm:node/2563985422,Kwan Fa,videographer,,,,,Manhattan NY,Manhattan,NY,40.7172795,-73.9966746,osm,new,2026-08-01T13:16:18.234+00:00
osm:node/11672957186,Carbonella & Co. LLP,tax preparation,,,,,Staten Island NY,Staten Island,NY,40.5355382,-74.1519245,osm,new,2026-08-01T12:49:36.673+00:00
osm:node/13186767853,Peter Teroriero Certified Public Accountant,tax preparation,,,,,Staten Island NY,Staten Island,NY,40.5984565,-74.0808249,osm,new,2026-08-01T12:49:36.673+00:00
osm:node/13186710893,Taxwise & Accounting Services,tax preparation,,,,,Staten Island NY,Staten Island,NY,40.5981735,-74.0721876,osm,new,2026-08-01T12:49:36.673+00:00
osm:node/13184510063,Chumenti Accounting Inc.,tax preparation,,,,,Staten Island NY,Staten Island,NY,40.6072213,-74.0884373,osm,new,2026-08-01T12:49:36.673+00:00
osm:node/13128789588,Margaret LaRosa Certified Public Accountant,tax preparation,,,,,Staten Island NY,Staten Island,NY,40.5728709,-74.1175486,osm,new,2026-08-01T12:49:36.673+00:00
osm:node/13128789584,"LaRosa Assocaites, LLC",tax preparation,,,,,Staten Island NY,Staten Island,NY,40.5727538,-74.1173336,osm,new,2026-08-01T12:49:36.673+00:00
osm:node/13128789548,David A. Fusco Certified Public Accountant,tax preparation,,,,,Staten Island NY,Staten Island,NY,40.5740077,-74.1171269,osm,new,2026-08-01T12:49:36.673+00:00
osm:node/13114796140,Prinzi & Company Cerified Public Accountants,tax preparation,,,,,Staten Island NY,Staten Island,NY,40.5761262,-74.1254186,osm,new,2026-08-01T12:49:36.673+00:00
osm:node/13114796139,"Pellecchia & Co. CPA, PLLC",tax preparation,,,,,Staten Island NY,Staten Island,NY,40.5760785,-74.1254381,osm,new,2026-08-01T12:49:36.673+00:00
osm:node/13072907724,"Halbreich Associates, LLC",tax preparation,,,,,Staten Island NY,Staten Island,NY,40.6118571,-74.1325958,osm,new,2026-08-01T12:49:36.673+00:00
osm:node/13072907703,ATAX,tax preparation,,,,,Staten Island NY,Staten Island,NY,40.6126469,-74.1314286,osm,new,2026-08-01T12:49:36.673+00:00
osm:node/13072901973,Thomas S. Gallo Certified Public Accountant,tax preparation,,,,,Staten Island NY,Staten Island,NY,40.6112488,-74.1404311,osm,new,2026-08-01T12:49:36.673+00:00
osm:node/13049118624,Carla's Tax & Notary Agency,tax preparation,,,,,Staten Island NY,Staten Island,NY,40.6378538,-74.0794172,osm,new,2026-08-01T12:49:36.673+00:00
osm:node/13049112790,Nousson Tax Authority,tax preparation,,,,,Staten Island NY,Staten Island,NY,40.6380489,-74.0795294,osm,new,2026-08-01T12:49:36.673+00:00
osm:node/13049112762,A Cool Place,tax preparation,,,,,Staten Island NY,Staten Island,NY,40.637274,-74.0781009,osm,new,2026-08-01T12:49:36.673+00:00
osm:node/13048630535,Victory Tax,tax preparation,,,,,Staten Island NY,Staten Island,NY,40.6236373,-74.0830787,osm,new,2026-08-01T12:49:36.673+00:00
osm:node/13048630531,Profesional Income Tax Preparer,tax preparation,,,,,Staten Island NY,Staten Island,NY,40.6234288,-74.0839564,osm,new,2026-08-01T12:49:36.673+00:00
osm:node/13040315353,BOA Associates Corp.,tax preparation,,,,,Staten Island NY,Staten Island,NY,40.6298616,-74.0768339,osm,new,2026-08-01T12:49:36.673+00:00
osm:node/13040315327,WillTax,tax preparation,,,,,Staten Island NY,Staten Island,NY,40.627384,-74.0759303,osm,new,2026-08-01T12:49:36.673+00:00
osm:node/13040315305,Empire Tax,tax preparation,,,,,Staten Island NY,Staten Island,NY,40.6264227,-74.0756363,osm,new,2026-08-01T12:49:36.673+00:00
osm:node/13039852140,Dakerte Tax Services Inc.,tax preparation,,,,,Staten Island NY,Staten Island,NY,40.6254237,-74.0750854,osm,new,2026-08-01T12:49:36.673+00:00
osm:node/12971671591,Gabor Associates,tax preparation,,,,,Staten Island NY,Staten Island,NY,40.6126503,-74.1264332,osm,new,2026-08-01T12:49:36.673+00:00
osm:node/12969610539,Think Taxx,tax preparation,,,,,Staten Island NY,Staten Island,NY,40.6342693,-74.1191498,osm,new,2026-08-01T12:49:36.673+00:00
osm:node/12964696404,"DeSantis, Kiefer, Shall & Sarcone, LLP",tax preparation,,,,,Staten Island NY,Staten Island,NY,40.5891041,-74.101972,osm,new,2026-08-01T12:49:36.673+00:00
osm:node/12951888264,AJC Advisors,tax preparation,,,,,Staten Island NY,Staten Island,NY,40.5830812,-74.097177,osm,new,2026-08-01T12:49:36.673+00:00
osm:node/12950507969,Bradshore Tax Center,tax preparation,,,,,Staten Island NY,Staten Island,NY,40.5496215,-74.1506266,osm,new,2026-08-01T12:49:36.673+00:00
osm:node/12950507965,CSI Group,tax preparation,,,,,Staten Island NY,Staten Island,NY,40.5501022,-74.1506071,osm,new,2026-08-01T12:49:36.673+00:00
osm:node/12831496351,Volini Wealth Management,tax preparation,,,,,Staten Island NY,Staten Island,NY,40.5441945,-74.1648902,osm,new,2026-08-01T12:49:36.673+00:00
osm:node/12507783565,Diguardia Tax Services,tax preparation,,,,,Staten Island NY,Staten Island,NY,40.5392768,-74.148817,osm,new,2026-08-01T12:49:36.673+00:00
osm:node/12445025729,Quick Return Income Tax,tax preparation,,,,,Staten Island NY,Staten Island,NY,40.6271393,-74.0780749,osm,new,2026-08-01T12:49:36.673+00:00
osm:node/12443040021,"John J. Vento, CPA, CFP",tax preparation,,,,,Staten Island NY,Staten Island,NY,40.574548,-74.1171557,osm,new,2026-08-01T12:49:36.673+00:00
osm:node/12377092726,Tudisco Tax Firm,tax preparation,,,,,Staten Island NY,Staten Island,NY,40.5221661,-74.2140404,osm,new,2026-08-01T12:49:36.673+00:00
osm:node/12168864138,A Tax Returns,tax preparation,,,,,Staten Island NY,Staten Island,NY,40.5878419,-74.090568,osm,new,2026-08-01T12:49:36.673+00:00
osm:node/11672957191,"A. Kaplan, CPA. P.C.",tax preparation,,,,,Staten Island NY,Staten Island,NY,40.5353539,-74.1521172,osm,new,2026-08-01T12:49:36.673+00:00
osm:node/11670156002,John Tapinis & Associates LTD,tax preparation,,,,,Staten Island NY,Staten Island,NY,40.6158077,-74.1735669,osm,new,2026-08-01T12:49:36.673+00:00
osm:node/11667208473,"Johnsen & Manzella, CPA, LLP",tax preparation,,,,,Staten Island NY,Staten Island,NY,40.6299884,-74.1109406,osm,new,2026-08-01T12:49:36.673+00:00
osm:node/11667208317,Jackson Hewitt,tax preparation,,,,,Staten Island NY,Staten Island,NY,40.6262737,-74.1332292,osm,new,2026-08-01T12:49:36.673+00:00
osm:node/11466703439,Jay Gelbein & Company,tax preparation,,,,,Staten Island NY,Staten Island,NY,40.6035613,-74.132082,osm,new,2026-08-01T12:49:36.673+00:00
osm:node/11040468150,The Accountant,tax preparation,,,,,Staten Island NY,Staten Island,NY,40.6095598,-74.0629899,osm,new,2026-08-01T12:49:36.673+00:00
osm:node/10769247426,Shaun A. Roberts Certified Financial Planner,tax preparation,,,,,Staten Island NY,Staten Island,NY,40.5345821,-74.1540957,osm,new,2026-08-01T12:49:36.673+00:00
osm:node/10565995077,"Goldenthal & Suss Consulting, P.C.",tax preparation,,,,,Staten Island NY,Staten Island,NY,40.5471796,-74.156317,osm,new,2026-08-01T12:49:36.562+00:00
osm:node/2551542928,H&R Block,tax preparation,,,,,3836 Richmond Avenue Staten Island NY,Staten Island,NY,40.5444946,-74.1656849,osm,new,2026-08-01T12:49:36.562+00:00
osm:node/8419209958,Greg T. Iliceto CPA,tax preparation,,,,,Staten Island NY,Staten Island,NY,40.527687,-74.2359786,osm,new,2026-08-01T12:49:36.562+00:00
osm:node/10195939259,"Del Rey, Tanzi, Guglietta, D'Ambrosi, CPAs LLP",tax preparation,,,,,Staten Island NY,Staten Island,NY,40.5736063,-74.1159046,osm,new,2026-08-01T12:49:36.562+00:00
osm:node/10208425295,"Harris Fishbein C.P.A., P.C.",tax preparation,,,,,Staten Island NY,Staten Island,NY,40.5114676,-74.240848,osm,new,2026-08-01T12:49:36.562+00:00
osm:way/1180266288,Metro Color Computers,computer repair,,,,,Miami FL,Miami,FL,25.774043,-80.1909381,osm,new,2026-08-01T12:31:17.484+00:00
osm:way/1276186917,Walmart Garden Center,landscaping,,,,,Manhattan NY,Manhattan,NY,39.1879848,-96.5554087,osm,new,2026-08-01T12:17:21.035+00:00
osm:way/271281566,Urban Garden Center,landscaping,(646) 872-3991,,https://www.urbangardennyc.com/,urbangardencenter,1560 Park Avenue Manhattan NY,Manhattan,NY,40.796439,-73.945342,osm,new,2026-08-01T12:17:21.035+00:00
osm:node/9695065694,Planter Resource Inc,landscaping,(212) 206-7687,planter.pottery@gmail.com,https://planterresource.com,,150 West 28th Street New York NY,New York,NY,40.7468536,-73.9927518,osm,new,2026-08-01T12:17:20.625+00:00
osm:node/2555098023,Garden City Floral Arts,landscaping,(212) 219-0235,,,,222 Centre Street New York NY,New York,NY,40.719432,-73.9986335,osm,new,2026-08-01T12:17:19.943+00:00
osm:node/2547041086,PlantShed,landscaping,(212) 662-4400,,https://www.plantshed.com/retail-prince-st,,1 Prince Street New York NY,New York,NY,40.7225241,-73.9934347,osm,new,2026-08-01T12:17:19.943+00:00
osm:node/7418074132,The Sill,landscaping,(646) 899-4015,,,,448 Amsterdam Avenue New York NY,New York,NY,40.7849045,-73.9772848,osm,new,2026-08-01T12:17:19.943+00:00
osm:way/301301048,The Car Wash,car wash,,,,,Miami FL,Miami,FL,25.7354804,-80.2489814,osm,new,2026-08-01T11:54:44.204+00:00
osm:way/1381817302,Shell,car wash,,,,,Miami FL,Miami,FL,25.8109859,-80.188727,osm,new,2026-08-01T11:54:44.204+00:00
osm:way/436123576,Circle K,car wash,,,,,Miami FL,Miami,FL,25.7630712,-80.3159036,osm,new,2026-08-01T11:54:44.204+00:00
osm:way/312176219,Karma Car Wash,car wash,,,,,7010 Biscayne Boulevard Miami FL,Miami,FL,25.8398964,-80.1846382,osm,new,2026-08-01T11:54:44.204+00:00
osm:node/13712797802,El Car Wash,car wash,(866) 305-4329,support@elcarwash.com,https://elcarwash.com/fl/car-wash-in-little-havana/,,42 Northwest 27th Avenue Miami FL,Miami,FL,25.7734459,-80.239549,osm,new,2026-08-01T11:54:44.204+00:00
osm:node/13723612601,Vintage Auto Spa & Bistro Café,car wash,(305) 456-1291,,,,15 Southwest 17th Avenue Miami FL,Miami,FL,25.7726112,-80.2224317,osm,new,2026-08-01T11:54:44.204+00:00
osm:node/6082677025,Havoline Oil Change and Car Wash,car wash,,,,,15 Southwest 22nd Avenue Road Miami FL,Miami,FL,25.7720373,-80.2312734,osm,new,2026-08-01T11:54:44.063+00:00
osm:node/2115186643,Celebrations of the Heart,wedding planner,,,,,401 Poyntz Avenue Manhattan NY,Manhattan,NY,39.1791637,-96.5620297,osm,new,2026-08-01T11:02:53.592+00:00
osm:node/5099519851,H&R Block,tax preparation,,,,,2300 North Triphammer Road Ithaca NY,Ithaca,NY,42.481812,-76.4855146,osm,new,2026-08-01T11:01:25.657+00:00
osm:node/5325715372,H&R Block,tax preparation,,,,,138 Albany Street Cazenovia NY,Cazenovia,NY,42.9289597,-75.8491136,osm,new,2026-08-01T11:01:25.657+00:00
osm:node/5292449064,Liberty Income Tax,tax preparation,,,,,8469 Seneca Turnpike New Hartford NY,New Hartford,NY,43.0821332,-75.32341,osm,new,2026-08-01T11:01:25.657+00:00
osm:node/5067702166,H&R Block,tax preparation,,,https://www.hrblock.com/tax-office-near-me/new-york/clayton/31324/,,538 Riverside Drive Clayton NY,Clayton,NY,44.2420315,-76.0893105,osm,new,2026-08-01T11:01:25.657+00:00
osm:node/5024323514,Jackson Hewitt,tax preparation,,,,,28-17 Steinway Street New York NY,New York,NY,40.7649168,-73.9139371,osm,new,2026-08-01T11:01:25.645+00:00
osm:node/4574580318,Long Island Tax Savers,tax preparation,(631) 686-5880,,http://litaxsave.com,,213 Lake Avenue St James NY,St James,NY,40.8748664,-73.1554381,osm,new,2026-08-01T11:01:25.645+00:00
osm:node/4366789553,H&R Block,tax preparation,(516) 759-0033,,https://www.hrblock.com,,219 Forest Avenue Glen Cove NY,Glen Cove,NY,40.8747192,-73.6190674,osm,new,2026-08-01T11:01:25.626+00:00
osm:node/4355042293,Jackson Hewitt,tax preparation,,,,,4606 South Salina Street Syracuse NY,Syracuse,NY,43.0026601,-76.142978,osm,new,2026-08-01T11:01:25.604+00:00
osm:node/4249297708,TaxSavers,tax preparation,(315) 437-5195,,http://www.taxsaverscny.com,,3505 James Street Syracuse NY,Syracuse,NY,43.0695694,-76.0982577,osm,new,2026-08-01T11:01:25.604+00:00
osm:node/3371808804,H&R Block,tax preparation,(845) 336-8480,,https://www.hrblock.com/local-tax-offices/new-york/kingston/1-boices-ln/29762/,,1 Boices Lane Kingston NY,Kingston,NY,41.9621728,-73.990507,osm,new,2026-08-01T11:01:23.609+00:00
osm:node/3260413620,H&R Block,tax preparation,(845) 831-0800,,https://www.hrblock.com/,,412 Main Street Beacon NY,Beacon,NY,41.503037,-73.9662167,osm,new,2026-08-01T11:01:22.698+00:00
osm:node/2887208514,Income Tax,tax preparation,,,,,13-38 Beach Channel Drive New York NY,New York,NY,40.6062016,-73.7545767,osm,new,2026-08-01T11:01:22.662+00:00
osm:node/2810080129,Four Seasons Tax Services,tax preparation,(718) 543-0700,,https://fstaxes.com,,204 West 236th Street New York NY,New York,NY,40.883508,-73.9019617,osm,new,2026-08-01T11:01:22.662+00:00
osm:node/2838398674,BNB Tax Preparation,tax preparation,,,,,102A Moore Street New York NY,New York,NY,40.7037817,-73.9414072,osm,new,2026-08-01T11:01:22.662+00:00
osm:node/2810072658,Tri-State Tax,tax preparation,(347) 697-7633,,,,232 West 238th Street New York NY,New York,NY,40.8848212,-73.9002203,osm,new,2026-08-01T11:01:22.575+00:00
osm:node/2581797429,H&R Block,tax preparation,,,https://www.hrblock.com/,,South Salina Street Syracuse NY,Syracuse,NY,43.0077284,-76.1430866,osm,new,2026-08-01T11:01:21.309+00:00
osm:node/2567930987,Empire State Tax Service,tax preparation,,,,,685 Nostrand Avenue New York NY,New York,NY,40.6738391,-73.949986,osm,new,2026-08-01T11:01:20.742+00:00
osm:node/2543421544,Tax Plus,tax preparation,,,https://gotaxplus.com,,11120A Flatlands Avenue New York NY,New York,NY,40.6505834,-73.8898067,osm,new,2026-08-01T11:01:19.23+00:00
osm:node/1342833520,Liberty Tax,tax preparation,,,,,New York NY,New York,NY,42.7888776,-73.9385029,osm,new,2026-08-01T11:01:15.406+00:00
osm:node/373062443,H&R Block,tax preparation,,,,,New York NY,New York,NY,42.5973624,-73.7115351,osm,new,2026-08-01T11:01:15.406+00:00
osm:node/12247307325,Cocsia & Amaterdam,bookkeeping,,,,,Brooklyn NY,Brooklyn,NY,40.6223993,-74.0316675,osm,new,2026-08-01T10:47:42.828+00:00
osm:node/11632965817,LTM Tax & Multiservice,bookkeeping,,,,,Brooklyn NY,Brooklyn,NY,40.6725714,-73.8741883,osm,new,2026-08-01T10:47:42.828+00:00
osm:node/11606320860,Smith & Moskalev,bookkeeping,,,,,Brooklyn NY,Brooklyn,NY,40.5994924,-73.9492118,osm,new,2026-08-01T10:47:42.828+00:00
osm:node/9755777224,S. Marchetti & Associates Accounting,bookkeeping,,,,,Brooklyn NY,Brooklyn,NY,40.6319474,-74.0274226,osm,new,2026-08-01T10:47:41.383+00:00
osm:node/10739815896,Club Pilates,pilates instructor,,,,,Austin Street Queens NY,Queens,NY,40.7205378,-73.8454874,osm,new,2026-08-01T10:46:16.872+00:00
osm:way/904206112,Merch Vault,home staging,,,,,Staten Island NY,Staten Island,NY,40.5815999,-74.1668655,osm,new,2026-08-01T09:46:26.527+00:00
osm:node/12093603392,Sav-Mor Interiors,home staging,,,,,Staten Island NY,Staten Island,NY,40.6340966,-74.1243762,osm,new,2026-08-01T09:46:26.527+00:00
osm:node/9939892554,ALX Interiors,home staging,,,,,Staten Island NY,Staten Island,NY,40.5633269,-74.1911856,osm,new,2026-08-01T09:46:26.526+00:00
osm:node/7799768756,Trade Mart Interiors,home staging,,,,,Staten Island NY,Staten Island,NY,40.5235371,-74.2160955,osm,new,2026-08-01T09:46:26.526+00:00
osm:node/10208425286,Interiors by Sabrina LLC.,home staging,,,,,Staten Island NY,Staten Island,NY,40.5111944,-74.2414791,osm,new,2026-08-01T09:46:26.526+00:00
osm:node/10195939223,Gables New York,home staging,,,,,Staten Island NY,Staten Island,NY,40.5720087,-74.1123656,osm,new,2026-08-01T09:46:26.526+00:00
osm:node/11616102972,Armstrong Car Wash,car wash,,,,,Staten Island NY,Staten Island,NY,40.5465417,-74.1598516,osm,new,2026-08-01T09:01:07.493+00:00
osm:node/11667208411,Brighton Hand Car Wash,car wash,,,,,Staten Island NY,Staten Island,NY,40.6291644,-74.1167897,osm,new,2026-08-01T09:01:07.493+00:00
osm:node/11735005076,dba Travis Auto Spa Detail Center,car wash,,,,,Staten Island NY,Staten Island,NY,40.59846,-74.1812353,osm,new,2026-08-01T09:01:07.493+00:00
osm:node/12093603320,Jewett Ave Car Wash,car wash,,,,,Staten Island NY,Staten Island,NY,40.634536,-74.1285735,osm,new,2026-08-01T09:01:07.493+00:00
osm:node/12093603346,Family Car Wash Lube,car wash,,,,,Staten Island NY,Staten Island,NY,40.6361791,-74.1270678,osm,new,2026-08-01T09:01:07.493+00:00
osm:node/12186708707,H2O Auto Spa,car wash,,,,,Staten Island NY,Staten Island,NY,40.5696397,-74.1110197,osm,new,2026-08-01T09:01:07.493+00:00
osm:node/10759831022,Ever Shine Car Wash,car wash,,,,,Staten Island NY,Staten Island,NY,40.627769,-74.1671431,osm,new,2026-08-01T09:01:07.493+00:00
osm:way/248353051,Auto Complete N.Y.,car wash,,,,,Staten Island NY,Staten Island,NY,40.5418131,-74.1784455,osm,new,2026-08-01T09:01:07.493+00:00
osm:node/12988608471,Flawless Auto Bath,car wash,,,,,Staten Island NY,Staten Island,NY,40.632784,-74.1375309,osm,new,2026-08-01T09:01:07.493+00:00
osm:node/3639373966,Arthur Kill Car Wash Auto Detailing,car wash,,,,,Staten Island NY,Staten Island,NY,40.5558344,-74.2127433,osm,new,2026-08-01T09:01:07.493+00:00
osm:node/13023118454,3 Bros Auto Detailing,car wash,,,,,Staten Island NY,Staten Island,NY,40.6325197,-74.1198457,osm,new,2026-08-01T09:01:07.493+00:00
osm:node/12677433974,Empire Hand Car Wash & Detailing,car wash,,,,,Staten Island NY,Staten Island,NY,40.5804464,-74.0998974,osm,new,2026-08-01T09:01:07.493+00:00
osm:node/12677433965,Express Auto Spa,car wash,,,,,Staten Island NY,Staten Island,NY,40.5803013,-74.0992563,osm,new,2026-08-01T09:01:07.493+00:00
osm:node/11161929087,Staten Island Hand Wash,car wash,,,,,1725 Richmond Avenue Staten Island NY,Staten Island,NY,40.6065341,-74.1616932,osm,new,2026-08-01T09:01:07.493+00:00
osm:node/11040482727,Queen Ann Car Wash & Lube,car wash,,,,,Staten Island NY,Staten Island,NY,40.6177569,-74.0684649,osm,new,2026-08-01T09:01:07.493+00:00
osm:node/10769247465,Hand Car Wash & Detail Center,car wash,,,,,Staten Island NY,Staten Island,NY,40.5378496,-74.149475,osm,new,2026-08-01T09:01:07.493+00:00
osm:node/12964696472,Excellent Hand Car Wash,car wash,,,,,Staten Island NY,Staten Island,NY,40.5861357,-74.1044732,osm,new,2026-08-01T09:01:07.493+00:00
osm:node/12688143995,Urban Xpress Car Wash,car wash,,,,,4459 Amboy Road Staten Island NY,Staten Island,NY,40.5445754,-74.1631657,osm,new,2026-08-01T09:01:07.493+00:00
osm:node/10769247447,Sky Auto Spa II,car wash,,,,,Staten Island NY,Staten Island,NY,40.5365162,-74.1508638,osm,new,2026-08-01T09:01:07.493+00:00
osm:node/10759848716,Evershine Car Wash,car wash,,,,,Staten Island NY,Staten Island,NY,40.62614,-74.1555067,osm,new,2026-08-01T09:01:07.493+00:00
osm:node/8479257928,Auto Bath Car Wash,car wash,,,,,Staten Island NY,Staten Island,NY,40.5628119,-74.1910991,osm,new,2026-08-01T09:01:07.493+00:00
osm:node/12456546157,Woof & Tails Lodge,pet sitting,,,,,Staten Island NY,Staten Island,NY,40.5381551,-74.2370544,osm,new,2026-08-01T08:47:45.829+00:00
osm:node/12969610567,Island Pet Resort,dog grooming,,,,,Staten Island NY,Staten Island,NY,40.6345365,-74.1164519,osm,new,2026-08-01T08:33:01.214+00:00
osm:node/13825892246,The Paws,dog grooming,,,,,Staten Island NY,Staten Island,NY,40.5730909,-74.1371209,osm,new,2026-08-01T08:33:01.214+00:00
osm:node/13437987706,Tiffany's Puppy Cuts,dog grooming,,,,,Staten Island NY,Staten Island,NY,40.6246667,-74.1317548,osm,new,2026-08-01T08:33:01.214+00:00
osm:node/13128789816,Petsvilla,dog grooming,,,,,Staten Island NY,Staten Island,NY,40.5733687,-74.1169319,osm,new,2026-08-01T08:33:01.214+00:00
osm:node/13128789568,Christina's Petstyles,dog grooming,,,,,Staten Island NY,Staten Island,NY,40.5732993,-74.1180817,osm,new,2026-08-01T08:33:01.214+00:00
osm:node/13128333661,Doggy's Day Spa,dog grooming,,,,,Staten Island NY,Staten Island,NY,40.5714017,-74.0917538,osm,new,2026-08-01T08:33:01.214+00:00
osm:node/13040315382,Brooklyn Canine Club,dog grooming,,,,,Staten Island NY,Staten Island,NY,40.6372083,-74.0775025,osm,new,2026-08-01T08:33:01.214+00:00
osm:node/13039825018,Fur Babies Grooming,dog grooming,,,,,Staten Island NY,Staten Island,NY,40.6130475,-74.0718164,osm,new,2026-08-01T08:33:01.214+00:00
osm:node/12990538021,Clip & Fluff Boutique,dog grooming,,,,,Staten Island NY,Staten Island,NY,40.6378915,-74.1332857,osm,new,2026-08-01T08:33:01.214+00:00
osm:node/12988546265,BYOP Grooming,dog grooming,,,,,Staten Island NY,Staten Island,NY,40.6161998,-74.1031308,osm,new,2026-08-01T08:33:01.214+00:00
osm:node/12971671587,Pet Pawlour,dog grooming,,,,,Staten Island NY,Staten Island,NY,40.6127071,-74.1260785,osm,new,2026-08-01T08:33:01.214+00:00
osm:node/12952560537,Pet Grooming & Animal Boarding Inc.,dog grooming,,,,,Staten Island NY,Staten Island,NY,40.5922695,-74.0678634,osm,new,2026-08-01T08:33:01.214+00:00
osm:node/12677429797,Love Paws,dog grooming,,,,,Staten Island NY,Staten Island,NY,40.5761404,-74.1043119,osm,new,2026-08-01T08:33:01.214+00:00
osm:node/12507783547,Picture PAWfect,dog grooming,,,,,Staten Island NY,Staten Island,NY,40.5392971,-74.1489935,osm,new,2026-08-01T08:33:01.214+00:00
osm:node/12285399896,Shampooch,dog grooming,,,,,Staten Island NY,Staten Island,NY,40.5400826,-74.1476486,osm,new,2026-08-01T08:33:01.214+00:00
osm:node/10241372990,The Groom Room,dog grooming,,,,,Staten Island NY,Staten Island,NY,40.5516724,-74.1491277,osm,new,2026-08-01T08:33:01.213+00:00
osm:node/10212994191,Bloomingtails Pet Grooming,dog grooming,,,,,Staten Island NY,Staten Island,NY,40.5904539,-74.1923783,osm,new,2026-08-01T08:33:01.213+00:00
osm:node/11040332656,Pooch Parlor Pet Grooming,dog grooming,,,,,Staten Island NY,Staten Island,NY,40.5659639,-74.1829433,osm,new,2026-08-01T08:33:01.213+00:00
osm:node/9526028871,Shampooch NY,dog grooming,,,,,Staten Island NY,Staten Island,NY,40.6081915,-74.1631075,osm,new,2026-08-01T08:33:01.213+00:00
osm:node/13037896149,Powerhouse Gym,personal trainer,,,,,Staten Island NY,Staten Island,NY,40.5558878,-74.2123524,osm,new,2026-08-01T08:16:21.664+00:00
osm:node/12969568597,Fight Club Jiu-Jitsu,personal trainer,,,,,Staten Island NY,Staten Island,NY,40.6338647,-74.1231921,osm,new,2026-08-01T08:16:21.664+00:00
osm:node/11882575257,Pole to Pole Fitness,personal trainer,,,https://www.poletopolefitness.com,,400A Victory Boulevard Staten Island NY,Staten Island,NY,40.6325098,-74.0867374,osm,new,2026-08-01T08:16:21.664+00:00
osm:node/12186559042,Club Pilates,personal trainer,,,,,Staten Island NY,Staten Island,NY,40.5655556,-74.1128842,osm,new,2026-08-01T08:16:21.664+00:00
osm:node/12385679579,P.I. Fitness,personal trainer,,,,,Staten Island NY,Staten Island,NY,40.6247799,-74.1417143,osm,new,2026-08-01T08:16:21.664+00:00
osm:node/12636170003,Muscle Up,personal trainer,,,,,Staten Island NY,Staten Island,NY,40.6302222,-74.1090901,osm,new,2026-08-01T08:16:21.664+00:00
osm:node/12952560525,South Beach Crossfit,personal trainer,,,,,Staten Island NY,Staten Island,NY,40.5916226,-74.0674591,osm,new,2026-08-01T08:16:21.664+00:00
osm:node/12952560529,The Body House,personal trainer,,,,,Staten Island NY,Staten Island,NY,40.5918012,-74.0675651,osm,new,2026-08-01T08:16:21.664+00:00
osm:node/12964696410,Bars Boxings,personal trainer,,,,,Staten Island NY,Staten Island,NY,40.5893434,-74.1018794,osm,new,2026-08-01T08:16:21.664+00:00
osm:node/13825892237,The Mové,personal trainer,,,,,Staten Island NY,Staten Island,NY,40.5734849,-74.1362709,osm,new,2026-08-01T08:16:21.664+00:00
osm:node/13437987713,Get In Gear Cycling Studio,personal trainer,,,,,Staten Island NY,Staten Island,NY,40.6243476,-74.1318569,osm,new,2026-08-01T08:16:21.664+00:00
osm:node/13186710863,Finest Fitness,personal trainer,,,,,Staten Island NY,Staten Island,NY,40.5976828,-74.0680001,osm,new,2026-08-01T08:16:21.664+00:00
osm:node/13128789801,5 Boro Power Yoga,personal trainer,,,,,Staten Island NY,Staten Island,NY,40.5729565,-74.1174501,osm,new,2026-08-01T08:16:21.664+00:00
osm:node/13128789817,Healthy Steps,personal trainer,,,,,Staten Island NY,Staten Island,NY,40.5733942,-74.1168514,osm,new,2026-08-01T08:16:21.664+00:00
osm:node/13128333673,Try Hard Fitness,personal trainer,,,,,Staten Island NY,Staten Island,NY,40.5717247,-74.0923216,osm,new,2026-08-01T08:16:21.664+00:00
osm:node/13040315321,Sweatbox Brooklyn,personal trainer,,,,,Staten Island NY,Staten Island,NY,40.6274348,-74.0762488,osm,new,2026-08-01T08:16:21.664+00:00
osm:node/13040296875,Vicious Fitness,personal trainer,,,,,Staten Island NY,Staten Island,NY,40.6253568,-74.074715,osm,new,2026-08-01T08:16:21.664+00:00
osm:node/11401136622,Transformation Fitness Studio,personal trainer,,,,,Staten Island NY,Staten Island,NY,40.6139994,-74.1574855,osm,new,2026-08-01T08:16:21.513+00:00
osm:node/6973907088,Crunch Fitness,personal trainer,,,https://www.crunch.com/locations/staten-island,,364 Bay Street Staten Island NY,Staten Island,NY,40.6340621,-74.0760559,osm,new,2026-08-01T08:16:21.513+00:00
osm:node/7811227335,Tiger Schulmann's,personal trainer,,,,,Staten Island NY,Staten Island,NY,40.5273875,-74.2330372,osm,new,2026-08-01T08:16:21.513+00:00
osm:node/7814101942,Intoxx Fitness,personal trainer,,,,,Staten Island NY,Staten Island,NY,40.5207655,-74.2363524,osm,new,2026-08-01T08:16:21.513+00:00
osm:node/7821177574,Planet Fitness,personal trainer,,,,,Staten Island NY,Staten Island,NY,40.6001742,-74.1933576,osm,new,2026-08-01T08:16:21.513+00:00
osm:node/9526028883,Calla Karate,personal trainer,,,,,Staten Island NY,Staten Island,NY,40.608428,-74.1640893,osm,new,2026-08-01T08:16:21.513+00:00
osm:node/10040800049,Master Curry Karate,personal trainer,,,,,3896A Richmond Avenue Staten Island NY,Staten Island,NY,40.5429718,-74.1641246,osm,new,2026-08-01T08:16:21.513+00:00
osm:node/10195939242,Some Like It Hot Yoga,personal trainer,,,,,Staten Island NY,Staten Island,NY,40.5732681,-74.1147376,osm,new,2026-08-01T08:16:21.513+00:00
osm:node/10195939261,New Dorp Fitness,personal trainer,,,,,Staten Island NY,Staten Island,NY,40.5734183,-74.116115,osm,new,2026-08-01T08:16:21.513+00:00
osm:node/10677604610,Rare Breed Compound,personal trainer,,,,,Staten Island NY,Staten Island,NY,40.5445113,-74.1638107,osm,new,2026-08-01T08:16:21.513+00:00
osm:node/10699989878,New York Tae Kwon Do,personal trainer,,,,,990 Rossville Avenue Staten Island NY,Staten Island,NY,40.5513212,-74.2124856,osm,new,2026-08-01T08:16:21.513+00:00
osm:node/10753321263,The Max Challenge,personal trainer,,,,,Staten Island NY,Staten Island,NY,40.5507013,-74.2109413,osm,new,2026-08-01T08:16:21.513+00:00
osm:node/11040468163,Be Yoga & Dance,personal trainer,,,,,Staten Island NY,Staten Island,NY,40.6123129,-74.0649843,osm,new,2026-08-01T08:16:21.513+00:00
osm:node/11725197595,F.C. Chaos Boxing & Fitness,personal trainer,,,,,Staten Island NY,Staten Island,NY,40.538257,-74.2415618,osm,new,2026-08-01T08:16:21.513+00:00
osm:node/11734951568,Power Building,personal trainer,,,,,Staten Island NY,Staten Island,NY,40.5981679,-74.1809558,osm,new,2026-08-01T08:16:21.513+00:00
osm:node/11735005127,Staten Island Crossfit,personal trainer,,,,,Staten Island NY,Staten Island,NY,40.5971348,-74.1829449,osm,new,2026-08-01T08:16:21.513+00:00
osm:node/6700617194,CKO Kickboxing,personal trainer,,,,,Staten Island NY,Staten Island,NY,40.5476363,-74.157896,osm,new,2026-08-01T08:16:21.4+00:00
osm:node/6699676991,Rustam's Boxing Club,personal trainer,,,,,Staten Island NY,Staten Island,NY,40.5408891,-74.1783582,osm,new,2026-08-01T08:16:21.4+00:00
osm:node/4592873389,LA Fitness,personal trainer,,,,,3231 Richmond Avenue Staten Island NY,Staten Island,NY,40.5600709,-74.1673527,osm,new,2026-08-01T08:16:21.054+00:00
osm:node/12677429768,Armstrong Roofing Corp.,gutter cleaning,,,,,Staten Island NY,Staten Island,NY,40.5744489,-74.1062545,osm,new,2026-08-01T07:47:52.41+00:00
osm:node/13186710898,Hylan Boulevard Building Material Supply,gutter cleaning,,,,,Staten Island NY,Staten Island,NY,40.5976656,-74.0731851,osm,new,2026-08-01T07:47:52.41+00:00
osm:node/13191522498,Madison Roofing,gutter cleaning,,,,,Staten Island NY,Staten Island,NY,40.6292066,-74.1124145,osm,new,2026-08-01T07:47:52.41+00:00
osm:node/9955434012,Sunset Gardens,landscaping,,,,,Staten Island NY,Staten Island,NY,40.5589621,-74.135417,osm,new,2026-08-01T06:47:43.839+00:00
osm:node/12758109422,Victory Nursery & Landscaping,landscaping,,,,,Staten Island NY,Staten Island,NY,40.603006,-74.1744925,osm,new,2026-08-01T06:47:43.839+00:00
osm:node/12099406183,Sweetbrook Nursery & Garden Center,landscaping,,,,,Staten Island NY,Staten Island,NY,40.6281645,-74.1689773,osm,new,2026-08-01T06:47:43.839+00:00
osm:node/12986703293,Schweizer Nurseries,landscaping,,,,,Staten Island NY,Staten Island,NY,40.5822174,-74.1108523,osm,new,2026-08-01T06:47:43.839+00:00
osm:node/12097736883,Gerardi's Farmer's Market & Nursery,landscaping,,,,,Staten Island NY,Staten Island,NY,40.6449433,-74.0937061,osm,new,2026-08-01T06:47:43.839+00:00
osm:node/12080227779,Umberto Garden Center,landscaping,,,,,Staten Island NY,Staten Island,NY,40.5585382,-74.1986509,osm,new,2026-08-01T06:47:43.839+00:00
osm:node/12013171303,Ariemma's Garden Center,landscaping,,,,,Staten Island NY,Staten Island,NY,40.5849404,-74.0931348,osm,new,2026-08-01T06:47:43.839+00:00
osm:node/12889602638,Project One Services Inc,landscaping,,,,,Staten Island NY,Staten Island,NY,40.6049222,-74.1206494,osm,new,2026-08-01T06:47:43.839+00:00
osm:node/12840130685,Richmondtown Garden Center,landscaping,,,,,Staten Island NY,Staten Island,NY,40.5355452,-74.1938564,osm,new,2026-08-01T06:47:43.839+00:00
osm:way/283155281,Olson Floor Supply,flooring,(718) 297-3997,,https://www.olsonfloors.com,,172-19 Liberty Avenue Jamaica NY,Jamaica,NY,40.7046388,-73.7854375,osm,new,2026-08-01T06:44:31.64+00:00
osm:node/11866862384,"Wood Floor Star, Inc",flooring,,,,,Queens NY,Queens,NY,40.7115318,-73.8557211,osm,new,2026-08-01T06:44:31.468+00:00
osm:node/11920664881,All American Flooring NY,flooring,,,,,Queens NY,Queens,NY,40.724473,-73.8696588,osm,new,2026-08-01T06:44:31.468+00:00
osm:node/13005426187,Metro Caninet & Flooring,flooring,(718) 544-2634,,,,100-07 Metropolitan Avenue Queens NY,Queens,NY,40.7108997,-73.8528963,osm,new,2026-08-01T06:44:31.468+00:00
osm:way/282318430,Unique Wood Floors & Supplies,flooring,(718) 738-8400,,,,111-44 Van Wyck Expressway Queens NY,Queens,NY,40.6832644,-73.8066696,osm,new,2026-08-01T06:44:31.468+00:00
osm:node/8522785812,Flushing Floor Inc,flooring,,,,,Queens NY,Queens,NY,40.7693626,-73.8459096,osm,new,2026-08-01T06:44:31.468+00:00
osm:way/820254782,Tack Metal Roofing,roofing,,,,,7 White Drive Frewsburg NY,Frewsburg,NY,42.0645015,-79.1573975,osm,new,2026-08-01T06:43:40.716+00:00
osm:way/843201377,Werkheiser Painting & Roofing,roofing,,,,,426 Fayette Avenue Mamaroneck NY,Mamaroneck,NY,40.9502984,-73.7445886,osm,new,2026-08-01T06:43:40.716+00:00
osm:way/801744067,Larchmont Roofing,roofing,,,,,104 Chatsworth Avenue Larchmont NY,Larchmont,NY,40.9322214,-73.7582807,osm,new,2026-08-01T06:43:40.716+00:00
osm:way/797996625,Robert's Roofing,roofing,,,,,1430 Route 300 Newburgh NY,Newburgh,NY,41.5249442,-74.0695231,osm,new,2026-08-01T06:43:40.716+00:00
osm:node/13688997906,Right Roofing and Construction,roofing,,,,,New York NY,New York,NY,43.175496,-76.1133433,osm,new,2026-08-01T06:43:40.407+00:00
osm:way/425517574,Buffalo's Best Roofing Company,roofing,,,,,4589 Genesee Street Buffalo NY,Buffalo,NY,42.9341917,-78.7162063,osm,new,2026-08-01T06:43:40.407+00:00
osm:node/11991085149,Tri-City Roofing and Siding,roofing,,,,,New York NY,New York,NY,42.7843032,-73.911615,osm,new,2026-08-01T06:43:37.924+00:00
osm:node/12113376787,DMACK Home Improvement,roofing,,,,,New York NY,New York,NY,40.6971397,-73.7616918,osm,new,2026-08-01T06:43:37.924+00:00
osm:node/11992488649,S & G Roofing,roofing,,,,,New York NY,New York,NY,42.7679321,-73.8904156,osm,new,2026-08-01T06:43:37.924+00:00
osm:node/11998048622,Mid-State Industries,roofing,,,,,New York NY,New York,NY,42.7901846,-73.9406911,osm,new,2026-08-01T06:43:37.924+00:00
osm:node/10616297507,Graves Bros. Home Improvement,roofing,,,,,6814 Main Street Buffalo NY,Buffalo,NY,42.9656087,-78.6993076,osm,new,2026-08-01T06:43:32.97+00:00
osm:node/3719123539,JKS Roofing,roofing,,,https://www.jksroofingllc.com,,2043 Erie Boulevard East Syracuse NY,Syracuse,NY,43.0521119,-76.1137794,osm,new,2026-08-01T06:43:26.277+00:00
osm:relation/13287662,Eagle Hill Pet Care,pet sitting,,,https://www.eaglehillboardingkennel.com/,,5303 Graves Road Westmoreland NY,Westmoreland,NY,43.1212721,-75.3973153,osm,new,2026-08-01T06:01:02.619+00:00
osm:way/1115106422,Furry Paws Doggy Daycare,pet sitting,,,,,42 Slayton Avenue Spencerport NY,Spencerport,NY,43.1914354,-77.7995048,osm,new,2026-08-01T06:01:02.111+00:00
osm:way/1458615512,Majestic View Farms International,pet sitting,,,,,New York NY,New York,NY,41.696843,-74.21369,osm,new,2026-08-01T06:01:02.111+00:00
osm:way/1245827195,Catnaps Feline Hotel,pet sitting,,,,,9175 Main Street Clarence NY,Clarence,NY,42.9691165,-78.6487638,osm,new,2026-08-01T06:01:02.111+00:00
osm:way/1131814050,Barks and Rec Boarding and Daycare,pet sitting,(518) 793-8055,,,,270 Queensbury Avenue Queensbury NY,Queensbury,NY,43.3304802,-73.6023943,osm,new,2026-08-01T06:01:02.111+00:00
osm:way/1091390465,Oak Hill Groom and Board,pet sitting,(518) 239-6051,,,,14 Oak Hill Road Oak Hill NY,Oak Hill,NY,42.4062257,-74.1485201,osm,new,2026-08-01T06:01:02.111+00:00
osm:way/726957662,Gracelane Kennels,pet sitting,(914) 762-6188,support@gracelane.com,https://www.gracelane.com,,46 Grace Lane Ossining NY,Ossining,NY,41.1882732,-73.8368797,osm,new,2026-08-01T06:01:02.11+00:00
osm:way/917541101,The Barking Orange,pet sitting,,,,,1005 North Geddes Street Syracuse NY,Syracuse,NY,43.0588213,-76.1706705,osm,new,2026-08-01T06:01:02.11+00:00
osm:way/851117906,Green Valley K9,pet sitting,,,,,810 Calkins Road Rochester NY,Rochester,NY,43.0702917,-77.6095204,osm,new,2026-08-01T06:01:02.11+00:00
osm:way/814682766,Dak Dogs Doggy Daycare,pet sitting,,,,,8480 United States Route 9 Lewis NY,Lewis,NY,44.2702765,-73.565128,osm,new,2026-08-01T06:01:02.11+00:00
osm:way/305848228,Romp and Play Doggie Daycare,pet sitting,(315) 991-8272,rbromp@gmail.com,https://www.rbromp.com/,,6780 Manlius Center Road East Syracuse NY,East Syracuse,NY,43.0628677,-76.0527522,osm,new,2026-08-01T06:01:01.991+00:00
osm:way/463001926,The Hydrant Riverhead Pet Hotel,pet sitting,,,,,845 Raynor Avenue Riverhead NY,Riverhead,NY,40.9271272,-72.6840502,osm,new,2026-08-01T06:01:01.991+00:00
osm:way/264327450,Camp Belly Rub,pet sitting,,,,,New York NY,New York,NY,41.9659515,-73.9711846,osm,new,2026-08-01T06:01:01.897+00:00
osm:way/160683019,Blue Collar Doggie Daycare,pet sitting,(315) 907-3454,,https://www.bluecollardoggiedaycare.com/,,3101 Erie Boulevard East DeWitt NY,DeWitt,NY,43.0561113,-76.0826069,osm,new,2026-08-01T06:01:01.875+00:00
osm:node/13730975701,"Paws and Claws Pet Care, Inc.",pet sitting,(585) 600-7297,pawsandclaws585@gmail.com,https://pawsandclaws585.com/,,23 Linden Park Rochester NY,Rochester,NY,43.1234277,-77.5009056,osm,new,2026-08-01T06:01:01.853+00:00
osm:node/12068394718,Wiggles Pet Resort,pet sitting,,,,,300 Baldwin Place Road New York NY,New York,NY,41.3616353,-73.7576966,osm,new,2026-08-01T06:00:56.172+00:00
osm:node/9665821943,Dog and Cat Motel,pet sitting,,,,,New York NY,New York,NY,40.7605837,-73.3311226,osm,new,2026-08-01T06:00:49.837+00:00
osm:node/9314691753,The Puppy Playpen,pet sitting,,,,,2293 Delaware Avenue Buffalo NY,Buffalo,NY,42.9465538,-78.8680365,osm,new,2026-08-01T06:00:49.816+00:00
osm:node/8805924286,Dogtopia,pet sitting,(914) 908-4710,info@dogtopia.com,https://www.dogtopia.com/newyork-portchester/,,142 Midland Avenue Port Chester NY,Port Chester,NY,40.9913032,-73.6707347,osm,new,2026-08-01T06:00:49.521+00:00
osm:node/8825877315,Queen City Canine,pet sitting,,,,,303 South Park Avenue Buffalo NY,Buffalo,NY,42.8722745,-78.8681979,osm,new,2026-08-01T06:00:49.521+00:00
osm:node/8787510076,Barks & Rec,pet sitting,(315) 214-8122,,https://www.barksandrecllc.com,,8098 Brewerton Road Cicero NY,Cicero,NY,43.1632095,-76.1193068,osm,new,2026-08-01T06:00:49.302+00:00
osm:node/5809042232,Two Dogs & A Cat Pet Services,pet sitting,(516) 512-7060,,,,101 Rockaway Avenue Valley Stream NY,Valley Stream,NY,40.6631217,-73.6986692,osm,new,2026-08-01T06:00:42.478+00:00
osm:node/5795928873,Tanglewood Riding Center,pet sitting,(315) 492-1116,twood315@aol.com,https://tanglewoodridingcenter.com/,,3440 LaFayette Road Jamesville NY,Jamesville,NY,42.9375393,-76.0955661,osm,new,2026-08-01T06:00:42.478+00:00
osm:node/5605568066,Justin's Canine Campus,pet sitting,,,,,8075 Oswego Road Liverpool NY,Liverpool,NY,43.1617982,-76.2350575,osm,new,2026-08-01T06:00:35.905+00:00
osm:node/5339734619,K-9 Kamp,pet sitting,,,http://www.k-9kamp.com,,228 Old Bridge Street East Syracuse NY,East Syracuse,NY,43.0594627,-76.0679972,osm,new,2026-08-01T06:00:35.905+00:00
osm:node/4764645769,Lochopt Kennel,pet sitting,(607) 539-6087,lochopt@aol.com,http://lochoptkennel.com/LoChopt_Kennels/Boarding.html,,2582 Slaterville Road Slaterville Springs NY,Slaterville Springs,NY,42.393866,-76.3582721,osm,new,2026-08-01T06:00:35.608+00:00
osm:node/4031302414,Canines Unleashed,pet sitting,(315) 451-3538,,http://www.caninesunleashed.com,,806 Old Liverpool Road Liverpool NY,Liverpool,NY,43.0973766,-76.1971807,osm,new,2026-08-01T06:00:35.452+00:00
osm:node/2781277378,Camp Bow-Wow,pet sitting,(585) 613-9247,rochester@campbowwow.com,https://www.campbowwow.com/us/ny/rochester/,,85 Mushroom Boulevard Rochester NY,Rochester,NY,43.0897966,-77.6178497,osm,new,2026-08-01T06:00:34.151+00:00
osm:node/2691824669,The Dog Gone Inn,pet sitting,(315) 682-0783,,http://www.doggoneinn.com/,,315 Fayette Street Manlius NY,Manlius,NY,43.0044861,-75.9850345,osm,new,2026-08-01T06:00:32.877+00:00
osm:node/6997504339,S & J Video & DVD,videographer,,,,,145-02 Jamaica Avenue New York NY,New York,NY,40.7018617,-73.8099706,osm,new,2026-08-01T05:47:06.398+00:00
osm:way/569815022,Orions Landing,videographer,,,,,3800 Lake Shore Road Buffalo NY,Buffalo,NY,42.7814022,-78.8525913,osm,new,2026-08-01T05:47:06.398+00:00
osm:way/250329734,Keelings & K.G. Regae Video Music Factory,videographer,,,,,New York NY,New York,NY,40.6705841,-73.9340221,osm,new,2026-08-01T05:47:06.398+00:00
osm:node/5764720221,North Production Company,videographer,,,,,29 Court Street Binghamton NY,Binghamton,NY,42.0988711,-75.9142124,osm,new,2026-08-01T05:47:04.628+00:00
osm:node/3315157058,Mosvideofilm,videographer,,,,,421 Brighton Beach Avenue Brooklyn NY,Brooklyn,NY,40.57754,-73.9625617,osm,new,2026-08-01T05:47:04.419+00:00
osm:node/4995784469,DCD Exclusive Video,videographer,,,,,23-08 Jackson Avenue New York NY,New York,NY,40.7457756,-73.945292,osm,new,2026-08-01T05:47:04.419+00:00
osm:node/9764605326,Zip In Media Productions LLC - Miami Video Production Company,videographer,(305) 723-9961,,https://zipinmedia.com/,,2103 Coral Way Miami FL,Miami,FL,25.7508238,-80.2284529,osm,new,2026-08-01T05:46:43.422+00:00
osm:node/10616750768,YogaSix,yoga instructor,,,,,4311 Transit Road Buffalo NY,Buffalo,NY,42.9646525,-78.6959003,osm,new,2026-08-01T05:46:31.792+00:00
osm:node/9945786517,Power Yoga Buffalo,yoga instructor,,,,,New York NY,New York,NY,42.7663477,-78.6341007,osm,new,2026-08-01T05:46:31.556+00:00
osm:node/8788828570,Yoga High,yoga instructor,,,https://www.yogahighny.com/,,280 Main Street Cornwall NY,Cornwall,NY,41.4356892,-74.0335982,osm,new,2026-08-01T05:46:30.736+00:00
osm:node/8446197714,Little Blueberryy Boutique & Yoga Studio,yoga instructor,,,http://yoga.littleblueberryy.com/,,99 Partition Street Saugerties NY,Saugerties,NY,42.0771279,-73.9519529,osm,new,2026-08-01T05:46:29.801+00:00
osm:node/8098089418,Sky Ting Yoga,yoga instructor,,,,,17 Allen Street New York NY,New York,NY,40.7153537,-73.9926733,osm,new,2026-08-01T05:46:29.652+00:00
osm:node/7820857130,Tovami Yoga,yoga instructor,,,,,112 West Boston Post Road Mamaroneck NY,Mamaroneck,NY,40.9486825,-73.733543,osm,new,2026-08-01T05:46:29.652+00:00
osm:node/7826463415,YogaSpark,yoga instructor,,,,,490 Mount Pleasant Avenue Mamaroneck NY,Mamaroneck,NY,40.9524449,-73.7373319,osm,new,2026-08-01T05:46:29.652+00:00
osm:node/7844005368,Studio 50,yoga instructor,,,,,102 Mamaroneck Avenue Mamaroneck NY,Mamaroneck,NY,40.9488912,-73.7333214,osm,new,2026-08-01T05:46:29.652+00:00
osm:node/7194158063,Hot Yoga,yoga instructor,,,https://www.hotyogarockawaybeach.com/,,181B Beach 116th Street New York NY,New York,NY,40.5793236,-73.8371539,osm,new,2026-08-01T05:46:27.116+00:00
osm:node/7181597086,Body & Brain Yoga,yoga instructor,,,,,Hillside Avenue New York NY,New York,NY,40.7538046,-73.6540641,osm,new,2026-08-01T05:46:21.114+00:00
osm:node/7143271981,Glen Cove Yoga,yoga instructor,,,,,50C Glen Street New York NY,New York,NY,40.8637818,-73.6299199,osm,new,2026-08-01T05:46:20.976+00:00
osm:node/6795970491,HotYoga4You,yoga instructor,,,,,274 Merrick Road Rockville Centre NY,Rockville Centre,NY,40.656084,-73.6455608,osm,new,2026-08-01T05:46:20.864+00:00
osm:node/6808483117,Revolution Yoga,yoga instructor,,,,,7 North Village Avenue Rockville Centre NY,Rockville Centre,NY,40.6567926,-73.6475219,osm,new,2026-08-01T05:46:20.864+00:00
osm:node/5227518946,Lyons Den Power Yoga Tribeca,yoga instructor,,,,,279 Church Street New York NY,New York,NY,40.7186159,-74.0047419,osm,new,2026-08-01T05:46:09.896+00:00
osm:node/6082677032,Abana Auto,window tinting,,,,,222 Southwest 22nd Avenue Miami FL,Miami,FL,25.7704877,-80.2311445,osm,new,2026-08-01T05:30:29.486+00:00
osm:way/1049155804,Swims & Sweeps,pool cleaning,,,,,1712 Hayes Drive Manhattan NY,Manhattan,NY,39.197012,-96.5576902,osm,new,2026-08-01T05:01:58.255+00:00
osm:node/4403601989,Paradise Pool & Supplies,pool cleaning,,,,,Manhattan NY,Manhattan,NY,39.1918236,-96.605704,osm,new,2026-08-01T05:01:58.255+00:00
osm:way/281396255,More Air Mechanical,hvac,,,,,95-13 Astoria Boulevard Queens NY,Queens,NY,40.7629494,-73.8736763,osm,new,2026-08-01T04:46:40.266+00:00
osm:node/11040468169,Mode Music,music teacher,,,,,Staten Island NY,Staten Island,NY,40.6130037,-74.065486,osm,new,2026-08-01T04:30:55.008+00:00
osm:node/10679721508,Staten Island School of Rock,music teacher,,,,,Staten Island NY,Staten Island,NY,40.5508975,-74.1503027,osm,new,2026-08-01T04:30:55.008+00:00
osm:node/2523856230,Dea Music & Art School,music teacher,,,,,57 Page Avenue Staten Island NY,Staten Island,NY,40.5230114,-74.2345317,osm,new,2026-08-01T04:30:55.008+00:00
osm:node/12700513224,Rustic Music II,music teacher,,,,,Staten Island NY,Staten Island,NY,40.630409,-74.1079625,osm,new,2026-08-01T04:30:55.008+00:00
osm:node/12988546244,The Sunny Side School,music teacher,,,,,Staten Island NY,Staten Island,NY,40.6140964,-74.1016868,osm,new,2026-08-01T04:30:55.008+00:00